protein	location	source(s)	uniprot_id
DIAPH2	cytosol	GO	O60879
ACTL8	cytosol	HPA	Q9H568
FZD2	primarycilium	HPA	Q14332
PKN2	plasmamembrane	HPA;GO	Q16513
CREB3	endoplasmicreticulum	GO	O43889
APOA4	cytosol	GO	P06727
CAPN8	nuclearmembrane	HPA	A6NHC0
LTBR	plasmamembrane	GO	P36941
INMT	cytosol	GO	O95050
CLOCK	cytosol	GO	O15516
GOLGA6B	centrosome	HPA	A6NDN3
HBEGF	golgiapparatus	HPA	Q99075
BSDC1	golgiapparatus	HPA	Q9NW68
NSUN6	golgiapparatus	HPA	Q8TEA1
ZDHHC13	golgiapparatus	HPA	Q8IUH4
TMEM109	nuclearmembrane	HPA	Q9BVC6
SIN3B	plasmamembrane	HPA	O75182
SLC9A1	plasmamembrane	HPA;GO	P19634
CAMK2B	primarycilium	HPA	Q13554
SNX15	cytosol	HPA	Q9NRS6
RUNX1T1	nucleoplasm	HPA	Q06455
TSG101	nucleoli	HPA	Q99816
CFL1	cytosol	GO	P23528
ERH	cytosol	HPA	P84090
USP14	endoplasmicreticulum	HPA	P54578
RBX1	nucleoplasm	HPA;GO	P62877
FAM83H	cytosol	HPA	Q6ZRV2
COPE	cytosol	GO	O14579
DNAJC2	nucleoplasm	GO	Q99543
CFL2	plasmamembrane	HPA	Q9Y281
PDXP	plasmamembrane	GO	Q96GD0
CDK1	mitochondria	GO	P06493
MCL1	mitochondria	HPA;GO	Q07820
FHDC1	primarycilium	HPA;GO	Q9C0D6
PLCB2	plasmamembrane	HPA	Q00722
RGS4	cytosol	HPA	P49798
VWA5B2	golgiapparatus	HPA	Q8N398
GCNT7	nucleoplasm	HPA	Q6ZNI0
BRPF1	nucleoplasm	GO	P55201
TNFAIP3	cytosol	HPA;GO	P21580
FRMPD1	plasmamembrane	GO	Q5SYB0
TRIM7	nucleoplasm	HPA	Q9C029
TEX264	cytosol	GO	Q9Y6I9
ID2	cytosol	GO	Q02363
CENATAC	nucleoplasm	HPA	Q86UT8
RIT2	golgiapparatus	HPA	Q99578
ABCG1	plasmamembrane	GO	P45844
SP5	nucleoli	HPA	Q6BEB4
SREBF1	golgiapparatus	GO	P36956
IFI6	mitochondria	HPA;GO	P09912
RFFL	nucleoplasm	GO	Q8WZ73
ALG1	nucleoli	HPA	Q9BT22
ELOVL1	endoplasmicreticulum	HPA;GO	Q9BW60
KRT17	intermediatefilaments	HPA	Q04695
UBE2C	nucleoplasm	GO	O00762
DDA1	nucleoplasm	HPA;GO	Q9BW61
SRP9	cytosol	GO	P49458
FAM167B	actinfilaments	HPA	Q9BTA0
ELK1	nucleoplasm	HPA;GO	P19419
DNAJB4	plasmamembrane	HPA	Q9UDY4
GLUL	mitochondria	HPA	P15104
IRGM	mitochondria	GO	A1A4Y4
FHL2	plasmamembrane	GO	Q14192
TM2D1	nucleoplasm	HPA	Q9BX74
BCAM	nucleoli	HPA	P50895
CDV3	cytosol	HPA	Q9UKY7
ADGRB1	plasmamembrane	GO	O14514
BLOC1S1	mitochondria	GO	P78537
ARSK	nucleoplasm	HPA	Q6UWY0
CLNS1A	nucleoplasm	HPA	P54105
MPST	mitochondria	HPA;GO	P25325
CCND2	nucleoli	GO	P30279
HLA-F	endoplasmicreticulum	GO	P30511
MTMR1	cytosol	GO	Q13613
TGS1	cytosol	HPA;GO	Q96RS0
MYOC	mitochondria	GO	Q99972
SPATA16	golgiapparatus	GO	Q9BXB7
IGKV2-29	plasmamembrane	GO	A2NJV5
ARFGAP2	golgiapparatus	HPA	Q8N6H7
ELOC	nucleoli	HPA	Q15369
CAPN1	plasmamembrane	GO	P07384
GNAI1	plasmamembrane	GO	P63096
LIMS1	actinfilaments	HPA;GO	P48059
ZRSR2	nucleoplasm	GO	Q15696
ABHD17A	nucleoplasm	HPA	Q96GS6
SLAMF7	plasmamembrane	GO	Q9NQ25
NOTCH1	cytosol	GO	P46531
SCEL	plasmamembrane	HPA;GO	O95171
AGO1	nucleoplasm	GO	Q9UL18
PPP1R12A	plasmamembrane	GO	O14974
ADAM17	actinfilaments	GO	P78536
ANKRD40	golgiapparatus	HPA	Q6AI12
CHCHD7	cytosol	HPA	Q9BUK0
RSL24D1	nucleoli	HPA	Q9UHA3
TMEM132A	mitochondria	HPA	Q24JP5
ADCY9	plasmamembrane	HPA;GO	O60503
DUS3L	nucleoplasm	HPA	Q96G46
HSPA9	plasmamembrane	GO	P38646
CCT3	microtubules	GO	P49368
DOC2A	nucleoli	HPA	Q14183
FAM216A	actinfilaments	HPA	Q8WUB2
SHISA5	endoplasmicreticulum	GO	Q8N114
DLG1	plasmamembrane	HPA;GO	Q12959
TMEM161A	cytosol	HPA	Q9NX61
B3GNT4	golgiapparatus	GO	Q9C0J1
TMOD1	cytosol	GO	P28289
PDS5B	cytosol	GO	Q9NTI5
HCN1	plasmamembrane	GO	O60741
CDH4	plasmamembrane	HPA;GO	P55283
THUMPD1	cytosol	HPA	Q9NXG2
ANXA2	plasmamembrane	HPA;GO	P07355
RAB20	golgiapparatus	HPA	Q9NX57
STAP2	plasmamembrane	GO	Q9UGK3
NDUFS1	mitochondria	HPA;GO	P28331
SLC7A10	plasmamembrane	GO	Q9NS82
SP9	mitochondria	HPA	P0CG40
KLC2	nucleoplasm	HPA	Q6P597
BBX	nucleoplasm	HPA	Q8WY36
ELF5	nucleoplasm	HPA	Q9UKW6
FTL	cytosol	HPA;GO	P02792
ZFYVE26	microtubules	GO	Q68DK2
DYDC2	cytosol	HPA	Q96IM9
PLEC	cytosol	HPA;GO	Q15149
SCYL3	cytosol	HPA	Q8IZE3
DCPS	cytosol	HPA;GO	Q96C86
TBX1	nucleoplasm	HPA	O43435
TFF3	nucleoplasm	HPA	Q07654
ZNF609	cytosol	HPA	O15014
BCOR	nucleoplasm	HPA	Q6W2J9
CHD5	cytosol	HPA	O00258
RYR1	cytosol	HPA	P21817
CMKLR2	nucleoplasm	HPA	P46091
COIL	nucleoplasm	HPA;GO	P38432
LRRC41	nucleoplasm	HPA	Q15345
MLF1	centrosome	HPA	P58340
ONECUT1	nucleoplasm	HPA	Q9UBC0
PDE1C	mitochondria	HPA	Q14123
H3C15	nucleoplasm	HPA	Q71DI3
CD74	golgiapparatus	HPA;GO	P04233
MRC1	plasmamembrane	GO	P22897
BTG1	cytosol	HPA	P62324
IL20RB	cytosol	HPA	Q6UXL0
LMOD1	cytosol	HPA;GO	P29536
ULBP2	plasmamembrane	HPA;GO	Q9BZM5
LPAR3	plasmamembrane	HPA;GO	Q9UBY5
PNPLA3	cytosol	HPA	Q9NST1
APP	cytosol	GO	P05067
CRYBG1	cytosol	HPA	Q9Y4K1
RDH16	endoplasmicreticulum	GO	O75452
ANXA13	nucleoplasm	HPA	P27216
MYO5A	actinfilaments	HPA;GO	Q9Y4I1
MYH10	cytosol	GO	P35580
ZC2HC1C	mitochondria	HPA	Q53FD0
PLAGL2	nucleoplasm	HPA	Q9UPG8
PARK7	nucleoplasm	HPA;GO	Q99497
LARS1	nucleoplasm	HPA	Q9P2J5
MTERF3	mitochondria	HPA;GO	Q96E29
TRPV3	plasmamembrane	HPA;GO	Q8NET8
KANK3	plasmamembrane	HPA	Q6NY19
TRIM48	cytosol	GO	Q8IWZ4
PHLDB3	plasmamembrane	HPA	Q6NSJ2
COMT	plasmamembrane	GO	P21964
NUBP1	golgiapparatus	HPA	P53384
RNF114	cytosol	HPA;GO	Q9Y508
TGDS	cytosol	HPA	O95455
ST8SIA5	microtubules	HPA	O15466
C1QTNF3	golgiapparatus	HPA	Q9BXJ4
CDK6	centrosome	GO	Q00534
GAK	golgiapparatus	HPA;GO	O14976
GALNT5	golgiapparatus	HPA;GO	Q7Z7M9
TIAM2	cytosol	HPA;GO	Q8IVF5
UFD1	nucleoplasm	HPA;GO	Q92890
WBP4	nucleoplasm	HPA;GO	O75554
GRK5	nucleoplasm	HPA	P34947
CD2AP	plasmamembrane	HPA	Q9Y5K6
SSX4B	nucleoplasm	HPA	O60224
MED28	nucleoplasm	HPA;GO	Q9H204
PCTP	cytosol	GO	Q9UKL6
CATSPERE	primarycilium	GO	Q5SY80
GPR183	plasmamembrane	HPA;GO	P32249
ZNF436	cytosol	HPA	Q9C0F3
NCAPG2	nucleoplasm	HPA;GO	Q86XI2
GAGE12D	cytosol	HPA	A1L429
CPLANE1	cytosol	HPA	Q9H799
GET4	cytosol	HPA;GO	Q7L5D6
LZTR1	cytosol	HPA	Q8N653
CHMP1A	centrosome	HPA	Q9HD42
FIRRM	nucleoplasm	GO	Q9NSG2
LIG3	mitochondria	GO	P49916
DNMBP	golgiapparatus	HPA	Q6XZF7
NALF1	plasmamembrane	GO	B1AL88
BTG2	nucleoplasm	HPA	P78543
KCNK10	plasmamembrane	GO	P57789
LAMA3	endoplasmicreticulum	HPA	Q16787
ADPRH	nucleoplasm	HPA	P54922
TLR2	plasmamembrane	HPA;GO	O60603
TAOK2	nucleoli	HPA	Q9UL54
GARRE1	nucleoplasm	HPA	O15063
MAP10	microtubules	GO	Q9P2G4
KLHL6	centrosome	HPA	Q8WZ60
MAPK7	nucleoplasm	HPA;GO	Q13164
KPNA4	nucleoplasm	HPA;GO	O00629
HSF1	cytosol	HPA;GO	Q00613
SNRPE	cytosol	GO	P62304
KCNN1	plasmamembrane	GO	Q92952
GCGR	plasmamembrane	GO	P47871
SLX4	nucleoplasm	HPA;GO	Q8IY92
LIPJ	plasmamembrane	HPA	Q5W064
ITPRID2	plasmamembrane	HPA	P28290
POLR2C	nucleoplasm	HPA;GO	P19387
WSB1	mitochondria	HPA	Q9Y6I7
H2AC19	nucleoplasm	HPA	Q6FI13
UGP2	centrosome	HPA	Q16851
CABCOCO1	cytosol	HPA	Q8IVU9
ATXN7L3	plasmamembrane	HPA	Q14CW9
TAS1R1	plasmamembrane	GO	Q7RTX1
ACSL4	plasmamembrane	GO	O60488
DIP2B	endoplasmicreticulum	HPA	Q9P265
EIF2S3	cytosol	GO	P41091
TMOD3	cytosol	HPA	Q9NYL9
BRD3OS	nucleoplasm	HPA	A0A1B0GUI7
ZNF655	nucleoplasm	HPA	Q8N720
OSER1	nucleoplasm	HPA	Q9NX31
ANK1	cytosol	GO	P16157
GAGE12F	plasmamembrane	HPA	P0CL80
NUP205	nuclearmembrane	GO	Q92621
PITX2	nucleoplasm	HPA;GO	Q99697
IFITM5	plasmamembrane	HPA;GO	A6NNB3
TGFBR3	plasmamembrane	GO	Q03167
SLC1A1	plasmamembrane	GO	P43005
CCDC61	microtubules	GO	Q9Y6R9
SCFD1	golgiapparatus	GO	Q8WVM8
ANO8	plasmamembrane	GO	Q9HCE9
RCAN2	nucleoplasm	HPA	Q14206
MYT1	nucleoplasm	HPA	Q01538
PLIN4	cytosol	HPA	Q96Q06
PSEN2	endoplasmicreticulum	GO	P49810
CEP135	centrosome	GO	Q66GS9
POLR1G	nucleoli	HPA;GO	O15446
ADCY6	plasmamembrane	GO	O43306
TPP2	nucleoplasm	HPA	P29144
EIF4E3	cytosol	GO	Q8N5X7
SCOC	golgiapparatus	HPA;GO	Q9UIL1
ECI2	cytosol	GO	O75521
SMS	nucleoplasm	HPA	P52788
UBE2J1	endoplasmicreticulum	GO	Q9Y385
SLCO4C1	cytosol	HPA	Q6ZQN7
OSBPL9	cytosol	GO	Q96SU4
INS	endoplasmicreticulum	GO	P01308
GNGT1	primarycilium	GO	P63211
ELAVL1	nucleoli	HPA	Q15717
ADD2	cytosol	HPA;GO	P35612
MFSD14B	cytosol	HPA	Q5SR56
POGZ	nucleoplasm	HPA;GO	Q7Z3K3
HTR1F	plasmamembrane	GO	P30939
NPLOC4	cytosol	HPA;GO	Q8TAT6
SLC36A4	golgiapparatus	HPA	Q6YBV0
SYNE1	golgiapparatus	GO	Q8NF91
MAPK4	nucleoplasm	HPA;GO	P31152
HROB	cytosol	HPA	Q8N3J3
FGF23	endoplasmicreticulum	GO	Q9GZV9
ZNF805	nucleoplasm	HPA	Q5CZA5
LNP1	cytosol	HPA	A1A4G5
COA7	nucleoplasm	HPA	Q96BR5
MARCO	golgiapparatus	HPA	Q9UEW3
ATP6V1D	centrosome	GO	Q9Y5K8
THSD1	actinfilaments	GO	Q9NS62
ENSG00000280571	cytosol	HPA	
RARS1	cytosol	HPA;GO	P54136
ZFP36L1	cytosol	GO	Q07352
PHOSPHO1	plasmamembrane	HPA	Q8TCT1
USP31	cytosol	HPA	Q70CQ4
E2F3	nucleoplasm	HPA;GO	O00716
CD300A	cytosol	HPA	Q9UGN4
HGFAC	cytosol	GO	Q04756
SRPRB	endoplasmicreticulum	GO	Q9Y5M8
RRAGD	centrosome	HPA	Q9NQL2
EXD2	mitochondria	HPA;GO	Q9NVH0
UBE2L3	cytosol	HPA;GO	P68036
CAPRIN2	mitochondria	GO	Q6IMN6
PRKACA	mitochondria	GO	P17252
HBG2	cytosol	GO	P69892
NUDCD3	primarycilium	HPA	Q8IVD9
TEAD4	nucleoplasm	HPA;GO	Q15561
DCUN1D4	nucleoplasm	HPA	Q92564
TRAT1	plasmamembrane	HPA;GO	Q6PIZ9
MAB21L2	nucleoplasm	HPA	Q9Y586
NEK6	cytosol	HPA;GO	Q9HC98
VPS37C	golgiapparatus	HPA	A5D8V6
ATF3	primarycilium	HPA	P18847
FBXO41	plasmamembrane	HPA	Q8TF61
DST	nucleoplasm	HPA	Q03001
CCBE1	plasmamembrane	HPA	Q6UXH8
FAM32A	nucleoplasm	HPA;GO	Q9Y421
ATP13A4	plasmamembrane	GO	Q4VNC1
ZNF503	nucleoplasm	HPA	Q96F45
DUSP10	cytosol	HPA	Q9Y6W6
MYH9	actinfilaments	HPA;GO	P35579
CCN3	cytosol	HPA	P48745
IGHV3-9	plasmamembrane	GO	P01782
RMND5A	nucleoplasm	HPA;GO	Q9H871
CKS1B	cytosol	HPA	P61024
ATP6V1C1	cytosol	HPA;GO	P21283
GFI1B	nucleoplasm	HPA	Q5VTD9
TOX4	nucleoplasm	HPA;GO	O94842
IQCE	primarycilium	HPA;GO	Q6IPM2
IQGAP1	cytosol	GO	P46940
KIR3DL1	plasmamembrane	GO	P43629
SMARCA1	nucleoplasm	HPA;GO	P28370
NRG1	nucleoplasm	HPA	Q02297
NF2	nucleoplasm	HPA	P35240
ZNF181	nucleoplasm	HPA	Q2M3W8
SPDEF	nucleoli	HPA	O95238
ARL4A	plasmamembrane	GO	P40617
TIMM44	mitochondria	HPA;GO	O43615
TUBGCP2	primarycilium	HPA	Q9BSJ2
PRKAR1B	primarycilium	GO	P31321
PCK2	mitochondria	HPA;GO	Q16822
CHPF	cytosol	HPA	Q8IZ52
RPS5	nucleoplasm	GO	P46782
SCHIP1	plasmamembrane	HPA	P0DPB3
ADI1	plasmamembrane	GO	Q9BV57
CCNG2	nucleoplasm	HPA	Q16589
LARP1	nucleoplasm	HPA	Q6PKG0
POLR2F	nucleoli	HPA;GO	P61218
SLC46A1	cytosol	HPA	Q96NT5
RBM4	nucleoplasm	HPA;GO	Q9BWF3
ATAD3B	plasmamembrane	GO	Q5T9A4
MRPL50	mitochondria	HPA;GO	Q8N5N7
GPER1	cytosol	HPA	Q99527
MARCHF4	golgiapparatus	GO	Q9P2E8
PCM1	primarycilium	HPA;GO	Q15154
PRIMPOL	nucleoplasm	HPA;GO	Q96LW4
EIPR1	golgiapparatus	GO	Q53HC9
BUB1B	primarycilium	HPA	O60566
DPH3	cytosol	HPA;GO	Q96FX2
FAM83D	microtubules	HPA;GO	Q9H4H8
IGKV3D-7	cytosol	HPA	A0A0C4DH55
MAP2K5	microtubules	HPA	Q13163
HNF1A	nucleoplasm	HPA	P20823
IST1	cytosol	GO	P53990
GALNT6	nucleoplasm	HPA	Q8NCL4
CT45A9	nucleoli	HPA	P0DMV2
MPP3	cytosol	HPA	Q13368
CAPS2	centrosome	HPA	Q86UW7
RPLP1	cytosol	HPA;GO	P05386
LMF1	endoplasmicreticulum	GO	Q96S06
GSX1	nucleoplasm	HPA	Q9H4S2
DGKE	cytosol	HPA	P52429
DES	intermediatefilaments	HPA	P17661
TELO2	nucleoplasm	HPA	Q9Y4R8
LRRTM1	plasmamembrane	GO	Q86UE6
RACK1	microtubules	GO	P63244
ZBTB16	cytosol	GO	Q05516
TRIM3	mitochondria	HPA	O75382
TEDC2	plasmamembrane	HPA	Q7L2K0
GPR55	plasmamembrane	GO	Q9Y2T6
EMC2	endoplasmicreticulum	GO	Q15006
FLNB	plasmamembrane	HPA;GO	O75369
COL12A1	endoplasmicreticulum	GO	Q99715
PUM3	nucleoplasm	GO	Q15397
EVC	cytosol	HPA	P57679
ATP5MF-PTCD1	mitochondria	HPA	
PHLDA1	nucleoli	HPA	Q8WV24
ABHD12	plasmamembrane	GO	Q8N2K0
INA	intermediatefilaments	HPA	Q16352
GINS4	nucleoplasm	HPA;GO	Q9BRT9
PLCH1	plasmamembrane	GO	Q4KWH8
JPH4	cytosol	HPA	Q96JJ6
ARMCX1	nucleoplasm	HPA	Q9P291
PLCG2	nucleoplasm	HPA	P16885
NOX4	nucleoli	GO	Q9NPH5
MAP2	cytosol	HPA	P11137
CDK5RAP2	golgiapparatus	GO	Q96SN8
ZNF571	plasmamembrane	HPA	Q7Z3V5
EOMES	golgiapparatus	HPA	O95936
ABLIM3	cytosol	HPA	O94929
NUFIP1	nucleoplasm	HPA;GO	Q9UHK0
PEG3	nucleoplasm	HPA	Q9GZU2
CAMK4	nucleoplasm	HPA;GO	Q16566
YKT6	golgiapparatus	GO	O15498
CASP8	plasmamembrane	GO	Q14790
NECTIN1	plasmamembrane	GO	Q15223
NRDE2	nucleoli	GO	Q9H7Z3
INPP5K	golgiapparatus	GO	Q9BT40
PEBP1	cytosol	HPA;GO	P30086
ADAMTS20	cytosol	HPA	P59510
C6	plasmamembrane	GO	P13671
NME8	primarycilium	GO	Q8N427
TNNC2	actinfilaments	GO	P02585
RPS9	actinfilaments	GO	P46781
TENM2	nucleoli	HPA	Q9NT68
WASHC2C	nucleoli	HPA	Q9Y4E1
FGD1	cytosol	HPA;GO	P98174
RBM12B	nucleoplasm	HPA	Q8IXT5
NUDT10	cytosol	HPA;GO	Q8NFP7
ITGA3	actinfilaments	GO	P26006
NAPG	mitochondria	GO	Q99747
SLC35A3	golgiapparatus	GO	Q9Y2D2
RBBP5	nucleoplasm	HPA;GO	Q15291
CYP27A1	cytosol	HPA	Q02318
SUN3	nucleoplasm	HPA	Q8TAQ9
ZXDC	nucleoli	HPA	Q2QGD7
CFB	endoplasmicreticulum	HPA	P00751
TMED9	endoplasmicreticulum	GO	Q9BVK6
SIK2	endoplasmicreticulum	GO	Q9H0K1
EIF4EBP1	cytosol	HPA;GO	Q13541
DAAM1	plasmamembrane	HPA	Q9Y4D1
CZIB	cytosol	HPA	Q9NWV4
BCAS2	nucleoplasm	HPA;GO	O75934
COLEC12	golgiapparatus	HPA	Q5KU26
CDC25C	cytosol	GO	P30307
ANLN	microtubules	HPA	Q9NQW6
RC3H1	golgiapparatus	HPA	Q5TC82
ITPR2	plasmamembrane	GO	Q14571
ESPL1	centrosome	GO	Q14674
OR2W1	plasmamembrane	GO	Q9Y3N9
SIM1	nucleoplasm	HPA	P81133
SLC1A2	plasmamembrane	GO	P43004
SLC20A1	plasmamembrane	HPA;GO	Q8WUM9
S100Z	nucleoplasm	HPA	Q8WXG8
ZNF124	nucleoplasm	HPA	Q15973
PTPRU	plasmamembrane	GO	Q92729
CD48	plasmamembrane	HPA;GO	P09326
SNRPB2	nucleoplasm	HPA;GO	P08579
LIX1L	cytosol	HPA	Q8IVB5
IFFO2	nucleoplasm	HPA	Q5TF58
ZMAT2	mitochondria	HPA	Q96NC0
NLRP1	nucleoplasm	HPA	Q9C000
MGST3	endoplasmicreticulum	GO	O14880
POLR2H	cytosol	GO	P52434
MARK4	centrosome	GO	Q96L34
FAM102A	cytosol	HPA	Q5T9C2
GNB2	cytosol	GO	P62879
GSE1	mitochondria	HPA	Q14687
ARL9	centrosome	HPA	Q6T311
NTPCR	cytosol	HPA	Q9BSD7
TMPRSS6	plasmamembrane	GO	Q8IU80
ZFC3H1	intermediatefilaments	HPA	O60293
TMEM179B	plasmamembrane	GO	Q7Z7N9
ZC3H12A	nucleoplasm	HPA;GO	Q5D1E8
CALML5	cytosol	HPA	Q9NZT1
SRMS	intermediatefilaments	HPA	Q9H3Y6
STOML2	plasmamembrane	HPA;GO	Q9UJZ1
CCAR1	golgiapparatus	HPA	Q8IX12
CASS4	actinfilaments	GO	Q9NQ75
CTDSPL	nucleoplasm	HPA	O15194
LAMC2	endoplasmicreticulum	HPA	Q13753
OR13C9	nucleoplasm	HPA	Q8NGT0
CAPS2	nucleoli	HPA	Q86UW7
NENF	mitochondria	GO	Q9UMX5
PHC3	nucleoplasm	HPA;GO	Q8NDX5
WDR36	nucleoplasm	GO	Q8NI36
HS6ST1	golgiapparatus	GO	O60243
ZBTB24	centrosome	HPA	O43167
TAP2	endoplasmicreticulum	HPA;GO	Q03519
JAK1	cytosol	GO	P23458
KHDC4	nucleoplasm	HPA	Q7Z7F0
UBAP1	plasmamembrane	HPA	Q9NZ09
AAR2	cytosol	HPA	Q9Y312
RBM34	nucleoli	HPA	P42696
BCL2L1	mitochondria	HPA;GO	Q07817
HIGD1A	mitochondria	HPA;GO	Q9Y241
PSMD11	cytosol	GO	O00231
ZNF235	nucleoplasm	HPA	Q14590
NGB	cytosol	GO	Q9NPG2
PTMA	nucleoplasm	HPA	P06454
HIP1	cytosol	GO	O00291
ZKSCAN4	nucleoplasm	HPA	Q969J2
SPRR4	cytosol	HPA	Q96PI1
FBXL7	cytosol	GO	Q9UJT9
CTNNBIP1	cytosol	HPA;GO	Q9NSA3
GSTZ1	mitochondria	GO	O43708
BTK	plasmamembrane	HPA;GO	Q06187
CABIN1	nucleoplasm	HPA;GO	Q9Y6J0
ANP32A	endoplasmicreticulum	GO	P39687
VWCE	cytosol	HPA	Q96DN2
COPG1	endoplasmicreticulum	GO	Q9Y678
STARD13	golgiapparatus	HPA	Q9Y3M8
NELFCD	nucleoplasm	HPA;GO	Q8IXH7
FAM161A	primarycilium	HPA;GO	Q3B820
CD109	plasmamembrane	HPA;GO	Q6YHK3
LTV1	cytosol	HPA;GO	Q96GA3
LCK	centrosome	GO	P06239
ZDHHC6	endoplasmicreticulum	GO	Q9H6R6
PRR19	mitochondria	HPA	A6NJB7
RPS8	plasmamembrane	GO	P62241
DGKG	plasmamembrane	HPA;GO	P49619
MYCBP	mitochondria	HPA	Q99417
PSMA6	cytosol	HPA;GO	P60900
MYO19	mitochondria	HPA;GO	Q96H55
TIGD7	plasmamembrane	HPA	Q6NT04
FBXO4	cytosol	GO	Q9UKT5
VWA5B1	mitochondria	HPA	Q5TIE3
OR1D5	plasmamembrane	GO	P58170
WNT6	endoplasmicreticulum	GO	Q9Y6F9
TTC13	nucleoplasm	HPA	Q8NBP0
DHX16	nucleoplasm	HPA;GO	O60231
MB21D2	cytosol	HPA	Q8IYB1
MRPL20	mitochondria	HPA;GO	Q9BYC9
POLR2B	nucleoplasm	HPA;GO	P30876
DIAPH3	cytosol	GO	Q9NSV4
DEGS2	nucleoplasm	HPA	Q6QHC5
POP4	nucleoplasm	GO	O95707
BBS9	cytosol	HPA;GO	Q3SYG4
NCEH1	endoplasmicreticulum	HPA;GO	Q6PIU2
STAMBP	cytosol	HPA;GO	O95630
TIAM1	cytosol	HPA;GO	Q13009
ZNF501	endoplasmicreticulum	HPA	Q96CX3
REPS1	cytosol	GO	Q96D71
AKT1S1	cytosol	HPA;GO	Q96B36
PBOV1	nucleoplasm	HPA	Q9GZY1
CDCA3	cytosol	HPA	Q99618
CHP2	nucleoplasm	HPA	O43745
EPAS1	cytosol	GO	Q99814
HBE1	cytosol	GO	P02100
MCM3AP	cytosol	HPA;GO	O60318
PDCL3	cytosol	HPA	Q9H2J4
SLC35C2	nucleoplasm	HPA	Q9NQQ7
TLK1	nucleoplasm	HPA	Q9UKI8
YY1	nucleoplasm	HPA;GO	P25490
RAD51	nucleoli	HPA	Q06609
XRCC3	nucleoplasm	HPA;GO	O43542
DNAJC13	cytosol	HPA	O75165
CRAT	cytosol	HPA;GO	P43155
GIPC1	plasmamembrane	HPA	O14908
CCNE2	nucleoplasm	GO	O96020
TEX52	nucleoplasm	HPA	A6NCN8
DYNC1I2	centrosome	HPA;GO	Q13409
TAL1	nucleoplasm	HPA;GO	P17542
IVL	centrosome	HPA	P07476
ACTN3	primarycilium	HPA	Q08043
P3R3URF-PIK3R3	nucleoplasm	HPA	
COPB1	endoplasmicreticulum	GO	P53618
SAMD11	nucleoplasm	HPA	Q96NU1
TATDN2	nucleoplasm	HPA;GO	Q93075
KHDRBS2	nucleoplasm	GO	Q5VWX1
TLR3	endoplasmicreticulum	GO	O15455
SCAMP5	golgiapparatus	GO	Q8TAC9
TMPRSS5	plasmamembrane	GO	Q9H3S3
FGF2	nucleoplasm	HPA	P09038
ANKRD28	nucleoplasm	GO	O15084
BTBD8	nucleoplasm	HPA	Q5XKL5
RPS17	nucleoplasm	GO	P08708
GPR150	plasmamembrane	GO	Q8NGU9
PHPT1	cytosol	HPA;GO	Q9NRX4
KRT7	cytosol	HPA;GO	P08729
ASF1B	nucleoplasm	HPA;GO	Q9NVP2
DCLK1	nucleoplasm	HPA	O15075
TPX2	microtubules	HPA;GO	Q9ULW0
ADGRG6	plasmamembrane	GO	Q86SQ4
CBL	cytosol	HPA;GO	P22681
DNAL4	plasmamembrane	GO	O96015
PKD2	plasmamembrane	HPA;GO	Q13563
ZFP69	nucleoplasm	HPA	Q49AA0
VEZT	cytosol	HPA	Q9HBM0
ZNF597	nucleoplasm	HPA	Q96LX8
PTPRS	plasmamembrane	HPA;GO	Q13332
TBC1D22A	nucleoplasm	HPA	Q8WUA7
NRIP1	nucleoplasm	HPA;GO	P48552
RB1	cytosol	GO	P06400
GPSM1	plasmamembrane	GO	Q86YR5
PRDM1	nucleoli	HPA	O75626
PELI2	nucleoplasm	HPA	Q9HAT8
ING3	nucleoplasm	HPA;GO	Q9NXR8
PDIK1L	nucleoplasm	HPA	Q8N165
PRPF40B	nucleoplasm	HPA	Q6NWY9
MOXD1	endoplasmicreticulum	GO	Q6UVY6
ZNF543	nucleoplasm	HPA	Q08ER8
DCTN2	primarycilium	HPA	Q13561
COPZ2	golgiapparatus	GO	Q9P299
RIPK4	cytosol	HPA	P57078
NGFR	nucleoplasm	GO	P08138
MRPL46	mitochondria	HPA;GO	Q9H2W6
FGF12	cytosol	HPA	P61328
SLC4A2	plasmamembrane	HPA;GO	P04920
ARL6	primarycilium	HPA;GO	Q9H0F7
PRSS1	endoplasmicreticulum	HPA	P07477
TECRL	endoplasmicreticulum	GO	Q5HYJ1
SYNRG	cytosol	HPA	Q9UMZ2
RRP8	nucleoplasm	HPA;GO	O43159
AVIL	plasmamembrane	GO	O75366
TUBB3	primarycilium	HPA	Q13509
GAB1	nucleoli	HPA	Q13480
RNASEH2A	cytosol	HPA	O75792
ZNF664	nucleoplasm	HPA	Q8N3J9
TRIB2	nucleoplasm	HPA	Q92519
EFHD1	mitochondria	GO	Q9BUP0
MPHOSPH6	nucleoplasm	HPA;GO	Q99547
HBG1	cytosol	GO	P69891
SLPI	golgiapparatus	HPA	P03973
RLIM	cytosol	GO	Q9NVW2
FANCL	cytosol	GO	Q9NW38
MCF2	plasmamembrane	HPA	P10911
TIMM17B	mitochondria	HPA;GO	O60830
FBRSL1	nucleoplasm	HPA	Q9HCM7
PRKACB	nucleoplasm	GO	P22694
TNFRSF14	cytosol	HPA	Q92956
ZMAT4	nucleoli	HPA	Q9H898
TFE3	cytosol	GO	P19532
FBXO8	cytosol	HPA	Q9NRD0
GRAMD1B	plasmamembrane	HPA;GO	Q3KR37
EMC4	endoplasmicreticulum	GO	Q5J8M3
DENND1C	nucleoplasm	HPA	Q8IV53
CEP112	microtubules	HPA	Q8N8E3
TRIP6	actinfilaments	HPA;GO	Q15654
C11orf54	nucleoplasm	HPA	Q9H0W9
ZNF460	nucleoplasm	HPA	Q14592
GCK	nucleoplasm	GO	P35557
MCFD2	endoplasmicreticulum	GO	Q8NI22
MPG	nucleoplasm	HPA;GO	P29372
HAND1	nucleoplasm	HPA	O96004
ICAM2	plasmamembrane	HPA;GO	P13598
ENOPH1	nucleoli	HPA	Q9UHY7
SSH3	plasmamembrane	HPA	Q8TE77
HSF2BP	cytosol	GO	O75031
SUMO1	nucleoplasm	HPA;GO	P63165
PPP2R3C	centrosome	GO	Q969Q6
CLMN	cytosol	HPA	Q96JQ2
MARK1	plasmamembrane	GO	Q9P0L2
CALML4	cytosol	HPA	Q96GE6
CAV1	actinfilaments	GO	Q03135
SPRTN	nucleoplasm	HPA;GO	Q9H040
FRMD7	nucleoplasm	HPA	Q6ZUT3
ZNF200	mitochondria	HPA	P98182
TBK1	cytosol	GO	Q9UHD2
HNRNPA1L2	nucleoplasm	HPA	Q32P51
ZMYM1	nucleoplasm	HPA	Q5SVZ6
IGF2R	plasmamembrane	GO	P11717
FHL1	actinfilaments	GO	Q13642
CLIC5	golgiapparatus	GO	Q9NZA1
SPSB1	cytosol	GO	Q96BD6
PLEKHO2	plasmamembrane	HPA	Q8TD55
SLAMF6	cytosol	HPA	Q96DU3
DPH5	cytosol	GO	Q9H2P9
RAC2	endoplasmicreticulum	GO	P15153
EHF	nucleoplasm	HPA	Q9NZC4
CYTH2	plasmamembrane	HPA;GO	Q99418
TUFM	mitochondria	HPA;GO	P49411
MYBPC1	cytosol	GO	Q00872
DVL1	actinfilaments	HPA	O14640
PELO	nucleoplasm	HPA	Q9BRX2
ANKRD50	cytosol	HPA	Q9ULJ7
QTRT2	cytosol	HPA	Q9H974
OR51D1	plasmamembrane	GO	Q8NGF3
EPS8L2	centrosome	HPA	Q9H6S3
TRIM51G	nucleoli	HPA	A0A3B3IT33
GPATCH8	mitochondria	HPA	Q9UKJ3
PHLDB1	plasmamembrane	HPA	Q86UU1
DUSP3	plasmamembrane	GO	P51452
PYCARD	mitochondria	GO	Q9ULZ3
ZNF112	nucleoli	HPA	Q9UJU3
C6orf52	nucleoplasm	HPA	Q5T4I8
PGBD5	nucleoplasm	HPA	Q8N414
ZDHHC9	cytosol	HPA	Q9Y397
ZNF251	nucleoplasm	HPA	Q9BRH9
IGHV4-59	plasmamembrane	GO	P01825
CEP97	cytosol	GO	Q8IW35
KDM5A	nucleoplasm	HPA;GO	P29375
FAM90A23	nucleoli	HPA	A8MXZ1
SYTL2	golgiapparatus	HPA	Q9HCH5
UCHL1	plasmamembrane	GO	P09936
FBF1	microtubules	GO	Q8TES7
ZDHHC14	endoplasmicreticulum	GO	Q8IZN3
OR51L1	plasmamembrane	GO	Q8NGJ5
LBX2	nucleoplasm	HPA	Q6XYB7
AP5B1	nucleoplasm	HPA	Q2VPB7
GPC1	plasmamembrane	HPA;GO	P35052
TPBG	nucleoplasm	HPA	Q13641
NAB1	golgiapparatus	HPA	Q13506
COL19A1	endoplasmicreticulum	GO	Q14993
ZFPM1	nucleoplasm	HPA;GO	Q8IX07
SLC7A14	cytosol	HPA	Q8TBB6
ZPLD1	nucleoplasm	HPA	Q8TCW7
NCOR1	nucleoplasm	HPA;GO	O75376
MYH14	actinfilaments	GO	Q7Z406
CLK1	nucleoplasm	HPA	P49759
EPPK1	intermediatefilaments	HPA;GO	P58107
NPHP1	plasmamembrane	GO	O15259
AHSA1	cytosol	HPA	O95433
METTL22	nucleoli	HPA	Q9BUU2
SCARB1	plasmamembrane	GO	Q8WTV0
TSPYL6	nucleoli	HPA	Q8N831
SYNM	intermediatefilaments	HPA;GO	O15061
CCDC188	nucleoplasm	HPA	H7C350
CDA	nucleoplasm	HPA	P32320
GTF3C3	nucleoli	HPA	Q9Y5Q9
TNFAIP3	centrosome	HPA	P21580
MLX	nuclearmembrane	HPA	Q9UH92
AASS	nucleoplasm	HPA	Q9UDR5
ESD	golgiapparatus	HPA	P10768
ZNF346	nucleoli	GO	Q9UL40
PLAU	actinfilaments	GO	P00749
ZNF223	nucleoplasm	HPA	Q9UK11
IRS1	nucleoplasm	HPA	P35568
TUBA3D	microtubules	HPA	P0DPH8
DPM1	endoplasmicreticulum	GO	O60762
BMERB1	cytosol	HPA	Q96MC5
YIPF4	plasmamembrane	HPA	Q9BSR8
ABTB3	cytosol	HPA	A6QL63
RBM41	nucleoplasm	HPA	Q96IZ5
JAG1	golgiapparatus	HPA	P78504
SVIL	plasmamembrane	HPA;GO	O95425
RPS24	nucleoplasm	GO	P62847
NPTX2	golgiapparatus	HPA	P47972
EIF5B	cytosol	HPA;GO	O60841
CHD6	nucleoplasm	HPA;GO	Q8TD26
MYADM	actinfilaments	GO	Q96S97
UBA6	cytosol	HPA;GO	A0AVT1
CLASP2	plasmamembrane	GO	O75122
C12orf40	cytosol	HPA	Q86WS4
LGI4	golgiapparatus	HPA	Q8N135
CCDC68	cytosol	HPA	Q9H2F9
ZNF236	cytosol	HPA	Q9UL36
BCL2L10	cytosol	GO	Q9HD36
PRTFDC1	golgiapparatus	HPA	Q9NRG1
STYK1	nucleoplasm	HPA	Q6J9G0
NECAB1	primarycilium	HPA	Q8N987
ZBED5	golgiapparatus	HPA	Q49AG3
NFYC	nucleoplasm	HPA;GO	Q13952
SPTBN4	actinfilaments	GO	Q9H254
SLC11A2	golgiapparatus	GO	P49281
ARHGEF25	cytosol	GO	Q86VW2
CERCAM	nucleoplasm	HPA	Q5T4B2
PLD1	golgiapparatus	HPA	Q13393
ITIH5	golgiapparatus	HPA	Q86UX2
MIXL1	nucleoplasm	HPA	Q9H2W2
SPATS2	cytosol	HPA	Q86XZ4
KRTAP19-7	cytosol	GO	Q3SYF9
LRRC75B	cytosol	HPA	Q2VPJ9
ANKRD12	nucleoplasm	HPA	Q6UB98
TP53TG5	nucleoplasm	HPA	Q9Y2B4
RPP30	nucleoli	HPA	P78346
IGSF23	plasmamembrane	HPA;GO	A1L1A6
BCAR3	plasmamembrane	HPA	O75815
SHANK2	nucleoplasm	HPA	Q9UPX8
TRMT1L	nucleoplasm	HPA	Q7Z2T5
CLTB	cytosol	HPA;GO	P09497
GTSE1	microtubules	GO	Q9NYZ3
XYLT1	plasmamembrane	HPA	Q86Y38
EVI5	cytosol	GO	O60447
DNMT3L	nucleoplasm	HPA	Q9UJW3
SLC30A5	endoplasmicreticulum	GO	Q8TAD4
NOP58	nucleoli	HPA;GO	Q9Y2X3
ZDHHC1	cytosol	HPA	Q8WTX9
CEACAM19	mitochondria	HPA	Q7Z692
CNTROB	centrosome	HPA;GO	Q8N137
IFI35	nucleoli	HPA	P80217
GNPDA2	golgiapparatus	HPA	Q8TDQ7
NUDT4	cytosol	HPA;GO	Q9NZJ9
TAMM41	cytosol	HPA	Q96BW9
AP1S1	cytosol	GO	P61966
RPL8	nucleoplasm	GO	P62917
UQCC1	plasmamembrane	HPA	Q9NVA1
FLCN	cytosol	HPA;GO	Q8NFG4
CASP6	nucleoplasm	HPA;GO	P55212
PLA2G4C	endoplasmicreticulum	GO	Q9UP65
LRRC75A	nucleoli	HPA	Q8NAA5
ANKRD16	endoplasmicreticulum	HPA	Q6P6B7
DEF8	nucleoplasm	HPA	Q6ZN54
ALOX5	cytosol	GO	P09917
ZFY	nucleoli	HPA	P08048
RAB32	endoplasmicreticulum	GO	Q13637
CREB1	centrosome	HPA	P16220
IFT74	cytosol	HPA	Q96LB3
BLTP1	centrosome	HPA	Q2LD37
MBNL1	nucleoplasm	HPA	Q9NR56
FAM135A	nucleoplasm	HPA	Q9P2D6
TMTC3	endoplasmicreticulum	GO	Q6ZXV5
LENG1	plasmamembrane	HPA	Q96BZ8
CIMIP2C	primarycilium	GO	A6NJV1
ZNF7	mitochondria	HPA	P17097
MACF1	golgiapparatus	GO	O94854
FBXO27	nucleoplasm	HPA	Q8NI29
SREBF2	endoplasmicreticulum	HPA;GO	Q12772
LGR5	nucleoplasm	HPA	O75473
SLC26A8	plasmamembrane	GO	Q96RN1
PPP1R15A	cytosol	GO	O75807
GRAMD2B	golgiapparatus	HPA	Q96HH9
NDUFS4	mitochondria	HPA;GO	O43181
PLPP4	nucleoli	HPA	Q5VZY2
NUP153	nucleoplasm	GO	P49790
DCBLD2	plasmamembrane	HPA;GO	Q96PD2
RAB3A	centrosome	HPA	P20336
PECR	cytosol	GO	Q9BY49
ZNF821	nucleoplasm	HPA	O75541
RAI2	plasmamembrane	HPA	Q9Y5P3
ZNF14	cytosol	HPA	P17017
KCNV2	plasmamembrane	GO	Q8TDN2
KRAS	cytosol	HPA;GO	P01116
STX1B	plasmamembrane	GO	P61266
GLUD2	cytosol	GO	P49448
TRPC3	plasmamembrane	GO	Q13507
DCTN1	microtubules	HPA;GO	Q14203
NAA10	cytosol	HPA	P41227
FLII	centrosome	HPA	Q13045
MS4A3	plasmamembrane	GO	Q96HJ5
SSTR1	plasmamembrane	GO	P30872
KLHL20	golgiapparatus	HPA;GO	Q9Y2M5
NUMA1	nucleoplasm	HPA;GO	Q14980
PLK2	cytosol	HPA;GO	Q9NYY3
NDUFA4	mitochondria	HPA;GO	O00483
FBXO11	nucleoplasm	HPA	Q86XK2
UBXN2A	centrosome	HPA	P68543
BRMS1	centrosome	HPA	Q9HCU9
BICDL2	actinfilaments	HPA	A1A5D9
PDZRN4	mitochondria	HPA	Q6ZMN7
TMEM170A	endoplasmicreticulum	GO	Q8WVE7
PCDHGA6	cytosol	HPA	Q9Y5G7
ZNF217	nucleoplasm	HPA;GO	O75362
IL10RA	plasmamembrane	HPA;GO	Q13651
SC5D	nucleoplasm	HPA	O75845
H2AC15	nucleoplasm	HPA	P0C0S8
ELAVL4	nucleoplasm	HPA	P26378
PRCD	primarycilium	GO	Q00LT1
TMEM52	plasmamembrane	HPA	Q8NDY8
CREBBP	nucleoplasm	HPA;GO	Q92793
LZTR1	centrosome	HPA	Q8N653
ETF1	cytosol	GO	P62495
SPATA18	cytosol	HPA	Q8TC71
TSR2	nucleoplasm	HPA	Q969E8
UBFD1	nucleoplasm	HPA	O14562
RGS8	plasmamembrane	HPA;GO	P57771
TNFSF4	plasmamembrane	GO	P23510
USP47	intermediatefilaments	HPA	Q96K76
FAM111A	nucleoplasm	HPA;GO	Q96PZ2
AKT2	cytosol	HPA;GO	P31751
MTHFD1	cytosol	HPA;GO	P11586
HAUS6	centrosome	HPA;GO	Q7Z4H7
RPUSD1	nucleoplasm	HPA	Q9UJJ7
CDV3	nucleoli	HPA	Q9UKY7
AGK	mitochondria	HPA;GO	Q53H12
LRRC55	plasmamembrane	GO	Q6ZSA7
KCNIP1	plasmamembrane	GO	Q9NZI2
NTN4	plasmamembrane	GO	Q9HB63
HSF1	centrosome	GO	Q00613
LANCL1	plasmamembrane	GO	O43813
ZBTB33	cytosol	HPA	Q86T24
ADSL	cytosol	HPA;GO	P30566
MRGPRF	primarycilium	HPA	Q96AM1
SCN5A	nucleoli	HPA	Q14524
OR13C5	plasmamembrane	HPA	Q8NGS8
SLC15A1	plasmamembrane	GO	P46059
EPHX3	nucleoplasm	HPA	Q9H6B9
TMEM39A	nucleoplasm	HPA	Q9NV64
LGALS3	mitochondria	GO	P17931
DBI	endoplasmicreticulum	GO	P07108
TM4SF20	endoplasmicreticulum	GO	Q53R12
LINGO2	cytosol	HPA	Q7L985
INTS13	nucleoplasm	HPA;GO	Q9NVM9
FXR2	cytosol	HPA;GO	P51116
OXCT1	mitochondria	HPA;GO	P55809
CYB5A	cytosol	HPA;GO	P00167
ACAA2	mitochondria	HPA;GO	P42765
COL23A1	plasmamembrane	GO	Q86Y22
ABHD10	cytosol	GO	Q9NUJ1
GNG8	plasmamembrane	GO	O14610
ZC3H11B	nucleoplasm	HPA	A0A1B0GTU1
SNTB1	actinfilaments	GO	Q13884
NR3C1	cytosol	HPA;GO	P04150
ENO1	cytosol	HPA;GO	P06733
GPR148	plasmamembrane	HPA	Q8TDV2
NPIPA1	nucleoplasm	HPA	Q9UND3
PISD	golgiapparatus	HPA	Q9UG56
POR	cytosol	HPA	P16435
SAMHD1	plasmamembrane	GO	Q9Y3Z3
UVRAG	centrosome	GO	Q9P2Y5
CD93	plasmamembrane	HPA;GO	Q9NPY3
MAPT	microtubules	GO	P10636
ITPRIPL2	centrosome	HPA	Q3MIP1
RNF186	endoplasmicreticulum	GO	Q9NXI6
NDUFAF4	mitochondria	HPA;GO	Q9P032
IGSF11	nucleoplasm	HPA	Q5DX21
INSM2	nucleoplasm	HPA	Q96T92
HABP4	nucleoplasm	GO	Q5JVS0
ERC1	plasmamembrane	HPA;GO	Q8IUD2
TCF15	nucleoplasm	HPA	Q12870
NGEF	cytosol	HPA;GO	Q8N5V2
PSMC3IP	nucleoplasm	HPA	Q9P2W1
PYHIN1	nucleoplasm	HPA	Q6K0P9
SIX1	nucleoli	HPA	Q15475
RASSF9	cytosol	GO	O75901
NEDD4	plasmamembrane	GO	P46934
COPS4	cytosol	GO	Q9BT78
PSMB10	nucleoplasm	GO	P40306
SRP68	cytosol	HPA;GO	Q9UHB9
C1orf226	nucleoplasm	HPA	A1L170
ATCAY	mitochondria	GO	Q86WG3
IDI2	cytosol	GO	Q9BXS1
LAMP3	plasmamembrane	GO	Q9UQV4
PLG	plasmamembrane	GO	P00747
PLD3	endoplasmicreticulum	HPA;GO	Q8IV08
TSPAN33	microtubules	HPA	Q86UF1
GRIK5	plasmamembrane	HPA;GO	Q16478
CXCR3	plasmamembrane	GO	P49682
DUSP18	nucleoplasm	HPA	Q8NEJ0
PLPP3	endoplasmicreticulum	GO	O14495
COL16A1	endoplasmicreticulum	GO	Q07092
DNPEP	cytosol	HPA	Q9ULA0
DNAJA3	cytosol	GO	Q96EY1
CDS2	endoplasmicreticulum	HPA;GO	O75420
YOD1	cytosol	HPA;GO	Q5VVQ6
H2BC13	cytosol	HPA	Q99880
MRPL23	mitochondria	HPA;GO	Q16540
NUDT18	nucleoplasm	HPA	Q6ZVK8
VAV1	cytosol	HPA;GO	P15498
SPRR1B	plasmamembrane	GO	P22528
DNA2	nucleoplasm	GO	P51530
EML6	mitochondria	HPA	Q6ZMW3
PNPLA3	nucleoli	HPA	Q9NST1
CYSTM1	plasmamembrane	GO	Q9H1C7
C1QBP	plasmamembrane	HPA;GO	Q07021
GLO1	cytosol	HPA;GO	Q04760
AGRP	golgiapparatus	GO	O00253
TRPC6	plasmamembrane	GO	Q9Y210
CFAP97D1	plasmamembrane	HPA	B2RV13
BTBD18	nucleoplasm	HPA	B2RXH4
PPP1R14A	nucleoplasm	HPA	Q96A00
LSM5	nucleoplasm	GO	Q9Y4Y9
CCDC38	centrosome	GO	Q502W7
CISD1	mitochondria	HPA;GO	Q9NZ45
NAXD	mitochondria	GO	Q8IW45
SRD5A2	endoplasmicreticulum	GO	P31213
ANKRD31	centrosome	HPA	Q8N7Z5
POU5F1	cytosol	HPA;GO	Q01860
EXOC8	plasmamembrane	GO	Q8IYI6
PIGZ	endoplasmicreticulum	GO	Q86VD9
SPEM1	golgiapparatus	HPA	Q8N4L4
TGDS	nucleoli	HPA	O95455
PAX8	nucleoplasm	HPA	Q06710
GALT	cytosol	HPA;GO	P07902
TMCO1	cytosol	GO	Q9UM00
CASP14	cytosol	HPA;GO	P31944
ADRM1	cytosol	HPA;GO	Q16186
RFX7	nucleoplasm	HPA	Q2KHR2
HTR1A	plasmamembrane	GO	P08908
COL9A3	intermediatefilaments	HPA	Q14050
NUP210L	nucleoplasm	HPA	Q5VU65
MAPK3	endoplasmicreticulum	GO	P27361
RDH13	cytosol	HPA	Q8NBN7
ARMCX2	nucleoplasm	HPA	Q7L311
MPRIP	plasmamembrane	GO	Q6WCQ1
RBM4B	cytosol	HPA	Q9BQ04
ZNF469	plasmamembrane	HPA	Q96JG9
GET4	nucleoli	HPA	Q7L5D6
CD84	plasmamembrane	HPA;GO	Q9UIB8
MICALL1	centrosome	HPA	Q8N3F8
PAQR3	golgiapparatus	GO	Q6TCH7
SERPINB12	plasmamembrane	GO	Q96P63
GRIP2	plasmamembrane	GO	Q9C0E4
LY96	plasmamembrane	GO	Q9Y6Y9
WDR49	cytosol	HPA	Q8IV35
WDR88	nucleoplasm	HPA	Q6ZMY6
DVL3	nucleoplasm	GO	Q92997
PPP2R2B	cytosol	HPA	Q00005
CPNE5	cytosol	HPA	Q9HCH3
BORCS8-MEF2B	cytosol	HPA	
TRIM16	cytosol	HPA	O95361
CTBP1	nucleoplasm	HPA;GO	Q13363
SLC5A7	intermediatefilaments	HPA	Q9GZV3
PYROXD2	mitochondria	HPA;GO	Q8N2H3
TOR1AIP1	nuclearmembrane	HPA	Q5JTV8
KANSL2	cytosol	HPA	Q9H9L4
VAMP4	golgiapparatus	HPA;GO	O75379
CENPU	nucleoplasm	HPA;GO	Q71F23
CHPF	centrosome	HPA	Q8IZ52
DPPA2	nucleoplasm	HPA	Q7Z7J5
MEPE	endoplasmicreticulum	GO	Q9NQ76
PRKG1	plasmamembrane	GO	Q13976
HAPLN3	cytosol	HPA	Q96S86
RAX2	cytosol	HPA	Q96IS3
IMMP1L	mitochondria	HPA	Q96LU5
TTN	actinfilaments	GO	Q8WZ42
DCC	plasmamembrane	GO	P43146
CASP2	nucleoplasm	HPA	P42575
SLC16A14	endoplasmicreticulum	HPA	Q7RTX9
SMAD4	primarycilium	HPA	Q13485
KCNQ1	plasmamembrane	HPA;GO	P51787
DDX47	nucleoplasm	GO	Q9H0S4
USP10	cytosol	HPA;GO	Q14694
FOXH1	nucleoplasm	GO	O75593
UGT1A10	endoplasmicreticulum	GO	Q9HAW8
STK38	nucleoplasm	GO	Q15208
PLXNB1	plasmamembrane	GO	O43157
IRX2	nucleoli	HPA	Q9BZI1
PNRC2	cytosol	GO	Q9NPJ4
NOS1AP	nucleoplasm	HPA	O75052
CCDC71L	actinfilaments	HPA	Q8N9Z2
CDIP1	nucleoplasm	HPA	Q9H305
LCA5L	cytosol	HPA	O95447
C20orf173	plasmamembrane	HPA	Q96LM9
RUNX2	nucleoplasm	HPA;GO	Q13950
FRMD6	mitochondria	HPA	Q96NE9
LY6G5C	plasmamembrane	GO	Q5SRR4
UBA3	cytosol	HPA;GO	Q8TBC4
ZNF331	nucleoplasm	HPA	Q9NQX6
SNF8	plasmamembrane	GO	Q96H20
KLHL4	microtubules	HPA	Q9C0H6
AKAP12	cytosol	HPA	Q02952
ZNRF1	cytosol	GO	Q8ND25
FKTN	endoplasmicreticulum	GO	O75072
SDC3	plasmamembrane	GO	O75056
KATNIP	primarycilium	HPA	O60303
NCLN	nucleoplasm	HPA	Q969V3
POLD3	nucleoplasm	HPA;GO	Q15054
UNG	nucleoplasm	HPA;GO	P13051
CCSAP	primarycilium	GO	Q6IQ19
ANO7	plasmamembrane	GO	Q6IWH7
ADAM28	mitochondria	HPA	Q9UKQ2
LRAT	golgiapparatus	HPA	O95237
NDUFAF5	mitochondria	GO	Q5TEU4
KIF26B	plasmamembrane	HPA	Q2KJY2
LMOD2	actinfilaments	GO	Q6P5Q4
ST6GALNAC4	nucleoplasm	HPA	Q9H4F1
MGAM	plasmamembrane	GO	O43451
DLG1	endoplasmicreticulum	GO	Q12959
EIF4E3	nucleoli	HPA	Q8N5X7
SLC12A1	plasmamembrane	GO	Q13621
TMCO5A	plasmamembrane	HPA	Q8N6Q1
PUS1	nucleoplasm	HPA	Q9Y606
CRB1	plasmamembrane	GO	P82279
RBIS	cytosol	HPA	Q8N0T1
RPLP0	actinfilaments	GO	P05388
SALL1	cytosol	HPA	Q9NSC2
CMTR2	plasmamembrane	HPA	Q8IYT2
FMNL1	cytosol	HPA;GO	O95466
ARMT1	nucleoplasm	HPA	Q9H993
SNAPC3	nucleoplasm	HPA;GO	Q92966
NRL	nucleoplasm	HPA	P54845
CXCR1	plasmamembrane	GO	P25024
HYKK	nucleoplasm	HPA	A2RU49
KLHL21	microtubules	GO	Q9UJP4
ZNF713	nucleoli	HPA	Q8N859
DGKZ	plasmamembrane	GO	Q13574
TOM1	plasmamembrane	GO	O60784
TIGAR	cytosol	HPA;GO	Q9NQ88
SELP	plasmamembrane	GO	P16109
ALOX12	plasmamembrane	GO	P18054
MYL1	cytosol	GO	P05976
AMDHD1	cytosol	HPA;GO	Q96NU7
SLC9A6	endoplasmicreticulum	GO	Q92581
CRADD	nucleoplasm	HPA	P78560
ANKRD34B	cytosol	HPA	A5PLL1
DCUN1D3	cytosol	HPA	Q8IWE4
PPP1R13L	nucleoplasm	GO	Q8WUF5
CEP78	microtubules	GO	Q5JTW2
H2AB1	nucleoplasm	GO	P0C5Y9
GALK1	cytosol	HPA;GO	P51570
PIM1	plasmamembrane	GO	P11309
MTOR	plasmamembrane	GO	P42345
PSMB5	cytosol	GO	P28074
ACO1	cytosol	HPA;GO	P21399
ADGRF4	mitochondria	HPA	Q8IZF3
TTLL12	cytosol	HPA	Q14166
OCA2	endoplasmicreticulum	GO	Q04671
MRPL24	mitochondria	GO	Q96A35
GPR20	plasmamembrane	HPA;GO	Q99678
CSRNP1	nucleoplasm	HPA	Q96S65
DNAI1	microtubules	GO	Q9UI46
CRCP	nucleoplasm	HPA;GO	O75575
PTPN4	plasmamembrane	HPA;GO	P29074
CLTA	plasmamembrane	GO	P09496
ANKRD31	nucleoli	HPA	Q8N7Z5
FAM107A	plasmamembrane	GO	O95990
ATG7	cytosol	HPA;GO	O95352
KLF15	nucleoplasm	HPA	Q9UIH9
DAB1	cytosol	GO	O75553
EI24	golgiapparatus	HPA	O14681
SEC16A	golgiapparatus	HPA	O15027
RNF181	cytosol	HPA	Q9P0P0
THEM5	mitochondria	GO	Q8N1Q8
SERINC2	nucleoplasm	HPA	Q96SA4
DLK2	nucleoplasm	HPA	Q6UY11
SAG	cytosol	GO	P10523
PRICKLE3	mitochondria	GO	O43900
C9orf152	nucleoplasm	HPA	Q5JTZ5
FGA	plasmamembrane	GO	P02671
ARID5A	nucleoplasm	HPA	Q03989
XKR4	golgiapparatus	HPA	Q5GH76
THEM4	mitochondria	GO	Q5T1C6
PPM1L	cytosol	HPA	Q5SGD2
ATP6V1G2	cytosol	GO	O95670
DCDC1	microtubules	GO	M0R2J8
MAPK1IP1L	cytosol	HPA	Q8NDC0
NRSN2	nucleoplasm	HPA	Q9GZP1
HSPA6	microtubules	GO	P17066
RNF8	nucleoplasm	HPA;GO	O76064
TTC8	cytosol	GO	Q8TAM2
MKRN1	cytosol	HPA;GO	Q9UHC7
EVI2A	cytosol	HPA	P22794
SNX5	cytosol	HPA	Q9Y5X3
TUBB2B	primarycilium	HPA	Q9BVA1
GLYCTK	cytosol	HPA;GO	Q8IVS8
TSNAX	golgiapparatus	HPA	Q99598
STOML3	plasmamembrane	HPA;GO	Q8TAV4
LDHAL6B	mitochondria	GO	Q9BYZ2
MGAT4A	endoplasmicreticulum	GO	Q9UM21
GPER1	nucleoli	HPA	Q99527
ZNF408	centrosome	HPA	Q9H9D4
MRPL32	mitochondria	GO	Q6P1L8
ANKRD37	cytosol	HPA	Q7Z713
SP6	centrosome	HPA	Q3SY56
CDKN2AIP	nucleoli	GO	Q9NXV6
LYPD5	plasmamembrane	GO	Q6UWN5
FAM222A	plasmamembrane	HPA	Q5U5X8
SDR16C5	endoplasmicreticulum	GO	Q8N3Y7
COL6A3	endoplasmicreticulum	HPA;GO	P12111
GLRA1	plasmamembrane	HPA;GO	P23415
HLA-DPB1	endoplasmicreticulum	GO	P04440
RPS14	endoplasmicreticulum	HPA	P62263
TENT5A	cytosol	HPA	Q96IP4
PRKCA	nucleoplasm	GO	P17252
ALG14	endoplasmicreticulum	GO	Q96F25
AMIGO2	plasmamembrane	HPA	Q86SJ2
COL13A1	plasmamembrane	GO	Q5TAT6
ACSL4	endoplasmicreticulum	GO	O60488
SLITRK1	plasmamembrane	GO	Q96PX8
NLRP2	nucleoplasm	GO	Q9NX02
SATB2	nucleoplasm	HPA;GO	Q9UPW6
RNF212B	nucleoplasm	HPA	A8MTL3
HRH3	plasmamembrane	GO	Q9Y5N1
PRKAA1	cytosol	HPA;GO	Q13131
RNF111	nucleoplasm	HPA;GO	Q6ZNA4
COG6	golgiapparatus	HPA;GO	Q9Y2V7
LRRC73	cytosol	HPA	Q5JTD7
SCAMP4	plasmamembrane	HPA	Q969E2
FOXD4L3	nucleoplasm	HPA	Q6VB84
OSBPL6	cytosol	GO	Q9BZF3
UNC13A	plasmamembrane	GO	Q9UPW8
GALNT17	golgiapparatus	HPA	Q49A17
RPRD2	nucleoplasm	HPA;GO	Q5VT52
MEMO1	cytosol	GO	Q9Y316
NUP35	cytosol	GO	Q8NFH5
RRAGC	nucleoplasm	HPA	Q9HB90
MRPS33	mitochondria	GO	Q9Y291
RPL21	cytosol	HPA;GO	P46778
ACTB	cytosol	GO	P60709
ANO8	endoplasmicreticulum	GO	Q9HCE9
MAPKAPK3	nucleoplasm	HPA;GO	Q16644
SMIM24	nucleoplasm	HPA	O75264
GRIP1	plasmamembrane	GO	Q96DT0
EMC7	endoplasmicreticulum	GO	Q9NPA0
KIF5B	cytosol	HPA;GO	P33176
NTN1	cytosol	HPA	O95631
FAM149B1	primarycilium	HPA	Q96BN6
POLE4	nucleoplasm	HPA;GO	Q9NR33
MACF1	microtubules	GO	O94854
ODAD4	primarycilium	GO	Q96NG3
MFSD10	nucleoplasm	HPA	Q14728
GOLGA5	golgiapparatus	HPA;GO	Q8TBA6
C12orf43	nucleoli	HPA	Q96C57
IL1RAP	cytosol	HPA	Q9NPH3
KRT16	intermediatefilaments	HPA	P08779
RHAG	plasmamembrane	GO	Q02094
NME1	cytosol	HPA;GO	P15531
GRAMD2B	microtubules	GO	Q96HH9
CAND1	nucleoplasm	HPA;GO	Q86VP6
PRPF19	nucleoplasm	HPA;GO	Q9UMS4
TRMT13	plasmamembrane	HPA	Q9NUP7
DHCR7	endoplasmicreticulum	HPA;GO	Q9UBM7
LAPTM5	cytosol	HPA	Q13571
ZNF549	cytosol	HPA	Q6P9A3
ARL2BP	primarycilium	HPA	Q9Y2Y0
ING2	nucleoplasm	HPA;GO	Q9H160
BRI3BP	mitochondria	HPA;GO	Q8WY22
CCDC69	plasmamembrane	HPA	A6NI79
C19orf18	golgiapparatus	HPA	Q8NEA5
GIMAP7	golgiapparatus	HPA	Q8NHV1
ZKSCAN2	golgiapparatus	HPA	Q63HK3
ARID3B	nucleoplasm	HPA	Q8IVW6
BBS9	centrosome	GO	Q3SYG4
ZMYM2	endoplasmicreticulum	HPA	Q9UBW7
WSB2	cytosol	GO	Q9NYS7
HASPIN	centrosome	GO	Q8TF76
KDSR	endoplasmicreticulum	GO	Q06136
MAGEA9B	golgiapparatus	HPA	P43362
SYCE1	cytosol	HPA	Q8N0S2
TMC5	plasmamembrane	HPA	Q6UXY8
PPID	nucleoplasm	HPA;GO	Q08752
AHR	cytosol	HPA;GO	P35869
OR51B5	plasmamembrane	GO	Q9H339
ANKRD36	cytosol	HPA	A6QL64
SNAP23	plasmamembrane	HPA;GO	O00161
GTPBP1	nucleoplasm	HPA	O00178
ANKS6	cytosol	HPA	Q68DC2
ALYREF	cytosol	GO	Q86V81
ZKSCAN1	nucleoplasm	HPA	P17029
HPDL	mitochondria	HPA;GO	Q96IR7
PIN1	nucleoplasm	HPA;GO	Q13526
PHLPP2	microtubules	HPA	Q6ZVD8
PHYH	primarycilium	GO	O14832
SMARCD1	nucleoplasm	HPA;GO	Q96GM5
NSF	plasmamembrane	GO	P46459
LEO1	nucleoplasm	HPA;GO	Q8WVC0
MED6	nucleoplasm	HPA;GO	O75586
DGKB	plasmamembrane	HPA;GO	Q9Y6T7
NDE1	cytosol	GO	Q9NXR1
NPAS4	nucleoplasm	HPA;GO	Q8IUM7
PCYOX1L	mitochondria	HPA	Q8NBM8
SDHA	nucleoli	HPA	P31040
RTN3	golgiapparatus	GO	O95197
SLC2A14	plasmamembrane	HPA;GO	Q8TDB8
DDX28	mitochondria	HPA;GO	Q9NUL7
ATP6V0D2	plasmamembrane	GO	Q8N8Y2
DAXX	nucleoplasm	HPA;GO	Q9UER7
NUP214	nucleoplasm	GO	P35658
STAB2	cytosol	HPA	Q8WWQ8
USP28	nucleoplasm	HPA;GO	Q96RU2
PAK5	nuclearmembrane	HPA	Q9NQU5
TMED7	endoplasmicreticulum	GO	Q9Y3B3
BTRC	cytosol	HPA;GO	Q9Y297
FOXA3	nucleoplasm	HPA	P55318
ZNF839	plasmamembrane	HPA	A8K0R7
POLR2H	nucleoli	GO	P52434
BRAP	cytosol	HPA;GO	Q6UWU4
FAM50B	nucleoplasm	HPA	Q9Y247
TBXA2R	plasmamembrane	HPA;GO	P21731
ITGA7	plasmamembrane	HPA;GO	Q13683
RBMX2	nuclearmembrane	HPA	Q9Y388
SIGLEC6	plasmamembrane	HPA	O43699
ARHGEF10	centrosome	GO	O15013
RPS6KA6	nucleoplasm	HPA	Q9UK32
OSBPL3	cytosol	HPA;GO	Q9H4L5
SLC41A2	plasmamembrane	GO	Q96JW4
ATP10D	endoplasmicreticulum	GO	Q9P241
TRIM38	plasmamembrane	HPA	O00635
RPS19	actinfilaments	GO	P39019
TAF1A	nucleoli	GO	Q15573
SYK	cytosol	HPA;GO	P43405
MAN1C1	golgiapparatus	GO	Q9NR34
NR1H3	nucleoplasm	HPA;GO	Q13133
CDC42EP4	actinfilaments	HPA	Q9H3Q1
SPAG7	nucleoplasm	HPA	O75391
STMN2	endoplasmicreticulum	HPA	Q93045
RPS23	cytosol	HPA;GO	P62266
CYLD	plasmamembrane	GO	Q9NQC7
KIF3B	microtubules	GO	O15066
SLC25A22	mitochondria	GO	Q9H936
SH3TC1	cytosol	HPA	Q8TE82
SH3BP1	cytosol	HPA;GO	Q9Y3L3
KMT5C	nucleoplasm	HPA;GO	Q86Y97
CARD11	plasmamembrane	GO	Q9BXL7
CCDC184	mitochondria	HPA	Q52MB2
CFAP210	primarycilium	GO	Q0VFZ6
AMOTL2	actinfilaments	GO	Q9Y2J4
RMND1	mitochondria	HPA;GO	Q9NWS8
MEN1	actinfilaments	GO	O00255
MRPS18A	mitochondria	GO	Q9NVS2
PRKCE	intermediatefilaments	HPA	Q02156
CYGB	cytosol	HPA;GO	Q8WWM9
OMD	endoplasmicreticulum	HPA	Q99983
SEMA4D	plasmamembrane	HPA;GO	Q92854
PSMA3	nucleoplasm	GO	P25788
ZSCAN1	nucleoli	HPA	Q8NBB4
GOLGB1	golgiapparatus	HPA;GO	Q14789
MDM2	plasmamembrane	GO	Q00987
MBOAT7	endoplasmicreticulum	GO	Q96N66
ZG16	golgiapparatus	GO	O60844
XPNPEP2	plasmamembrane	HPA;GO	O43895
ENSG00000288000	microtubules	HPA	
LINC02203	centrosome	HPA	
VASN	nucleoplasm	HPA	Q6EMK4
ACSL3	nucleoli	HPA	O95573
MMP14	plasmamembrane	GO	P50281
IFIT2	endoplasmicreticulum	GO	P09913
ABHD12	endoplasmicreticulum	GO	Q8N2K0
ADGRG2	plasmamembrane	HPA	Q8IZP9
ARHGAP24	plasmamembrane	HPA	Q8N264
NXT2	cytosol	HPA	Q9NPJ8
CFAP410	golgiapparatus	HPA	O43822
EXOC1	microtubules	HPA	Q9NV70
TMEM230	plasmamembrane	GO	Q96A57
TXK	nucleoplasm	HPA	P42681
MS4A7	golgiapparatus	GO	Q9GZW8
ZNF497	nucleoplasm	HPA	Q6ZNH5
PARP16	endoplasmicreticulum	GO	Q8N5Y8
BRF2	nucleoli	HPA	Q9HAW0
BANP	nucleoplasm	HPA;GO	Q8N9N5
WT1	cytosol	HPA	P19544
TFR2	plasmamembrane	GO	Q9UP52
WBP2NL	primarycilium	GO	Q6ICG8
ARR3	golgiapparatus	HPA	P36575
CHST1	mitochondria	HPA	O43916
ABCG2	nucleoplasm	HPA	Q9UNQ0
JPT2	plasmamembrane	HPA	Q9H910
ZNF627	nucleoli	HPA	Q7L945
SERPIND1	endoplasmicreticulum	GO	P05546
TMED3	endoplasmicreticulum	GO	Q9Y3Q3
SMG1	cytosol	GO	Q96Q15
ENO2	plasmamembrane	HPA	P09104
MICAL1	actinfilaments	GO	Q8TDZ2
SLC35G1	plasmamembrane	GO	Q2M3R5
LCP2	plasmamembrane	GO	Q13094
SRP14	nucleoplasm	HPA	P37108
H2AC16	nucleoplasm	HPA	P0C0S8
MAPK12	cytosol	HPA;GO	P53778
C12orf54	intermediatefilaments	HPA	Q6X4T0
PDSS1	cytosol	HPA	Q5T2R2
PSMB9	cytosol	HPA;GO	P28065
INTU	primarycilium	HPA;GO	Q9ULD6
DAPK1	actinfilaments	GO	P53355
ITGB6	actinfilaments	GO	P18564
SPATA13	nucleoplasm	HPA	Q96N96
PRKAG2	nucleoplasm	HPA;GO	Q9UGJ0
FES	microtubules	GO	P07332
PSMD7	nucleoplasm	HPA;GO	P51665
CTPS1	cytosol	HPA;GO	P17812
CAVIN1	nucleoplasm	GO	Q6NZI2
OPRK1	plasmamembrane	HPA;GO	P41145
DCTD	nucleoplasm	HPA	P32321
SERPINB6	plasmamembrane	GO	P35237
GPX7	endoplasmicreticulum	GO	Q96SL4
TSPYL2	nucleoli	GO	Q9H2G4
SPRY3	cytosol	HPA	O43610
SSTR2	cytosol	HPA	P30874
YWHAZ	nucleoplasm	GO	P63104
PRKD2	nucleoplasm	HPA	Q9BZL6
SCTR	plasmamembrane	GO	P47872
GTPBP3	mitochondria	HPA	Q969Y2
GAS6	centrosome	HPA	Q14393
STRA8	cytosol	HPA	Q7Z7C7
SUCLG2	mitochondria	HPA;GO	Q96I99
CEP97	centrosome	HPA;GO	Q8IW35
ZNF445	mitochondria	HPA	P59923
TNKS1BP1	nucleoplasm	GO	Q9C0C2
ENSA	cytosol	HPA	O43768
ZFR	nucleoplasm	HPA	Q96KR1
PDCL2	microtubules	HPA	Q8N4E4
HMGB1	nucleoplasm	HPA;GO	P09429
HLA-C	endoplasmicreticulum	GO	P10321
TLR5	plasmamembrane	GO	O60602
OPN5	plasmamembrane	GO	Q6U736
ITPR2	endoplasmicreticulum	HPA;GO	Q14571
SPATA1	cytosol	HPA	Q5VX52
TFRC	plasmamembrane	GO	P02786
TMEM141	plasmamembrane	HPA	Q96I45
ZNF324B	cytosol	HPA	Q6AW86
SPTA1	actinfilaments	GO	P02549
MAPK15	plasmamembrane	HPA;GO	Q8TD08
TMX2	nucleoplasm	HPA	Q9Y320
EXOC4	cytosol	GO	Q96A65
DGKA	cytosol	GO	P23743
LMBRD2	nucleoplasm	HPA	Q68DH5
SGMS2	golgiapparatus	HPA;GO	Q8NHU3
TP53BP2	nucleoplasm	GO	Q13625
SH3RF2	nucleoplasm	HPA	Q8TEC5
HSPA5	mitochondria	GO	P11021
EPS15L1	plasmamembrane	GO	Q9UBC2
PABPC4	cytosol	HPA	Q13310
MAF	nucleoplasm	HPA	O75444
PANX1	plasmamembrane	HPA;GO	Q96RD7
PDE2A	cytosol	HPA;GO	O00408
FBXO5	cytosol	GO	Q9UKT4
APOC3	nucleoplasm	HPA	P02656
ZNF584	nucleoplasm	HPA	Q8IVC4
PTPRR	plasmamembrane	HPA	Q15256
RPL19	cytosol	HPA;GO	P84098
RNF39	centrosome	HPA	Q9H2S5
INTS14	nuclearmembrane	HPA	Q96SY0
WDSUB1	cytosol	HPA	Q8N9V3
CPTP	cytosol	HPA;GO	Q5TA50
DDX59	actinfilaments	HPA	Q5T1V6
FUT9	nucleoplasm	HPA	Q9Y231
SUCLG1	cytosol	HPA	P53597
FLNC	cytosol	HPA;GO	Q14315
ABCF2	cytosol	HPA	Q9UG63
POU2F3	plasmamembrane	HPA	Q9UKI9
TFEB	cytosol	HPA;GO	P19484
TRAF2	nucleoplasm	GO	Q12933
OGFOD3	nucleoplasm	HPA	Q6PK18
RALYL	nucleoplasm	HPA	Q86SE5
PALM3	plasmamembrane	HPA	A6NDB9
ARRB2	plasmamembrane	HPA;GO	P32121
ARMCX5	nucleoplasm	HPA	Q6P1M9
EYA4	nucleoplasm	HPA	O95677
ALDH1L1	cytosol	HPA;GO	O75891
ENSG00000250264	endoplasmicreticulum	HPA	
TMEM14A	nucleoplasm	HPA	Q9Y6G1
SLCO2A1	plasmamembrane	GO	Q92959
USP48	nucleoplasm	HPA;GO	Q86UV5
CCNI2	cytosol	HPA	Q6ZMN8
CMSS1	nucleoplasm	HPA	Q9BQ75
FYN	cytosol	HPA;GO	P06241
NRGN	cytosol	GO	Q92686
USP18	cytosol	HPA;GO	Q9UMW8
CD300LG	plasmamembrane	GO	Q6UXG3
CCDC22	endoplasmicreticulum	HPA	O60826
SLC35D3	plasmamembrane	GO	Q5M8T2
ERBIN	plasmamembrane	HPA;GO	Q96RT1
BBLN	plasmamembrane	GO	Q9BUW7
MYL10	cytosol	GO	Q9BUA6
ENSG00000269825	nucleoli	HPA	
EXOSC9	cytosol	GO	Q06265
AIP	nucleoplasm	GO	O00170
MRPL12	mitochondria	HPA;GO	P52815
MFN1	mitochondria	HPA;GO	Q8IWA4
ZNF70	cytosol	HPA	Q9UC06
COA4	nucleoplasm	HPA	Q9NYJ1
OLFM4	plasmamembrane	HPA;GO	Q6UX06
BTF3L4	cytosol	HPA	Q96K17
ESAM	cytosol	HPA	Q96AP7
ADAR	nucleoplasm	HPA;GO	P55265
FAM204A	nucleoplasm	HPA	Q9H8W3
NOL12	nucleoplasm	HPA	Q9UGY1
ZNF619	nucleoplasm	HPA	Q8N2I2
BLM	nucleoplasm	HPA;GO	P54132
MAPK3	primarycilium	HPA	P27361
AFG2B	microtubules	GO	Q9BVQ7
PLCB2	primarycilium	HPA	Q00722
KLHL8	nucleoplasm	HPA	Q9P2G9
C11orf42	nuclearmembrane	HPA	Q8N5U0
CORO1A	plasmamembrane	GO	P31146
VPS33A	nucleoplasm	HPA	Q96AX1
CD69	plasmamembrane	GO	Q07108
CRTC3	cytosol	HPA	Q6UUV7
IPO5	nuclearmembrane	HPA;GO	O00410
ENTPD7	nucleoplasm	HPA	Q9NQZ7
CYP3A7	cytosol	HPA	P24462
AIFM3	endoplasmicreticulum	GO	Q96NN9
SMN1	nucleoplasm	HPA;GO	Q16637
ZNF573	intermediatefilaments	HPA	Q86YE8
SNCG	cytosol	HPA	O76070
ARHGAP10	nuclearmembrane	HPA	A1A4S6
ITGAL	plasmamembrane	GO	P20701
SLC45A3	nucleoplasm	HPA	Q96JT2
SORBS3	actinfilaments	GO	O60504
RAMP2	plasmamembrane	GO	O60895
TP53TG3E	centrosome	HPA	Q9ULZ0
CES2	cytosol	HPA	O00748
PSMD5	nucleoplasm	HPA;GO	Q16401
CLEC4E	plasmamembrane	GO	Q9ULY5
CUL1	nucleoplasm	HPA;GO	Q13616
RBX1	cytosol	GO	P62877
FLCN	centrosome	GO	Q8NFG4
NRBF2	nucleoplasm	HPA;GO	Q96F24
FAM228B	golgiapparatus	HPA	P0C875
DNAJC2	cytosol	HPA;GO	Q99543
CCNT2	plasmamembrane	HPA	O60583
SPTLC1	endoplasmicreticulum	HPA;GO	O15269
KIF20A	nucleoplasm	GO	O95235
IFT74	centrosome	HPA	Q96LB3
CCNL1	nucleoplasm	HPA	P49736
LRRFIP2	plasmamembrane	HPA	Q9Y608
BRPF1	cytosol	HPA	P55201
FBLIM1	actinfilaments	HPA;GO	Q8WUP2
GNAI1	primarycilium	HPA	P63096
RNF138	mitochondria	HPA	Q8WVD3
TCN2	cytosol	HPA	P20062
MAEA	microtubules	GO	Q7L5Y9
SULT1C2	cytosol	GO	O00338
QTRT2	nucleoli	HPA	Q9H974
DYRK3	nucleoplasm	HPA;GO	O43781
LZTS1	nucleoli	HPA	Q9Y250
MYO15B	cytosol	HPA	Q96JP2
SLC22A5	plasmamembrane	GO	O76082
FBLN1	endoplasmicreticulum	HPA	P23142
SLC15A4	plasmamembrane	GO	Q8N697
LONP2	cytosol	GO	Q86WA8
ZNF622	cytosol	HPA	Q969S3
SH2D1B	cytosol	GO	O14796
CENPF	primarycilium	GO	P49454
PARP8	cytosol	HPA	Q8N3A8
CCDC18	nucleoplasm	HPA	Q5T9S5
NCKAP1	cytosol	HPA;GO	Q9Y2A7
PHACTR4	intermediatefilaments	HPA	Q8IZ21
PICALM	plasmamembrane	GO	Q13492
RDH14	cytosol	HPA	Q9HBH5
PKP1	plasmamembrane	HPA;GO	Q13835
DLG1	primarycilium	HPA	Q12959
PRKN	nucleoplasm	HPA	O60260
SUPV3L1	mitochondria	HPA;GO	Q8IYB8
TTC19	mitochondria	HPA;GO	Q6DKK2
TMEM25	golgiapparatus	HPA	Q86YD3
RPL34	cytosol	HPA;GO	P49207
GJC1	endoplasmicreticulum	GO	P36383
HS3ST3A1	golgiapparatus	GO	Q9Y663
NKD2	plasmamembrane	GO	Q969F2
HRAS	endoplasmicreticulum	GO	P01112
EIF5AL1	plasmamembrane	HPA	Q6IS14
SLC35B1	endoplasmicreticulum	HPA;GO	P78383
TMEM63A	plasmamembrane	GO	O94886
LMNB1	nucleoplasm	GO	P20700
TIMMDC1	mitochondria	HPA;GO	Q9NPL8
RRAS	plasmamembrane	GO	P10301
PLK2	centrosome	GO	Q9NYY3
HBP1	nucleoplasm	HPA	O60381
ADGRG6	endoplasmicreticulum	GO	Q86SQ4
MYL3	mitochondria	HPA	P08590
MXD1	nucleoplasm	GO	Q05195
ACTA2	cytosol	GO	P62736
OR52B6	plasmamembrane	GO	Q8NGF0
ASXL2	nucleoplasm	HPA;GO	Q76L83
HSP90AA1	plasmamembrane	GO	P07900
ZNF337	plasmamembrane	HPA	Q9Y3M9
CLIP2	golgiapparatus	HPA	Q9UDT6
TM4SF18	plasmamembrane	HPA	Q96CE8
SPIRE1	cytosol	HPA	Q08AE8
WASHC5	centrosome	HPA	Q12768
IRX3	cytosol	HPA	P78415
GNPTG	endoplasmicreticulum	HPA	Q9UJJ9
DHX9	nucleoplasm	HPA;GO	Q08211
SIPA1	golgiapparatus	HPA	Q96FS4
KRTAP3-2	cytosol	GO	Q9BYR7
SEPTIN8	cytosol	HPA	Q92599
SLC30A8	golgiapparatus	GO	Q8IWU4
NCOA1	plasmamembrane	HPA	Q15788
GFOD2	cytosol	HPA	Q3B7J2
ZNF174	nucleoli	HPA	Q15697
MIIP	cytosol	HPA	Q5JXC2
GPR37L1	plasmamembrane	HPA;GO	O60883
EPHA3	actinfilaments	HPA	P29320
CPEB4	golgiapparatus	HPA	Q17RY0
FAM174C	nucleoplasm	HPA	Q9BVV8
ZNF548	nucleoplasm	HPA	Q8NEK5
FOSB	nucleoplasm	HPA;GO	P53539
TGIF2-RAB5IF	mitochondria	HPA	
SLIT3	plasmamembrane	HPA	O75094
SWSAP1	nucleoplasm	HPA	Q6NVH7
EIF2B2	plasmamembrane	HPA	P49770
ZSWIM8	plasmamembrane	HPA	A7E2V4
HAS2	endoplasmicreticulum	GO	Q92819
CIAO2B	microtubules	GO	Q9Y3D0
SLC22A23	cytosol	HPA	A1A5C7
CDK4	nucleoplasm	HPA;GO	P11802
UTP15	nucleoli	HPA;GO	Q8TED0
PSMD12	microtubules	HPA	O00232
SLN	endoplasmicreticulum	GO	O00631
LRRN4CL	nucleoplasm	HPA	Q8ND94
DNAJB7	golgiapparatus	HPA	Q7Z6W7
SASS6	microtubules	GO	Q6UVJ0
GTF2E1	nucleoplasm	HPA;GO	P29083
AK3	mitochondria	HPA;GO	P27144
EEF1A2	cytosol	HPA	Q05639
HDAC3	golgiapparatus	HPA	O15379
COQ3	mitochondria	HPA;GO	Q9NZJ6
LRRC61	nucleoplasm	HPA	Q9BV99
NT5E	plasmamembrane	HPA;GO	P21589
PKP4	plasmamembrane	HPA;GO	Q99569
PSTPIP2	cytosol	HPA	Q9H939
SMARCB1	nucleoplasm	HPA;GO	Q12824
FBXL8	cytosol	GO	Q96CD0
BBX	cytosol	HPA	Q8WY36
AKAP7	cytosol	GO	O43687
EIF3B	cytosol	HPA;GO	P55884
SPICE1	microtubules	GO	Q8N0Z3
UNC13C	plasmamembrane	GO	Q8NB66
GPC2	plasmamembrane	GO	Q8N158
GET1	endoplasmicreticulum	GO	O00258
BAG5	cytosol	GO	Q9UL15
NOD1	mitochondria	HPA	Q9Y239
U2AF2	nucleoplasm	HPA;GO	P26368
CYP27B1	mitochondria	GO	O15528
LHX6	nucleoplasm	HPA	Q9UPM6
NEK5	nucleoplasm	HPA	Q6P3R8
SORBS1	plasmamembrane	HPA	Q9BX66
ZBTB21	nucleoplasm	HPA	Q9ULJ3
PXDNL	cytosol	HPA	A1KZ92
CDIPT	plasmamembrane	HPA	O14735
DHODH	cytosol	HPA	Q02127
SMPDL3A	nucleoli	HPA	Q92484
RAB27A	cytosol	GO	P51159
SLC10A3	intermediatefilaments	HPA	P09131
GRAMD1B	endoplasmicreticulum	HPA;GO	Q3KR37
SPSB4	golgiapparatus	HPA	Q96A44
RPRD1A	nucleoplasm	HPA;GO	Q96P16
SMCO3	cytosol	HPA	A2RU48
AMPH	cytosol	HPA;GO	P49418
FAM171B	mitochondria	HPA	Q6P995
GPRASP2	nucleoplasm	HPA	Q96D09
ZNF362	nucleoplasm	HPA	Q5T0B9
DBNL	cytosol	GO	Q9UJU6
LARS1	cytosol	HPA;GO	Q9P2J5
TRPC4AP	cytosol	HPA	Q8TEL6
PTPN2	nucleoplasm	HPA;GO	P17706
SUV39H1	nucleoplasm	GO	O43463
LNX1	cytosol	HPA	Q8TBB1
RPL6	plasmamembrane	GO	Q02878
ATP7A	plasmamembrane	GO	Q04656
LRFN3	plasmamembrane	GO	Q9BTN0
STPG4	cytosol	HPA	Q8N801
MAP1LC3A	primarycilium	HPA	Q9H492
AGRN	plasmamembrane	HPA;GO	O00468
MARK3	plasmamembrane	GO	P27448
SLC51B	plasmamembrane	GO	Q86UW2
IGHV2-70	plasmamembrane	GO	P01814
GALR3	plasmamembrane	GO	O60755
COQ10A	mitochondria	GO	Q96MF6
ARCN1	golgiapparatus	HPA;GO	P48444
CEP89	centrosome	HPA;GO	Q96ST8
SNRPD1	cytosol	GO	P62314
ZFAND2B	nucleoplasm	HPA	Q8WV99
SP8	nucleoplasm	HPA	Q8IXZ3
ENTR1	centrosome	GO	Q96C92
GBP4	golgiapparatus	HPA	Q96PP9
TULP1	plasmamembrane	GO	O00294
SPTAN1	cytosol	GO	Q13813
TRAF3IP2	golgiapparatus	HPA	O43734
UPP1	nucleoplasm	HPA	Q16831
IL23R	plasmamembrane	GO	Q5VWK5
GARRE1	cytosol	GO	O15063
ARPP19	primarycilium	HPA	P56211
IKZF2	nucleoplasm	HPA	Q9UKS7
TGFB1	golgiapparatus	HPA;GO	P01137
ATAD5	microtubules	HPA	Q96QE3
MORF4L2	nucleoli	GO	Q15014
SKP1	primarycilium	HPA	P63208
ATPSCKMT	mitochondria	GO	Q6P4H8
SETD3	nucleoplasm	GO	Q86TU7
ZNF582	nucleoplasm	HPA	Q96NG8
OSTF1	cytosol	HPA	Q92882
MRPS9	mitochondria	HPA;GO	P82933
MAOB	mitochondria	GO	P27338
RET	golgiapparatus	HPA	P07949
PCNX4	cytosol	HPA	Q63HM2
NUF2	nucleoplasm	HPA;GO	Q9BZD4
CNTRL	centrosome	HPA;GO	Q7Z7A1
RPL22	actinfilaments	GO	P35268
SCN9A	actinfilaments	HPA	Q15858
FMR1	cytosol	HPA;GO	Q06787
INTS6	nucleoplasm	HPA;GO	Q9UL03
RSAD1	mitochondria	HPA	Q9HA92
HNRNPUL1	nucleoplasm	HPA	Q9BUJ2
MME	golgiapparatus	GO	P08473
SMIM26	mitochondria	GO	A0A096LP01
SS18L2	nucleoplasm	HPA	Q9UHA2
BRD3OS	cytosol	HPA	A0A1B0GUI7
AURKB	microtubules	HPA;GO	Q96GD4
MYO6	plasmamembrane	GO	Q9UM54
PLEKHG4B	plasmamembrane	GO	Q96PX9
SPACA9	cytosol	HPA	Q96E40
MBD6	nucleoplasm	HPA;GO	Q96DN6
ENSG00000289258	nucleoplasm	HPA	
PML	cytosol	GO	P29590
UBB	cytosol	GO	P0CG47
ENSG00000251537	plasmamembrane	HPA	
EPHB3	cytosol	GO	P54753
SLC2A1	actinfilaments	GO	P11166
SNTB2	actinfilaments	GO	Q13425
PABPN1	nucleoplasm	HPA;GO	Q86U42
PGM2L1	cytosol	GO	Q6PCE3
SYF2	nucleoplasm	HPA;GO	O95926
CHMP2A	nucleoplasm	GO	O43633
MTHFD2L	mitochondria	GO	Q9H903
CHCHD2	mitochondria	HPA;GO	Q9Y6H1
TRAFD1	nucleoplasm	HPA	O14545
MOSPD1	nucleoplasm	HPA	Q9UJG1
MYRFL	nucleoli	HPA	Q96LU7
KRTAP15-1	cytosol	GO	Q3LI76
POLR3H	nucleoplasm	HPA;GO	Q9Y535
SH2B3	nucleoplasm	HPA	Q9UQQ2
HSP90B1	actinfilaments	GO	P14625
QSOX2	golgiapparatus	HPA	Q6ZRP7
DIS3	nucleoplasm	HPA;GO	Q9Y2L1
POGZ	cytosol	HPA	Q7Z3K3
PAN2	cytosol	GO	Q504Q3
SMIM30	mitochondria	GO	A4D0T7
MCTP1	golgiapparatus	HPA	Q6DN14
GANAB	endoplasmicreticulum	HPA;GO	Q14697
SEPTIN5	plasmamembrane	GO	Q99719
HSPA1A	mitochondria	GO	P0DMV8
CNFN	microtubules	HPA	Q9BYD5
NDRG1	cytosol	HPA;GO	Q92597
UBA3	centrosome	HPA	Q8TBC4
DNAAF1	primarycilium	GO	Q8NEP3
PICK1	plasmamembrane	GO	Q9NRD5
GNAS	plasmamembrane	HPA	O95467
FGFR3	plasmamembrane	GO	P22607
WDR81	endoplasmicreticulum	GO	Q562E7
MLYCD	mitochondria	GO	O95822
CTSH	cytosol	HPA;GO	P09668
DECR2	cytosol	GO	Q9NUI1
XYLT1	endoplasmicreticulum	HPA	Q86Y38
FYB1	plasmamembrane	HPA	O15117
GJA3	plasmamembrane	GO	Q9Y6H8
HMGN4	nucleoli	HPA	O00479
ARHGEF6	plasmamembrane	HPA	Q15052
N4BP1	cytosol	HPA;GO	O75113
TNPO1	primarycilium	GO	Q92973
CADM1	plasmamembrane	HPA;GO	Q9BY67
HBZ	cytosol	HPA	P02008
SLC3A1	plasmamembrane	GO	Q07837
TPPP	golgiapparatus	GO	O94811
ABHD6	nucleoplasm	HPA	Q9BV23
IMPA1	cytosol	GO	P29218
PEX13	cytosol	GO	Q92968
PRKAR2A	cytosol	HPA;GO	P13861
FNDC3A	nucleoplasm	HPA	Q9Y2H6
FAH	cytosol	HPA;GO	P16930
RICTOR	mitochondria	HPA	Q6R327
TPRG1	nucleoplasm	HPA	Q6ZUI0
AP5M1	cytosol	GO	Q9H0R1
PSMG4	mitochondria	HPA	Q5JS54
RMND5A	cytosol	GO	Q9H871
ASB16	actinfilaments	HPA	Q96NS5
TWF1	actinfilaments	GO	Q12792
NOC2L	nucleoli	HPA;GO	Q9Y3T9
TTC23	cytosol	HPA	Q5W5X9
PPARD	nucleoplasm	GO	Q03181
RIPK1	mitochondria	GO	Q13546
TSPO2	plasmamembrane	HPA;GO	Q5TGU0
UBE3D	cytosol	HPA	Q7Z6J8
EXTL2	nucleoplasm	HPA	Q9UBQ6
KAT5	nucleoplasm	HPA;GO	Q92993
SLC7A2	plasmamembrane	HPA;GO	P52569
PCYT2	nucleoplasm	HPA	Q99447
GAD1	plasmamembrane	HPA;GO	Q99259
FAM193B	nucleoplasm	HPA	Q96PV7
MVP	cytosol	HPA	Q14764
GATD3	centrosome	HPA	P0DPI2
CEP95	centrosome	HPA;GO	Q96GE4
PVR	plasmamembrane	HPA;GO	P15151
FAM174B	golgiapparatus	GO	Q3ZCQ3
CCDC124	cytosol	HPA	Q96CT7
NF2	cytosol	HPA	P35240
CSRP2	actinfilaments	GO	Q16527
ALOX15	cytosol	GO	P16050
NRP1	cytosol	GO	O14786
MAPRE1	cytosol	HPA;GO	Q15691
RAB24	cytosol	HPA	Q969Q5
TGM4	golgiapparatus	GO	P49221
SDHAF4	mitochondria	HPA;GO	Q5VUM1
C1orf174	nucleoplasm	HPA	Q8IYL3
IGLV7-43	plasmamembrane	GO	P04211
INPP5A	cytosol	HPA	Q14642
LARP1	cytosol	HPA;GO	Q6PKG0
EDA2R	plasmamembrane	HPA;GO	Q9HAV5
LYAR	nucleoplasm	HPA	Q9NX58
JHY	nucleoplasm	HPA	Q6NUN7
HINT1	plasmamembrane	HPA	P49773
BPI	cytosol	GO	P17213
JAK3	cytosol	HPA;GO	P52333
RBM4	cytosol	HPA;GO	Q9BWF3
LAT2	plasmamembrane	HPA;GO	Q9GZY6
STAM2	nucleoplasm	HPA	O75886
ZNF292	nucleoplasm	HPA	O60281
ENGASE	cytosol	HPA;GO	Q8NFI3
SCAF8	nucleoplasm	HPA	Q9UPN6
H3-7	nucleoplasm	HPA	Q5TEC6
GPR137	nucleoli	HPA	Q96N19
HLA-DRA	golgiapparatus	GO	P01903
ARHGAP6	cytosol	HPA;GO	O43182
TP53TG3	centrosome	HPA	Q9ULZ0
RBM43	nucleoplasm	HPA	Q6ZSC3
GNAL	plasmamembrane	GO	P38405
C2CD6	primarycilium	GO	Q53TS8
OXSR1	cytosol	HPA	O95747
LEPROT	centrosome	HPA	O15243
DYNC2H1	nucleoplasm	HPA	Q8NCM8
KRT2	cytosol	HPA;GO	P35908
MOAP1	plasmamembrane	HPA	Q96BY2
RAB5A	plasmamembrane	GO	P20339
AK6	nucleoli	GO	Q9UIJ7
MID1	microtubules	GO	O15344
LURAP1L	nucleoli	HPA	Q8IV03
JAM3	actinfilaments	GO	Q9BX67
ZNF599	plasmamembrane	HPA	Q96NL3
HAUS4	microtubules	GO	Q9H6D7
SRC	mitochondria	GO	P12931
PIERCE1	primarycilium	GO	Q5BN46
MACIR	cytosol	HPA	Q96GV9
EXT2	golgiapparatus	HPA;GO	Q93063
TTC8	centrosome	GO	Q8TAM2
ZNF12	nucleoplasm	HPA	P17014
KCNAB3	mitochondria	HPA	O43448
MGAT5B	nucleoplasm	HPA	Q3V5L5
NUDT5	cytosol	GO	Q9UKK9
AKR1C1	endoplasmicreticulum	HPA	Q04828
EEF1G	cytosol	HPA;GO	P26641
THAP2	golgiapparatus	HPA	Q9H0W7
ZNF517	nucleoplasm	HPA	Q6ZMY9
KRTAP9-3	cytosol	GO	Q9BYQ3
CEP350	primarycilium	HPA	Q5VT06
POLR2L	nucleoplasm	HPA;GO	P62875
PATJ	plasmamembrane	HPA;GO	Q8NI35
DHX58	cytosol	HPA	Q96C10
PCDHAC2	mitochondria	HPA	Q9Y5I4
USP38	cytosol	HPA	Q8NB14
XPO1	nucleoplasm	HPA;GO	O14980
DEDD2	nucleoplasm	HPA	Q8WXF8
MAGEA10	nucleoplasm	HPA	P43363
FRS2	cytosol	GO	Q8WU20
GJB2	mitochondria	HPA	P29033
MYO10	plasmamembrane	HPA	Q9HD67
C9	plasmamembrane	GO	P02748
ACOX3	cytosol	GO	O15254
ZNF692	nucleoli	HPA	Q9BU19
CES3	nuclearmembrane	HPA	Q6UWW8
COL23A1	endoplasmicreticulum	GO	Q86Y22
PRR5L	microtubules	HPA	Q6MZQ0
CD46	plasmamembrane	HPA;GO	P15529
CMC2	mitochondria	HPA;GO	Q9NRP2
WNT3A	endoplasmicreticulum	GO	P56704
NUDT16	nucleoli	HPA;GO	Q96DE0
SCUBE3	plasmamembrane	HPA;GO	Q8IX30
USP2	plasmamembrane	HPA	O75604
SNX27	plasmamembrane	GO	Q96L92
GSPT2	cytosol	HPA;GO	Q8IYD1
DBNDD2	cytosol	HPA	Q9BQY9
ENSG00000276345	mitochondria	HPA	
RAB1B	golgiapparatus	HPA;GO	Q9H0U4
PHF5A	nucleoplasm	HPA;GO	Q7RTV0
CCDC27	nucleoplasm	HPA	Q2M243
XG	plasmamembrane	GO	P55808
FAM133B	nucleoplasm	HPA	Q5BKY9
RBIS	nucleoli	HPA;GO	Q8N0T1
KCNC1	nucleoplasm	HPA	P48547
KIF5B	centrosome	HPA	P33176
GDPD1	endoplasmicreticulum	GO	Q8N9F7
SALL1	nucleoli	HPA	Q9NSC2
ESR1	plasmamembrane	GO	P03372
ARPC5L	actinfilaments	GO	Q9BPX5
MAS1L	plasmamembrane	HPA	P35410
NKX2-8	nucleoplasm	HPA	O15522
DSEL	golgiapparatus	GO	Q8IZU8
SLC25A32	mitochondria	HPA;GO	Q9H2D1
ITSN1	cytosol	GO	Q15811
ETV4	nucleoli	HPA	P43268
CDT1	nucleoplasm	HPA;GO	Q9H211
TAF5	nucleoplasm	HPA;GO	Q15542
IL15RA	plasmamembrane	HPA;GO	Q13261
GRWD1	nucleoli	HPA	Q9BQ67
PSMB7	nucleoplasm	HPA;GO	Q99436
ANP32E	centrosome	HPA	Q9BTT0
CYP17A1	endoplasmicreticulum	GO	P05093
NAV3	nuclearmembrane	HPA	Q8IVL0
METTL27	mitochondria	HPA	Q8N6F8
ITGAE	plasmamembrane	GO	P38570
CYFIP1	actinfilaments	GO	Q7L576
DCAF12	centrosome	GO	Q5T6F0
ZNF721	cytosol	HPA	Q8TF20
HS3ST3A1	microtubules	HPA	Q9Y663
P2RX6	plasmamembrane	GO	O15547
PLK3	nucleoplasm	GO	Q9H4B4
DTX3	golgiapparatus	HPA	Q8N9I9
ILF3	nucleoplasm	HPA;GO	Q12906
ARHGEF2	actinfilaments	GO	Q92974
RHBDF2	plasmamembrane	GO	Q6PJF5
POLB	nucleoplasm	GO	P06746
CASP8AP2	nucleoplasm	HPA;GO	Q9UKL3
MLXIPL	cytosol	GO	Q9NP71
ATOSB	nucleoli	HPA	Q7L5A3
KRT33A	cytosol	HPA;GO	O76009
TAS2R8	plasmamembrane	GO	Q9NYW2
DMD	plasmamembrane	GO	P11532
PIGC	endoplasmicreticulum	GO	Q92535
AKR1E2	cytosol	HPA	Q96JD6
TOM1L2	microtubules	HPA	Q6ZVM7
VCPIP1	endoplasmicreticulum	GO	Q96JH7
NUDT14	microtubules	HPA	O95848
STAU1	cytosol	HPA;GO	O95793
TAS2R45	plasmamembrane	GO	P59539
SYNJ2	microtubules	HPA	O15056
TRIM4	cytosol	HPA;GO	Q9C037
PAFAH1B3	cytosol	GO	Q15102
AURKA	primarycilium	HPA;GO	O14965
SLC2A9	plasmamembrane	GO	Q9NRM0
MCOLN1	golgiapparatus	HPA	Q9GZU1
KNSTRN	nucleoplasm	GO	Q9Y448
SLC9A3R1	plasmamembrane	HPA	O14745
XCR1	plasmamembrane	GO	P46094
ALAD	cytosol	HPA;GO	P13716
ZNF783	cytosol	HPA	Q6ZMS7
ALK	plasmamembrane	HPA;GO	Q9UM73
AMTN	endoplasmicreticulum	GO	Q6UX39
EML4	primarycilium	HPA	Q9HC35
CCDC74B	nucleoplasm	HPA	Q96LY2
KDM3A	nucleoplasm	HPA;GO	Q9Y4C1
NFKB2	cytosol	HPA;GO	Q00653
RPGRIP1L	cytosol	HPA;GO	Q68CZ1
TTC8	nucleoli	HPA	Q8TAM2
USP24	nucleoplasm	HPA;GO	Q9UPU5
DIO2	nucleoplasm	HPA	Q92813
CISH	microtubules	HPA	Q9NSE2
G2E3	cytosol	HPA	Q7L622
HDAC3	microtubules	GO	O15379
MFHAS1	nucleoplasm	HPA	Q9Y4C4
RAB10	cytosol	GO	P61026
RXFP4	plasmamembrane	GO	Q8TDU9
NGDN	nucleoli	HPA	Q8NEJ9
ST3GAL2	golgiapparatus	GO	Q16842
HMX3	nucleoplasm	HPA	A6NHT5
GDI2	actinfilaments	GO	P50395
HOMER3	cytosol	HPA;GO	Q9NSC5
LRRC59	endoplasmicreticulum	HPA	Q96AG4
POU3F2	nucleoplasm	HPA;GO	P20265
AHRR	nucleoplasm	HPA;GO	A9YTQ3
FAM135B	nucleoplasm	HPA	Q49AJ0
GADD45A	nucleoplasm	HPA;GO	P24522
USP33	golgiapparatus	HPA;GO	Q8TEY7
ZNF428	mitochondria	HPA	Q96B54
MS4A12	cytosol	HPA	Q9NXJ0
TBP	nucleoli	GO	P20226
MLDHR	mitochondria	GO	C0HLV8
TUBGCP3	cytosol	GO	Q96CW5
GSK3A	nucleoplasm	HPA	P49840
PRKCB	nucleoplasm	HPA;GO	P05771
TIMP1	golgiapparatus	HPA	P01033
WDR12	nucleoplasm	GO	Q9GZL7
RAB5C	plasmamembrane	GO	P51148
ITPKB	nucleoplasm	HPA	P27987
EIF2S1	cytosol	HPA;GO	P05198
GRK2	golgiapparatus	HPA	P25098
AHNAK2	plasmamembrane	HPA	Q8IVF2
PTCD2	mitochondria	GO	Q8WV60
NEDD9	microtubules	GO	Q14511
KCNJ14	plasmamembrane	GO	Q99712
GLE1	nuclearmembrane	HPA	Q53GS7
DYNLL2	plasmamembrane	GO	Q96FJ2
IRAG2	plasmamembrane	HPA;GO	Q12912
POLR2A	nucleoplasm	HPA;GO	P24928
RHOBTB1	nucleoplasm	HPA	O94844
ZNF169	cytosol	HPA	Q14929
DYNLL1	primarycilium	GO	P63167
CAMK2D	plasmamembrane	HPA	Q13557
BGLAP	endoplasmicreticulum	GO	P02818
RPL36AL	plasmamembrane	HPA	Q969Q0
ZCWPW1	golgiapparatus	HPA	Q9H0M4
RPL21	nucleoli	HPA	P46778
ANO7	endoplasmicreticulum	GO	Q6IWH7
SCN4A	plasmamembrane	GO	P35499
CSPP1	microtubules	GO	Q1MSJ5
FAM151B	cytosol	HPA	Q6UXP7
TTC4	cytosol	HPA	O95801
CACNA1G	nucleoplasm	HPA	O43497
CDH5	nuclearmembrane	HPA	P33151
MON1B	cytosol	HPA	Q7L1V2
CACNB1	plasmamembrane	GO	Q02641
WWC3	cytosol	HPA;GO	Q9ULE0
CCP110	cytosol	GO	O43303
DDRGK1	endoplasmicreticulum	HPA;GO	Q96HY6
KLHL25	cytosol	HPA;GO	Q9H0H3
RIMS3	plasmamembrane	GO	Q9UJD0
NRDC	nucleoplasm	HPA	O43847
COX19	mitochondria	GO	Q49B96
PBOV1	cytosol	HPA	Q9GZY1
DOT1L	nucleoplasm	HPA;GO	Q8TEK3
CSAD	endoplasmicreticulum	HPA	Q9Y600
CHP2	cytosol	HPA	O43745
DPF1	cytosol	HPA	Q92782
BEGAIN	nucleoplasm	HPA	Q9BUH8
GNL3L	cytosol	HPA	Q9NVN8
RB1CC1	endoplasmicreticulum	GO	Q8TDY2
XRN2	nucleoplasm	HPA;GO	Q9H0D6
CCDC190	actinfilaments	HPA	Q86UF4
IGFLR1	plasmamembrane	HPA;GO	Q9H665
SIGIRR	cytosol	HPA	Q6IA17
ARPC5	cytosol	HPA;GO	O15511
FOXP1	nucleoplasm	HPA;GO	Q9H334
TNFSF15	nucleoplasm	HPA	O95150
AP2A1	plasmamembrane	GO	O95782
CCNE2	cytosol	GO	O96020
TEX52	cytosol	HPA	A6NCN8
MYL6	cytosol	GO	P60660
ANTXR1	plasmamembrane	GO	Q9H6X2
C1orf115	primarycilium	GO	Q9H7X2
VAMP2	plasmamembrane	GO	P63027
STX16	golgiapparatus	GO	O14662
IRX1	nucleoplasm	HPA	P78414
CIB3	cytosol	HPA	Q96Q77
SNRPA	nucleoplasm	HPA;GO	P09012
PTDSS1	endoplasmicreticulum	HPA;GO	P48651
C17orf80	mitochondria	HPA	Q9BSJ5
RIBC1	nucleoplasm	HPA	Q8N443
PRIMA1	cytosol	HPA	Q86XR5
PDLIM1	plasmamembrane	GO	O00151
CYS1	cytosol	GO	Q717R9
NKX3-2	nucleoplasm	HPA	P78367
SPESP1	microtubules	HPA	Q6UW49
TIGD6	actinfilaments	HPA	Q17RP2
MTOR	endoplasmicreticulum	GO	P42345
PRKACG	nucleoplasm	GO	P22612
HTRA1	plasmamembrane	HPA	Q92743
VPS51	golgiapparatus	HPA;GO	Q9UID3
AOC3	golgiapparatus	HPA;GO	Q16853
ATG4D	nucleoplasm	HPA	Q86TL0
HDGFL2	nucleoplasm	HPA	Q7Z4V5
GPR83	plasmamembrane	GO	Q9NYM4
KIR2DL1	plasmamembrane	GO	P43626
ASAP2	plasmamembrane	HPA	O43150
GPATCH2L	nucleoplasm	HPA	Q9NWQ4
MRPS12	mitochondria	GO	O15235
KRT13	cytosol	GO	P13646
ISM2	nucleoplasm	HPA	Q6H9L7
CPNE3	nucleoplasm	HPA	O75131
ENSG00000274944	mitochondria	HPA	
NPC1L1	plasmamembrane	GO	Q9UHC9
MYH8	cytosol	GO	P13535
PAX9	nucleoplasm	HPA	P55771
KLK5	cytosol	GO	Q9Y337
FAM184A	primarycilium	HPA	Q8NB25
VEGFA	plasmamembrane	GO	P15692
PCDHGA4	plasmamembrane	HPA	Q9Y5G9
PTPN1	plasmamembrane	GO	P18031
PCDHGA8	plasmamembrane	HPA	Q9Y5G5
VHL	nucleoplasm	HPA;GO	P40337
DYNLT2B	microtubules	HPA;GO	Q8WW35
ANKS6	nucleoli	HPA	Q68DC2
ASL	cytosol	HPA;GO	P04424
RSL1D1	nucleoplasm	HPA	O76021
VENTX	nucleoplasm	GO	O95231
BCCIP	centrosome	GO	Q9P287
PELI2	cytosol	HPA;GO	Q9HAT8
RAG1	nucleoplasm	HPA;GO	P15918
RIOK2	plasmamembrane	HPA	Q9BVS4
FAM219A	nucleoplasm	HPA	Q8IW50
HAS3	plasmamembrane	GO	O00219
MT-ATP8	mitochondria	GO	P03928
RNF121	nucleoplasm	HPA	Q9H920
DNAAF4	cytosol	HPA	Q8WXU2
SMURF1	mitochondria	GO	Q9HCE7
BRAF	cytosol	HPA;GO	P15056
PLPP2	plasmamembrane	HPA;GO	O43688
NGFR	cytosol	GO	P08138
FAM110A	cytosol	HPA;GO	Q9BQ89
IRF2BP2	nucleoplasm	HPA	Q7Z5L9
F2RL2	plasmamembrane	GO	O00254
EYA2	nucleoplasm	GO	O00167
LGR6	plasmamembrane	HPA;GO	Q9HBX8
EXOC7	plasmamembrane	HPA;GO	Q9UPT5
MACROH2A2	nucleoplasm	HPA;GO	Q9P0M6
BABAM2	nucleoplasm	GO	Q9NXR7
RPGR	primarycilium	HPA;GO	Q92834
EXOC4	centrosome	GO	Q96A65
B4GAT1	golgiapparatus	GO	O43505
C5orf58	cytosol	HPA	C9J3I9
DEDD	cytosol	HPA	O75618
KRT5	cytosol	GO	P13647
F10	plasmamembrane	GO	P00742
PCDHGA1	plasmamembrane	HPA	Q9Y5H4
CTSL	plasmamembrane	GO	P07711
OSBPL3	nucleoli	HPA	Q9H4L5
FILIP1L	plasmamembrane	HPA	Q4L180
JSRP1	endoplasmicreticulum	HPA	Q96MG2
C6orf132	cytosol	HPA	Q5T0Z8
SAXO2	centrosome	HPA	Q658L1
SF3B5	nucleoplasm	HPA;GO	Q9BWJ5
ZNF585B	nucleoplasm	HPA	Q52M93
HSPA5	actinfilaments	GO	P11021
SPPL2A	plasmamembrane	GO	Q8TCT8
SPEF2	primarycilium	HPA;GO	Q9C093
TBCB	cytosol	HPA	Q99426
SETD7	nucleoplasm	HPA;GO	Q8WTS6
IL2RG	cytosol	GO	P31785
KRT35	cytosol	GO	Q92764
PRKCI	microtubules	HPA	P41743
KRTAP5-8	cytosol	GO	O75690
FBRSL1	cytosol	HPA	Q9HCM7
COL13A1	endoplasmicreticulum	GO	Q5TAT6
INPP1	centrosome	HPA	P49441
SPTY2D1	nucleoplasm	HPA	Q68D10
HOXB13	nucleoplasm	HPA	Q92826
CYP3A7-CYP3A51P	cytosol	HPA	
ZNF614	nucleoplasm	HPA	Q8N883
SRSF5	cytosol	HPA	Q13243
DENND1C	cytosol	HPA;GO	Q8IV53
CLBA1	nucleoplasm	HPA	Q96F83
GCK	cytosol	HPA;GO	P35557
SPC25	cytosol	HPA;GO	Q15005
H2BC26	nucleoplasm	HPA;GO	Q8N257
SPTBN2	actinfilaments	GO	O15020
MPG	cytosol	HPA	P29372
MS4A1	plasmamembrane	HPA;GO	P11836
TPPP	microtubules	GO	O94811
HSPA1B	endoplasmicreticulum	GO	P0DMV9
BABAM1	cytosol	HPA;GO	Q9NWV8
SUMO1	cytosol	GO	P63165
CDH2	actinfilaments	GO	P19022
TGFB1I1	plasmamembrane	GO	O43294
FASTKD2	mitochondria	HPA;GO	Q9NYY8
ST6GALNAC5	golgiapparatus	GO	Q9BVH7
DNAJA4	cytosol	HPA;GO	Q8WW22
ZNF593	nucleoplasm	HPA	O00488
LUC7L	nucleoplasm	HPA	Q9NQ29
ZNF358	nucleoplasm	HPA	Q9NW07
WNT1	plasmamembrane	GO	P04628
RHAG	endoplasmicreticulum	HPA	Q02094
NSL1	nucleoplasm	HPA;GO	Q7Z3B3
POP1	nucleoplasm	GO	Q8NE79
PELO	cytosol	GO	Q9BRX2
TOP2A	nucleoli	HPA;GO	P11388
C2orf72	nucleoplasm	HPA	A6NCS6
KIF18A	cytosol	GO	Q8NI77
FKBP2	plasmamembrane	HPA	P26885
PHIP	nucleoplasm	HPA	Q8WWQ0
MASTL	nucleoplasm	HPA;GO	Q96GX5
DNLZ	nucleoplasm	HPA	Q5SXM8
KDM5A	cytosol	HPA	P29375
BCAP31	cytosol	GO	P51572
S100A11	cytosol	HPA	P31949
BACE1	golgiapparatus	GO	P56817
HLA-DRB1	golgiapparatus	GO	P01911
SMCR8	nucleoplasm	HPA;GO	Q8TEV9
SOCS5	nucleoplasm	HPA	O75159
USP34	cytosol	GO	Q70CQ2
FOXJ2	nucleoli	HPA	Q9P0K8
SLC6A9	golgiapparatus	HPA	P48067
RHOJ	nucleoplasm	HPA	Q9H4E5
UBE2I	nucleoplasm	HPA;GO	P63279
GFM2	microtubules	HPA	Q969S9
RCAN3	nucleoli	HPA	Q9UKA8
SNCG	centrosome	HPA	O76070
EZR	plasmamembrane	HPA;GO	P15311
KIF21B	cytosol	HPA	O75037
RELL1	microtubules	HPA	Q8IUW5
ITGAD	plasmamembrane	GO	Q13349
MUC2	golgiapparatus	GO	Q02817
ZNF20	nuclearmembrane	HPA	P17024
TMEM222	plasmamembrane	HPA	Q9H0R3
TUB	plasmamembrane	HPA	P50607
CACNA1D	nuclearmembrane	HPA	Q01668
CARMIL1	cytosol	HPA;GO	Q5VZK9
HS6ST3	nucleoplasm	HPA	Q8IZP7
ALDH1A1	cytosol	HPA;GO	P00352
FCHO1	plasmamembrane	GO	O14526
APMAP	plasmamembrane	HPA	Q9HDC9
ZNF550	microtubules	HPA	Q7Z398
TRAV29DV5	plasmamembrane	GO	P04437
CLCA2	plasmamembrane	HPA;GO	Q9UQC9
ZNF324	cytosol	HPA	O75467
EIF4E	nucleoplasm	HPA;GO	P06730
ZNF248	nucleoplasm	HPA	Q8NDW4
NR2C1	cytosol	HPA	P13056
SH3D19	cytosol	HPA;GO	Q5HYK7
CEP44	primarycilium	HPA	Q9C0F1
KDM7A	nucleoplasm	HPA;GO	Q6ZMT4
FEM1B	cytosol	HPA;GO	Q9UK73
ARHGAP32	cytosol	GO	A7KAX9
SLC41A3	mitochondria	GO	Q96GZ6
CENATAC	centrosome	GO	Q86UT8
ASB4	cytosol	GO	Q9Y574
EIF4B	cytosol	HPA;GO	P23588
CIB1	nucleoplasm	HPA;GO	Q99828
CALM2	plasmamembrane	GO	P0DP24
ENSA	nucleoli	HPA	O43768
RTRAF	nucleoplasm	HPA;GO	Q9Y224
PDZD11	cytosol	GO	Q5EBL8
RBM41	cytosol	HPA	Q96IZ5
RPS24	cytosol	HPA;GO	P62847
TTC21B	primarycilium	HPA;GO	Q7Z4L5
GPRC5C	centrosome	HPA	Q9NQ84
RASGRP2	plasmamembrane	HPA;GO	Q7LDG7
TIPIN	nucleoplasm	GO	Q9BVW5
HAUS5	cytosol	GO	O94927
CACNA2D2	plasmamembrane	HPA;GO	Q9NY47
LMOD3	actinfilaments	GO	Q0VAK6
UPF3B	nucleoli	HPA	Q9BZI7
KATNAL1	cytosol	HPA	Q9BW62
RAB3IP	cytosol	HPA;GO	Q96QF0
TAB2	plasmamembrane	GO	Q9NYJ8
CSGALNACT2	golgiapparatus	GO	Q8N6G5
UNC45B	cytosol	HPA	Q8IWX7
UFSP2	cytosol	HPA	Q9NUQ7
TEX12	centrosome	HPA	Q9BXU0
B3GALT1	golgiapparatus	GO	Q9Y5Z6
LPIN2	cytosol	HPA	Q92539
EPHA2	nucleoplasm	HPA	P29317
ANKRD63	mitochondria	HPA	C9JTQ0
SLC23A2	plasmamembrane	GO	Q9UGH3
CREBRF	nucleoplasm	HPA;GO	Q8IUR6
GRAP2	cytosol	HPA;GO	O75791
ALKBH1	nucleoplasm	HPA	Q13686
SFXN4	mitochondria	HPA;GO	Q6P4A7
RDH5	endoplasmicreticulum	GO	Q92781
GLI4	microtubules	HPA	P10075
RPL19	nucleoli	HPA	P84098
TDRD7	nucleoplasm	HPA	Q8NHU6
WDSUB1	nucleoli	HPA	Q8N9V3
TNFRSF13C	plasmamembrane	GO	Q96RJ3
CDKN2A	cytosol	GO	P42771
RASA3	plasmamembrane	GO	Q14644
AP1M1	cytosol	GO	Q9BXS5
PDCD6IP	plasmamembrane	GO	Q8WUM4
NXT1	nucleoplasm	HPA;GO	Q9UKK6
APOO	endoplasmicreticulum	GO	Q9BUR5
GZF1	nucleoli	HPA	Q9H116
SHANK2	cytosol	GO	Q9UPX8
PLEKHA5	cytosol	HPA	Q9HAU0
GBF1	golgiapparatus	HPA;GO	Q92538
HSFY2	nucleoplasm	HPA	Q96LI6
C10orf62	cytosol	HPA	Q5T681
TRMT5	nucleoli	HPA	Q32P41
IGKV1D-39	plasmamembrane	GO	P04432
DNMT3L	cytosol	GO	Q9UJW3
SMIM5	golgiapparatus	HPA	Q71RC9
MGST2	plasmamembrane	GO	Q99735
POLR1H	nucleoplasm	GO	Q9P1U0
MAPK11	cytosol	HPA;GO	Q15759
PDP1	nucleoplasm	HPA	Q8IY26
SI	plasmamembrane	GO	P14410
FAM83A	nucleoplasm	HPA	Q86UY5
GLT8D2	golgiapparatus	HPA	Q9H1C3
SMIM19	nucleoplasm	HPA	Q96E16
NR4A1	nucleoplasm	HPA;GO	P22736
SON	nucleoplasm	HPA;GO	P18583
RPL8	cytosol	HPA;GO	P62917
EXOSC9	nucleoli	HPA;GO	Q06265
FILIP1	actinfilaments	HPA	Q7Z7B0
ASIC3	cytosol	HPA	Q9UHC3
CASP6	cytosol	HPA;GO	P55212
TRMT12	mitochondria	HPA	Q53H54
VTCN1	actinfilaments	HPA	Q7Z7D3
ZNF510	nucleoplasm	HPA	Q9Y2H8
MBNL1	cytosol	HPA;GO	Q9NR56
CADM4	nucleoplasm	HPA	Q8NFZ8
STING1	cytosol	HPA	Q86WV6
RUNX1	nucleoplasm	HPA;GO	Q01196
FOXM1	nucleoli	HPA	Q08050
PDIA5	endoplasmicreticulum	HPA;GO	Q14554
COL4A5	plasmamembrane	HPA	P29400
EIF3G	cytosol	HPA;GO	O75821
TDRD3	cytosol	HPA	Q9H7E2
GPBP1L1	actinfilaments	HPA	Q9HC44
ERAP1	cytosol	HPA	Q9NZ08
SLC66A3	cytosol	HPA	Q8N755
SEC14L1	nucleoplasm	HPA	Q92503
PLEKHG4	plasmamembrane	HPA	Q58EX7
PTPRN2	plasmamembrane	GO	Q92932
AKTIP	cytosol	HPA	Q9H8T0
VAMP8	golgiapparatus	HPA	Q9BV40
SLC14A2	plasmamembrane	GO	Q15849
METAP2	cytosol	HPA;GO	P50579
DEPTOR	mitochondria	HPA	Q8TB45
RNF141	microtubules	HPA	Q8WVD5
CLUL1	plasmamembrane	HPA	Q15846
ZNF780B	nucleoplasm	HPA	Q9Y6R6
SPEF1	microtubules	GO	Q9Y4P9
ART4	plasmamembrane	GO	Q93070
S100A8	plasmamembrane	GO	P05109
CFAP36	nucleoli	HPA	Q96G28
SSNA1	primarycilium	HPA;GO	O43805
CATSPER4	plasmamembrane	GO	Q7RTX7
SOCS4	cytosol	HPA	O14544
GIT2	microtubules	HPA	Q14161
VPS25	cytosol	GO	Q9BRG1
ANKFN1	plasmamembrane	HPA	Q8N957
GLIPR1L2	golgiapparatus	HPA	Q4G1C9
EPB41L2	cytosol	GO	O43491
DGAT1	plasmamembrane	GO	O75907
PIN4	microtubules	GO	Q9Y237
DNAJC2	nucleoli	GO	Q99543
MSL2	nucleoplasm	HPA;GO	Q9HCI7
ENSG00000291316	nucleoplasm	HPA	
DDX49	nucleoplasm	GO	Q9Y6V7
SNORC	nucleoplasm	HPA	Q6UX34
PRKAB1	primarycilium	HPA	Q9Y478
PTPRQ	cytosol	HPA	Q15256
FA2H	endoplasmicreticulum	GO	Q7L5A8
P3H2	golgiapparatus	HPA;GO	Q8IVL5
CEP192	cytosol	GO	Q8TEP8
RBM14-RBM4	cytosol	HPA	
ZNF860	nucleoplasm	HPA	A6NHJ4
TBCCD1	centrosome	GO	Q9NVR7
SH2D7	cytosol	HPA	A6NKC9
ZNF268	cytosol	HPA	Q14587
MAPK6	cytosol	HPA;GO	Q16659
MUC4	plasmamembrane	GO	Q99102
STX2	nuclearmembrane	HPA	P32856
KMT2C	nucleoplasm	HPA;GO	Q8NEZ4
RPL27	actinfilaments	GO	P61353
FMN2	cytosol	GO	Q9NZ56
OGT	nucleoplasm	HPA;GO	O15294
C5AR2	plasmamembrane	GO	Q9P296
SIGLEC16	plasmamembrane	GO	A6NMB1
SF1	nucleoplasm	HPA;GO	Q13285
ZDHHC21	plasmamembrane	GO	Q8IVQ6
B9D2	primarycilium	HPA;GO	Q9BPU9
CREBBP	cytosol	GO	Q92793
MBOAT4	endoplasmicreticulum	GO	Q96T53
SIGLEC9	plasmamembrane	GO	Q9Y336
SHOC1	nucleoplasm	HPA	Q5VXU9
GAGE12H	plasmamembrane	HPA	A6NDE8
ZNF622	nucleoli	HPA	Q969S3
LIN28A	cytosol	HPA;GO	Q9H9Z2
ELFN1	nucleoplasm	HPA	P0C7U0
CRYZL1	nucleoplasm	HPA	O95825
LAX1	cytosol	HPA	Q8IWV1
MLC1	cytosol	HPA	P12829
TP53I11	golgiapparatus	HPA	O14683
XIRP1	actinfilaments	GO	Q702N8
RAB11A	actinfilaments	GO	P62491
DDA1	nucleoli	HPA	Q9BW61
SLC2A5	plasmamembrane	HPA;GO	P22732
ABL1	nucleoplasm	HPA;GO	P00519
MUC17	golgiapparatus	GO	Q685J3
RXRB	cytosol	HPA	P28702
GSDMD	nucleoplasm	HPA	P57764
CCDC102B	microtubules	GO	Q68D86
SPART	cytosol	HPA	Q8N0X7
ZNF488	cytosol	HPA	Q96MN9
INTS10	cytosol	HPA	Q9NVR2
TP53RK	nucleoplasm	GO	Q96S44
HUWE1	cytosol	HPA;GO	Q7Z6Z7
NOL6	nucleoplasm	HPA;GO	Q9H6R4
ATG10	nucleoplasm	HPA	Q9H0Y0
UBE2W	nucleoplasm	GO	Q96B02
PANX1	endoplasmicreticulum	GO	Q96RD7
OFD1	microtubules	GO	O75665
RPS3	cytosol	HPA;GO	P23396
ART1	plasmamembrane	GO	P52961
EXTL3	golgiapparatus	GO	O43909
NIBAN1	cytosol	HPA	Q9BZQ8
OSBP	golgiapparatus	HPA;GO	P22059
HAT1	nucleoplasm	HPA;GO	O14929
SORCS1	plasmamembrane	HPA	Q8WY21
SEPTIN12	primarycilium	GO	Q8IYM1
RPL27A	nucleoplasm	GO	P46776
CCDC120	primarycilium	GO	Q96HB5
ABCA12	golgiapparatus	GO	Q86UK0
C4orf19	nucleoplasm	HPA	Q8IY42
PPP3CC	cytosol	HPA;GO	P48454
CCDC85C	plasmamembrane	HPA;GO	A6NKD9
ZMYND8	nucleoplasm	HPA;GO	Q9ULU4
FAM131C	nucleoli	HPA	Q96AQ9
TYK2	plasmamembrane	GO	P29597
FZR1	nucleoplasm	HPA;GO	Q9UM11
LAMP2	golgiapparatus	GO	P13473
CIART	nucleoplasm	HPA	Q8N365
IGSF11	cytosol	HPA	Q5DX21
WHAMM	cytosol	HPA	Q8TF30
GPR27	actinfilaments	HPA	Q9NS67
TOB1	nucleoplasm	HPA	P50616
AKR1B15	plasmamembrane	HPA	C9JRZ8
SYT17	plasmamembrane	GO	Q9BSW7
CYP4F11	endoplasmicreticulum	GO	Q9HBI6
GYS1	cytosol	HPA;GO	P13807
PRR14L	nucleoplasm	HPA	Q5THK1
CREB3L1	endoplasmicreticulum	GO	Q96BA8
TBCK	nucleoplasm	HPA	Q8TEA7
CPQ	golgiapparatus	HPA	Q9Y646
PRPF8	nucleoplasm	HPA;GO	Q6P2Q9
GNB4	cytosol	GO	Q9HAV0
MTF2	nucleoplasm	HPA;GO	Q9Y483
CWC27	nucleoplasm	HPA;GO	Q6UX04
LIX1	cytosol	HPA	Q8N485
PHF20L1	plasmamembrane	HPA	A8MW92
TMEM129	endoplasmicreticulum	GO	A0AVI4
GAGE12G	plasmamembrane	HPA	P0CL81
ST14	nucleoplasm	HPA	Q9Y5Y6
ZNF709	nucleoplasm	HPA	Q8N972
SYNGAP1	cytosol	GO	Q96PV0
WDR53	plasmamembrane	HPA	Q7Z5U6
PDAP1	cytosol	HPA	Q13442
CACFD1	nucleoplasm	HPA	Q9UGQ2
UBLCP1	nucleoplasm	HPA	Q8WVY7
USP53	plasmamembrane	HPA;GO	Q70EK8
ATG4B	nucleoplasm	HPA	Q9Y4P1
DNAJC9	plasmamembrane	HPA;GO	Q8WXX5
POLA2	nucleoplasm	HPA;GO	Q14181
ATRN	cytosol	HPA	O75882
HLA-DQA2	golgiapparatus	GO	P01906
KCTD6	cytosol	GO	Q8NC69
ZNF668	nucleoplasm	HPA	Q96K58
UBXN7	nucleoplasm	HPA	O94888
NDRG1	centrosome	GO	Q92597
INCA1	nucleoplasm	HPA	Q0VD86
RNFT1	endoplasmicreticulum	GO	Q5M7Z0
HAND2	nucleoplasm	HPA;GO	P61296
CCDC15	plasmamembrane	HPA	Q0P6D6
HSPA1A	actinfilaments	GO	P0DMV8
RO60	cytosol	HPA	P10155
PRMT7	cytosol	GO	Q9NVM4
NKX1-2	cytosol	HPA	Q9UD57
SLC5A8	plasmamembrane	GO	Q8N695
PRDM12	nucleoplasm	HPA	Q9H4Q4
SLC10A2	plasmamembrane	GO	Q12908
ATP23	plasmamembrane	HPA	Q9Y6H3
ZHX3	nucleoplasm	HPA	Q9H4I2
ASB5	cytosol	GO	Q8WWX0
RAD51C	nucleoplasm	HPA;GO	O43502
PRDM9	nucleoplasm	GO	Q9NQV7
LSM5	cytosol	GO	Q9Y4Y9
AUH	cytosol	HPA	Q13825
C9orf40	cytosol	HPA	Q8IXQ3
TSSK1B	centrosome	HPA	Q9BXA7
CRLF2	plasmamembrane	HPA;GO	Q9HC73
MATK	microtubules	HPA	P42679
MTFMT	nucleoplasm	HPA	Q96DP5
STIL	centrosome	HPA;GO	Q15468
KRTAP6-3	cytosol	GO	Q3LI67
CFL2	cytosol	HPA	Q9Y281
TPM3	actinfilaments	HPA;GO	P06753
NDP	nucleoplasm	HPA	Q00604
FBXW11	plasmamembrane	HPA	Q9UKB1
ARFGAP3	cytosol	HPA;GO	Q9NP61
IFT20	golgiapparatus	GO	Q8IY31
NSD1	plasmamembrane	HPA	Q96L73
PRKAR2A	centrosome	GO	P13861
STEAP3	cytosol	HPA	Q658P3
NUP210L	cytosol	HPA	Q5VU65
UFD1	nucleoli	HPA	Q92890
DAG1	golgiapparatus	GO	Q14118
ZNF132	intermediatefilaments	HPA	P52740
AKAP14	primarycilium	GO	Q86UN6
LYN	golgiapparatus	HPA;GO	P07948
CERK	plasmamembrane	GO	Q8TCT0
CRACR2A	plasmamembrane	GO	Q9BSW2
RPL24	endoplasmicreticulum	HPA	P83731
CDC5L	nucleoplasm	HPA;GO	Q99459
GALNT18	cytosol	HPA	Q6P9A2
ISG20	nucleoli	GO	Q96AZ6
HINT2	mitochondria	HPA;GO	Q9BX68
AZIN2	cytosol	HPA;GO	Q96A70
BAIAP3	golgiapparatus	GO	O94812
SLC22A5	endoplasmicreticulum	GO	O76082
REL	nucleoplasm	GO	Q04864
TRIM22	golgiapparatus	HPA	Q8IYM9
SLC10A1	plasmamembrane	GO	Q14973
SNRNP200	nucleoplasm	HPA;GO	O75643
EMX2	nucleoplasm	HPA	Q04743
IFT52	primarycilium	HPA;GO	Q9Y366
HSFX2	cytosol	HPA	Q9UBD0
OR2A4	actinfilaments	GO	O95047
ARF1	cytosol	HPA;GO	P84077
ARIH2	nucleoplasm	HPA	O95376
GAGE12J	cytosol	HPA	A6NER3
MAPRE1	centrosome	HPA;GO	Q15691
WDR46	nucleoplasm	GO	O15213
TRIP11	golgiapparatus	HPA;GO	Q15643
SFTPB	endoplasmicreticulum	GO	P07988
PTPN7	microtubules	HPA	P35236
DKK2	golgiapparatus	HPA	Q9UBU2
ARHGEF5	plasmamembrane	HPA	Q12774
DNAH7	microtubules	GO	Q8WXX0
STARD3NL	cytosol	GO	O95772
BCL6	nucleoplasm	HPA;GO	P41182
THYN1	cytosol	HPA	Q9P016
CASP2	cytosol	HPA;GO	P42575
EIF4A1	plasmamembrane	GO	P60842
DDX27	nucleoplasm	GO	Q96GQ7
PTPN13	nucleoplasm	GO	Q12923
YES1	plasmamembrane	HPA;GO	P07947
PSMB1	nucleoplasm	HPA;GO	P20618
ENGASE	centrosome	HPA	Q8NFI3
SPATA5	cytosol	HPA	Q8NB90
CAPN1	cytosol	HPA;GO	P07384
ADORA3	plasmamembrane	GO	P0DMS8
PRKAA2	nucleoplasm	HPA;GO	P54646
TESMIN	cytosol	HPA	Q9Y4I5
SCEL	cytosol	HPA	O95171
CYSLTR2	plasmamembrane	GO	Q9NS75
FMR1	nucleoli	GO	Q06787
FLNA	actinfilaments	HPA;GO	P21333
PPP1R12A	cytosol	HPA;GO	O14974
GAGE1	plasmamembrane	HPA	P0DTW1
TRNT1	mitochondria	HPA;GO	Q96Q11
TXNDC11	cytosol	HPA	Q6PKC3
ACACA	actinfilaments	HPA	Q13085
ANXA1	plasmamembrane	HPA;GO	P04083
BRD3OS	nucleoli	HPA	A0A1B0GUI7
PLD5	mitochondria	HPA	Q8N7P1
IGDCC4	nucleoplasm	HPA	Q8TDY8
DNALI1	primarycilium	HPA;GO	O14645
NCLN	cytosol	GO	Q969V3
CYP1A1	endoplasmicreticulum	GO	P04798
CAMK1G	cytosol	HPA	Q96NX5
CASK	plasmamembrane	GO	O14936
CENPH	cytosol	GO	Q9H3R5
RFPL2	plasmamembrane	HPA	O75678
PRR35	cytosol	HPA	P0CG20
ACRBP	nucleoplasm	HPA	Q8NEB7
ANXA2	cytosol	HPA	P07355
APPL1	plasmamembrane	HPA;GO	Q9UKG1
PCK1	cytosol	GO	P35558
SYTL5	golgiapparatus	HPA	Q8TDW5
HK2	cytosol	HPA;GO	P52789
DND1	actinfilaments	HPA	Q8IYX4
NUDT5	centrosome	HPA	Q9UKK9
STAP2	cytosol	GO	Q9UGK3
GRAMD2A	plasmamembrane	GO	Q8IUY3
SLC25A36	mitochondria	HPA;GO	Q96CQ1
RETREG3	nucleoplasm	HPA	Q86VR2
TSPAN6	plasmamembrane	HPA	O43657
ARMT1	cytosol	HPA	Q9H993
TTC1	cytosol	HPA	Q99614
CCDC150	nucleoplasm	HPA	Q8NCX0
HYKK	cytosol	HPA	A2RU49
SERPINB7	mitochondria	HPA	O75635
USP38	centrosome	HPA	Q8NB14
COX7A2L	mitochondria	HPA;GO	O14548
ARFGEF1	golgiapparatus	HPA;GO	Q9Y6D6
ZNF44	nucleoplasm	HPA	P15621
ZNF84	nucleoplasm	HPA	P51523
WNK1	microtubules	GO	Q9H4A3
PLA2G3	golgiapparatus	HPA	Q9NZ20
GIGYF2	cytosol	HPA;GO	Q6Y7W6
CRADD	cytosol	HPA;GO	P78560
MMP16	golgiapparatus	GO	P51512
CNP	plasmamembrane	HPA	P09543
CCDC89	nucleoplasm	HPA	Q8N998
CLTC	actinfilaments	GO	Q00610
URM1	nucleoplasm	HPA	Q9BTM9
KIF11	microtubules	GO	P52732
RNF19B	endoplasmicreticulum	GO	Q6ZMZ0
NDFIP2	golgiapparatus	GO	Q9NV92
PGM5	plasmamembrane	GO	Q15124
CACNG7	plasmamembrane	GO	P62955
SGO1	cytosol	GO	Q5FBB7
FAM120B	nucleoplasm	HPA	Q96EK7
CDIPT	endoplasmicreticulum	GO	O14735
APBA2	golgiapparatus	HPA	Q99767
NBDY	cytosol	GO	A0A0U1RRE5
RTKN2	nucleoplasm	HPA	Q8IZC4
EQTN	actinfilaments	HPA	Q9NQ60
TNRC18	cytosol	HPA	O15417
TNFRSF10D	plasmamembrane	HPA;GO	Q9UBN6
KLHL15	cytosol	HPA	Q96M94
UXT	nucleoplasm	GO	Q9UBK9
SDK2	plasmamembrane	GO	Q58EX2
YIPF6	golgiapparatus	GO	Q96EC8
USH1G	nucleoplasm	GO	Q495M9
FAM32A	nucleoli	HPA	Q9Y421
TESC	cytosol	HPA	Q96BS2
BLOC1S2	microtubules	GO	Q6QNY1
DCLK3	cytosol	HPA	Q9C098
FGFR1	primarycilium	HPA	P11362
FLOT1	centrosome	GO	O75955
DLST	mitochondria	GO	P36957
SRGAP2	plasmamembrane	GO	O43295
SP1	nucleoplasm	HPA;GO	P08047
GRM1	plasmamembrane	GO	Q13255
ARL2	mitochondria	HPA;GO	P36404
LDHD	cytosol	HPA	Q86WU2
APH1A	plasmamembrane	GO	Q96BI3
PTGES2	mitochondria	GO	Q9H7Z7
PEX16	cytosol	GO	Q9Y5Y5
BCAS2	centrosome	HPA	O75934
ALG8	endoplasmicreticulum	GO	Q9BVK2
CAMK1	cytosol	HPA;GO	Q14012
SLC37A4	endoplasmicreticulum	GO	O43826
RACGAP1	microtubules	GO	Q9H0H5
PDPK1	plasmamembrane	GO	O15530
ZNF721	centrosome	HPA	Q8TF20
ZNF804A	plasmamembrane	GO	Q7Z570
RAB34	centrosome	HPA	P0DI83
NF2	nucleoli	GO	P35240
MYO1A	actinfilaments	GO	Q9UBC5
MRAP	endoplasmicreticulum	HPA;GO	Q8TCY5
PFDN2	cytosol	HPA	Q9UHV9
TUT7	nucleoplasm	HPA	Q5VYS8
S100Z	centrosome	HPA	Q8WXG8
FLI1	nucleoplasm	HPA	Q01543
ASH2L	plasmamembrane	HPA	Q9UBL3
ARHGEF7	microtubules	GO	Q14155
CAP2	nucleoplasm	HPA	P40123
DOCK8	cytosol	HPA;GO	Q8NF50
CAMTA1	primarycilium	HPA	Q9Y6Y1
DIS3L	cytosol	HPA	Q8TF46
RBM4	nucleoli	GO	Q9BWF3
ZFAND3	nucleoplasm	HPA	Q9H8U3
ITPRID2	cytosol	HPA	P28290
RRP7A	primarycilium	GO	Q9Y3A4
KIF22	cytosol	GO	Q14807
ATP13A5	plasmamembrane	HPA;GO	Q4VNC0
CCNI	golgiapparatus	HPA	Q14094
APTX	nucleoplasm	HPA;GO	Q7Z2E3
GSTM4	primarycilium	HPA	Q03013
KIAA1614	nuclearmembrane	HPA	Q5VZ46
ZBBX	golgiapparatus	HPA	A8MT70
UBC	cytosol	GO	P0CG48
PCMTD1	nucleoplasm	HPA	Q96MG8
C14orf28	cytosol	HPA	Q4W4Y0
SLC22A18	plasmamembrane	HPA;GO	Q96BI1
KCNK15	plasmamembrane	GO	Q9H427
FADS2	plasmamembrane	HPA	O95864
GNA12	plasmamembrane	GO	Q03113
WASHC2A	nucleoli	HPA	Q641Q2
RHOB	cytosol	GO	P62745
AGER	plasmamembrane	HPA;GO	Q15109
NAMPT	plasmamembrane	HPA	P43490
GPC4	nucleoplasm	HPA	O75487
DERL1	endoplasmicreticulum	HPA;GO	Q9BUN8
CCDC61	nucleoplasm	HPA	Q9Y6R9
NR2E3	nucleoplasm	GO	Q9Y5X4
CAMKK1	cytosol	HPA;GO	Q8N5S9
SPNS2	plasmamembrane	GO	Q8IVW8
CLDN15	plasmamembrane	GO	P56746
SEPTIN7	microtubules	HPA	Q16181
TMEM123	plasmamembrane	GO	Q8N131
MEA1	nucleoplasm	HPA	Q16626
ACOT11	mitochondria	GO	Q8WXI4
MAP2K4	nucleoplasm	HPA	P45985
LPIN1	nucleoplasm	GO	Q14693
DPP9	microtubules	GO	Q86TI2
PPP3R1	cytosol	HPA;GO	P63098
LTB	plasmamembrane	GO	Q06643
RRAGC	cytosol	GO	Q9HB90
RPGRIP1L	centrosome	GO	Q68CZ1
DOCK5	cytosol	HPA	Q9H7D0
PTPRB	plasmamembrane	HPA;GO	P23467
TIGD3	nucleoplasm	HPA	Q6B0B8
YTHDF1	cytosol	GO	Q9BYJ9
GJB7	cytosol	HPA	Q6PEY0
AHCTF1	cytosol	GO	Q8WYP5
NLRX1	cytosol	GO	Q86UT6
CEP126	centrosome	GO	Q9P2H0
KIF14	cytosol	HPA;GO	Q15058
SMIM24	cytosol	HPA	O75264
CDC25A	golgiapparatus	HPA	P30304
DPP6	plasmamembrane	GO	P42658
C12orf57	nucleoplasm	HPA	Q99622
FADS3	nucleoli	HPA	Q9Y5Q0
PAM	golgiapparatus	HPA	O75592
RHCE	plasmamembrane	GO	P18577
KMT5B	primarycilium	HPA	Q4FZB7
UBL7	cytosol	HPA	Q96S82
VPS13A	mitochondria	HPA;GO	Q96RL7
HIGD2A	cytosol	HPA	Q9BW72
SOD1	plasmamembrane	GO	P00441
OTUB1	cytosol	HPA;GO	Q96FW1
CCT5	microtubules	GO	P48643
TUBGCP3	centrosome	GO	Q96CW5
ARHGAP40	nucleoplasm	HPA	Q5TG30
RAP1GAP2	centrosome	GO	Q684P5
CCDC8	plasmamembrane	HPA	Q9H0W5
KIR2DL2	plasmamembrane	GO	P43627
PARP4	microtubules	GO	Q9UKK3
ZKSCAN8	nucleoplasm	HPA	Q15776
PRRG1	nucleoplasm	HPA	O14668
PHOSPHO1	cytosol	GO	Q8TCT1
CENPP	nucleoplasm	HPA;GO	Q6IPU0
SOX15	nucleoplasm	HPA	O60248
CASP9	mitochondria	HPA;GO	P55211
GHRHR	plasmamembrane	GO	Q02643
FBXW7	cytosol	GO	Q969H0
FGFR3	endoplasmicreticulum	HPA	P22607
SUMO3	nucleoplasm	HPA;GO	P55854
ZNF300	nucleoplasm	HPA	Q96RE9
SPPL3	plasmamembrane	HPA	Q8TCT6
EPHA5	endoplasmicreticulum	GO	P54756
RFK	golgiapparatus	HPA	Q969G6
TSFM	nucleoplasm	HPA	P43897
CUL7	cytosol	GO	Q14999
PYM1	cytosol	HPA	Q9BRP8
HLA-DOB	plasmamembrane	GO	P13765
LEMD3	nuclearmembrane	HPA;GO	Q9Y2U8
TTC27	mitochondria	HPA	Q6P3X3
SLC9A4	nucleoplasm	HPA	Q6AI14
ERI2	golgiapparatus	HPA	A8K979
SCRIB	cytosol	HPA	C0HLS1
NMB	plasmamembrane	HPA	P08949
KCNE5	plasmamembrane	GO	Q9UJ90
FBXO41	cytosol	HPA;GO	Q8TF61
CCBE1	cytosol	HPA	Q6UXH8
PPP1R27	plasmamembrane	HPA	Q86WC6
LAMB1	endoplasmicreticulum	GO	P07942
PPID	cytosol	HPA	Q08752
STK26	golgiapparatus	HPA;GO	Q9P289
TRIT1	mitochondria	HPA;GO	Q9H3H1
PABPC3	cytosol	HPA	Q9H361
KIF19	plasmamembrane	HPA	Q2TAC6
GTPBP1	cytosol	HPA	O00178
ABO	golgiapparatus	GO	P16442
NDUFB9	mitochondria	HPA;GO	Q9Y6M9
BCL7A	nucleoplasm	HPA;GO	Q4VC05
MRTO4	nucleoplasm	HPA	Q9UKD2
RASGEF1C	mitochondria	HPA	Q8N431
ZFX	nucleoplasm	HPA;GO	P17010
IKBKB	cytosol	HPA;GO	O14920
SVIP	endoplasmicreticulum	GO	Q8NHG7
ENSG00000269035	nucleoplasm	HPA	
ARL4A	cytosol	HPA	P40617
JAG2	cytosol	HPA	Q9Y219
TRPV2	plasmamembrane	HPA;GO	Q9Y5S1
C4BPB	plasmamembrane	GO	P20851
NPAS4	cytosol	GO	Q8IUM7
FKBP7	endoplasmicreticulum	HPA	Q9Y680
SNTA1	plasmamembrane	GO	Q13424
RAB34	nucleoli	HPA	P0DI83
MAPK9	nucleoplasm	HPA;GO	P45984
SCRT1	nucleoplasm	HPA	Q9BWW7
ANKRD45	plasmamembrane	GO	Q5TZF3
SCHIP1	cytosol	HPA	P0DPB3
DLX2	nucleoplasm	HPA	Q07687
KCNJ18	plasmamembrane	GO	B7U540
CETN1	cytosol	GO	Q12798
NPC1	plasmamembrane	GO	O15118
NUP214	cytosol	GO	P35658
KRTAP5-10	cytosol	GO	Q6L8G5
SV2C	plasmamembrane	GO	Q496J9
TWNK	mitochondria	GO	Q96RR1
TMEM121	cytosol	HPA	Q9BTD3
ULK4	cytosol	HPA	Q96C45
HCST	golgiapparatus	HPA	Q9UBK5
RAB2A	golgiapparatus	GO	P61019
FGF13	cytosol	HPA	Q92913
RAB13	golgiapparatus	GO	P51153
TMEM115	golgiapparatus	HPA;GO	Q12893
UBE2M	cytosol	HPA;GO	P61081
SHCBP1	microtubules	HPA	Q8NEM2
C17orf75	cytosol	HPA	Q9HAS0
NR1H3	cytosol	HPA	Q13133
KANK2	mitochondria	GO	Q63ZY3
ARL15	microtubules	HPA	Q9NXU5
PNPO	cytosol	HPA;GO	Q9NVS9
ATXN1L	nucleoli	HPA	P0C7T5
FAM90A7	nucleoli	HPA	A6NKC0
PSMA4	nucleoplasm	HPA;GO	P25789
IREB2	cytosol	HPA;GO	P48200
MORN1	nucleoli	HPA	Q5T089
PARD6B	plasmamembrane	HPA;GO	Q9BYG5
CEP41	primarycilium	GO	Q9BYV8
CIAO3	cytosol	HPA;GO	Q9H6Q4
CNN1	actinfilaments	HPA;GO	P51911
PELI2	centrosome	HPA	Q9HAT8
RACK1	nucleoplasm	HPA	P63244
ARV1	endoplasmicreticulum	GO	Q9H2C2
RPAIN	nucleoplasm	HPA	Q86UA6
XIRP2	plasmamembrane	HPA;GO	A4UGR9
ARHGAP33	plasmamembrane	HPA	O14559
TSC22D1	plasmamembrane	GO	Q15714
UCP3	mitochondria	GO	P55916
FXYD2	mitochondria	HPA	P54710
AIM2	cytosol	HPA;GO	O14862
TMEM18	nuclearmembrane	GO	Q96B42
ABCB7	mitochondria	HPA;GO	O75027
FLNB	cytosol	HPA;GO	O75369
SDHAF3	mitochondria	HPA;GO	Q9NRP4
KIAA1586	nucleoplasm	HPA	Q9HCI6
SELENOI	endoplasmicreticulum	GO	Q9C0D9
CALM1	microtubules	GO	P0DP23
PTF1A	nucleoplasm	HPA	Q7RTS3
PIK3C3	cytosol	GO	Q8NEB9
MAP3K10	cytosol	HPA	Q02779
UBA52	mitochondria	GO	P62987
HSPH1	cytosol	HPA;GO	Q92598
FAM90A10	nucleoli	HPA	A6NDY2
ZG16B	plasmamembrane	GO	Q96DA0
TSG101	plasmamembrane	HPA;GO	Q99816
H2BC11	nucleoplasm	HPA;GO	P06899
PRRG4	plasmamembrane	GO	Q9BZD6
UNC13B	golgiapparatus	HPA;GO	O14795
GET3	endoplasmicreticulum	GO	O43681
MS4A12	nucleoli	HPA	Q9NXJ0
RBMY1D	nucleoplasm	HPA	P0C7P1
RPL17	endoplasmicreticulum	HPA	P18621
NOS3	plasmamembrane	GO	P29474
MARCHF10	plasmamembrane	HPA	Q8NA82
FBLL1	nucleoplasm	HPA	A6NHQ2
TTC12	plasmamembrane	HPA	Q9H892
RERG	cytosol	HPA;GO	Q96A58
TXK	cytosol	HPA	P42681
ETAA1	nucleoplasm	HPA;GO	Q9NY74
RBFOX1	cytosol	HPA	Q9NWB1
AKAP1	cytosol	GO	Q92667
GP1BA	plasmamembrane	GO	P07359
RABL2B	centrosome	HPA;GO	Q9UNT1
CASP8	cytosol	GO	Q14790
DDX51	nucleoplasm	HPA	Q8N8A6
SERTAD1	golgiapparatus	HPA	Q9UHV2
RAB30	golgiapparatus	GO	Q15771
CCDC25	golgiapparatus	HPA	Q86WR0
PPCS	cytosol	GO	Q9HAB8
NANOS3	cytosol	HPA	P60323
ELAPOR1	plasmamembrane	HPA;GO	Q6UXG2
DENND1C	centrosome	HPA	Q8IV53
RTTN	microtubules	GO	Q86VV8
HOXB4	nucleoplasm	HPA	P17483
PIGN	cytosol	HPA	O95427
VWA5B2	nucleoplasm	HPA	Q8N398
OGN	golgiapparatus	GO	P20774
THAP3	nucleoplasm	HPA	Q8WTV1
MAPK15	primarycilium	GO	Q8TD08
AGBL4	golgiapparatus	GO	Q5VU57
POP4	nucleoli	HPA;GO	O95707
BCAM	plasmamembrane	GO	P50895
NBR1	mitochondria	GO	Q14596
DYNC1H1	microtubules	GO	Q14204
IFT20	microtubules	HPA	Q8IY31
XPNPEP3	cytosol	HPA	Q9NQH7
MYC	nucleoplasm	HPA;GO	P01106
MALT1	cytosol	HPA;GO	Q9UDY8
BASP1	plasmamembrane	HPA	P80723
TNFRSF10A	golgiapparatus	GO	O00220
TBC1D7	cytosol	GO	Q9P0N9
RIT2	nucleoplasm	HPA	Q99578
DNAJA4	centrosome	HPA	Q8WW22
ENSG00000273217	cytosol	HPA	
SPATA13	cytosol	HPA;GO	Q96N96
CLTRN	plasmamembrane	GO	Q9HBJ8
ADAMTS19	microtubules	HPA	Q8TE59
FCER2	plasmamembrane	GO	P06734
C1orf131	nucleoplasm	GO	Q8NDD1
CHP2	nucleoli	HPA	O43745
GNL3L	nucleoli	HPA;GO	Q9NVN8
PCDHA11	plasmamembrane	HPA	Q9Y5I1
KIAA1217	cytosol	HPA	Q5T5P2
ALDH4A1	mitochondria	HPA;GO	P30038
SREBF1	nucleoplasm	HPA;GO	P36956
TNIP1	cytosol	HPA;GO	Q15025
TMPRSS13	plasmamembrane	HPA	Q9BYE2
UBE2E3	cytosol	GO	Q969T4
NSMF	nucleoplasm	HPA	Q6X4W1
ELOC	plasmamembrane	HPA	Q15369
SIGIRR	nucleoli	HPA	Q6IA17
PSMB6	nucleoplasm	HPA;GO	P28072
ZDHHC2	plasmamembrane	HPA;GO	Q9UIJ5
ANLN	nucleoplasm	HPA	Q9NQW6
TSN	nucleoplasm	HPA	Q15631
CTSD	cytosol	GO	P07339
YY1	nucleoli	HPA	P25490
DAAM1	cytosol	HPA;GO	Q9Y4D1
MAP3K7	nucleoplasm	GO	O43318
HOXC5	nucleoplasm	HPA	Q00444
PEAK1	actinfilaments	HPA;GO	Q9H792
ZBTB17	nucleoplasm	GO	Q13105
TNKS1BP1	cytosol	GO	Q9C0C2
PLXND1	plasmamembrane	GO	Q9Y4D7
SPRY1	golgiapparatus	HPA	O43609
PRIMA1	nucleoli	HPA	Q86XR5
DOC2A	plasmamembrane	HPA	Q14183
FANCE	nucleoplasm	HPA;GO	Q9HB96
L3MBTL3	nucleoli	HPA	Q96JM7
MMP9	cytosol	HPA	P14780
TMEM150A	plasmamembrane	GO	Q86TG1
RHBG	plasmamembrane	GO	Q9H310
GSPT1	cytosol	HPA;GO	P15170
ZNF772	cytosol	HPA	Q68DY9
PRRX1	nucleoplasm	HPA	P54821
TEKTIP1	endoplasmicreticulum	HPA	A6NCJ1
TTC32	mitochondria	HPA	Q5I0X7
LMBRD2	cytosol	HPA	Q68DH5
MFSD13A	plasmamembrane	GO	Q14CX5
EIF1AY	cytosol	HPA	O14602
HMOX1	endoplasmicreticulum	GO	P09601
KCNH6	plasmamembrane	GO	Q9H252
ALB	golgiapparatus	HPA	P02768
EIF5A	nucleoplasm	HPA	P63241
MICU1	mitochondria	HPA;GO	Q9BPX6
BBOF1	cytosol	HPA	Q8ND07
GALNT15	cytosol	HPA	Q7Z4T8
ZNF597	nucleoli	HPA	Q96LX8
CBLN4	cytosol	HPA	Q9NTU7
MTAP	cytosol	HPA;GO	Q13126
SEC14L2	cytosol	HPA	O76054
FUT9	cytosol	HPA	Q9Y231
DESI1	microtubules	HPA	Q6ICB0
BBIP1	cytosol	GO	A8MTZ0
OPN1MW	plasmamembrane	GO	P04001
FAU	nucleoplasm	GO	P62861
MAF1	nucleoplasm	HPA;GO	Q9H063
PELI2	nucleoli	HPA	Q9HAT8
POLD2	nucleoplasm	HPA;GO	P49005
LYSMD1	nucleoplasm	HPA	Q96S90
LIMK2	microtubules	GO	P53671
GNB5	nucleoplasm	HPA	O14775
ANKRD13B	plasmamembrane	HPA;GO	Q86YJ7
PYCR2	mitochondria	HPA;GO	Q96C36
ZBTB5	golgiapparatus	HPA	O15062
NLRP5	mitochondria	GO	P59047
KIF17	nucleoplasm	HPA	Q9P2E2
FRMPD4	plasmamembrane	GO	Q14CM0
CANX	endoplasmicreticulum	HPA;GO	P27824
UBXN6	golgiapparatus	HPA	Q9BZV1
HAUS5	centrosome	GO	O94927
SOX6	nucleoplasm	HPA;GO	P35712
RNF145	cytosol	HPA	Q96MT1
SULT1B1	cytosol	GO	O43704
ZNF90	golgiapparatus	HPA	Q03938
NEDD4L	nucleoplasm	GO	Q96PU5
KATNAL1	centrosome	HPA	Q9BW62
CHRNE	plasmamembrane	GO	Q04844
RAB3IP	centrosome	HPA;GO	Q96QF0
EIF2B4	endoplasmicreticulum	HPA	Q9UI10
CHPT1	golgiapparatus	GO	Q8WUD6
BCLAF1	nucleoplasm	HPA;GO	Q9NYF8
RBM38	nucleoplasm	HPA	Q9H0Z9
SHC2	cytosol	HPA;GO	P98077
ASS1	cytosol	HPA;GO	P00966
ST13	cytosol	HPA	P50502
SERPINA2	endoplasmicreticulum	GO	P20848
PRMT8	plasmamembrane	GO	Q9NR22
HECTD4	nucleoplasm	HPA	Q9Y4D8
PRKX	nucleoplasm	HPA	P51817
PLA2G3	microtubules	GO	Q9NZ20
MAP3K6	actinfilaments	HPA	O95382
ADTRP	plasmamembrane	GO	Q96IZ2
DBNDD1	nucleoplasm	HPA	Q9H9R9
WDR47	primarycilium	HPA	O94967
SLC29A1	plasmamembrane	GO	Q99808
GRIA4	plasmamembrane	GO	P48058
NCAM1	cytosol	HPA	P13591
MPHOSPH6	nucleoli	HPA	Q99547
PPIA	actinfilaments	GO	P62937
ADNP2	cytosol	HPA	Q6IQ32
EVC2	cytosol	HPA	Q86UK5
C17orf100	microtubules	HPA	A8MU93
LPCAT4	endoplasmicreticulum	GO	Q643R3
APBA1	cytosol	GO	Q02410
TIGD7	cytosol	HPA	Q6NT04
KRT6B	cytosol	GO	P04259
ATP8A1	golgiapparatus	GO	Q9Y2Q0
MAK	microtubules	GO	P20794
PPM1A	nucleoplasm	GO	P35813
EIF3L	cytosol	GO	Q9Y262
DHRS3	nucleoli	HPA	O75911
TIGD1	nucleoli	HPA	Q96MW7
GATA1	nucleoplasm	HPA;GO	P15976
MRPS10	mitochondria	HPA;GO	P82664
SUMO1	nucleoli	HPA	P63165
ITM2C	plasmamembrane	GO	Q9NQX7
PSMD5	cytosol	HPA;GO	Q16401
TAS2R16	golgiapparatus	GO	Q9NYV7
ZNF416	nucleoplasm	HPA	Q9BWM5
VIL1	plasmamembrane	HPA	P09327
IFI27L2	mitochondria	GO	Q9H2X8
TRAPPC9	golgiapparatus	HPA	Q96Q05
NRBF2	cytosol	HPA	Q96F24
CFAP53	centrosome	GO	Q96M91
TIMM50	nucleoplasm	HPA;GO	Q3ZCQ8
SPINK13	nucleoplasm	HPA	Q1W4C9
UBASH3B	nucleoplasm	HPA	Q8TF42
OBSL1	golgiapparatus	GO	O75147
ENSG00000255639	nucleoplasm	HPA	
CHMP5	cytosol	HPA;GO	Q9NZZ3
PELO	nucleoli	HPA	Q9BRX2
DNM2	actinfilaments	GO	P50570
MTFR1	mitochondria	HPA	Q15390
TDRD6	endoplasmicreticulum	HPA	O60522
DCAF1	nucleoplasm	HPA	Q9Y4B6
LGR5	centrosome	HPA	O75473
SLC12A2	primarycilium	HPA	P55011
NFS1	mitochondria	GO	Q9Y697
C16orf89	cytosol	GO	Q6UX73
RRAD	cytosol	GO	P55042
MSANTD3	nucleoplasm	HPA	Q96H12
LETM2	nucleoplasm	HPA	Q2VYF4
UBE2L5	cytosol	HPA	A0A1B0GUS4
NSUN5	nucleoplasm	HPA	Q96P11
FAM210B	plasmamembrane	HPA	Q96KR6
HMGCS1	plasmamembrane	HPA	Q01581
MYO1E	plasmamembrane	HPA	Q12965
SHPRH	nucleoplasm	HPA;GO	Q149N8
TPX2	nucleoplasm	HPA;GO	Q9ULW0
NIBAN2	plasmamembrane	HPA;GO	Q96TA1
CDCA5	cytosol	GO	Q96FF9
SLC22A1	plasmamembrane	GO	O15245
MATN3	endoplasmicreticulum	HPA;GO	O15232
MARCKS	actinfilaments	GO	P29966
CFAP96	centrosome	GO	A7E2U8
ZNF684	nucleoplasm	HPA	Q5T5D7
MAP3K2	nucleoplasm	HPA	Q9Y2U5
ADH5	cytosol	GO	P11766
BAALC	nucleoplasm	HPA	Q8WXS3
NUMA1	centrosome	GO	Q14980
BACH1	cytosol	HPA;GO	O14867
PKD2	cytosol	HPA	Q13563
PRSS50	endoplasmicreticulum	GO	Q9UI38
ZNF10	nucleoplasm	HPA	P21506
CYTH1	golgiapparatus	GO	Q15438
MAN2C1	cytosol	GO	Q9NTJ4
PCDHGB1	plasmamembrane	HPA	Q9Y5G3
HLA-DQB1	cytosol	HPA	P01920
GAGE2A	cytosol	HPA	Q6NT46
SKIL	nucleoplasm	HPA;GO	P12757
OR2A25	plasmamembrane	GO	A4D2G3
VAPA	plasmamembrane	GO	Q9P0L0
TRIM34	cytosol	GO	Q9BYJ4
ADPRHL1	plasmamembrane	HPA	Q8NDY3
RIPOR1	golgiapparatus	HPA;GO	Q6ZS17
PSIP1	nucleoplasm	HPA;GO	O75475
FKBP1C	golgiapparatus	HPA	Q5VVH2
GSTA2	cytosol	HPA;GO	P09210
MLF1	plasmamembrane	HPA	P58340
PTPRJ	plasmamembrane	HPA;GO	Q12913
ZNF785	cytosol	HPA	A8K8V0
RRN3	nucleoplasm	GO	Q9NYV6
BDP1	nucleoplasm	HPA;GO	A6H8Y1
SCOC	nucleoplasm	HPA	Q9UIL1
MAD1L1	nuclearmembrane	HPA	Q9Y6D9
ENSG00000244255	plasmamembrane	HPA	
PCNX2	endoplasmicreticulum	HPA	A6NKB5
ZNF626	nuclearmembrane	HPA	Q68DY1
USP6NL	plasmamembrane	GO	Q92738
RSPH3	primarycilium	GO	Q86UC2
LIG4	nucleoplasm	HPA;GO	P49917
SWSAP1	cytosol	HPA	Q6NVH7
GPS2	mitochondria	GO	Q13227
VIM	microtubules	GO	P08670
NUP133	nucleoplasm	GO	Q8WUM0
MKRN3	nucleoplasm	HPA	Q13064
DTYMK	cytosol	GO	P23919
EIF3K	cytosol	HPA;GO	Q9UBQ5
SYNE1	nucleoplasm	HPA	Q8NF91
JPT1	microtubules	HPA	Q9UK76
PCMTD2	mitochondria	HPA	Q9NV79
POU2AF3	nucleoplasm	HPA	A8K830
CYB5D1	nucleoli	HPA	Q6P9G0
AMPD3	nuclearmembrane	HPA	Q01432
BUD23	nucleoplasm	HPA;GO	O43709
GSDME	cytosol	HPA;GO	O60443
UBASH3A	nucleoplasm	HPA	P57075
SEC16B	plasmamembrane	HPA	Q96JE7
GJA1	mitochondria	GO	P17302
UGT2B28	nuclearmembrane	GO	Q9BY64
TMEM201	endoplasmicreticulum	GO	Q5SNT2
PTK6	nucleoplasm	HPA;GO	Q13882
ZFR2	nucleoplasm	HPA	Q9UPR6
CERCAM	nucleoli	HPA	Q5T4B2
UBXN1	nucleoplasm	GO	Q04323
TAPBPL	endoplasmicreticulum	GO	Q9BX59
CENPE	microtubules	HPA;GO	Q02224
ANXA2R	cytosol	HPA	Q3ZCQ2
ZBTB42	nucleoplasm	HPA	B2RXF5
FKBP3	cytosol	HPA	Q00688
KIAA0408	cytosol	HPA	Q6ZU52
HAX1	mitochondria	HPA;GO	O00165
ENSG00000283765	mitochondria	HPA	
SH3PXD2A	primarycilium	HPA	Q5TCZ1
ZNF71	nucleoplasm	HPA	Q9NQZ8
ECSCR	nucleoplasm	HPA	Q19T08
MCF2	cytosol	HPA;GO	P10911
NRG3	plasmamembrane	GO	P56975
TP53TG5	nucleoli	HPA	Q9Y2B4
CEP170	centrosome	HPA;GO	Q5SW79
HTR7	plasmamembrane	HPA;GO	P34969
ANKRD17	nuclearmembrane	HPA	O75179
CEP112	nucleoplasm	HPA	Q8N8E3
LHX6	cytosol	HPA	Q9UPM6
ZFHX4	nucleoli	HPA	Q86UP3
NEK5	cytosol	HPA	Q6P3R8
H2BC12L	nucleoplasm	HPA	P57053
CBR3	nucleoplasm	HPA	O75828
EPB41L4B	plasmamembrane	HPA	Q9H329
MYL11	cytosol	GO	Q96A32
IL2RB	cytosol	GO	P14784
VPS37C	nucleoplasm	HPA	A5D8V6
FPR1	golgiapparatus	HPA	P21462
C8orf58	nucleoplasm	HPA	Q8NAV2
CBLN3	nucleoplasm	HPA	Q6UW01
CTTNBP2	cytosol	HPA	Q8WZ74
FLVCR2	plasmamembrane	GO	Q9UPI3
DDB2	nucleoplasm	HPA;GO	Q92466
B3GNT7	golgiapparatus	HPA;GO	Q8NFL0
ZMYND12	nucleoplasm	HPA	Q9H0C1
KLHL6	plasmamembrane	HPA	Q8WZ60
PPP1R12B	cytosol	GO	O60237
MRPS27	mitochondria	HPA;GO	Q92552
HCN2	plasmamembrane	GO	Q9UL51
COPS5	nucleoplasm	HPA;GO	Q92905
FBXO44	nucleoplasm	HPA	Q9H4M3
RPL8	nucleoli	HPA	P62917
NF1	cytosol	GO	P21359
UGT1A7	endoplasmicreticulum	GO	Q9HAW7
SETSIP	nucleoplasm	HPA	P0DME0
CDK11B	nucleoplasm	HPA	P21127
STRIP1	cytosol	HPA	Q5VSL9
SENP6	cytosol	HPA	Q9GZR1
KLF2	nucleoplasm	HPA;GO	Q9Y5W3
SYNPO	cytosol	HPA;GO	Q8N3V7
ITSN2	centrosome	GO	Q9NZM3
MTNR1B	plasmamembrane	GO	P49286
DLGAP3	microtubules	HPA	O95886
EEF1AKMT2	cytosol	HPA;GO	Q5JPI9
RAB9A	cytosol	GO	P51151
TFB1M	mitochondria	GO	Q8WVM0
DUSP3	cytosol	GO	P51452
F9	plasmamembrane	GO	P00740
SLC6A2	mitochondria	HPA	P23975
ERC2	plasmamembrane	GO	O15083
WNT3	golgiapparatus	GO	P56703
AGPAT4	endoplasmicreticulum	GO	Q9NRZ5
DEFB4A	golgiapparatus	GO	O15263
CFAP299	plasmamembrane	HPA	Q6V702
GINS3	nucleoplasm	HPA;GO	Q9BRX5
PRKG2	cytosol	GO	Q13237
EIPR1	nucleoplasm	HPA	Q53HC9
ITGA2	actinfilaments	GO	P17301
UPP1	cytosol	GO	Q16831
ABCA4	endoplasmicreticulum	HPA;GO	P78363
DHRS7	mitochondria	HPA	Q9Y394
IKZF2	cytosol	HPA	Q9UKS7
TUT4	cytosol	HPA;GO	Q5TAX3
AUH	centrosome	HPA	Q13825
GLRX	cytosol	HPA;GO	P35754
TSEN34	nucleoplasm	HPA;GO	Q9BSV6
TSPYL5	cytosol	HPA	Q86VY4
XPA	nucleoplasm	HPA;GO	P23025
CAMKK2	nucleoplasm	GO	Q96RR4
MTUS1	nucleoli	HPA	Q9ULD2
NBAS	cytosol	GO	A2RRP1
RGL1	golgiapparatus	HPA	Q9NZL6
NOX4	plasmamembrane	GO	Q9NPH5
C2CD3	microtubules	GO	Q4AC94
OAS2	cytosol	GO	P29728
STAB1	nucleoplasm	HPA	Q9NY15
GNPTAB	golgiapparatus	HPA;GO	Q3T906
ARFGAP1	plasmamembrane	GO	Q8N6T3
IFI44L	nucleoplasm	HPA	Q53G44
LIN54	nucleoplasm	GO	Q6MZP7
RPS6	endoplasmicreticulum	HPA	P62753
RAP1B	plasmamembrane	GO	P61224
RNF34	nucleoplasm	HPA;GO	Q969K3
SH2D7	nucleoli	HPA	A6NKC9
CGGBP1	nucleoplasm	HPA	Q9UFW8
ALPK1	centrosome	HPA;GO	Q96QP1
SHLD1	golgiapparatus	HPA	Q8IYI0
MT-ND4	mitochondria	HPA;GO	P03905
HSPA4L	centrosome	HPA	O95757
UBALD1	plasmamembrane	HPA	Q8TB05
ATP6V1D	plasmamembrane	HPA;GO	Q9Y5K8
FMN2	nucleoli	GO	Q9NZ56
PPP2R1A	nucleoplasm	GO	P30153
SAP18	nucleoplasm	HPA;GO	O00422
UBFD1	nucleoli	HPA	O14562
RPLP2	actinfilaments	GO	P05387
LIN28A	nucleoli	HPA	Q9H9Z2
RP2	plasmamembrane	HPA;GO	O75695
FAM111A	nucleoli	HPA	Q96PZ2
SAFB2	nucleoplasm	HPA	Q14151
ENSG00000289258	cytosol	HPA	
TNFRSF10B	plasmamembrane	GO	O14763
ABL2	cytosol	HPA;GO	P42684
EOMES	nucleoplasm	HPA;GO	O95936
SERPINB8	golgiapparatus	HPA	P50452
PABPC1	plasmamembrane	GO	P11940
STPG1	nucleoplasm	HPA	Q5TH74
VPS4B	microtubules	GO	O75351
RXRB	nucleoli	HPA	P28702
AEBP1	nucleoplasm	HPA	Q8IUX7
TRAFD1	cytosol	HPA	O14545
SIRT3	mitochondria	GO	Q9NTG7
TENM2	plasmamembrane	GO	Q9NT68
TTBK2	microtubules	HPA;GO	Q6IQ55
ELL3	nucleoplasm	HPA;GO	Q9HB65
CASP2	centrosome	HPA	P42575
LILRB3	plasmamembrane	HPA;GO	O75022
POLR3H	cytosol	GO	Q9Y535
GOLGA4	plasmamembrane	GO	Q13439
RRAS2	plasmamembrane	GO	P62070
GALNT7	golgiapparatus	HPA;GO	Q86SF2
CRYBG3	plasmamembrane	HPA	Q68DQ2
DYNLRB2	primarycilium	GO	Q8TF09
DDX1	nucleoplasm	HPA;GO	Q92499
DIS3	cytosol	HPA;GO	Q9Y2L1
EXO5	nucleoplasm	HPA	Q9H790
CYB5RL	nucleoplasm	HPA	Q6IPT4
TTI2	nucleoplasm	HPA	Q6NXR4
SLC27A6	plasmamembrane	GO	Q9Y2P4
CDIP1	centrosome	HPA	Q9H305
CD22	plasmamembrane	GO	P20273
PSMB8	cytosol	GO	P28062
BCAR3	cytosol	HPA	O75815
SORT1	plasmamembrane	HPA;GO	Q99523
GTSE1	nucleoplasm	GO	Q9NYZ3
TTC9B	mitochondria	HPA	Q8N6N2
NUTM2G	nucleoplasm	HPA	Q5VZR2
TTYH3	plasmamembrane	GO	Q9C0H2
KRTAP9-2	cytosol	GO	Q9BYQ4
IFT46	actinfilaments	HPA	Q9NQC8
RYK	plasmamembrane	GO	P34925
VAMP1	plasmamembrane	GO	P23763
PDCD6IP	endoplasmicreticulum	GO	Q8WUM4
PPP1R16B	plasmamembrane	HPA;GO	Q96T49
NECTIN4	plasmamembrane	HPA;GO	Q96NY8
PHGDH	plasmamembrane	HPA	O43175
GCC2	golgiapparatus	HPA;GO	Q8IWJ2
CSTPP1	centrosome	GO	Q9H6J7
USP26	primarycilium	GO	Q9BXU7
RPUSD2	microtubules	HPA	Q8IZ73
AGBL4	microtubules	GO	Q5VU57
PIK3CA	mitochondria	HPA	P42336
NEU4	endoplasmicreticulum	GO	Q8WWR8
EMD	endoplasmicreticulum	HPA;GO	P50402
NAB2	nucleoplasm	HPA;GO	Q15742
MGST2	endoplasmicreticulum	HPA;GO	Q99735
ACSS1	mitochondria	GO	Q9NUB1
CEP128	centrosome	HPA	Q6ZU80
HABP4	nucleoli	GO	Q5JVS0
PYHIN1	nucleoli	HPA	Q6K0P9
CCDC77	nuclearmembrane	HPA	Q9BR77
RHOC	endoplasmicreticulum	GO	P08134
ATOH1	cytosol	HPA	Q92858
PGAP2	microtubules	HPA	Q9UHJ9
RHEBL1	centrosome	HPA	Q8TAI7
FNDC3A	cytosol	HPA	Q9Y2H6
RSPH1	cytosol	GO	Q8WYR4
RNPEP	golgiapparatus	HPA	Q9H4A4
UTP14A	nucleoplasm	GO	Q9BVJ6
DLG5	plasmamembrane	HPA;GO	Q8TDM6
PIGA	endoplasmicreticulum	GO	P37287
KCTD6	nucleoli	HPA	Q8NC69
ABCB4	cytosol	HPA	P21439
NWD1	cytosol	HPA;GO	Q149M9
EXTL2	cytosol	HPA	Q9UBQ6
KAT5	cytosol	HPA	Q92993
PRMT7	nucleoli	HPA	Q9NVM4
NKX1-2	nucleoli	HPA	Q9UD57
DCTN1	nucleoplasm	GO	Q14203
SCML4	nucleoplasm	HPA	Q8N228
MICU3	mitochondria	GO	Q86XE3
DDIT3	cytosol	GO	P0DPQ6
KRTAP5-1	cytosol	GO	Q6L8H4
GSDMB	nucleoplasm	HPA	Q8TAX9
YBEY	nucleoplasm	HPA	P58557
KDELR2	endoplasmicreticulum	GO	P33947
NFASC	plasmamembrane	GO	O94856
ZNF441	nucleoplasm	HPA	Q8N8Z8
CCAR1	nucleoplasm	HPA;GO	Q8IX12
KRTAP10-1	cytosol	GO	P60331
KRTAP12-4	cytosol	GO	P60329
C1orf94	nucleoplasm	HPA	Q6P1W5
DEPDC1B	golgiapparatus	HPA	Q8WUY9
RAI1	nucleoplasm	HPA	Q7Z5J4
EIF4EBP2	mitochondria	HPA	Q13542
DGAT1	endoplasmicreticulum	HPA;GO	O75907
FLACC1	cytosol	HPA	Q96Q35
STAM2	cytosol	HPA;GO	O75886
HS6ST1	nucleoplasm	HPA	O60243
ECHS1	mitochondria	HPA;GO	P30084
EIF4E2	mitochondria	HPA	O60573
TNKS	nuclearmembrane	HPA;GO	O95271
S1PR1	plasmamembrane	GO	P21453
JARID2	nucleoplasm	HPA;GO	Q92833
IL10RA	cytosol	HPA	Q13651
GADL1	plasmamembrane	HPA	Q6ZQY3
FBLN7	plasmamembrane	HPA;GO	Q53RD9
BAZ2B	nucleoplasm	HPA	Q9UIF8
NME7	microtubules	GO	Q9Y5B8
TVP23C-CDRT4	golgiapparatus	HPA	
CHD9	nucleoplasm	HPA;GO	Q3L8U1
SEC61B	endoplasmicreticulum	HPA;GO	P60468
NCK2	cytosol	GO	O43639
HAUS2	microtubules	GO	Q9NVX0
DYNC2H1	cytosol	HPA	Q8NCM8
PSD4	actinfilaments	GO	Q8NDX1
GALE	cytosol	HPA;GO	Q14376
MPPED2	nucleoli	HPA	Q15777
HHIP	primarycilium	GO	Q96QV1
SECISBP2	nucleoplasm	HPA	Q96T21
SKAP1	plasmamembrane	HPA;GO	Q86WV1
SLC39A9	endoplasmicreticulum	HPA	Q9NUM3
CHST14	golgiapparatus	HPA;GO	Q8NCH0
BAIAP2	plasmamembrane	HPA;GO	Q9UQB8
PIK3C2B	nucleoplasm	HPA	O00750
TMEM147	endoplasmicreticulum	GO	Q9BVK8
AJUBA	cytosol	GO	Q96IF1
C1orf100	cytosol	HPA	Q5SVJ3
GAGE12C	golgiapparatus	HPA	A1L429
GMPR2	nucleoplasm	HPA	Q9P2T1
SMARCA2	nucleoplasm	HPA;GO	P51531
CLVS2	golgiapparatus	GO	Q5SYC1
UNC5C	plasmamembrane	GO	O95185
GTF2IRD1	nucleoplasm	HPA	Q9UHL9
GPR158	plasmamembrane	GO	Q5T848
TREM2	plasmamembrane	GO	Q9NZC2
TNFRSF1A	plasmamembrane	GO	P19438
MED20	nucleoplasm	GO	Q9H944
TMEM125	cytosol	HPA	Q96AQ2
DIS3L	centrosome	HPA	Q8TF46
ROCK2	cytosol	HPA;GO	O75116
RAF1	plasmamembrane	HPA;GO	P04049
DDX47	nucleoli	HPA;GO	Q9H0S4
THYN1	nucleoli	HPA	Q9P016
BEND5	cytosol	HPA	Q7L4P6
IGLV1-51	plasmamembrane	GO	P01701
TNS1	actinfilaments	HPA;GO	Q9HBL0
FLVCR1	plasmamembrane	HPA;GO	Q9Y5Y0
FLYWCH1	nucleoplasm	HPA;GO	Q4VC44
PSMG1	golgiapparatus	HPA	O95456
RPS19BP1	nucleoli	HPA	Q86WX3
SCARF2	nucleoplasm	HPA	Q96GP6
ARL3	primarycilium	HPA;GO	P36405
XPO1	cytosol	HPA;GO	O14980
EAF1	nucleoplasm	HPA;GO	Q96JC9
LIN7C	plasmamembrane	GO	Q9NUP9
ISCA2	mitochondria	GO	Q86U28
NFKB1	nucleoplasm	HPA;GO	P19838
WNT7B	plasmamembrane	GO	P56706
PDGFA	endoplasmicreticulum	GO	P04085
PHETA1	golgiapparatus	GO	Q8N4B1
H2BC14	nucleoplasm	HPA;GO	Q99879
FMNL2	plasmamembrane	HPA	Q96PY5
CCDC152	cytosol	HPA	Q4G0S7
LGSN	nucleoplasm	HPA	Q5TDP6
PHF23	cytosol	HPA	Q9BUL5
KRTAP1-3	cytosol	GO	Q8IUG1
ZMYM3	nucleoplasm	HPA	Q14202
SF3B6	nucleoplasm	HPA;GO	Q9Y3B4
CDKN3	cytosol	HPA	Q00526
SDE2	nucleoplasm	HPA;GO	Q6IQ49
C12orf60	nucleoplasm	HPA	Q5U649
DNAJB5	nucleoplasm	HPA	O75953
TCTN2	primarycilium	HPA;GO	Q96GX1
RALB	plasmamembrane	GO	P11234
ERC1	cytosol	GO	Q8IUD2
CENPH	nucleoli	HPA	Q9H3R5
CBX3	microtubules	GO	Q13185
ALS2CL	cytosol	GO	Q60I27
POLR2J3	nucleoplasm	HPA	Q9H1A7
AKT3	plasmamembrane	HPA	Q9Y243
SERPINB10	plasmamembrane	GO	P48595
NKX2-6	nuclearmembrane	HPA	A6NCS4
FBXW5	mitochondria	HPA	Q969U6
BRWD3	nucleoplasm	HPA	Q6RI45
KHK	cytosol	HPA;GO	P50053
ARL9	plasmamembrane	HPA	Q6T311
CCDC27	cytosol	HPA	Q2M243
ARHGEF1	cytosol	HPA;GO	Q92888
PAWR	cytosol	HPA	Q96IZ0
PIK3CG	plasmamembrane	HPA	P48736
SNAPC3	nucleoli	HPA	Q92966
F8	endoplasmicreticulum	GO	P00451
PBXIP1	nucleoplasm	HPA	Q96AQ6
GARIN4	golgiapparatus	GO	Q8IYT1
TM7SF3	nucleoplasm	HPA	Q9NS93
PITPNB	golgiapparatus	GO	P48739
B3GNTL1	nucleoli	HPA	Q67FW5
APOBEC3D	cytosol	GO	Q96AK3
NCKAP5L	microtubules	GO	Q9HCH0
CHCHD5	mitochondria	HPA	Q9BSY4
MKS1	cytosol	GO	Q9NXB0
VIPR2	actinfilaments	HPA	P41587
VWF	endoplasmicreticulum	GO	P04275
DDX31	golgiapparatus	HPA	Q9H8H2
NANP	cytosol	HPA;GO	Q8TBE9
PHF11	nucleoplasm	HPA	Q9UIL8
RGS18	golgiapparatus	HPA	Q9NS28
ACKR2	actinfilaments	GO	O00590
CYP4A11	endoplasmicreticulum	GO	Q02928
TEX101	plasmamembrane	GO	Q9BY14
GPALPP1	nucleoplasm	HPA	Q8IXQ4
NT5C1B	cytosol	GO	Q96P26
ZBTB41	nuclearmembrane	HPA	Q5SVQ8
PER2	nucleoplasm	HPA	O15055
BACE2	plasmamembrane	GO	Q9Y5Z0
PROC	endoplasmicreticulum	GO	P04070
POLB	cytosol	HPA	P06746
MADD	cytosol	HPA;GO	Q8WXG6
PPP2R5D	nucleoplasm	GO	Q14738
GFRAL	plasmamembrane	HPA;GO	Q6UXV0
ATP13A3	nucleoli	HPA	Q9H7F0
KRT34	cytosol	HPA;GO	O76011
GAB1	plasmamembrane	HPA;GO	Q13480
TYW1B	nucleoplasm	HPA	Q6NUM6
ARSF	cytosol	HPA	P54793
C2orf68	mitochondria	HPA	Q2NKX9
TTR	golgiapparatus	HPA	P02766
MPRIP	cytosol	HPA	Q6WCQ1
RTCB	cytosol	HPA	Q9Y3I0
TMEM134	cytosol	HPA	Q9H6X4
CAND2	cytosol	HPA;GO	O75155
LCK	plasmamembrane	GO	P06239
ARID5A	nucleoli	HPA	Q03989
GNG13	plasmamembrane	GO	Q9P2W3
FAM186B	primarycilium	HPA	Q8IYM0
RAB21	plasmamembrane	GO	Q9UL25
SIK2	intermediatefilaments	HPA	Q9H0K1
SAP30L	nucleoplasm	HPA;GO	Q9HAJ7
LEO1	centrosome	HPA	Q8WVC0
DYNLL2	primarycilium	GO	Q96FJ2
NPR3	plasmamembrane	GO	P17342
CDC40	nucleoplasm	HPA;GO	O60508
BCR	plasmamembrane	HPA	P11274
PPP2CB	nucleoplasm	HPA	P62714
MISP	microtubules	GO	Q8IVT2
ZNF474	plasmamembrane	HPA	Q6S9Z5
CETN1	centrosome	GO	Q12798
CRTC1	nucleoplasm	HPA	Q6UUV9
YY1AP1	nucleoplasm	GO	Q9H869
ANKRD39	nucleoplasm	HPA	Q53RE8
AHRR	cytosol	HPA	A9YTQ3
LRRC4C	cytosol	HPA	Q9HCJ2
RIDA	cytosol	GO	P52758
H1-10	nucleoli	HPA	Q92522
KHDRBS1	nucleoplasm	HPA;GO	Q07666
ATP6V0A2	plasmamembrane	HPA	Q9Y487
C16orf96	centrosome	HPA	A6NNT2
SLC4A7	actinfilaments	HPA	Q9Y6M7
DMTN	cytosol	GO	Q08495
CCNC	nucleoplasm	HPA;GO	P24863
SLC22A16	plasmamembrane	HPA;GO	Q86VW1
WDR12	cytosol	HPA	Q9GZL7
ETV5	nucleoplasm	HPA	P41161
ITPKB	cytosol	GO	P27987
BMPR1A	plasmamembrane	GO	P36894
PPFIA3	plasmamembrane	GO	O75145
COX7C	mitochondria	GO	P15954
SMC4	cytosol	HPA;GO	Q9NTJ3
DOCK6	cytosol	HPA;GO	Q96HP0
SESN2	cytosol	HPA;GO	P58004
KARS1	mitochondria	GO	Q15046
ORMDL3	plasmamembrane	GO	Q8N138
SYTL3	nucleoli	HPA	Q4VX76
B3GNT7	microtubules	HPA	Q8NFL0
CLIC5	nucleoplasm	HPA	Q9NZA1
IL1RN	plasmamembrane	GO	P18510
RHOBTB1	cytosol	HPA	O94844
PAFAH1B3	intermediatefilaments	HPA	Q15102
ARID4B	cytosol	HPA	Q4LE39
CENPJ	centrosome	HPA;GO	Q9HC77
SLCO1B3	plasmamembrane	HPA;GO	Q9NPD5
BAG6	cytosol	HPA;GO	P46379
DDX25	cytosol	HPA	Q9UHL0
SLC25A46	mitochondria	HPA;GO	Q96AG3
NFKBIA	nucleoplasm	GO	P25963
PEX3	endoplasmicreticulum	GO	P56589
NBPF3	nucleoplasm	HPA	Q9H094
TFDP2	microtubules	HPA	Q14188
GAREM1	cytosol	HPA	Q9H706
COL25A1	cytosol	HPA	Q9BXS0
ASMT	cytosol	GO	P46597
SIRT5	mitochondria	HPA;GO	Q9NXA8
ACBD6	nucleoplasm	HPA	Q9BR61
GRAMD2A	endoplasmicreticulum	GO	Q8IUY3
RAB8A	primarycilium	HPA;GO	P61006
VASP	cytosol	GO	P50552
SHANK1	plasmamembrane	HPA	Q9Y566
ZNF22	nucleoplasm	HPA	P17026
RSPH10B	plasmamembrane	HPA	P0C881
KCTD10	nucleoplasm	HPA	Q9H3F6
NFE2L2	golgiapparatus	HPA	Q16236
ALOX12	cytosol	HPA;GO	P18054
NAB1	nucleoplasm	HPA;GO	Q13506
ZNF33A	nucleoli	HPA	Q06730
APBB1	plasmamembrane	HPA;GO	O00213
GMFB	nucleoplasm	HPA	P60983
RFX3	cytosol	HPA	P48380
TTLL3	cytosol	GO	Q9Y4R7
TNFSF15	cytosol	HPA	O95150
HCK	cytosol	HPA;GO	P08631
CNEP1R1	nuclearmembrane	GO	Q8N9A8
DNAJC6	plasmamembrane	HPA	O75061
TNIP3	nucleoplasm	HPA	Q96KP6
NFU1	mitochondria	GO	Q9UMS0
C2CD2	nucleoplasm	HPA	Q9Y426
ITGA5	actinfilaments	GO	P08648
TMEM138	primarycilium	HPA;GO	Q9NPI0
PTK2	plasmamembrane	GO	Q05397
FBXW7	nucleoli	GO	Q969H0
TBX15	nucleoplasm	HPA	Q96SF7
PSMD9	cytosol	HPA;GO	O00233
PSME1	nucleoplasm	HPA;GO	Q06323
PRKACG	cytosol	HPA;GO	P22612
SNRPD2	nucleoplasm	GO	P62316
PYM1	nucleoli	HPA	Q9BRP8
CEP43	cytosol	GO	O95684
DHX40	nucleoplasm	HPA	Q8IX18
LRRN3	cytosol	HPA	Q9H3W5
WDR41	golgiapparatus	HPA	Q9HAD4
ISM2	cytosol	HPA	Q6H9L7
NIPAL1	golgiapparatus	HPA	Q6NVV3
ADAM9	actinfilaments	GO	Q13443
MT-ND1	mitochondria	GO	P03886
ZNF234	nucleoplasm	HPA	Q14588
RPS16	cytosol	HPA;GO	P62249
BRI3	plasmamembrane	GO	O95415
AGBL3	cytosol	HPA	Q8NEM8
MRPL40	mitochondria	HPA;GO	Q9NQ50
SEPHS2	nucleoplasm	HPA	Q99611
PPID	nucleoli	HPA;GO	Q08752
YWHAE	mitochondria	GO	P62258
APOL1	endoplasmicreticulum	GO	O14791
TMEM184C	nucleoplasm	HPA	Q9NVA4
TTC4	intermediatefilaments	HPA	O95801
CYTH4	cytosol	GO	Q9UIA0
SLC7A6	plasmamembrane	HPA;GO	Q92536
SV2A	cytosol	HPA	Q7L0J3
ATP8B1	golgiapparatus	GO	O43520
LCORL	nucleoplasm	HPA	Q8N3X6
NR2F2	nucleoplasm	HPA	P24468
PRTFDC1	nucleoplasm	HPA	Q9NRG1
SIX2	nucleoplasm	HPA	Q9NPC8
ZBED5	nucleoplasm	HPA	Q49AG3
SLC33A1	cytosol	HPA	O00400
KDR	cytosol	HPA	P35968
H3Y2	nucleoplasm	HPA;GO	P0DPK5
C14orf39	nucleoplasm	HPA	Q8N1H7
ZNF804A	endoplasmicreticulum	HPA	Q7Z570
KLHL29	mitochondria	HPA	Q96CT2
TIMM21	mitochondria	GO	Q9BVV7
RPS10-NUDT3	cytosol	HPA	
GABRA1	plasmamembrane	HPA;GO	P14867
MED19	nucleoplasm	HPA;GO	A0JLT2
PRR7	plasmamembrane	HPA;GO	Q8TB68
CPSF7	cytosol	HPA	Q8N684
BABAM2	cytosol	HPA;GO	Q9NXR7
DIRAS1	plasmamembrane	HPA;GO	O95057
PIK3R1	cytosol	HPA;GO	P27986
SF3A2	nucleoplasm	HPA;GO	Q15428
ATP5F1D	mitochondria	HPA;GO	P30049
FGB	plasmamembrane	GO	P02675
PPIL2	plasmamembrane	GO	Q13356
IL1RL1	actinfilaments	HPA	Q01638
PARP10	nucleoli	HPA	Q53GL7
UBE2M	nucleoli	HPA	P61081
RNF26	cytosol	HPA	Q9BY78
RPS4X	plasmamembrane	GO	P62701
OR8K3	plasmamembrane	GO	Q8NH51
SYT9	plasmamembrane	GO	Q86SS6
C1orf74	plasmamembrane	HPA	Q96LT6
CLASRP	nucleoplasm	HPA	Q8N2M8
BBOF1	centrosome	HPA	Q8ND07
CFAP97	primarycilium	HPA	Q9P2B7
CD99	plasmamembrane	GO	P14209
MYH2	actinfilaments	GO	Q9UKX2
FADS2	endoplasmicreticulum	HPA;GO	O95864
DOCK11	cytosol	GO	Q5JSL3
EPS8L2	plasmamembrane	GO	Q9H6S3
ERICH3	primarycilium	GO	Q5RHP9
ADCY3	nucleoplasm	HPA	O60266
LEF1	nucleoplasm	HPA;GO	Q9UJU2
NLGN3	golgiapparatus	HPA	Q9NZ94
CTPS2	mitochondria	HPA	Q9NRF8
PHOSPHO2	nucleoplasm	HPA	Q8TCD6
ZNF747	centrosome	HPA	Q9BV97
SCAI	nucleoplasm	HPA;GO	Q8N9R8
PDGFC	cytosol	HPA	Q9NRA1
TRPT1	mitochondria	HPA	Q86TN4
COQ9	cytosol	HPA	O75208
GPR50	nucleoplasm	HPA	Q13585
ZNF614	cytosol	HPA	Q8N883
PLPP4	plasmamembrane	GO	Q5VZY2
CIMIP2B	primarycilium	GO	A8MTA8
CLBA1	cytosol	HPA	Q96F83
EFCC1	nucleoplasm	HPA	Q9HA90
AREG	endoplasmicreticulum	GO	P15514
TRIM39-RPP21	cytosol	HPA	
FAM229B	nucleoli	HPA	Q4G0N7
IL31RA	cytosol	HPA	Q8NI17
ABCA4	primarycilium	GO	P78363
FOXN3	nucleoplasm	HPA	O00409
MIS12	nucleoplasm	GO	Q9H081
MAFB	golgiapparatus	HPA	Q9Y5Q3
PDE4A	cytosol	GO	P27815
NAA60	golgiapparatus	GO	Q9H7X0
PCP4L1	mitochondria	HPA	A6NKN8
RPS29	endoplasmicreticulum	HPA	P62273
NPHP3	primarycilium	HPA;GO	Q7Z494
EXT1	golgiapparatus	GO	Q16394
FRMD4A	golgiapparatus	HPA	Q9P2Q2
H2BC12	nucleoplasm	HPA;GO	O60814
ABCB6	mitochondria	HPA;GO	Q9NP58
EIF2AK2	cytosol	HPA;GO	P19525
PJA1	nucleoplasm	HPA	Q8NG27
TAMALIN	nucleoplasm	HPA	Q7Z6J2
TMEM184B	cytosol	HPA	Q9Y519
TUB	primarycilium	HPA	P50607
VASN	nucleoli	HPA	Q6EMK4
HLCS	cytosol	HPA;GO	P50747
GRIP1	cytosol	GO	Q96DT0
SHISA9	cytosol	HPA	B4DS77
GRAMD2B	nucleoplasm	HPA	Q96HH9
YBX3	cytosol	HPA	P16989
LRMDA	cytosol	HPA	Q9H2I8
ARMH4	plasmamembrane	HPA	Q86TY3
FKBP6	microtubules	HPA	O75344
TXK	nucleoli	HPA	P42681
RGS4	plasmamembrane	GO	P49798
SLC12A8	nucleoplasm	HPA	A0AV02
CYB5B	endoplasmicreticulum	HPA;GO	O43169
HOXD3	nucleoplasm	HPA	P31249
DCK	cytosol	GO	P27707
NSL1	cytosol	GO	Q7Z3B3
KRT5	intermediatefilaments	HPA;GO	P13647
STEAP2	cytosol	GO	Q8NFT2
ECSIT	mitochondria	GO	Q9BQ95
ATAD2	nucleoplasm	HPA;GO	Q6PL18
CXCL16	golgiapparatus	HPA	Q9H2A7
PCID2	nucleoplasm	HPA	Q5JVF3
CFAP161	microtubules	GO	Q6P656
KLHL20	nucleoplasm	GO	Q9Y2M5
MUC12	golgiapparatus	GO	Q9UKN1
TMCC1	endoplasmicreticulum	GO	O94876
SOCS5	cytosol	HPA;GO	O75159
ZACN	plasmamembrane	GO	Q401N2
WNT7A	golgiapparatus	GO	O00755
RPS3A	endoplasmicreticulum	HPA	P61247
CLCN5	golgiapparatus	HPA	P51795
CLPTM1	endoplasmicreticulum	HPA	O96005
CTXN1	plasmamembrane	HPA	P60606
NTRK3	nucleoli	HPA	Q16288
ITGA10	plasmamembrane	GO	O75578
ASB13	golgiapparatus	HPA	Q8WXK3
DLL3	golgiapparatus	HPA	Q9NYJ7
FSD1	cytosol	HPA	Q9BTV5
CDV3	plasmamembrane	HPA	Q9UKY7
FAM90A18	nucleoplasm	HPA	P0DV75
PSMD5	centrosome	HPA	Q16401
MRPS10	actinfilaments	HPA	P82664
MALT1	nucleoli	HPA	Q9UDY8
CLINT1	golgiapparatus	GO	Q14677
SCN5A	plasmamembrane	HPA;GO	Q14524
EOGT	nuclearmembrane	HPA	Q5NDL2
EDRF1	cytosol	HPA	Q3B7T1
ZC3HAV1L	cytosol	HPA	Q96H79
PRELP	golgiapparatus	GO	P51888
HINFP	nucleoplasm	GO	Q9BQA5
NOTCH1	plasmamembrane	GO	P46531
CD28	cytosol	GO	P10747
NSF	cytosol	HPA;GO	P46459
DYRK3	centrosome	GO	O43781
CERS3	nucleoplasm	HPA	Q8IU89
SYCE2	nucleoplasm	HPA	Q6PIF2
DGKB	cytosol	GO	Q9Y6T7
CHCHD7	plasmamembrane	HPA	Q9BUK0
ECT2	actinfilaments	GO	Q9H8V3
CYP26C1	endoplasmicreticulum	GO	Q6V0L0
GPRIN1	plasmamembrane	HPA	Q7Z2K8
C4orf3	endoplasmicreticulum	HPA	Q8WVX3
NONO	nucleoli	HPA	Q15233
CCDC18	centrosome	GO	Q5T9S5
THBD	nucleoplasm	HPA	P07204
PWWP2A	actinfilaments	HPA	Q96N64
MPP4	cytosol	HPA	Q96JB8
KCNJ18	endoplasmicreticulum	GO	B7U540
TCEA1	nucleoplasm	HPA;GO	P23193
MPP1	centrosome	HPA	Q00013
CFAP52	centrosome	HPA	Q8N1V2
TMPO	nuclearmembrane	HPA	P42166
CAPZB	nucleoplasm	HPA	P47756
KDM8	nucleoplasm	HPA	Q8N371
INTS6L	mitochondria	HPA	Q5JSJ4
CEBPA	nucleoplasm	HPA;GO	P49715
YWHAG	cytosol	HPA;GO	P61981
KIF3B	nucleoplasm	HPA	O15066
APOC3	nucleoli	HPA	P02656
CTSV	cytosol	HPA	O60911
POU3F1	nucleoplasm	HPA;GO	Q03052
MATCAP1	microtubules	GO	Q68EN5
FAM110B	cytosol	HPA	Q8TC76
PNKD	mitochondria	HPA	Q8N490
CRTAP	cytosol	HPA	O75718
MCTS2	plasmamembrane	HPA	A0A3B3IRV3
RAB27B	cytosol	HPA	O00194
PIGQ	endoplasmicreticulum	GO	Q9BRB3
PLEC	plasmamembrane	GO	Q15149
FAM76A	cytosol	HPA	Q8TAV0
PMM1	cytosol	HPA;GO	Q92871
CARD11	cytosol	GO	Q9BXL7
RYR1	plasmamembrane	GO	P21817
PKIG	plasmamembrane	HPA	Q9Y2B9
DHX9	centrosome	GO	Q08211
PLA2G6	microtubules	HPA	O60733
NHERF2	plasmamembrane	GO	Q15599
RAB3A	plasmamembrane	GO	P20336
SIPA1L1	plasmamembrane	HPA	O43166
MYH6	actinfilaments	GO	P13533
IL20RB	plasmamembrane	GO	Q6UXL0
CCDC65	cytosol	HPA	Q8IXS2
SYN2	nucleoplasm	HPA	Q92777
ADSS2	cytosol	HPA;GO	P30520
ENSG00000288000	nucleoplasm	HPA	
APP	plasmamembrane	GO	P05067
CACNA1E	cytosol	HPA	Q15878
COPA	golgiapparatus	HPA;GO	P53621
PPP1R3E	mitochondria	HPA	Q9H7J1
SMURF2	nucleoplasm	HPA;GO	Q9HAU4
SMAD1	nuclearmembrane	GO	Q15797
PDP1	cytosol	HPA	Q8IY26
ADAM8	plasmamembrane	GO	P78325
MYH10	plasmamembrane	GO	P35580
SLC24A4	plasmamembrane	HPA;GO	Q8NFF2
ADGRG2	cytosol	HPA	Q8IZP9
NDUFB7	mitochondria	GO	P17568
DCTPP1	nucleoplasm	HPA	Q9H773
FAM163B	nucleoplasm	HPA	P0C2L3
LRFN4	plasmamembrane	GO	Q6PJG9
ZNF592	nucleoplasm	HPA	Q92610
COA4	nucleoli	HPA	Q9NYJ1
IGFBP7	golgiapparatus	HPA	Q16270
PDLIM7	plasmamembrane	GO	Q9NR12
ADAR	nucleoli	HPA	P55265
FAM204A	nucleoli	HPA	Q9H8W3
NOL12	nucleoli	HPA	Q9UGY1
BNIP1	mitochondria	GO	Q12981
PDCD11	nucleoplasm	GO	Q14690
GJA1	actinfilaments	GO	P17302
EFHD1	golgiapparatus	HPA	Q9BUP0
BLM	nucleoli	GO	P54132
FAHD1	cytosol	GO	Q6P587
GAGE2E	golgiapparatus	HPA	Q4V326
PARD3	cytosol	GO	Q8TEW0
EPS15	cytosol	HPA;GO	P42566
RAP1GDS1	mitochondria	GO	P52306
SHFL	cytosol	HPA;GO	Q9NUL5
CNGB1	cytosol	HPA	Q14028
TRPM1	plasmamembrane	HPA;GO	Q7Z4N2
ATG4A	actinfilaments	HPA	Q8WYN0
AMFR	golgiapparatus	HPA	Q9UKV5
ACSBG1	cytosol	GO	Q96GR2
PDE3A	cytosol	GO	Q14432
LAP3	microtubules	HPA	P28838
GABRA5	plasmamembrane	HPA;GO	P31644
GAGE12D	plasmamembrane	HPA	A1L429
LRRC17	microtubules	HPA	Q8N6Y2
SEC14L1	cytosol	HPA	Q92503
TARS1	actinfilaments	HPA	P26639
OIP5	nucleoplasm	HPA;GO	O43482
PROCA1	nuclearmembrane	HPA	Q8NCQ7
TAAR8	plasmamembrane	GO	Q969N4
ACAD11	mitochondria	GO	Q709F0
ENO2	cytosol	HPA;GO	P09104
SLC7A9	plasmamembrane	GO	P82251
ZNF564	golgiapparatus	HPA	Q8TBZ8
RAB6D	primarycilium	HPA	Q53S08
TNFRSF10C	plasmamembrane	GO	O14798
FES	nucleoplasm	HPA	P07332
SMAD9	nucleoplasm	HPA;GO	O15198
SBF1	endoplasmicreticulum	GO	O95248
APC2	golgiapparatus	GO	O95996
HYLS1	cytosol	HPA	Q96M11
GPR157	plasmamembrane	HPA	Q5UAW9
NAV3	microtubules	GO	Q8IVL0
SHE	nucleoplasm	HPA	Q5VZ18
MUS81	nucleoplasm	HPA;GO	Q96NY9
ZNF175	cytosol	HPA	Q9Y473
JMJD4	cytosol	GO	Q9H9V9
CPLANE2	cytosol	HPA	Q9BU20
FCHO2	centrosome	HPA	Q0JRZ9
SLC17A6	plasmamembrane	GO	Q9P2U8
PTK7	plasmamembrane	HPA;GO	Q13308
BGN	endoplasmicreticulum	HPA	P21810
SOAT1	endoplasmicreticulum	HPA;GO	P35610
NUDT11	cytosol	HPA;GO	Q96G61
PURG	nucleoplasm	HPA	Q9UJV8
CC2D2A	cytosol	GO	Q9P2K1
ZDHHC2	endoplasmicreticulum	GO	Q9UIJ5
PCNT	cytosol	GO	O95613
MRPL55	mitochondria	GO	Q7Z7F7
POF1B	plasmamembrane	GO	Q8WVV4
INPP4A	nuclearmembrane	HPA	Q96PE3
ORAI2	mitochondria	HPA	Q96SN7
TMOD3	plasmamembrane	GO	Q9NYL9
ANK1	plasmamembrane	GO	P16157
GJD2	plasmamembrane	GO	Q9UKL4
SNCB	cytosol	GO	Q16143
ENSG00000262660	mitochondria	HPA	
NAALAD2	plasmamembrane	GO	Q9Y3Q0
CRYZL1	cytosol	HPA;GO	O95825
RGS20	plasmamembrane	GO	O76081
KCNJ16	plasmamembrane	GO	Q9NPI9
PDGFRA	plasmamembrane	HPA;GO	P16234
PLIN4	plasmamembrane	HPA	Q96Q06
ABL1	cytosol	GO	P00519
CSTF2T	primarycilium	HPA	Q9H0L4
FAM13A	cytosol	HPA;GO	O94988
MSC	nucleoplasm	HPA	O60682
DUOX1	endoplasmicreticulum	GO	Q9NRD9
KLHL2	actinfilaments	GO	O95198
GSDMD	cytosol	GO	P57764
FSIP2	microtubules	HPA	Q5CZC0
EFCAB14	nucleoli	HPA	O75071
PRKAG3	nucleoplasm	GO	Q9UGI9
ERBB2	nucleoplasm	HPA	P04626
PLEKHH2	nucleoplasm	HPA	Q8IVE3
PHAX	nucleoplasm	HPA;GO	Q9H814
PTPRR	cytosol	HPA	Q15256
SENP3	nucleoli	HPA	Q9H4L4
SLCO4C1	plasmamembrane	HPA;GO	Q6ZQN7
LRRC42	nucleoplasm	HPA	Q9Y546
ATG10	cytosol	GO	Q9H0Y0
TPRX1	nucleoplasm	GO	Q8N7U7
OAS2	centrosome	HPA	P29728
ELOVL7	endoplasmicreticulum	GO	A1L3X0
NISCH	cytosol	HPA;GO	Q9Y2I1
SLC24A2	plasmamembrane	HPA;GO	Q9UI40
APBB1IP	plasmamembrane	HPA	Q7Z5R6
PLEKHG5	nucleoplasm	HPA	O94827
POU2F3	cytosol	HPA	Q9UKI9
TRIM34	nucleoli	HPA	Q9BYJ4
CBX4	nucleoplasm	HPA;GO	O00257
UNC119	centrosome	GO	Q13432
SPINT2	golgiapparatus	HPA	O43291
SPEM2	golgiapparatus	HPA	Q0P670
FSTL1	golgiapparatus	HPA	Q12841
RPL27A	cytosol	HPA;GO	P46776
OAZ1	cytosol	GO	P54368
DDX41	nucleoplasm	HPA;GO	Q9UJV9
AQP1	nuclearmembrane	GO	P29972
TP53TG3F	centrosome	HPA	Q9ULZ0
RPL30	actinfilaments	GO	P62888
PIK3C2A	golgiapparatus	GO	O00443
CD3D	plasmamembrane	GO	P04234
CD300A	plasmamembrane	HPA;GO	Q9UGN4
TM2D2	nucleoplasm	HPA	Q9BX73
FZR1	cytosol	GO	Q9UM11
ACADL	mitochondria	GO	P28330
NPIPB3	nucleoplasm	HPA	Q92617
KCNA10	plasmamembrane	GO	Q16322
KRTAP10-8	cytosol	GO	P60410
LYST	microtubules	GO	Q99698
MPV17	cytosol	GO	P39210
MTFR1L	plasmamembrane	HPA	Q9H019
ENDOV	cytosol	GO	Q8N8Q3
LETM1	mitochondria	HPA;GO	O95202
CDK4	nucleoli	HPA;GO	P11802
AKR7A3	cytosol	HPA;GO	O95154
NPIPA3	nucleoplasm	HPA	F8WFD2
PTER	nucleoplasm	HPA	Q96BW5
LRIT3	mitochondria	HPA	Q3SXY7
SLC8A3	cytosol	HPA	P57103
MPC2	mitochondria	GO	O95563
PAK6	cytosol	GO	Q9NQU5
CACNG8	plasmamembrane	GO	Q8WXS5
MAGEA3	endoplasmicreticulum	GO	P43357
POLR3H	centrosome	HPA	Q9Y535
ARHGAP22	actinfilaments	GO	Q7Z5H3
SMARCB1	nucleoli	HPA;GO	Q12824
LINGO3	mitochondria	HPA	P0C6S8
OR1C1	plasmamembrane	GO	Q15619
ZNF41	nucleoplasm	HPA	P51814
EFCAB5	mitochondria	HPA	A4FU69
RAP1GAP	cytosol	HPA;GO	P47736
NT5C3B	cytosol	GO	Q969T7
LY6K	actinfilaments	HPA	Q17RY6
AMN	plasmamembrane	GO	Q9BXJ7
DST	microtubules	HPA;GO	Q03001
CCN3	plasmamembrane	GO	P48745
HSD17B11	cytosol	GO	Q8NBQ5
BMI1	nucleoplasm	HPA;GO	P35226
TANK	cytosol	HPA;GO	Q92844
FIS1	mitochondria	HPA;GO	Q9Y3D6
UBXN7	cytosol	GO	O94888
COX11	mitochondria	GO	Q9Y6N1
MKX	nucleoplasm	HPA	Q8IYA7
PIP5K1A	plasmamembrane	HPA;GO	Q99755
MICALL1	plasmamembrane	HPA	Q8N3F8
IQGAP1	plasmamembrane	HPA;GO	P46940
TM9SF2	golgiapparatus	GO	Q99805
CHMP6	cytosol	GO	Q96FZ7
C11orf21	cytosol	HPA	Q9P2W6
ADCY2	plasmamembrane	GO	Q08462
GDF9	golgiapparatus	HPA	O60383
GTF2A1L	nucleoplasm	HPA	Q9UNN4
KCNK12	endoplasmicreticulum	GO	Q9HB15
FOXJ3	nucleoplasm	HPA	Q9UPW0
POGLUT1	endoplasmicreticulum	HPA;GO	Q8NBL1
DRD2	plasmamembrane	GO	P14416
MTFMT	cytosol	HPA	Q96DP5
ZFAND5	cytosol	HPA	O76080
INTS3	nucleoli	HPA	Q68E01
SELENOM	cytosol	HPA	Q8WWX9
SLC46A1	plasmamembrane	HPA;GO	Q96NT5
CASP4	cytosol	HPA;GO	P49662
SHQ1	nucleoplasm	HPA;GO	Q6PI26
TMEM229A	plasmamembrane	HPA	B2RXF0
MAEA	nucleoplasm	HPA;GO	Q7L5Y9
SELPLG	plasmamembrane	GO	Q14242
GPER1	plasmamembrane	GO	Q99527
UBE2B	nucleoplasm	HPA;GO	P63146
FNDC3A	centrosome	HPA	Q9Y2H6
RASSF1	microtubules	GO	Q9NS23
IGKV3D-7	plasmamembrane	HPA	A0A0C4DH55
TNFRSF12A	cytosol	HPA	Q9NP84
C19orf12	mitochondria	GO	Q9NSK7
FUBP1	nucleoplasm	HPA	Q96AE4
ZFAND2B	nucleoli	HPA	Q8WV99
CCND3	cytosol	GO	P30281
PPP2R5E	cytosol	HPA	Q16537
ZFYVE28	nucleoplasm	HPA	Q9HCC9
HCAR2	plasmamembrane	HPA;GO	Q8TDS4
MPP3	plasmamembrane	GO	Q13368
SMC3	cytosol	GO	Q9UQE7
RPL26L1	cytosol	HPA	Q9UNX3
TSNAX	nucleoplasm	HPA	Q99598
SLC27A4	endoplasmicreticulum	GO	Q6P1M0
REL	cytosol	GO	Q04864
LHFPL2	plasmamembrane	HPA;GO	Q6ZUX7
TMEM212	nucleoli	HPA	A6NML5
DGKE	plasmamembrane	GO	P52429
APOL6	nucleoplasm	HPA	Q9BWW8
PKN2	intermediatefilaments	HPA	Q16513
IER3	cytosol	GO	P46695
PIK3CB	microtubules	HPA	P42338
PDE5A	primarycilium	HPA	O76074
CHST2	cytosol	HPA	Q9Y4C5
VPS53	golgiapparatus	HPA;GO	Q5VIR6
ZGRF1	nucleoplasm	HPA	Q86YA3
NR1I2	nucleoplasm	HPA;GO	O75469
EIF2D	cytosol	HPA	P41214
TUT4	nucleoli	HPA	Q5TAX3
ZNF382	nucleoplasm	HPA	Q96SR6
NDUFS3	mitochondria	HPA;GO	O75489
MAP2K1	cytosol	HPA;GO	Q02750
MAGEC1	nucleoplasm	HPA	O60732
COG6	nucleoplasm	HPA	Q9Y2V7
LIMD1	nucleoplasm	HPA	Q9UGP4
MFN2	mitochondria	HPA;GO	O95140
FBXO9	cytosol	GO	Q9UK97
PSMB1	cytosol	GO	P20618
MAGI3	plasmamembrane	HPA	Q5TCQ9
VSIG10	centrosome	HPA	Q8N0Z9
GRK7	golgiapparatus	HPA	Q8WTQ7
MAP2	plasmamembrane	HPA	P11137
TMEM214	golgiapparatus	HPA	Q6NUQ4
ECHDC2	mitochondria	HPA	Q86YB7
GALNT17	nucleoplasm	HPA	Q49A17
WNT5B	golgiapparatus	GO	Q9H1J7
DKC1	nucleoplasm	HPA;GO	O60832
PPP3CB	cytosol	HPA;GO	P16298
RAPGEF2	cytosol	HPA;GO	Q9Y4G8
PRKAA2	cytosol	GO	P54646
MYLK3	nucleoplasm	HPA	Q32MK0
CDC42	centrosome	GO	P60953
VAPA	endoplasmicreticulum	HPA;GO	Q9P0L0
RPS15	actinfilaments	GO	P62841
CCT3	cytosol	HPA;GO	P49368
NEFL	microtubules	HPA	P07196
MTHFR	cytosol	GO	P42898
SS18L2	nucleoli	HPA	Q9UHA2
ACTL6A	cytosol	HPA	O96019
CIAO2B	nucleoplasm	HPA	Q9Y3D0
SUV39H2	nucleoplasm	GO	Q9H5I1
STAR	mitochondria	GO	P25092
PEBP1	plasmamembrane	HPA	P30086
PSMD12	nucleoplasm	HPA;GO	O00232
ENSG00000244255	endoplasmicreticulum	HPA	
PIP5K1C	plasmamembrane	GO	O60331
TFG	endoplasmicreticulum	GO	Q92734
IFT88	cytosol	GO	Q13099
PARM1	golgiapparatus	GO	Q6UWI2
ZNF12	centrosome	HPA	P17014
ALCAM	actinfilaments	GO	Q13740
LRRC28	golgiapparatus	HPA	Q86X40
NRK	cytosol	HPA	Q7Z2Y5
RPS6KA5	nucleoplasm	HPA;GO	O75582
PARP2	nucleoplasm	HPA;GO	Q9UGN5
ANKZF1	nucleoplasm	HPA	Q9H8Y5
ZNF615	nucleoli	HPA	Q8N8J6
BCKDK	mitochondria	HPA;GO	O14874
FGD1	plasmamembrane	HPA	P98174
RETREG3	cytosol	HPA	Q86VR2
ROCK2	centrosome	GO	O75116
PGRMC2	endoplasmicreticulum	GO	O15173
SAMD14	nucleoplasm	HPA	Q8IZD0
METTL1	nucleoplasm	HPA	Q9UBP6
PTRH2	cytosol	GO	Q9Y3E5
TWIST1	nucleoplasm	GO	Q15672
DIS3	nucleoli	GO	Q9Y2L1
ASB6	cytosol	GO	Q9NWX5
MOK	endoplasmicreticulum	HPA	Q9UQ07
USF1	nucleoplasm	HPA;GO	P22415
GATA6	nucleoplasm	HPA;GO	Q92908
ZKSCAN2	nucleoplasm	HPA	Q63HK3
FIBP	nucleoplasm	HPA	O43427
TNFSF11	plasmamembrane	GO	O14788
RASAL2	actinfilaments	HPA	Q9UJF2
CYP4F12	endoplasmicreticulum	GO	Q9HCS2
SORBS1	cytosol	GO	Q9BX66
ARHGEF4	cytosol	GO	Q9NR80
CSPG4	golgiapparatus	GO	Q6UVK1
FEN1	nucleoplasm	HPA;GO	P39748
COX7A2	mitochondria	GO	P14406
SHF	nucleoplasm	HPA	Q7M4L6
SIAH2	nucleoplasm	HPA	O43255
HNRNPDL	cytosol	GO	O14979
CNR2	plasmamembrane	GO	P34972
MAGEA9B	nucleoplasm	HPA	P43362
PPP1R16A	plasmamembrane	HPA	Q96I34
SLC26A11	golgiapparatus	HPA;GO	Q86WA9
ZNRD2	cytosol	HPA	O60232
DSE	golgiapparatus	GO	Q9UL01
GPR146	plasmamembrane	GO	Q96CH1
OSGIN1	nucleoplasm	HPA	Q9UJX0
GEMIN2	cytosol	GO	O14893
MGMT	nucleoplasm	HPA;GO	P16455
ARIH1	nucleoplasm	HPA;GO	Q9Y4X5
NAA40	nucleoplasm	HPA	Q86UY6
GSTM2	microtubules	HPA	P28161
FLVCR2	endoplasmicreticulum	GO	Q9UPI3
DPYSL4	cytosol	GO	O14531
IFT172	primarycilium	GO	Q9UG01
GID8	nucleoplasm	HPA	Q9NWU2
GNB2	plasmamembrane	HPA;GO	P62879
MTMR8	cytosol	GO	Q96EF0
NEUROD4	nucleoplasm	HPA	Q9HD90
PLPBP	cytosol	HPA	O94903
AGRN	cytosol	HPA	O00468
GMNN	nucleoplasm	HPA;GO	O75496
SLC35F6	mitochondria	GO	Q8N357
ABAT	mitochondria	HPA;GO	P80404
FBXW10B	nucleoplasm	HPA	O95170
TBATA	primarycilium	GO	Q96M53
DDR1	plasmamembrane	HPA;GO	Q08345
LRRK1	cytosol	HPA	Q38SD2
MANBAL	mitochondria	HPA	Q9NQG1
TUBB1	microtubules	HPA	Q9H4B7
RPL10	cytosol	HPA;GO	P27635
DPYSL2	primarycilium	HPA	Q16555
C22orf39	endoplasmicreticulum	HPA	Q6P5X5
SCNN1D	actinfilaments	HPA	P51172
FBP1	mitochondria	HPA	P09467
FBXO36	nucleoplasm	HPA	Q8NEA4
KAT5	nucleoli	GO	Q92993
TCHP	mitochondria	GO	Q9BT92
OSBPL5	cytosol	GO	Q9H0X9
FAM193B	nucleoli	HPA	Q96PV7
KCNE1	plasmamembrane	GO	P15382
MBIP	nucleoplasm	HPA;GO	Q9NS73
ZHX2	nucleoplasm	HPA	Q9Y6X8
PLK3	centrosome	GO	Q9H4B4
ATAD5	nucleoplasm	HPA;GO	Q96QE3
GOLGA1	golgiapparatus	HPA;GO	Q92805
C3orf56	nucleoplasm	HPA	Q8N813
HMGN5	nucleoplasm	HPA	P82970
RGL3	cytosol	GO	Q3MIN7
C22orf15	plasmamembrane	HPA	Q8WYQ4
OTP	nucleoplasm	HPA	Q5XKR4
SLC34A3	plasmamembrane	GO	Q8N130
GCFC2	nucleoplasm	HPA;GO	P16383
LYAR	nucleoli	HPA;GO	Q9NX58
RAB29	mitochondria	GO	O14966
SCNN1B	plasmamembrane	GO	P51168
HIP1	plasmamembrane	GO	O00291
AQP11	plasmamembrane	HPA;GO	Q8NBQ7
VGLL4	nucleoli	HPA	Q14135
TBC1D5	golgiapparatus	HPA	Q92609
SLC18A1	endoplasmicreticulum	GO	P54219
H1-1	nucleoplasm	HPA;GO	Q02539
EXOC5	cytosol	GO	O00471
HMGA1	nuclearmembrane	HPA	P17096
NOL4L	nucleoplasm	HPA	Q96MY1
UBE2K	cytosol	HPA;GO	P61086
PCDH15	actinfilaments	HPA	Q96QU1
EEF1B2	cytosol	HPA;GO	P24534
KDM4D	nucleoplasm	HPA;GO	Q6B0I6
SARM1	mitochondria	HPA;GO	Q6SZW1
NOX4	endoplasmicreticulum	GO	Q9NPH5
PEMT	endoplasmicreticulum	HPA;GO	Q9UBM1
TKT	cytosol	GO	P29401
ARFGAP1	endoplasmicreticulum	HPA	Q8N6T3
AURKB	nucleoplasm	HPA;GO	Q96GD4
FER	actinfilaments	GO	P16591
SSBP1	mitochondria	HPA;GO	Q04837
STIP1	cytosol	HPA;GO	P31948
BTN3A1	plasmamembrane	GO	O00481
KRTAP2-3	cytosol	GO	P0C7H8
BRSK2	endoplasmicreticulum	GO	Q8IWQ3
KNSTRN	centrosome	HPA	Q9Y448
NDUFB4	mitochondria	HPA;GO	O95168
MTA1	microtubules	GO	Q13330
CYRIA	nucleoplasm	HPA	Q9H0Q0
CNNM3	cytosol	HPA	Q8NE01
JMJD1C	cytosol	HPA	Q15652
SLC26A9	golgiapparatus	GO	Q7LBE3
MAP2K4	cytosol	GO	P45985
CCDC74B	centrosome	HPA	Q96LY2
HVCN1	primarycilium	GO	Q96D96
NOL11	nucleoplasm	GO	Q9H8H0
FFAR4	primarycilium	GO	Q5NUL3
KIAA0930	mitochondria	HPA	Q6ICG6
CIDEC	cytosol	GO	Q96AQ7
KTN1	endoplasmicreticulum	HPA;GO	Q86UP2
MUC5AC	golgiapparatus	GO	P98088
STAMBP	plasmamembrane	HPA	O95630
IL27	endoplasmicreticulum	GO	Q8NEV9
PRR23A	microtubules	HPA	A6NEV1
CPEB3	microtubules	HPA	Q8NE35
STOX1	nucleoplasm	HPA	Q6ZVD7
HMX3	centrosome	HPA	A6NHT5
PDHX	mitochondria	HPA;GO	O00330
DISP1	plasmamembrane	HPA	Q96F81
GMFG	nucleoplasm	HPA	O60234
TRIM45	cytosol	HPA	Q9H8W5
REPS1	plasmamembrane	HPA;GO	Q96D71
SMAGP	plasmamembrane	HPA	Q0VAQ4
PTS	cytosol	HPA;GO	Q03393
C18orf54	cytosol	HPA	Q8IYD9
ENSG00000265118	golgiapparatus	HPA	
NLN	mitochondria	HPA	Q9BYT8
CDCA3	plasmamembrane	GO	Q99618
IDH2	mitochondria	HPA;GO	P48735
POLR2L	nucleoli	GO	P62875
ARHGAP40	cytosol	HPA;GO	Q5TG30
HS1BP3	mitochondria	GO	Q53T59
XPO1	nucleoli	GO	O14980
SEPTIN5	cytosol	HPA	Q99719
SLFN5	nucleoplasm	HPA	Q08AF3
DEDD2	nucleoli	GO	Q8WXF8
GNAS	cytosol	HPA	O95467
RPS26	nucleoplasm	GO	P62854
CFAP298	microtubules	HPA	P57076
GOLGA8B	golgiapparatus	HPA	A8MQT2
TMEM65	mitochondria	GO	Q6PI78
XPO6	nucleoplasm	HPA	Q96QU8
NOTCH3	cytosol	GO	Q9UM47
PLEKHA8	golgiapparatus	GO	Q96JA3
PTPN11	actinfilaments	HPA	Q06124
MAP7	microtubules	HPA	Q14244
CENPP	cytosol	GO	Q6IPU0
GALNT12	plasmamembrane	HPA	Q8IXK2
CLEC18A	endoplasmicreticulum	GO	A5D8T8
FLT1	cytosol	HPA	P17948
TNP1	nucleoplasm	GO	P09430
SPARC	mitochondria	GO	P09486
TEN1	nucleoplasm	HPA;GO	Q86WV5
PENK	endoplasmicreticulum	GO	P01210
CLPTM1L	endoplasmicreticulum	HPA;GO	Q96KA5
ZDHHC18	cytosol	HPA	Q9NUE0
PRKRIP1	nucleoplasm	GO	Q9H875
SASH1	cytosol	HPA	O94885
SOX18	nucleoplasm	HPA;GO	P35713
APC2	microtubules	HPA;GO	O95996
COL4A2	endoplasmicreticulum	GO	P08572
POLR2J	nucleoplasm	HPA;GO	P52435
MAPRE3	microtubules	GO	Q9UPY8
PLN	endoplasmicreticulum	GO	P26678
PRSS41	plasmamembrane	GO	Q7RTY9
PHPT1	plasmamembrane	HPA	Q9NRX4
CD86	plasmamembrane	HPA;GO	P42081
DLX6	nucleoplasm	HPA	P56179
SCAP	endoplasmicreticulum	GO	Q12770
CCDC9	cytosol	HPA	Q9Y3X0
CHUK	nucleoplasm	HPA	O15111
CBL	plasmamembrane	GO	P22681
SCNN1A	primarycilium	GO	P37088
ADH6	cytosol	GO	P28332
RTF2	nucleoplasm	HPA;GO	Q9BY42
FOLR1	plasmamembrane	GO	P15328
RALBP1	mitochondria	GO	Q15311
CDK5RAP3	microtubules	GO	Q96JB5
TAF5	nucleoli	GO	Q15542
DOK3	microtubules	HPA	Q7L591
PLCZ1	cytosol	GO	Q86YW0
UNC80	nucleoplasm	HPA	Q8N2C7
RPL7A	actinfilaments	GO	P62424
ANAPC11	nucleoplasm	HPA;GO	Q9NYG5
MKS1	nucleoli	HPA	Q9NXB0
TAGLN2	primarycilium	HPA	P37802
ENSG00000269035	cytosol	HPA	
LSAMP	cytosol	HPA	Q13449
HDAC1	nucleoplasm	HPA;GO	Q13547
PRX	golgiapparatus	HPA	Q9BXM0
HSPA1L	nucleoplasm	GO	P34931
MAPK9	cytosol	HPA;GO	P45984
PLK3	nucleoli	GO	Q9H4B4
CHPF2	golgiapparatus	GO	Q9P2E5
ERCC6L	cytosol	GO	Q2NKX8
VLDLR	plasmamembrane	GO	P98155
NT5C1B	nucleoli	HPA	Q96P26
CEP43	centrosome	HPA;GO	O95684
NDUFA9	nucleoplasm	HPA	Q16795
RPA3	nucleoplasm	GO	P35244
HINT1	cytosol	HPA	P49773
RALGAPA1	mitochondria	HPA	Q6GYQ0
PSKH1	nucleoplasm	HPA	P11801
CRK	primarycilium	HPA	P46108
FAM178B	golgiapparatus	HPA	Q8IXR5
ISM2	centrosome	HPA	Q6H9L7
KRTAP20-1	cytosol	GO	Q3LI63
TNS4	plasmamembrane	GO	Q8IZW8
TIGIT	plasmamembrane	GO	Q495A1
ZNF189	intermediatefilaments	HPA	O75820
CRIP2	nucleoplasm	HPA	P52943
ZNF559	nucleoplasm	HPA	Q9BR84
DPYSL5	nucleoplasm	HPA	Q9BPU6
AFP	golgiapparatus	HPA	P02771
MUC7	golgiapparatus	GO	Q8TAX7
GARIN1A	nucleoplasm	HPA	Q6NXP2
TMEM178B	nucleoli	HPA	H3BS89
TEX13C	plasmamembrane	HPA	A0A0J9YWL9
PSMA4	cytosol	HPA;GO	P25789
YWHAE	actinfilaments	GO	P62258
HEPACAM2	golgiapparatus	GO	A8MVW5
PKD2L1	primarycilium	GO	Q9P0L9
CDC42EP3	plasmamembrane	HPA	Q9UKI2
RAB5A	cytosol	GO	P20339
CHAC1	cytosol	GO	Q9BUX1
TNFRSF14	plasmamembrane	HPA;GO	Q92956
RACK1	cytosol	HPA;GO	P63244
ANO1	plasmamembrane	HPA;GO	Q5XXA6
TADA1	cytosol	HPA	Q96BN2
DCUN1D2	cytosol	HPA	Q6PH85
GGCT	cytosol	GO	O75223
C2orf50	cytosol	HPA	Q96LR7
POMT2	endoplasmicreticulum	GO	Q9UKY4
PCDHB4	nuclearmembrane	HPA	Q9Y5E5
APOB	endoplasmicreticulum	GO	P04114
SSX3	nucleoplasm	HPA	Q99909
NAE1	microtubules	HPA	Q13564
ATG3	cytosol	HPA;GO	Q9NT62
OAF	nucleoplasm	HPA	Q86UD1
STX6	golgiapparatus	HPA;GO	O43752
SPAG5	microtubules	HPA;GO	Q96R06
RAI14	actinfilaments	HPA	Q9P0K7
METTL5	nucleoli	HPA	Q9NRN9
MARCHF1	plasmamembrane	GO	Q8TCQ1
MAP1LC3B2	primarycilium	HPA	A6NCE7
TUBGCP5	primarycilium	HPA	Q96RT8
TMTC2	actinfilaments	HPA	Q8N394
EXOSC4	cytosol	HPA;GO	Q9NPD3
TTPA	cytosol	GO	P49638
MUC20	golgiapparatus	GO	Q8N307
ASRGL1	cytosol	GO	Q7L266
FAM107B	golgiapparatus	HPA	Q9H098
IFI16	nucleoplasm	HPA	Q16666
WDR12	nucleoli	HPA;GO	Q9GZL7
HES4	cytosol	HPA	Q9HCC6
LLGL1	actinfilaments	GO	Q15334
MRPL42	mitochondria	HPA;GO	Q9Y6G3
PFKFB1	cytosol	GO	P16118
EFCAB13	nucleoplasm	HPA	Q8IY85
IRAK4	microtubules	HPA	Q9NWZ3
KCNH5	nucleoplasm	HPA	Q8NCM2
AADAT	plasmamembrane	HPA	Q8N5Z0
APBB2	golgiapparatus	GO	Q92870
LZTS1	plasmamembrane	HPA	Q9Y250
DLX1	nucleoplasm	HPA	P56177
SCML1	nucleoplasm	HPA	Q9UN30
ADK	nucleoplasm	HPA	P55263
MED11	nucleoplasm	HPA;GO	Q9P086
VSIR	plasmamembrane	GO	Q9H7M9
MUC1	golgiapparatus	GO	P15941
RASAL3	nucleoplasm	HPA	Q86YV0
BCLAF3	nucleoplasm	HPA	A2AJT9
C2orf81	nucleoplasm	HPA	A6NN90
RPL4	cytosol	HPA;GO	P36578
MLH1	nucleoplasm	HPA;GO	P40692
TNNT2	cytosol	GO	P45379
PSMB2	nucleoplasm	HPA;GO	P49721
SMTN	nucleoplasm	HPA	P53814
SRGAP2C	primarycilium	HPA	P0DJJ0
CAPN8	nucleoplasm	HPA	A6NHC0
UTP25	nucleoplasm	GO	Q68CQ4
PCSK6	plasmamembrane	GO	P29122
GFRA4	plasmamembrane	GO	Q9GZZ7
RIT2	cytosol	HPA	Q99578
GCLC	nucleoplasm	HPA	P48506
ACSM3	mitochondria	GO	Q53FZ2
VAMP3	golgiapparatus	GO	Q15836
RNF39	plasmamembrane	HPA	Q9H2S5
HNRNPR	nucleoplasm	HPA;GO	O43390
XRN2	nucleoli	HPA;GO	Q9H0D6
EFCAB12	microtubules	HPA	Q6NXP0
TEC	cytosol	GO	P42680
MYL2	actinfilaments	GO	P10916
IGHV3-30	plasmamembrane	GO	P01768
ANLN	cytosol	GO	Q9NQW6
TSN	cytosol	GO	Q15631
KPNA7	nucleoplasm	GO	A9QM74
SCMH1	cytosol	HPA	Q96GD3
GPR18	plasmamembrane	GO	Q14330
EVA1C	cytosol	HPA	P58658
AWAT2	endoplasmicreticulum	GO	Q6E213
ACADSB	mitochondria	HPA;GO	P45954
RPS7	actinfilaments	GO	P62081
MASTL	centrosome	GO	Q96GX5
TMCO3	cytosol	HPA	Q6UWJ1
SLC22A3	cytosol	HPA	O75751
ACKR1	plasmamembrane	GO	Q16570
LAYN	cytosol	HPA	Q6UX15
EIF5B	plasmamembrane	HPA	O60841
PLCD4	endoplasmicreticulum	HPA;GO	Q9BRC7
FANCE	cytosol	GO	Q9HB96
RNF10	cytosol	GO	Q8N5U6
COQ7	mitochondria	GO	Q99807
ZNF236	plasmamembrane	HPA	Q9UL36
BOK	endoplasmicreticulum	GO	Q9UMX3
RCBTB2	golgiapparatus	HPA	O95199
TBC1D15	mitochondria	HPA	Q8TC07
CCDC66	centrosome	HPA;GO	A2RUB6
TMEM214	microtubules	GO	Q6NUQ4
SIPA1	nucleoplasm	HPA	Q96FS4
USO1	nucleoli	HPA	O60763
PRMT5	golgiapparatus	GO	O14744
GDAP2	endoplasmicreticulum	HPA	Q9NXN4
DMD	cytosol	GO	P11532
ANKRD40	cytosol	HPA	Q6AI12
SAPCD2	plasmamembrane	GO	Q86UD0
EIF5A	cytosol	HPA;GO	P63241
ANKRD52	mitochondria	HPA	Q8NB46
CPEB4	nucleoplasm	HPA	Q17RY0
MAGI2	plasmamembrane	GO	Q86UL8
GNG4	plasmamembrane	GO	P50150
SS18	nucleoplasm	HPA;GO	Q15532
TJP1	cytosol	GO	Q07157
CEP295	microtubules	GO	Q9C0D2
IGLV2-8	plasmamembrane	GO	P01709
VENTX	nucleoli	HPA	O95231
RFNG	nucleoplasm	HPA	Q9Y644
GAPT	plasmamembrane	HPA	Q8N292
FAU	cytosol	HPA;GO	P62861
MAF1	cytosol	HPA;GO	Q9H063
FTCD	endoplasmicreticulum	GO	O95954
DNAJB7	nucleoplasm	HPA	Q7Z6W7
CLK2	nucleoplasm	HPA	P49760
CIB1	centrosome	GO	Q99828
CCDC12	nucleoplasm	HPA;GO	Q8WUD4
CLTB	plasmamembrane	HPA	P09497
CASZ1	cytosol	HPA	Q86V15
GNB5	cytosol	HPA;GO	O14775
HDAC3	nucleoplasm	HPA;GO	O15379
KIF17	cytosol	HPA;GO	Q9P2E2
NFAM1	plasmamembrane	HPA;GO	Q8NET5
USP32	golgiapparatus	HPA;GO	Q8NFA0
RTRAF	centrosome	GO	Q9Y224
ZNF654	microtubules	HPA	Q8IZM8
SLC44A1	nucleoplasm	HPA	Q8WWI5
PSTK	nucleoplasm	HPA	Q8IV42
TRAK2	nucleoplasm	HPA	O60296
NEDD4L	cytosol	GO	Q96PU5
PLEKHA4	centrosome	HPA	Q9H4M7
RPN2	endoplasmicreticulum	HPA;GO	P04844
CYP3A43	endoplasmicreticulum	GO	Q9HB55
DCSTAMP	endoplasmicreticulum	GO	Q9H295
TTLL9	primarycilium	HPA	Q3SXZ7
MVB12B	golgiapparatus	HPA	Q9H7P6
USP6	plasmamembrane	GO	P35125
IGBP1P2	primarycilium	HPA	A0A1W2PR95
RBM38	cytosol	HPA;GO	Q9H0Z9
UBE2E1	nucleoplasm	HPA;GO	P51965
PUF60	nucleoplasm	HPA;GO	Q9UHX1
DNAH6	primarycilium	HPA	Q9C0G6
TOP2B	nucleoplasm	HPA;GO	Q02880
SAP130	nucleoplasm	HPA	Q15393
PLA2G4B	cytosol	GO	P0C869
SLC26A6	plasmamembrane	HPA;GO	Q9BXS9
TEFM	mitochondria	HPA;GO	Q96QE5
B2M	actinfilaments	GO	P61769
FLCN	plasmamembrane	GO	Q8NFG4
CNKSR2	plasmamembrane	HPA	Q8WXI2
TNFSF13B	actinfilaments	HPA	Q9Y275
NDUFAF3	mitochondria	GO	Q9BU61
PIGX	nucleoplasm	HPA	Q8TBF5
USP44	microtubules	GO	Q9H0E7
FAM90A9	nucleoplasm	HPA	A6NNJ1
ENSG00000187186	endoplasmicreticulum	HPA	
RPS27	nucleoplasm	GO	P42677
NRIP3	cytosol	HPA	Q9NQ35
NEDD9	nucleoplasm	HPA	Q14511
SPSB4	nucleoplasm	HPA	Q96A44
DBNDD1	cytosol	HPA	Q9H9R9
USP19	cytosol	GO	O94966
SETD7	nucleoli	HPA	Q8WTS6
CTSZ	plasmamembrane	GO	Q9UBR2
AHNAK2	cytosol	HPA	Q8IVF2
PACSIN2	nucleoplasm	HPA	Q9UNF0
HAUS1	microtubules	GO	Q96CS2
DCANP1	nucleoplasm	HPA	Q8TF63
BRSK1	plasmamembrane	HPA;GO	Q8TDC3
MAGEC2	nucleoplasm	HPA	Q9UBF1
OGDH	mitochondria	HPA;GO	Q02218
PHF12	nucleoplasm	HPA	Q96QT6
SLC25A17	cytosol	GO	O43808
GSTK1	mitochondria	GO	Q9Y2Q3
NUBP1	cytosol	HPA;GO	P53384
CSPP1	nucleoplasm	HPA	Q1MSJ5
ORMDL3	endoplasmicreticulum	HPA;GO	Q8N138
PPM1A	cytosol	HPA;GO	P35813
CAMK2D	cytosol	GO	Q13557
KRAS	plasmamembrane	GO	P01116
IGKV2D-30	plasmamembrane	GO	A0A075B6S6
GAK	cytosol	GO	O14976
BLTP3A	nuclearmembrane	HPA	Q6BDS2
KRTAP3-1	cytosol	GO	Q9BYR8
DERL3	endoplasmicreticulum	GO	Q96Q80
MRPL35	mitochondria	GO	Q9NZE8
GTF2H2	nucleoplasm	HPA;GO	Q13888
RHPN1	cytosol	GO	Q8TCX5
OSGIN2	nucleoli	HPA	Q9Y236
UBE2E2	nucleoplasm	HPA	Q96LR5
MDH1	cytosol	HPA;GO	P40925
CNGA2	primarycilium	GO	Q16280
TRAK1	endoplasmicreticulum	HPA	Q9UPV9
DNAAF11	primarycilium	GO	Q86X45
CEP250	primarycilium	HPA	Q9BV73
MCU	mitochondria	HPA;GO	Q8NE86
PSMC1	nucleoplasm	HPA;GO	P62191
UBASH3B	cytosol	HPA	Q8TF42
PDCD7	nucleoli	HPA	Q8N8D1
AP2A1	cytosol	GO	O95782
MAOA	mitochondria	HPA;GO	P21397
DNAH8	primarycilium	GO	Q96JB1
SMG8	nucleoplasm	HPA	Q8ND04
S1PR4	mitochondria	HPA	O95977
PRKAR2B	primarycilium	GO	P31323
ABI2	actinfilaments	GO	Q9NYB9
GAS8	golgiapparatus	HPA	O95995
CDX4	cytosol	HPA	O14627
GNE	cytosol	HPA;GO	Q9Y223
PKD1L1	primarycilium	GO	Q8TDX9
DEFB130A	cytosol	GO	P0DP74
ILK	actinfilaments	HPA;GO	Q13418
COX6B1	mitochondria	HPA;GO	P14854
PDZK1IP1	nucleoplasm	HPA	Q13113
MYBL2	nucleoplasm	HPA;GO	P10244
TAS2R30	plasmamembrane	GO	P59541
ZNF780B	centrosome	HPA	Q9Y6R6
ASAP2	cytosol	HPA	O43150
SHPRH	cytosol	HPA	Q149N8
RHOJ	nucleoli	HPA	Q9H4E5
AKT2	plasmamembrane	GO	P31751
COX4I2	mitochondria	GO	Q96KJ9
FOXD3	nucleoplasm	GO	Q9UJU5
TUBGCP6	microtubules	GO	Q96RT7
NAA15	cytosol	HPA	Q9BXJ9
ZNF684	cytosol	HPA	Q5T5D7
CRB3	plasmamembrane	HPA;GO	Q9BUF7
MRC2	plasmamembrane	GO	Q9UBG0
HYLS1	centrosome	GO	Q96M11
PAPSS2	mitochondria	HPA	O95340
VAT1L	cytosol	HPA	Q9HCJ6
C2CD2L	endoplasmicreticulum	GO	O14523
TMPRSS3	endoplasmicreticulum	GO	P57727
ZBTB33	plasmamembrane	HPA	Q86T24
RDH10	endoplasmicreticulum	GO	Q8IZV5
BRCC3	nucleoplasm	HPA;GO	P46736
SCFD1	cytosol	GO	Q8WVM8
RGMA	nucleoplasm	HPA	Q96B86
WIPI1	golgiapparatus	HPA;GO	Q5MNZ9
ERRFI1	cytosol	HPA	Q9UJM3
HTR7	primarycilium	HPA	P34969
MAP3K3	nucleoplasm	HPA	Q99759
WWOX	golgiapparatus	HPA;GO	Q9NZC7
KDM7A	nucleoli	HPA	Q6ZMT4
PNCK	golgiapparatus	HPA	Q6P2M8
LRWD1	nucleoplasm	HPA;GO	Q9UFC0
PPM1F	cytosol	GO	P49593
AIF1	actinfilaments	GO	P55008
CAPSL	microtubules	HPA	Q8WWF8
HEPN1	golgiapparatus	HPA	Q6WQI6
FOS	nucleoplasm	HPA;GO	P01100
ENO1	plasmamembrane	HPA	P06733
PKMYT1	golgiapparatus	HPA	Q99640
SCLT1	microtubules	GO	Q96NL6
IMMP2L	mitochondria	HPA	Q96T52
TMEM121B	plasmamembrane	HPA	Q9BXQ6
QSOX2	nucleoplasm	HPA	Q6ZRP7
GYPB	plasmamembrane	GO	P06028
PKM	mitochondria	GO	P14618
MKRN3	cytosol	HPA	Q13064
ALG11	endoplasmicreticulum	GO	Q2TAA5
FUZ	cytosol	HPA	Q9BT04
CFAP20	primarycilium	GO	Q9Y6A4
SYNE1	cytosol	GO	Q8NF91
OPTN	golgiapparatus	GO	Q96CV9
NGEF	plasmamembrane	HPA	Q8N5V2
FER1L6	microtubules	HPA	Q2WGJ9
POU2AF3	cytosol	HPA	A8K830
RARA	cytosol	HPA	P10276
PPP4R3B	nucleoplasm	HPA	Q5MIZ7
FGB	endoplasmicreticulum	HPA	P02675
GLOD4	cytosol	HPA	Q9HC38
ADCK1	mitochondria	GO	Q86TW2
LATS1	cytosol	GO	O95835
PRKCI	nucleoplasm	GO	P41743
HLA-A	golgiapparatus	GO	P04439
UBXN1	cytosol	HPA;GO	Q04323
CTSV	nucleoli	HPA	O60911
ISOC1	endoplasmicreticulum	HPA	Q96CN7
CHST3	golgiapparatus	HPA;GO	Q7LGC8
FAM90A11P	nucleoplasm	HPA	A0A8V8TNH8
CCDC183	primarycilium	HPA	Q5T5S1
PLEKHA1	nucleoplasm	HPA	Q9HB21
PLEKHG1	cytosol	GO	Q9ULL1
TACR2	primarycilium	GO	P21452
GLT1D1	cytosol	HPA	Q96MS3
CEP112	cytosol	HPA	Q8N8E3
UBE2R2	cytosol	GO	Q712K3
DDX46	nucleoplasm	HPA;GO	Q7L014
SH3GL3	mitochondria	HPA	Q99963
TUBG2	microtubules	GO	Q9NRH3
H2BC12L	cytosol	HPA	P57053
TM4SF4	cytosol	HPA	P48230
OAZ1	centrosome	HPA	P54368
DIAPH2	endoplasmicreticulum	HPA	O60879
NTF4	golgiapparatus	HPA	P34130
TMEM30A	endoplasmicreticulum	GO	Q9NV96
TRAIP	nucleoplasm	GO	Q9BWF2
VAV1	plasmamembrane	GO	P15498
APOA4	endoplasmicreticulum	GO	P06727
TOGARAM1	primarycilium	HPA;GO	Q9Y4F4
UBE2S	plasmamembrane	HPA	Q16763
RAPH1	plasmamembrane	HPA	Q70E73
GLO1	plasmamembrane	HPA	Q04760
NR2C2	nucleoplasm	HPA;GO	P49116
ESCO2	golgiapparatus	HPA	Q56NI9
RGS21	plasmamembrane	GO	Q2M5E4
ITGA9	plasmamembrane	HPA;GO	Q13797
ENTPD4	golgiapparatus	GO	Q9Y227
TADA3	nucleoplasm	HPA;GO	O75528
AGBL2	nucleoli	HPA	Q5U5Z8
C16orf74	centrosome	HPA	Q96GX8
SMAD7	nucleoplasm	HPA;GO	O15105
SOX30	nucleoplasm	HPA	O94993
COPS5	cytosol	GO	Q92905
IFT57	golgiapparatus	HPA	Q9NWB7
RNF148	cytosol	HPA	Q8N7C7
OSGEPL1	mitochondria	HPA;GO	Q9H4B0
KLF2	cytosol	HPA	Q9Y5W3
H3-4	nucleoplasm	HPA;GO	Q16695
VWA5A	nucleoplasm	HPA	O00534
COPE	endoplasmicreticulum	GO	O14579
YTHDF3	cytosol	GO	Q7Z739
CCDC170	primarycilium	GO	Q8IYT3
GRM7	plasmamembrane	GO	Q14831
ASF1A	nucleoplasm	HPA;GO	Q9Y294
RPL35A	cytosol	GO	P18077
KRTAP19-8	cytosol	GO	Q3LI54
RNF144A	endoplasmicreticulum	GO	P50876
FBF1	cytosol	GO	Q8TES7
QSOX1	endoplasmicreticulum	GO	O00391
PIAS1	nucleoplasm	GO	O75925
ROR2	plasmamembrane	GO	Q01974
RHOBTB3	golgiapparatus	GO	O94955
L3MBTL1	nucleoli	GO	Q9Y468
IGKV5-2	plasmamembrane	GO	P06315
RASSF6	golgiapparatus	HPA	Q6ZTQ3
FASTK	mitochondria	HPA;GO	Q14296
SCP2	cytosol	GO	O14595
NSG1	endoplasmicreticulum	GO	P42857
TEX264	endoplasmicreticulum	HPA;GO	Q9Y6I9
GFM2	nucleoplasm	HPA	Q969S9
TIMM8B	mitochondria	GO	Q9Y5J9
RP2	primarycilium	GO	O75695
DOCK1	nucleoplasm	HPA	Q14185
CD177	plasmamembrane	GO	Q8N6Q3
RNF38	nucleoplasm	HPA	Q9H0F5
BORCS8-MEF2B	plasmamembrane	HPA	
TATDN3	actinfilaments	HPA	Q17R31
ZNF230	mitochondria	HPA	Q8WVD5
ARSB	endoplasmicreticulum	GO	P15848
ARL11	cytosol	HPA	Q969Q4
KANSL2	plasmamembrane	HPA	Q9H9L4
PCDH19	cytosol	HPA	Q8TAB3
TOMM7	mitochondria	GO	Q9P0U1
FAT1	actinfilaments	GO	Q14517
HSPB1	actinfilaments	GO	P04792
DNAI2	primarycilium	GO	Q9GZS0
BNIP3L	mitochondria	HPA;GO	O60238
LRRC20	cytosol	HPA	Q8TCA0
ZNF579	nucleoplasm	HPA	Q8NAF0
PDSS2	mitochondria	GO	Q86YH6
CEP162	primarycilium	GO	Q5TB80
CRYBG3	primarycilium	HPA	Q68DQ2
RAB3GAP1	golgiapparatus	GO	Q15042
SNORC	nucleoli	HPA	Q6UX34
ELK3	mitochondria	HPA	P41970
MRPS23	nuclearmembrane	HPA	Q9Y3D9
KIF4A	microtubules	HPA;GO	O95239
MXRA8	nucleoli	HPA	Q9BRK3
RUVBL2	nucleoplasm	HPA;GO	Q9Y230
DGLUCY	cytosol	HPA	Q7Z3D6
UBA3	plasmamembrane	HPA	Q8TBC4
DCHS1	plasmamembrane	HPA	Q96JQ0
TRAPPC1	cytosol	GO	Q9Y5R8
WNK2	cytosol	HPA	Q9Y3S1
DDAH2	mitochondria	HPA	O95865
PPP2R1A	cytosol	HPA;GO	P30153
PHYHIP	nucleoplasm	HPA	Q92561
RPL7	cytosol	HPA;GO	P18124
AKAP12	plasmamembrane	HPA;GO	Q02952
RNASEH2B	nucleoplasm	HPA	Q5TBB1
THAP2	nucleoplasm	HPA	Q9H0W7
ZNRF1	plasmamembrane	GO	Q8ND25
SAP18	cytosol	HPA	O00422
TALDO1	cytosol	HPA;GO	P37837
TRIM51	nucleoli	HPA	Q9BSJ1
KCNH2	plasmamembrane	GO	Q12809
PTCHD1	plasmamembrane	GO	Q96NR3
CARD8	nucleoplasm	HPA	Q9Y2G2
TFPI	plasmamembrane	GO	P10646
ZNF596	mitochondria	HPA	Q8TC21
RHO	primarycilium	GO	P08100
EOMES	cytosol	HPA	O95936
GPR32	plasmamembrane	GO	O75388
CAPN10	cytosol	HPA;GO	Q9HC96
FAM13A	nucleoli	HPA	O94988
IER5	nucleoplasm	HPA	Q5VY09
GLI4	nucleoplasm	HPA	P10075
ITGA11	actinfilaments	GO	Q9UKX5
HTR1B	endoplasmicreticulum	HPA	P28222
C8orf88	golgiapparatus	HPA	P0DMB2
ACBD5	cytosol	GO	Q5T8D3
LRATD2	plasmamembrane	GO	Q96KN1
CCDC28A	nucleoplasm	HPA	Q8IWP9
NOL6	nucleoli	HPA	Q9H6R4
LCT	plasmamembrane	GO	P09848
PRDX5	cytosol	GO	P30044
DPP8	cytosol	HPA	Q6V1X1
VRK1	golgiapparatus	GO	Q99986
ATG10	nucleoli	HPA	Q9H0Y0
UBE2W	nucleoli	HPA	Q96B02
KCNK16	plasmamembrane	GO	Q96T55
OPA1	mitochondria	HPA;GO	O60313
AMDHD1	plasmamembrane	HPA	Q96NU7
HSP90AB1	mitochondria	GO	P08238
DYNC2LI1	cytosol	HPA	Q8TCX1
MLPH	cytosol	GO	Q9BV36
CD2	plasmamembrane	HPA;GO	P06729
ARHGDIG	cytosol	HPA;GO	Q99819
ZMYND8	nucleoli	HPA	Q9ULU4
SEPTIN3	actinfilaments	HPA	Q9UH03
TRIM28	nucleoplasm	HPA;GO	Q13263
PIK3R3	cytosol	HPA;GO	Q92569
DAPL1	microtubules	HPA	A0PJW8
XRCC2	nucleoplasm	HPA;GO	O43543
YEATS4	nuclearmembrane	HPA	O95619
DSEL	nucleoplasm	HPA	Q8IZU8
KLHL13	cytosol	HPA;GO	Q9P2N7
AP1S2	golgiapparatus	HPA;GO	P56377
NAB2	cytosol	HPA	Q15742
NSA2	nucleoplasm	HPA	O95478
HLA-DQB2	plasmamembrane	GO	P05538
APP	endoplasmicreticulum	GO	P05067
PNPLA3	endoplasmicreticulum	GO	Q9NST1
ENDOV	nucleoli	GO	Q8N8Q3
CLIP3	cytosol	GO	Q96DZ5
PAK6	nucleoli	HPA	Q9NQU5
HYI	golgiapparatus	HPA	Q5T013
NAT8L	mitochondria	HPA;GO	Q8N9F0
ZFYVE26	centrosome	GO	Q68DK2
ATG7	plasmamembrane	HPA	O95352
SUCO	cytosol	HPA	Q9UBS9
ITGB1BP1	nucleoplasm	HPA	O14713
TESK1	cytosol	GO	Q15569
SETD4	cytosol	GO	Q9NVD3
HOXD1	nucleoplasm	HPA	Q9GZZ0
AKR1D1	cytosol	HPA;GO	P51857
LCP1	cytosol	GO	P13796
SDS	mitochondria	HPA	P20132
HSFX1	cytosol	HPA	Q9UBD0
OMA1	mitochondria	HPA;GO	Q96E52
EYA3	nucleoplasm	HPA;GO	Q99504
PARVA	cytosol	HPA;GO	Q9NVD7
DTX3	nucleoplasm	HPA	Q8N9I9
SMARCD2	nucleoplasm	HPA;GO	Q92925
PGLYRP1	nucleoplasm	HPA	O75594
RNF141	nucleoplasm	HPA	Q8WVD5
COL14A1	endoplasmicreticulum	GO	Q05707
TANK	nucleoli	HPA	Q92844
ZNF668	nucleoli	HPA	Q96K58
ARHGEF2	microtubules	GO	Q92974
HLA-G	plasmamembrane	GO	P17693
UNC93A	plasmamembrane	GO	Q86WB7
CSNK1E	nucleoplasm	HPA;GO	P49674
AIFM2	plasmamembrane	HPA;GO	Q9BRQ8
VDR	nucleoplasm	HPA;GO	P11473
RNF217	cytosol	GO	Q8TC41
CIAO2A	cytosol	HPA;GO	Q9H5X1
PSMF1	cytosol	HPA;GO	Q92530
FUNDC1	mitochondria	GO	Q8IVP5
TSGA13	cytosol	HPA	Q96PP4
GIT2	nucleoplasm	GO	Q14161
RPL26	cytosol	HPA;GO	P61254
EVI2A	plasmamembrane	HPA	P22794
NETO2	golgiapparatus	HPA	Q8NC67
TLR9	plasmamembrane	GO	Q9NR96
TEKT1	primarycilium	GO	Q969V4
PIN4	nucleoplasm	HPA	Q9Y237
SNX5	plasmamembrane	GO	Q9Y5X3
ARHGEF15	cytosol	GO	O94989
UBAP2L	cytosol	HPA	Q14157
GATA3	nucleoplasm	HPA;GO	P23771
ST3GAL4	golgiapparatus	GO	Q11206
TAB1	cytosol	GO	Q15750
RABEP2	primarycilium	GO	Q9H5N1
SDHC	mitochondria	GO	Q99643
RAP1A	cytosol	GO	P62834
ALG2	endoplasmicreticulum	GO	O75340
UXT	centrosome	HPA;GO	Q9UBK9
COQ10A	golgiapparatus	HPA	Q96MF6
LRRC4B	plasmamembrane	GO	Q9NT99
MTMR12	cytosol	GO	Q9C0I1
BAZ2B	cytosol	HPA	Q9UIF8
CHEK1	cytosol	GO	O14757
S100A9	plasmamembrane	HPA;GO	P06702
CCDC117	microtubules	HPA;GO	Q8IWD4
GAGE12H	cytosol	HPA	A6NDE8
RPL26L1	nucleoli	HPA	Q9UNX3
RAB11A	golgiapparatus	GO	P62491
USP33	nucleoplasm	HPA	Q8TEY7
ZNF500	nucleoplasm	HPA	O60304
SLC35B4	endoplasmicreticulum	GO	Q969S0
MSANTD4	cytosol	HPA	Q8NCY6
HIRA	nucleoplasm	HPA;GO	P54198
RGS12	cytosol	HPA	O14924
CRIPTO	plasmamembrane	GO	P13385
PIK3C2B	cytosol	HPA;GO	O00750
MAP10	centrosome	GO	Q9P2G4
MALRD1	golgiapparatus	HPA	Q5VYJ5
FAM20A	golgiapparatus	GO	Q96MK3
GMPR2	cytosol	GO	Q9P2T1
TNNI1	cytosol	GO	P19237
ACTB	plasmamembrane	GO	P60709
TNKS	golgiapparatus	GO	O95271
STARD13	cytosol	GO	Q9Y3M8
STAP1	cytosol	HPA	Q9ULZ2
PRMT3	cytosol	GO	O60678
BIVM	nucleoplasm	HPA	Q86UB2
ADGRA2	plasmamembrane	HPA	Q96PE1
FBXL2	nucleoplasm	HPA	Q9UKC9
RPS27A	mitochondria	GO	P62979
MCM7	nucleoplasm	HPA;GO	P33993
DHX36	cytosol	HPA;GO	Q9H2U1
LRP10	nucleoplasm	HPA	O75096
ORC4	nucleoplasm	HPA;GO	O43929
ITPR1	endoplasmicreticulum	GO	Q14643
IL1RAP	plasmamembrane	GO	Q9NPH3
NME1	plasmamembrane	GO	P15531
FMO3	endoplasmicreticulum	GO	P31513
NPLOC4	endoplasmicreticulum	GO	Q8TAT6
MAPT	cytosol	GO	P10636
GSTO2	nucleoplasm	HPA	Q9H4Y5
LAPTM5	plasmamembrane	GO	Q13571
F3	plasmamembrane	GO	P13726
CABP4	plasmamembrane	GO	P57796
CCDC61	centrosome	GO	Q9Y6R9
PPP6C	nucleoplasm	GO	O00743
THAP6	nucleoplasm	HPA	Q8TBB0
NEK2	microtubules	HPA	P51955
RINT1	cytosol	GO	Q6NUQ1
MACO1	endoplasmicreticulum	GO	Q8N5G2
ZMAT5	nucleoplasm	HPA;GO	Q9UDW3
SDE2	cytosol	HPA	Q6IQ49
SOX17	nuclearmembrane	HPA	Q9H6I2
AKR1B15	cytosol	HPA;GO	C9JRZ8
SYT17	cytosol	HPA	Q9BSW7
CDC16	nucleoplasm	GO	Q13042
RPS20	nucleoplasm	GO	P60866
DNAJB5	cytosol	HPA;GO	O75953
LMNB2	nuclearmembrane	HPA	Q03252
ART3	plasmamembrane	GO	Q13508
UTP20	nucleoplasm	GO	O75691
NDUFA2	mitochondria	HPA;GO	O43678
UCKL1	cytosol	GO	Q9NWZ5
PHF14	cytosol	HPA	O94880
SLC39A6	plasmamembrane	HPA;GO	Q13433
KIFC1	primarycilium	HPA	Q9BW19
BRWD3	cytosol	HPA	Q6RI45
LINC01547	endoplasmicreticulum	GO	P58512
SPI1	nucleoplasm	HPA;GO	P17947
USP53	cytosol	HPA	Q70EK8
ALKBH8	nucleoplasm	HPA	Q96BT7
CEP104	microtubules	GO	O60308
PINLYP	microtubules	HPA	A6NC86
SDC1	plasmamembrane	GO	P18827
ZUP1	cytosol	HPA	Q96AP4
ARHGAP40	centrosome	HPA	Q5TG30
PBXIP1	cytosol	HPA;GO	Q96AQ6
GAS8	microtubules	GO	O95995
AKIRIN1	nucleoplasm	HPA	Q9H9L7
HUS1B	nucleoplasm	HPA	Q8NHY5
TM2D3	cytosol	HPA	Q9BRN9
ATP5ME	mitochondria	HPA;GO	P56385
ARSI	golgiapparatus	HPA	Q5FYB1
SAGE1	nucleoplasm	HPA	Q9NXZ1
FBXW10	cytosol	GO	Q5XX13
NAT8	endoplasmicreticulum	HPA;GO	Q9UHE5
CROT	cytosol	GO	Q9UKG9
FAM181A	cytosol	HPA	Q8N9Y4
PIANP	plasmamembrane	GO	Q8IYJ0
KCTD14	nucleoplasm	HPA	Q9BQ13
OTOGL	cytosol	HPA	Q3ZCN5
HMMR	microtubules	HPA;GO	O75330
HLX	cytosol	HPA	Q14774
REEP5	endoplasmicreticulum	HPA;GO	Q00765
TRMT61A	nucleoplasm	GO	Q96FX7
CD59	plasmamembrane	GO	P13987
PTPN23	nucleoplasm	HPA;GO	Q9H3S7
SMYD4	cytosol	HPA	Q8IYR2
MRPL4	mitochondria	GO	Q9BYD3
CDK2AP1	nucleoplasm	HPA;GO	O14519
STAB2	plasmamembrane	GO	Q8WWQ8
RBM10	nucleoli	GO	P0DW28
DMP1	endoplasmicreticulum	GO	Q13316
BTRC	plasmamembrane	HPA	Q9Y297
SPIDR	nucleoplasm	HPA;GO	Q14159
VIP	endoplasmicreticulum	HPA	P01282
RPS6KA3	nucleoplasm	HPA;GO	P51812
ETV1	nucleoplasm	HPA	P50549
MYL6B	actinfilaments	GO	P14649
AP2B1	cytosol	GO	P63010
FBXW11	cytosol	GO	Q9UKB1
ABHD13	cytosol	HPA	Q7L211
LEPR	primarycilium	HPA	O15243
PHB1	mitochondria	HPA;GO	P35232
OSBPL3	plasmamembrane	GO	Q9H4L5
RNF166	nucleoplasm	HPA	Q96A37
SYK	plasmamembrane	HPA;GO	P43405
DMPK	mitochondria	GO	Q09013
COPZ2	cytosol	GO	Q9P299
IBTK	nucleoplasm	HPA	Q9P2D0
MTMR7	cytosol	HPA;GO	Q9Y216
TBL2	cytosol	HPA	Q9Y4P3
KRT15	intermediatefilaments	HPA	P19012
FANCF	nucleoplasm	HPA;GO	Q9NPI8
RECK	plasmamembrane	HPA;GO	O95980
SPAG9	centrosome	HPA	O60271
ZNF782	nucleoplasm	HPA	Q6ZMW2
CELF1	nucleoplasm	HPA	Q92879
SH3BP1	plasmamembrane	GO	Q9Y3L3
C7	plasmamembrane	GO	P10643
H2BC18	cytosol	HPA	Q5QNW6
AQR	nucleoplasm	HPA;GO	O60306
RPLP1	endoplasmicreticulum	HPA	P05386
SCCPDH	microtubules	GO	Q8NBX0
OR51E2	plasmamembrane	GO	Q9H255
MPI	cytosol	HPA;GO	P34949
PTPN7	nucleoplasm	GO	P35236
PSTPIP1	cytosol	HPA;GO	O43586
BIRC6	cytosol	GO	Q9NR09
DEAF1	nucleoplasm	HPA	O75398
PFKFB2	cytosol	GO	O60825
TMOD2	nucleoplasm	HPA	Q9NZR1
PPP2CB	cytosol	GO	P62714
RPS18	cytosol	HPA;GO	P62269
USP13	nucleoplasm	HPA;GO	Q92995
CAV3	plasmamembrane	HPA;GO	P56539
CHKA	endoplasmicreticulum	HPA	P35790
POLR3K	nucleoplasm	HPA;GO	Q9Y2Y1
USP9X	cytosol	HPA;GO	Q93008
REEP2	microtubules	GO	Q9BRK0
KRT38	cytosol	GO	O76015
CCDC110	nucleoplasm	HPA	Q8TBZ0
CRTC1	cytosol	HPA	Q6UUV9
TEKT2	microtubules	GO	Q9UIF3
KCNB2	nucleoli	HPA	Q92953
ZFHX2	nucleoplasm	HPA	Q9C0A1
HLA-DRB3	plasmamembrane	GO	P79483
ACHE	plasmamembrane	GO	P22303
MAD1L1	microtubules	GO	Q9Y6D9
IQSEC2	plasmamembrane	GO	Q5JU85
TBC1D16	cytosol	GO	Q8TBP0
CERS2	nuclearmembrane	HPA	Q96G23
APTX	nucleoli	HPA;GO	Q7Z2E3
ASGR1	plasmamembrane	HPA;GO	P07306
ADAMTS2	plasmamembrane	HPA	O95450
RPL12	golgiapparatus	HPA	P30050
JPH4	endoplasmicreticulum	GO	Q96JJ6
FXN	cytosol	HPA;GO	Q16595
TMEM100	plasmamembrane	GO	Q9NV29
ELP2	cytosol	HPA	Q6IA86
LBHD1	nucleoplasm	HPA	Q9BQE6
CDKL1	nucleoplasm	HPA	Q00532
DACT3	nucleoplasm	HPA	Q96B18
GAGE1	cytosol	HPA	P0DTW1
HADH	mitochondria	HPA;GO	P40939
PSEN1	mitochondria	GO	P49768
PQBP1	microtubules	HPA	O60828
RAB11FIP3	cytosol	GO	O75154
XYLB	cytosol	GO	O75191
MEIS1	nucleoplasm	HPA	O00470
PTK2B	actinfilaments	GO	Q14289
NPM1	actinfilaments	GO	P06748
TMEM139	actinfilaments	HPA	Q8IV31
SLC10A6	plasmamembrane	GO	Q3KNW5
JADE3	nucleoplasm	HPA;GO	Q92613
CEP83	primarycilium	HPA	Q9Y592
HCCS	mitochondria	HPA;GO	P53701
RIMBP2	golgiapparatus	HPA	O15034
NFKBIA	cytosol	HPA;GO	P25963
NBPF3	cytosol	HPA	Q9H094
AFDN	cytosol	GO	P55196
CDCA7L	nucleoplasm	HPA	Q96GN5
BATF	nucleoplasm	HPA;GO	Q16520
RBPMS	cytosol	HPA;GO	Q93062
KLHL21	cytosol	GO	Q9UJP4
CEP152	microtubules	GO	O94986
CKAP2	microtubules	HPA	Q8WWK9
IL26	golgiapparatus	HPA	Q9NPH9
ACSM1	mitochondria	GO	Q08AH1
LZTFL1	cytosol	HPA;GO	Q9NQ48
FANK1	nucleoplasm	HPA;GO	Q8TC84
CASP1	cytosol	HPA;GO	P29466
AIMP1	cytosol	HPA;GO	Q12904
DSC3	plasmamembrane	HPA;GO	Q02487
MAP4K5	cytosol	HPA	Q9Y4K4
SLC6A9	nucleoplasm	HPA	P48067
AKNAD1	cytosol	HPA	Q5T1N1
ING5	nucleoplasm	GO	Q8WYH8
GPATCH3	cytosol	HPA	Q96I76
ST3GAL3	golgiapparatus	GO	Q11203
HTD2	mitochondria	HPA;GO	P86397
SSTR2	plasmamembrane	GO	P30874
ZSWIM3	cytosol	HPA	Q96MP5
TUBB6	primarycilium	HPA	Q9BUF5
NFAT5	nucleoplasm	HPA	O94916
STX3	plasmamembrane	GO	Q13277
TNIP3	cytosol	HPA;GO	Q96KP6
HSD17B13	cytosol	GO	Q7Z5P4
GIN1	nucleoplasm	HPA	Q9NXP7
CNN3	cytosol	HPA	Q15417
CENPP	nucleoli	HPA	Q6IPU0
LPAR6	plasmamembrane	HPA;GO	P43657
SQSTM1	cytosol	HPA;GO	Q13501
SOX15	nucleoli	HPA	O60248
ENTPD8	nucleoplasm	HPA	Q5MY95
MID2	microtubules	GO	Q9UJV3
ISCU	mitochondria	HPA;GO	Q9H1K1
ZNF300	nucleoli	HPA	Q96RE9
PHLDA3	plasmamembrane	GO	Q9Y5J5
PSME1	cytosol	HPA;GO	Q06323
HOXB4	centrosome	HPA	P17483
PFDN6	golgiapparatus	HPA	O15212
CLEC4A	plasmamembrane	GO	Q9UMR7
NYAP2	microtubules	HPA	Q9P242
ATP10A	plasmamembrane	GO	O60312
EXOC4	plasmamembrane	GO	Q96A65
NR1H4	nucleoplasm	HPA;GO	Q96RI1
DGKA	plasmamembrane	GO	P23743
AGMAT	mitochondria	GO	Q9BSE5
PECAM1	plasmamembrane	HPA;GO	P16284
H2AC17	nucleoplasm	HPA	P0C0S8
ZNF77	nucleoli	HPA	Q15935
LAMB2	cytosol	HPA	P11047
SYNE2	plasmamembrane	GO	Q8WXH0
PDE2A	plasmamembrane	GO	O00408
NICN1	nucleoplasm	HPA	Q9BSH3
GPATCH1	cytosol	HPA	Q9BRR8
NLRP3	mitochondria	GO	Q96P20
RPL19	plasmamembrane	GO	P84098
SLFN11	nucleoplasm	HPA;GO	Q7Z7L1
NOA1	mitochondria	HPA;GO	Q8NC60
MLLT11	nucleoplasm	HPA	Q13015
SLC25A2	mitochondria	GO	Q9BXI2
ENSG00000285837	centrosome	HPA	
POC1B	microtubules	GO	Q8TC44
PCDHGA10	plasmamembrane	HPA	Q9Y5H3
PRKAG1	primarycilium	HPA	P54619
RACGAP1	nucleoplasm	HPA	Q9H0H5
SH3D21	nucleoplasm	HPA	A4FU49
SUCLG1	plasmamembrane	HPA	P53597
ZFX	nucleoli	HPA	P17010
GAS2L1	plasmamembrane	HPA	Q99501
MBLAC2	plasmamembrane	GO	Q68D91
HSPA6	cytosol	GO	P17066
FLNC	plasmamembrane	GO	Q14315
ABCF2	plasmamembrane	GO	Q9UG63
NR2F2	cytosol	HPA	P24468
PRTFDC1	cytosol	HPA	Q9NRG1
CALCOCO1	cytosol	HPA	Q9P1Z2
GLIPR1	nucleoplasm	HPA	P48060
MLX	nucleoplasm	HPA;GO	Q9UH92
GRN	golgiapparatus	GO	P28799
HNRNPAB	nucleoplasm	HPA	Q99729
CYRIB	cytosol	HPA	Q9NUQ9
DNAAF6	golgiapparatus	HPA;GO	Q9NQM4
TCERG1L	nucleoplasm	HPA	Q5VWI1
TMEM175	nuclearmembrane	HPA	Q9BSA9
GABRB2	plasmamembrane	GO	P47870
DAB2IP	cytosol	GO	Q5VWQ8
LTA	plasmamembrane	GO	P01374
GMIP	nucleoplasm	HPA	Q9P107
MFAP4	endoplasmicreticulum	HPA	P55083
GHSR	plasmamembrane	GO	Q92847
NKRF	nucleoli	HPA	O15226
MAP2K5	nucleoli	HPA	Q13163
ESAM	plasmamembrane	HPA;GO	Q96AP7
TMEM94	nucleoplasm	HPA	Q12767
LRPPRC	microtubules	GO	P42704
CLCA1	plasmamembrane	GO	A8K7I4
SS18L1	nucleoplasm	HPA;GO	O75177
ANXA6	actinfilaments	GO	P08133
HMGB3	nucleoplasm	HPA	O15347
ICE2	nucleoplasm	HPA;GO	Q659A1
ELP1	cytosol	HPA	O95163
FZD2	actinfilaments	HPA;GO	Q14332
FMN1	nucleoplasm	HPA	Q68DA7
FAM161B	microtubules	GO	Q96MY7
TMEM123	cytosol	HPA	Q8N131
ADAMTS18	microtubules	HPA	Q8TE60
DERA	cytosol	GO	Q9Y315
FGD2	cytosol	GO	Q7Z6J4
ASB18	mitochondria	HPA	Q6ZVZ8
ZNF330	microtubules	GO	Q9Y3S2
SMIM14	endoplasmicreticulum	GO	Q96QK8
RPAIN	nucleoli	HPA	Q86UA6
SPACA7	microtubules	HPA	Q96KW9
INSR	centrosome	HPA	P06213
GNB5	centrosome	HPA	O14775
DIRAS3	cytosol	HPA	O95661
FOXN3	cytosol	HPA	O00409
RAB5IF	mitochondria	HPA;GO	Q9BUV8
ADD1	actinfilaments	GO	P35611
RNPC3	nucleoplasm	HPA;GO	Q96LT9
C9orf24	nucleoplasm	HPA	Q8NCR6
UCHL3	cytosol	HPA;GO	P15374
SOD1	cytosol	HPA;GO	P00441
HIF1A	nucleoplasm	HPA;GO	Q16665
PLA2R1	cytosol	HPA	Q13018
GRAMD2B	cytosol	HPA	Q96HH9
PARP4	nucleoplasm	HPA	Q9UKK3
MARCHF7	centrosome	GO	Q9H992
CCNT1	nucleoplasm	HPA;GO	O60563
TMEM186	plasmamembrane	HPA	Q96B77
NME2	actinfilaments	GO	P22392
ADAM10	actinfilaments	GO	O14672
RBMY1D	nucleoli	HPA	P0C7P1
EIF3A	cytosol	HPA;GO	P56537
BRICD5	actinfilaments	HPA	Q6PL45
SLC25A29	mitochondria	GO	Q8N8R3
FBLL1	nucleoli	HPA	A6NHQ2
MEST	golgiapparatus	HPA	Q5EB52
DAP3	nucleoplasm	HPA	O95886
PDCL3	endoplasmicreticulum	GO	Q9H2J4
SSU72	cytosol	HPA	Q9NP77
RELT	cytosol	HPA	Q969Z4
KLHL20	cytosol	HPA;GO	Q9Y2M5
VPS13D	nucleoplasm	HPA	Q5THJ4
RFFL	plasmamembrane	GO	Q8WZ73
GPRC5C	plasmamembrane	HPA	Q9NQ84
CUTA	actinfilaments	HPA	O60888
NUBP1	centrosome	HPA	P53384
PTBP1	nucleoplasm	HPA;GO	P26599
PEX5	cytosol	HPA;GO	P50542
HAUS8	microtubules	GO	Q9BT25
NCKAP1	plasmamembrane	GO	Q9Y2A7
GYPA	cytosol	HPA	P02724
P3H2	nucleoplasm	HPA	Q8IVL5
RPL4	nucleoli	GO	P36578
KCNJ13	plasmamembrane	HPA	O60928
BAIAP2L1	cytosol	HPA;GO	Q9UHR4
ARL4C	cytosol	HPA	P56559
YRDC	mitochondria	HPA;GO	Q86U90
IQGAP2	microtubules	GO	Q13576
KIF6	primarycilium	HPA	Q6ZMV9
UTS2R	plasmamembrane	GO	Q9UKP6
RHOXF2	nucleoplasm	HPA	Q9BQY4
MDH1	centrosome	HPA	P40925
CRTC2	nucleoplasm	HPA	Q53ET0
ING4	nucleoplasm	HPA;GO	Q9UNL4
RFC5	nucleoplasm	HPA;GO	P40937
LACTB	mitochondria	HPA;GO	P83111
GJA10	plasmamembrane	GO	P57773
TNK2	cytosol	GO	Q07912
MYSM1	nucleoli	HPA	Q5VVJ2
ADRB3	plasmamembrane	GO	P13945
FAM83E	cytosol	HPA	Q2M2I3
SLC25A16	mitochondria	HPA;GO	P16260
CHRNA1	plasmamembrane	HPA;GO	P02708
ICA1	golgiapparatus	GO	Q05084
DCAF1	centrosome	GO	Q9Y4B6
CCDC13	centrosome	HPA;GO	Q8IYE1
DCTN6	centrosome	GO	O00399
SLC7A1	plasmamembrane	GO	P30825
CSF2RA	plasmamembrane	GO	P15509
CCNF	microtubules	GO	P41002
C3orf14	plasmamembrane	HPA	Q9HBI5
TMEM119	plasmamembrane	GO	Q4V9L6
INTS1	nucleoplasm	HPA;GO	Q8N201
FEM1C	cytosol	GO	Q96JP0
OGDHL	nucleoli	HPA	Q9ULD0
PIGU	endoplasmicreticulum	GO	Q9H490
TASL	cytosol	HPA;GO	Q9HAI6
S100A2	nucleoplasm	HPA	P29034
THBD	cytosol	HPA	P07204
CEP19	primarycilium	HPA;GO	Q96LK0
GJA8	plasmamembrane	GO	P48165
CCKBR	plasmamembrane	HPA;GO	P32239
LGALS2	mitochondria	HPA	P05162
OSBP	nucleoplasm	HPA	P22059
HDGFL1	nucleoplasm	HPA	Q5TGJ6
HTN1	endoplasmicreticulum	GO	P15515
SHCBP1	nucleoplasm	HPA	Q8NEM2
SLC18A2	plasmamembrane	GO	Q05940
SACS	mitochondria	GO	Q9NZJ4
ANKRD40	nucleoli	HPA	Q6AI12
SLC41A1	mitochondria	HPA	Q8IVJ1
DCLRE1B	nucleoplasm	HPA;GO	Q9H816
FRAT2	nucleoplasm	HPA	O75474
C1orf159	intermediatefilaments	HPA	Q96HA4
SYNC	golgiapparatus	HPA	Q9H7C4
ZNF658	nucleoplasm	HPA	Q5TYW1
PRRC2A	nucleoplasm	HPA	P48634
CAMK2G	nucleoplasm	GO	Q13555
DTL	centrosome	GO	Q9NZJ0
DOLPP1	intermediatefilaments	HPA	Q86YN1
ITPK1	mitochondria	HPA	Q13572
CMKLR2	plasmamembrane	HPA;GO	P46091
FAU	nucleoli	HPA	P62861
MESP1	nucleoli	HPA	Q9BRJ9
JTB	microtubules	GO	O76095
KLK7	plasmamembrane	HPA	P49862
F7	endoplasmicreticulum	GO	P08709
FLRT3	plasmamembrane	HPA;GO	Q9NZU0
CHST9	golgiapparatus	GO	Q7L1S5
ALDH1A3	nucleoplasm	HPA	P47895
CALM1	nucleoplasm	GO	P0DP23
LOX	endoplasmicreticulum	HPA	P28300
TP73	golgiapparatus	HPA	O15350
SMCO3	plasmamembrane	HPA	A2RU48
AMPH	plasmamembrane	HPA	P49418
ANXA13	plasmamembrane	HPA	P27216
BBS4	microtubules	GO	Q96RK4
IQCJ-SCHIP1	cytosol	HPA	B3KU38
DBNL	plasmamembrane	HPA	Q9UJU6
ZNF507	cytosol	HPA	Q8TCN5
STX19	cytosol	HPA	Q8N4C7
CLEC3B	nucleoli	GO	P05452
TRPC4AP	plasmamembrane	GO	Q8TEL6
COMMD10	nucleoplasm	HPA	Q9Y6G5
AAGAB	nucleoplasm	HPA	Q6PD74
ELMOD1	cytosol	HPA	Q8N336
LNX1	plasmamembrane	HPA	Q8TBB1
SIPA1L3	plasmamembrane	HPA;GO	O60292
GFOD1	cytosol	HPA	Q9NXC2
OSGEP	nucleoplasm	HPA	Q9NPF4
TECTA	plasmamembrane	GO	O75443
PLAT	actinfilaments	HPA	P00750
BAZ1B	nucleoplasm	HPA;GO	Q9UIG0
MYO7A	primarycilium	GO	Q13402
SP100	nucleoplasm	HPA;GO	P23497
C21orf58	primarycilium	HPA	P58505
PAXBP1	cytosol	HPA;GO	Q9Y5B6
SLC36A2	plasmamembrane	GO	Q495M3
CFAP126	microtubules	GO	Q5VTH2
RNF125	golgiapparatus	HPA;GO	Q96EQ8
GLUD1	endoplasmicreticulum	GO	P00367
CABCOCO1	primarycilium	HPA	Q8IVU9
GRK5	plasmamembrane	HPA;GO	P34947
CCDC136	golgiapparatus	HPA	Q96JN2
MCEMP1	plasmamembrane	HPA;GO	Q8IX19
GDA	cytosol	GO	P16260
CEP112	centrosome	HPA;GO	Q8N8E3
GPR143	golgiapparatus	HPA;GO	P51810
NRBP1	nucleoplasm	GO	Q9UHY1
LIN28B	nucleoplasm	HPA	Q6ZN17
ATF2	nucleoplasm	HPA;GO	P15336
ZDHHC9	endoplasmicreticulum	HPA;GO	Q9Y397
UTP3	nucleoplasm	GO	Q9NQZ2
PSMA1	nucleoplasm	HPA;GO	P25786
CD164L2	plasmamembrane	HPA	Q6UWJ8
DMAP1	nucleoplasm	HPA;GO	Q9NPF5
LSM14A	cytosol	HPA;GO	Q8ND56
LIMA1	actinfilaments	HPA;GO	Q9UHB6
DUSP22	actinfilaments	GO	Q9NRW4
KHNYN	nucleoplasm	HPA	O15037
NPIPB11	nucleoplasm	HPA	E5RHQ5
DAG1	nucleoplasm	HPA;GO	Q14118
CD9	actinfilaments	GO	P21926
OAS1	cytosol	HPA;GO	P00973
ZSCAN9	cytosol	HPA	O15535
SMAD9	cytosol	HPA;GO	O15198
THEG	cytosol	HPA	Q9P2T0
HOXA13	intermediatefilaments	HPA	P31271
PCDHA11	cytosol	HPA	Q9Y5I1
SHE	cytosol	HPA	Q5VZ18
SOWAHB	nucleoli	HPA	A6NEL2
KRTAP5-9	cytosol	GO	P26371
TRIM22	nucleoplasm	HPA	Q8IYM9
PCNX1	nucleoplasm	HPA	Q96RV3
IAH1	nucleoplasm	HPA	Q2TAA2
ZC2HC1A	actinfilaments	HPA	Q96GY0
ILDR1	cytosol	GO	Q86SU0
MMP14	intermediatefilaments	HPA	P50281
DAW1	plasmamembrane	HPA	Q8N136
SMAD3	cytosol	GO	P84022
CD70	plasmamembrane	GO	P32970
PROCA1	golgiapparatus	HPA	Q8NCQ7
FBF1	centrosome	HPA	Q8TES7
DCAF1	nucleoli	HPA	Q9Y4B6
ENSG00000280571	primarycilium	HPA	
MGST3	mitochondria	GO	O14880
NSUN5	nucleoli	HPA;GO	Q96P11
ACAT2	nucleoplasm	HPA	O75908
PFKL	cytosol	GO	P17858
OPN1SW	plasmamembrane	GO	P03999
FOLH1	plasmamembrane	GO	Q04609
UBB	plasmamembrane	GO	P0CG47
EPHB3	plasmamembrane	GO	P54753
UBAC1	golgiapparatus	HPA	Q9BSL1
TAPBP	golgiapparatus	GO	O15533
CENPT	nucleoplasm	HPA;GO	Q96BT3
GALNT10	golgiapparatus	HPA;GO	Q86SR1
CBX7	nucleoplasm	HPA;GO	O95931
BCL2L10	endoplasmicreticulum	GO	Q9HD36
CYP4V2	endoplasmicreticulum	GO	Q6ZWL3
ERBB2	cytosol	HPA	P04626
CDK17	nucleoplasm	HPA	Q00537
ZNF577	nucleoplasm	HPA	Q9BSK1
CHTF8	nucleoplasm	GO	P0CG13
RHPN2	cytosol	GO	Q8IUC4
FAM72A	cytosol	HPA	Q5TYM5
IL17RA	cytosol	HPA	Q96F46
ZBED1	nuclearmembrane	HPA	O96006
KCNJ3	mitochondria	HPA	P48549
LYSET	golgiapparatus	GO	Q8N6I4
TUT1	nucleoplasm	HPA;GO	Q9H6E5
LIMK2	nucleoplasm	HPA	P53671
NRAS	cytosol	GO	P01111
HID1	golgiapparatus	HPA;GO	Q8IV36
DSN1	nucleoplasm	HPA;GO	Q9H410
ACADS	nucleoplasm	HPA	P16219
RUNX3	cytosol	HPA;GO	Q13761
SRSF7	nucleoplasm	HPA;GO	Q16629
TAF3	nuclearmembrane	HPA	Q5VWG9
TCF19	nucleoplasm	HPA	Q9Y242
NDRG1	plasmamembrane	GO	Q92597
NECTIN3	plasmamembrane	GO	Q9NQS3
ASPDH	nucleoplasm	HPA	A6ND91
CRYGC	cytosol	HPA	P07315
NELFA	nucleoplasm	HPA;GO	Q9H3P2
RPL37A	cytosol	HPA;GO	P61513
EFCAB11	cytosol	HPA	Q9BUY7
FAXC	nucleoplasm	HPA	Q5TGI0
RRN3	nucleoli	HPA;GO	Q9NYV6
DDX41	cytosol	GO	Q9UJV9
STARD3	cytosol	GO	Q14849
TCIRG1	mitochondria	HPA	Q13488
LSM12	cytosol	HPA	Q3MHD2
DMKN	nucleoplasm	HPA	Q6E0U4
SLC35F1	nucleoplasm	HPA	Q5T1Q4
SMIM11	actinfilaments	HPA	P58511
ZNF625	nucleoplasm	HPA	Q96I27
NFE2L1	nucleoplasm	HPA	Q14494
ARFGEF1	nucleoplasm	HPA	Q9Y6D6
HHEX	nucleoplasm	HPA	Q03014
GLIS3	golgiapparatus	HPA	Q8NEA6
STRN3	golgiapparatus	GO	Q13033
SYNE1	nucleoli	GO	Q8NF91
PIK3R5	centrosome	HPA	Q8WYR1
ZDHHC1	endoplasmicreticulum	GO	Q8WTX9
CAVIN4	golgiapparatus	HPA	Q5BKX8
ARMC5	actinfilaments	HPA	Q96C12
UBXN11	cytosol	GO	Q5T124
ATRNL1	mitochondria	HPA	Q5VV63
BLK	cytosol	GO	P51451
CTNND1	microtubules	GO	O60716
CPNE6	plasmamembrane	GO	O95741
BCAR1	actinfilaments	HPA;GO	P56945
BUD23	nucleoli	HPA	O43709
RARA	nucleoli	HPA	P10276
ZMIZ1	nucleoplasm	HPA;GO	Q9ULJ6
RWDD1	cytosol	GO	Q9H446
MAN1B1	golgiapparatus	GO	Q9UKM7
RGS9BP	nucleoli	HPA	Q6ZS82
PRKAR2A	plasmamembrane	GO	P13861
CDK9	nucleoplasm	HPA;GO	P50750
EFNB2	cytosol	HPA	P52799
CCDC24	cytosol	HPA	Q8N4L8
PGAP4	golgiapparatus	GO	Q9BRR3
BEND6	nucleoplasm	HPA	Q5SZJ8
C17orf100	nucleoplasm	HPA	A8MU93
PAK1	actinfilaments	GO	Q13153
MAK	nucleoplasm	HPA	P20794
NAA25	golgiapparatus	HPA	Q14CX7
CEP55	microtubules	HPA;GO	Q53EZ4
ZNF71	nucleoli	HPA	Q9NQZ8
GTSE1	centrosome	HPA	Q9NYZ3
PLPP6	nuclearmembrane	GO	Q8IY26
CTSZ	endoplasmicreticulum	GO	Q9UBR2
DYNC2LI1	centrosome	GO	Q8TCX1
PADI2	cytosol	GO	Q9Y2J8
UBQLN1	nucleoplasm	HPA	Q9UMX0
CARM1	nucleoplasm	HPA;GO	Q86X55
PPP1R15A	endoplasmicreticulum	GO	O75807
ONECUT2	nucleoplasm	HPA	O95948
TLX2	nucleoplasm	HPA	O43763
NRG1	plasmamembrane	GO	Q02297
CCDC124	plasmamembrane	HPA	Q96CT7
NF2	plasmamembrane	HPA;GO	P35240
SEC16A	cytosol	GO	O15027
RND1	actinfilaments	HPA	Q92730
HDAC2	nucleoplasm	HPA;GO	Q92769
MAPRE1	plasmamembrane	GO	Q15691
FBXO21	nucleoplasm	HPA	O94952
KRAS	endoplasmicreticulum	GO	P01116
ZDHHC20	endoplasmicreticulum	GO	Q5W0Z9
XAF1	cytosol	GO	Q6GPH4
RPS5	plasmamembrane	GO	P46782
MEF2B	nucleoplasm	HPA	Q02080
INPP5A	plasmamembrane	HPA;GO	Q14642
UCK1	nucleoplasm	HPA	Q9HA47
USP12	plasmamembrane	GO	O75317
KRTAP4-3	cytosol	GO	Q9BYR4
MAPKAP1	cytosol	HPA;GO	Q9BPZ7
GALNT14	golgiapparatus	HPA;GO	Q96FL9
TLN1	actinfilaments	HPA;GO	Q9Y490
KRT20	intermediatefilaments	HPA	P35900
PACS2	endoplasmicreticulum	GO	Q86VP3
POLR1E	nucleoplasm	HPA;GO	O15160
TLR4	plasmamembrane	HPA;GO	O00206
TLR6	plasmamembrane	GO	Q9Y2C9
BBLN	intermediatefilaments	GO	Q9BUW7
RRP12	nucleoli	HPA	Q5JTH9
SPRYD3	nucleoplasm	HPA	Q8NCJ5
CNBD2	cytosol	HPA	Q96M20
TESK1	centrosome	GO	Q15569
UBE2B	cytosol	HPA	P63146
MAP2	primarycilium	HPA	P11137
DTNA	plasmamembrane	HPA	Q9Y4J8
GJB6	actinfilaments	GO	O95452
GSTP1	mitochondria	HPA	P09211
KMO	cytosol	GO	O15229
EXTL1	primarycilium	HPA	Q92935
GALNT4	golgiapparatus	HPA;GO	Q8N4A0
DYRK2	cytosol	HPA	Q92630
PYURF	nucleoplasm	HPA	Q96I23
ECM2	endoplasmicreticulum	HPA	O94769
SURF4	golgiapparatus	HPA;GO	O15260
LRRC25	microtubules	HPA	Q8N386
TSNAX	cytosol	HPA;GO	Q99598
KRTAP9-7	cytosol	GO	A8MTY7
ERVV-1	cytosol	HPA	B6SEH8
GRHL3	primarycilium	HPA	Q8TE85
SKI	nucleoplasm	HPA;GO	P12755
SDCBP	nuclearmembrane	HPA	O00560
DCTN1	centrosome	GO	Q14203
ATP5PO	mitochondria	HPA;GO	P48047
CCNI	nucleoplasm	HPA	Q14094
EIPR1	nucleoli	HPA	Q53HC9
LSM4	nucleoplasm	GO	Q9Y4Z0
PRDX3	cytosol	GO	P30048
ZFP28	cytosol	HPA	Q8NHY6
SUPT6H	nucleoplasm	HPA;GO	Q7KZ85
KBTBD13	cytosol	GO	C9JR72
ADAMTS20	primarycilium	HPA	P59510
CMPK1	nucleoplasm	HPA	P30085
ELOA2	nucleoplasm	HPA;GO	Q8IYF1
CISD3	mitochondria	GO	P0C7P0
TBC1D9B	nucleoplasm	HPA	Q66K14
PDE6A	primarycilium	GO	P16499
CREB3L4	endoplasmicreticulum	GO	Q8TEY5
FZD4	nucleoplasm	HPA	Q9ULV1
AHNAK	actinfilaments	GO	Q09666
RBBP9	nucleoplasm	HPA	O75884
MYH11	cytosol	HPA;GO	P35749
LIMD1	cytosol	GO	Q9UGP4
ANKS3	cytosol	HPA	Q6ZW76
ATL3	endoplasmicreticulum	HPA;GO	Q6DD88
ENSG00000285130	nucleoplasm	HPA	
CAPN5	actinfilaments	GO	O15484
CHEK1	centrosome	GO	O14757
MYLK3	cytosol	HPA	Q32MK0
MYBPC3	cytosol	GO	Q14896
MLF1	cytosol	HPA	P58340
SRA1	microtubules	HPA	Q9H7N4
ASCL1	nucleoplasm	HPA	P50553
ZSCAN12	nucleoplasm	HPA	O43309
ATPAF2	mitochondria	GO	Q8N5M1
CDC25A	nucleoplasm	HPA;GO	P30304
SAXO1	primarycilium	GO	Q8IYX7
RPL7	nucleoli	GO	P18124
GIT1	microtubules	GO	Q9Y2X7
POR	endoplasmicreticulum	GO	P16435
PSMD12	cytosol	HPA;GO	O00232
JPT1	nucleoplasm	HPA	Q9UK76
YWHAB	cytosol	HPA;GO	P31946
VANGL2	plasmamembrane	GO	Q9ULK5
BTG4	endoplasmicreticulum	HPA	Q9NY30
GALNT1	golgiapparatus	GO	Q10472
KRT74	intermediatefilaments	HPA	Q7RTS7
ETS2	cytosol	HPA	P15036
H2BC8	cytosol	HPA	P62807
RFX2	golgiapparatus	HPA	P48378
SUCNR1	plasmamembrane	GO	Q9BXA5
HS3ST5	golgiapparatus	GO	Q8IZT8
SEC16B	cytosol	GO	Q96JE7
IQCH	cytosol	HPA	Q86VS3
CENPE	nucleoplasm	GO	Q02224
PROM2	plasmamembrane	HPA	Q8N271
FRYL	microtubules	HPA	O94915
PPFIBP2	cytosol	GO	Q8ND30
ELL3	nucleoli	HPA	Q9HB65
NOMO3	cytosol	GO	P69849
ACTN4	cytosol	HPA	O43707
CDK6	cytosol	HPA;GO	Q00534
WDR75	nucleoplasm	GO	Q8IWA0
ZZEF1	mitochondria	HPA	O43149
ITSN1	plasmamembrane	HPA;GO	Q15811
HHAT	golgiapparatus	HPA;GO	Q5VTY9
PRP4K	nucleoplasm	GO	Q13523
FLOT1	plasmamembrane	HPA;GO	O75955
GPC3	plasmamembrane	HPA;GO	P51654
MMAA	cytosol	HPA	Q8IVH4
LIPH	plasmamembrane	GO	Q8WWY8
TMED5	golgiapparatus	GO	Q9Y3A6
ENSG00000286268	nuclearmembrane	HPA	
ERI2	nucleoplasm	HPA	A8K979
ASH1L	golgiapparatus	HPA	Q9NR48
MSX1	nucleoplasm	HPA	P28360
VAV2	cytosol	GO	P52735
TBX19	nucleoplasm	HPA	O60806
NEK3	primarycilium	HPA	P51956
SMYD3	nucleoplasm	HPA;GO	Q9H7B4
GPR89A	golgiapparatus	GO	B7ZAQ6
FLYWCH2	nucleoplasm	HPA	Q96CP2
ABITRAM	microtubules	HPA	Q9NX38
MMADHC	mitochondria	GO	Q9H3L0
KRTAP26-1	cytosol	GO	Q6PEX3
APOOL	mitochondria	HPA;GO	Q6UXV4
TP53	nucleoplasm	HPA;GO	P04637
OSBPL11	golgiapparatus	HPA	Q9BXB4
PCBP2	cytosol	HPA;GO	Q15366
RAB34	plasmamembrane	GO	P0DI83
TANGO2	cytosol	GO	Q6ICL3
DOK2	cytosol	GO	O60496
NAA40	cytosol	HPA	Q86UY6
H2AC25	nucleoplasm	HPA;GO	Q7L7L0
KLHL6	cytosol	HPA	Q8WZ60
RFPL1	plasmamembrane	HPA	O75677
IFFO2	plasmamembrane	HPA	Q5TF58
RAC2	mitochondria	GO	P15153
ZNF689	nucleoplasm	HPA	C0HLU2
NEUROD4	cytosol	HPA	Q9HD90
SUCO	nucleoli	HPA	Q9UBS9
GMNN	cytosol	HPA	O75496
PHF6	nucleoplasm	HPA;GO	Q8IWS0
SMOX	cytosol	HPA;GO	Q9NWM0
UGP2	cytosol	GO	Q16851
UTP14A	nucleoli	HPA	Q9BVJ6
TMCO1	endoplasmicreticulum	HPA;GO	Q9UM00
CUEDC1	centrosome	HPA	Q9NWM3
LRRFIP1	cytosol	HPA;GO	Q32MZ4
SULT2A1	cytosol	HPA;GO	Q06520
UFC1	nucleoplasm	HPA	Q9Y3C8
UBE2G1	nucleoplasm	HPA	P62253
RILPL1	centrosome	HPA	Q5EBL4
ZNF277	nucleoplasm	HPA	Q9NRM2
RETSAT	cytosol	HPA	Q6NUM9
STAU1	plasmamembrane	GO	O95793
FANCG	mitochondria	GO	O15287
SHISA6	plasmamembrane	HPA	Q6ZSJ9
FRMD5	plasmamembrane	GO	Q7Z6J6
CKS2	cytosol	HPA	P33552
NPDC1	nucleoplasm	HPA	Q9NQX5
MAGEA1	cytosol	HPA	P43355
UTP23	nucleoli	HPA	Q9BRU9
NABP2	nucleoplasm	HPA;GO	Q9BQ15
VDAC3	mitochondria	HPA;GO	Q9Y277
MAS1	plasmamembrane	GO	P04201
DTX3L	cytosol	HPA;GO	Q8TDB6
INPP5B	cytosol	HPA;GO	P32019
NHEJ1	nucleoplasm	HPA;GO	Q9H9Q4
ZNF783	plasmamembrane	HPA	Q6ZMS7
PRDM5	nucleoli	HPA	Q9NQX1
RPGRIP1L	plasmamembrane	GO	Q68CZ1
MRRF	mitochondria	GO	Q96E11
RPL26	nucleoli	HPA	P61254
OSTC	endoplasmicreticulum	GO	Q9NRP0
ELAC2	cytosol	GO	Q9BQ52
C3orf56	cytosol	HPA	Q8N813
FGFRL1	golgiapparatus	GO	Q8N441
DCAF13	nucleoli	HPA;GO	Q9NV06
CYSRT1	microtubules	HPA	A8MQ03
BBS9	primarycilium	HPA;GO	Q3SYG4
RAB10	plasmamembrane	GO	P61026
WLS	plasmamembrane	GO	Q5T9L3
LCA5	primarycilium	HPA;GO	Q86VQ0
KAZN	nucleoplasm	HPA	Q674X7
RBM8A	nucleoplasm	HPA;GO	Q9Y5S9
URI1	cytosol	HPA	O94763
HOMER3	plasmamembrane	HPA	Q9NSC5
PCP2	nucleoplasm	HPA	Q8IVA1
TTYH1	nucleoplasm	HPA	Q9H313
PAK5	nucleoplasm	HPA	Q9NQU5
MS4A12	plasmamembrane	HPA	Q9NXJ0
CHST6	golgiapparatus	GO	Q9GZX3
PADI1	nucleoplasm	HPA	Q9ULC6
KDM2A	nucleoplasm	HPA;GO	Q9Y2K7
LOXL2	nucleoplasm	HPA;GO	Q9Y4K0
SASH3	nucleoplasm	HPA	O75995
ZNF850	nucleoplasm	HPA	A8MQ14
RBMX2	nucleoplasm	GO	Q9Y388
ARL2BP	mitochondria	GO	Q9Y2Y0
TCP1	microtubules	GO	P17987
CLEC2B	plasmamembrane	GO	Q92478
ELMOD2	cytosol	HPA	Q8IZ81
GOLGB1	cytosol	GO	Q14789
PPOX	mitochondria	HPA;GO	O43612
CIPC	nucleoplasm	HPA	Q9C0C6
SMPD4	endoplasmicreticulum	GO	Q9NXE4
PIPOX	cytosol	GO	Q9P0Z9
MDM1	microtubules	GO	Q8TC05
PPIB	endoplasmicreticulum	HPA;GO	P23284
MPHOSPH10	nucleoplasm	HPA;GO	O00566
UTP18	nucleoplasm	GO	Q9Y5J1
RRAGD	cytosol	GO	Q9NQL2
TRIM56	cytosol	HPA;GO	Q9BRZ2
UNC13B	nucleoplasm	HPA	O14795
TUSC3	endoplasmicreticulum	GO	Q13454
RGS12	nucleoli	HPA	O14924
GMPR2	nucleoli	HPA	Q9P2T1
USP9X	centrosome	GO	Q93008
WRN	centrosome	GO	Q14191
SRRM5	centrosome	HPA	B3KS81
DCAF8	nucleoplasm	HPA;GO	Q5TAQ9
PIBF1	centrosome	HPA;GO	Q8WXW3
STK17A	nucleoplasm	HPA	Q9UEE5
NUSAP1	nucleoplasm	HPA	Q9BXS6
MGAT2	golgiapparatus	HPA;GO	Q10469
TPI1	nucleoplasm	HPA	P60174
CERT1	endoplasmicreticulum	GO	Q9Y5P4
CFAP74	primarycilium	GO	Q9C0B2
GOLGA4	cytosol	GO	Q13439
PSPH	cytosol	HPA;GO	P78330
CLDND1	nucleoplasm	HPA	Q9NY35
GMFG	cytosol	HPA	O60234
B3GAT2	golgiapparatus	GO	Q9NPZ5
SERTAD1	nucleoplasm	HPA	Q9UHV2
CBL	primarycilium	GO	P22681
ADCY5	plasmamembrane	HPA;GO	O95622
AMT	mitochondria	HPA;GO	P48728
CCDC25	nucleoplasm	HPA	Q86WR0
CHP2	plasmamembrane	GO	O43745
FDXR	mitochondria	HPA;GO	P22570
C10orf90	cytosol	HPA	Q96M02
PIH1D1	cytosol	HPA	Q9NWS0
VRK3	nucleoplasm	HPA	Q8IV63
BBS1	centrosome	GO	Q8NFJ9
SIGIRR	plasmamembrane	GO	Q6IA17
RYK	cytosol	HPA	P34925
HSD17B14	cytosol	GO	Q9BPX1
CEP72	primarycilium	HPA	Q9P209
ACTN3	actinfilaments	HPA;GO	Q08043
RPUSD2	nucleoplasm	HPA	Q8IZ73
TENT4B	cytosol	HPA	Q8NDF8
RASEF	cytosol	GO	Q8IZ41
RPS13	actinfilaments	GO	P62277
SMIM7	golgiapparatus	HPA	Q9BQ49
CIB3	plasmamembrane	HPA	Q96Q77
LSM10	nucleoplasm	HPA;GO	Q969L4
BZW2	cytosol	HPA	Q9Y6E2
H3C14	nucleoplasm	HPA	Q71DI3
PRIMA1	plasmamembrane	HPA	Q86XR5
RAB11FIP3	centrosome	HPA;GO	O75154
MPZL1	plasmamembrane	HPA;GO	O95297
MUC5B	plasmamembrane	GO	Q9HC84
PRKRIP1	cytosol	HPA	Q9H875
ANXA5	plasmamembrane	GO	P08758
B3GALT2	golgiapparatus	GO	O43825
NIN	primarycilium	HPA;GO	Q8N4C6
HLA-DQB2	endoplasmicreticulum	GO	P05538
IFT81	cytosol	HPA	Q8WYA0
CNST	plasmamembrane	GO	Q6PJW8
PAQR4	golgiapparatus	GO	Q8N4S7
KLHL21	centrosome	HPA	Q9UJP4
CASKIN2	plasmamembrane	HPA	Q8WXE0
SPRY1	nucleoplasm	HPA	O43609
GALR2	plasmamembrane	GO	O43603
AP3B1	cytosol	HPA	O00203
CLCN3	golgiapparatus	GO	P51790
CETN3	microtubules	GO	O15182
CEP78	centrosome	GO	Q5JTW2
MAPK14	cytosol	HPA;GO	Q16539
OLFM1	nucleoplasm	HPA	Q99784
ULK1	cytosol	HPA;GO	O75385
CCNDBP1	nucleoplasm	HPA	O95273
GUCY1B1	cytosol	HPA;GO	Q02153
STAM	cytosol	GO	Q92783
BDH1	nucleoplasm	HPA	Q02338
LIMK1	nucleoplasm	HPA	P53667
RGS22	actinfilaments	HPA	Q8NE09
DCTN2	actinfilaments	GO	Q13561
MYL4	plasmamembrane	HPA	P12829
FAM90A5P	nucleoli	HPA	A8MXJ8
PPM1B	cytosol	HPA;GO	O75688
UPF3A	nucleoplasm	HPA	Q9H1J1
GPALPP1	nucleoli	HPA	Q8IXQ4
BRAF	plasmamembrane	HPA;GO	P15056
NGFR	plasmamembrane	HPA;GO	P08138
CCDC40	microtubules	HPA	Q4G0X9
ZEB2	nucleoplasm	HPA;GO	O60315
TLR9	endoplasmicreticulum	GO	Q9NR96
RGS7BP	actinfilaments	HPA	Q6MZT1
ENSG00000255439	endoplasmicreticulum	HPA	
RGS3	plasmamembrane	HPA;GO	P49796
BMS1	nucleoli	HPA	Q14692
KCNC4	cytosol	HPA	Q03721
NME7	nucleoplasm	HPA	Q9Y5B8
FUOM	cytosol	GO	A2VDF0
OLFML2A	golgiapparatus	HPA	Q68BL7
DPYSL5	cytosol	HPA;GO	Q9BPU6
HAUS2	nucleoplasm	HPA	Q9NVX0
PTPN18	nucleoplasm	GO	Q99952
ZBTB5	nucleoplasm	HPA	O15062
HID1	microtubules	GO	Q8IV36
PPP6R3	nucleoplasm	HPA;GO	Q5H9R7
VPS41	cytosol	GO	P49754
TYW1B	nucleoli	HPA	Q6NUM6
NAP1L2	cytosol	HPA	Q9ULW6
HNRNPF	nucleoplasm	HPA;GO	P52597
KIR2DS2	plasmamembrane	GO	P43631
N6AMT1	nucleoplasm	HPA	Q9Y5N5
NPTX2	centrosome	HPA	P47972
IL2RG	plasmamembrane	HPA;GO	P31785
NEMP2	nucleoplasm	HPA	A6NFY4
PARG	nucleoplasm	HPA;GO	Q86W56
SGK2	nucleoplasm	HPA	Q9HBY8
ZNF90	nucleoplasm	HPA	Q03938
SNAI3	nucleoplasm	HPA	Q3KNW1
FBRSL1	plasmamembrane	HPA	Q9HCM7
CEP97	primarycilium	HPA	Q8IW35
SKAP1	cytosol	HPA	Q86WV1
ERBB4	mitochondria	GO	Q15303
PTPA	nucleoplasm	HPA	P18433
PKN1	microtubules	HPA;GO	Q16512
NAV1	microtubules	HPA	Q8NEY1
AFF2	nucleoplasm	GO	P51816
OSBPL6	endoplasmicreticulum	GO	Q9BZF3
TBCD	centrosome	GO	Q9BTW9
WRN	nucleoli	GO	Q14191
ZNF395	nucleoplasm	HPA	Q9H8N7
RPL21	endoplasmicreticulum	HPA	P46778
FBXW4	golgiapparatus	HPA	P57775
SUMO1	plasmamembrane	GO	P63165
CDK16	microtubules	HPA	Q00536
EMX1	nucleoplasm	HPA	Q04741
PPP1R8	nucleoplasm	HPA;GO	Q12972
GUF1	mitochondria	HPA	Q8N442
CD34	plasmamembrane	HPA;GO	P28906
DNAJA4	plasmamembrane	HPA	Q8WW22
SERPINA5	plasmamembrane	GO	P05154
LYPLA1	cytosol	HPA;GO	O75608
CASP3	cytosol	GO	P42574
CFAP77	microtubules	GO	Q6ZQR2
ENSG00000256500	nucleoplasm	HPA	
ATXN7	microtubules	GO	O15265
IFI16	cytosol	HPA;GO	Q16666
SLC16A3	plasmamembrane	HPA;GO	O15427
FMNL2	cytosol	HPA;GO	Q96PY5
PRR5L	cytosol	HPA	Q6MZQ0
NCALD	cytosol	GO	P61601
SENP7	nucleoplasm	HPA	Q9BQF6
OR2J1	plasmamembrane	GO	Q9GZK6
EFCAB13	cytosol	HPA	Q8IY85
GPN1	cytosol	HPA	Q9HCN4
NPIPB15	nucleoplasm	HPA	A6NHN6
C3orf49	cytosol	HPA	Q96BT1
ADHFE1	mitochondria	GO	Q8IWW8
TBL3	nucleoplasm	GO	Q12788
KIF18A	plasmamembrane	GO	Q8NI77
NRAP	cytosol	HPA	Q86VF7
TRAPPC9	nucleoplasm	HPA	Q96Q05
ADK	cytosol	HPA;GO	P55263
BCAP31	plasmamembrane	GO	P51572
CBX3	nucleoplasm	HPA;GO	Q13185
AMZ2	cytosol	HPA	Q86W34
CMTM8	nucleoplasm	HPA	Q8IZV2
PARPBP	nucleoplasm	HPA;GO	Q9NWS1
TRIP13	cytosol	HPA	Q15645
ZNF449	nucleoplasm	HPA	Q6P9G9
S100A11	plasmamembrane	GO	P31949
KIF26A	cytosol	HPA;GO	Q9ULI4
RNF149	plasmamembrane	HPA	Q8NC42
RRM1	cytosol	HPA;GO	P23921
NUDT1	cytosol	HPA;GO	P36639
FGFR1OP2	cytosol	GO	Q9NVK5
SPG21	cytosol	HPA;GO	Q9NZD8
MARK4	cytosol	HPA;GO	Q96L34
CCDC68	primarycilium	GO	Q9H2F9
KIF21B	plasmamembrane	HPA	O75037
NOSIP	cytosol	GO	Q9Y314
SLC50A1	golgiapparatus	GO	Q9BRV3
MKNK1	nucleoplasm	HPA	Q9BUB5
GPR180	nucleoplasm	HPA	Q86V85
AGPAT2	plasmamembrane	GO	O15120
TRIM37	nucleoplasm	GO	O94972
LONP1	mitochondria	HPA;GO	P36776
ARHGAP10	nucleoplasm	HPA	A1A4S6
UBIAD1	endoplasmicreticulum	GO	Q9Y5Z9
RPL38	plasmamembrane	GO	P63173
HDX	cytosol	HPA	Q7Z353
SLC43A3	plasmamembrane	HPA;GO	Q8NBI5
ATAD2B	nucleoplasm	HPA	Q9ULI0
RNF144B	cytosol	GO	Q7Z419
FDX2	mitochondria	GO	Q6P4F2
DEFA5	golgiapparatus	GO	Q01523
NLRP6	cytosol	GO	P59044
H2AC20	nucleoplasm	HPA	Q16777
CDS2	mitochondria	GO	O75420
NR2C1	plasmamembrane	HPA	P13056
ARHGAP11A	cytosol	HPA;GO	Q6P4F7
ZDHHC3	golgiapparatus	HPA;GO	Q9NYG2
KPNA7	cytosol	GO	A9QM74
SIVA1	mitochondria	GO	O15304
SF3A1	nucleoplasm	HPA;GO	Q15459
ADNP	nucleoplasm	HPA	Q9H2P0
SLA2	golgiapparatus	HPA	Q9H6Q3
IRS1	plasmamembrane	HPA;GO	P35568
KCNT2	plasmamembrane	GO	Q6UVM3
KGD4	mitochondria	GO	P82909
RNF13	cytosol	HPA	O43567
PDZD11	plasmamembrane	GO	Q5EBL8
RIPK2	cytosol	HPA;GO	O43353
FAM133A	nucleoplasm	HPA	Q8N9E0
ZNF570	nucleoplasm	HPA	Q96NI8
LCAT	nucleoplasm	HPA	P04180
ZNF787	mitochondria	HPA	Q6DD87
GRIN1	plasmamembrane	GO	Q05586
ASPM	cytosol	HPA	Q8IZT6
LMX1B	nucleoplasm	HPA	O60663
MAPK3	mitochondria	GO	P27361
TAS2R5	nucleoplasm	HPA	Q9NYW4
LPIN2	plasmamembrane	HPA	Q92539
SRSF1	nucleoplasm	HPA;GO	Q07955
ITGB3	actinfilaments	GO	P05106
SIPA1	cytosol	GO	Q96FS4
NUDT14	cytosol	GO	O95848
ZNF662	cytosol	HPA	Q6ZS27
KHDC1	cytosol	HPA	Q4VXA5
CERCAM	plasmamembrane	HPA	Q5T4B2
FOXO1	cytosol	HPA;GO	Q12778
GRAP2	plasmamembrane	HPA	O75791
KLF5	nucleoplasm	HPA	Q13887
SPINK5	cytosol	GO	Q9NQ38
SEPTIN1	microtubules	GO	Q8WYJ6
OSBPL3	endoplasmicreticulum	GO	Q9H4L5
DOCK2	cytosol	GO	Q92608
ECD	nucleoplasm	HPA	O95905
PHF1	centrosome	GO	O43189
ZNF354C	nucleoplasm	HPA	Q86Y25
STAT3	cytosol	HPA;GO	P40763
SS18	cytosol	HPA	Q15532
ABCG1	mitochondria	GO	P45844
AP1M1	plasmamembrane	GO	Q9BXS5
ZNF33B	nucleoli	HPA	Q06732
GAPDHS	nucleoplasm	HPA	O14556
ARPP21	nucleoli	HPA	Q9UBL0
CLDN5	plasmamembrane	GO	O00501
RPS23	endoplasmicreticulum	HPA	P62266
SHANK2	plasmamembrane	HPA	Q9UPX8
MOSPD2	plasmamembrane	GO	Q8NHP6
PROZ	endoplasmicreticulum	GO	P22891
TMEM245	cytosol	HPA	Q9H330
NDUFB8	mitochondria	HPA;GO	O95169
LBR	nuclearmembrane	HPA;GO	Q14739
PID1	endoplasmicreticulum	HPA	Q7Z2X4
SLC29A2	plasmamembrane	GO	Q14542
NPIPB2	nucleoplasm	HPA	A6NJ64
BCR	cytosol	HPA;GO	P11274
CTR9	nucleoplasm	HPA;GO	Q6PD62
CFAP300	centrosome	HPA	Q9BRQ4
TNK1	plasmamembrane	HPA	Q13470
RAPGEF1	cytosol	GO	Q13905
STOX2	nucleoplasm	HPA	Q9P2F5
PRRC2B	nucleoplasm	HPA	Q5JSZ5
SLC44A1	cytosol	GO	Q8WWI5
ARHGEF3	cytosol	HPA;GO	Q9NR81
RASA4B	plasmamembrane	HPA	C9J798
C14orf39	nucleoli	HPA	Q8N1H7
DNAJB6	cytosol	HPA;GO	O75190
CEP164	microtubules	GO	Q9UPV0
TRAK2	cytosol	GO	O60296
CD8B	plasmamembrane	HPA;GO	P10966
SPIN1	nucleoplasm	HPA	Q9H2V7
ZNF880	intermediatefilaments	HPA	Q6PDB4
NELFB	nucleoplasm	HPA;GO	Q8WX92
THADA	cytosol	HPA	Q6YHU6
IGLV3-19	plasmamembrane	GO	P01714
RPL8	plasmamembrane	GO	P62917
CYP1A2	endoplasmicreticulum	GO	P05177
CFAP418	plasmamembrane	HPA	Q96NL8
ASIC3	plasmamembrane	GO	Q9UHC3
HLA-DRB3	endoplasmicreticulum	GO	P79483
CLN5	golgiapparatus	GO	O75503
DOCK10	nucleoplasm	HPA	Q96BY6
ARMC1	mitochondria	HPA;GO	Q9NVT9
FPR1	nucleoplasm	HPA	P21462
STING1	plasmamembrane	GO	Q86WV6
NR4A2	nucleoplasm	HPA;GO	P43354
SEPSECS	cytosol	GO	Q9HD40
MYO16	nucleoplasm	GO	Q9Y6X6
OTUD7B	cytosol	GO	Q6GQQ9
DYNC1I2	cytosol	HPA;GO	Q13409
PACSIN2	cytosol	GO	Q9UNF0
DBN1	actinfilaments	HPA	Q16643
IVL	cytosol	HPA;GO	P07476
TMEM100	endoplasmicreticulum	GO	Q9NV29
NDUFV2	cytosol	HPA	P19404
MAGEC2	cytosol	HPA	Q9UBF1
DAPK3	microtubules	GO	O43293
ERAP1	plasmamembrane	HPA	Q9NZ08
VPS36	cytosol	GO	Q86VN1
METAP2	plasmamembrane	HPA	P50579
TFDP2	nucleoplasm	HPA;GO	Q14188
CX3CR1	plasmamembrane	HPA;GO	P49238
SBF2	cytosol	HPA;GO	Q86WG5
THAP12	cytosol	HPA	O43422
PDE11A	cytosol	GO	Q9HCR9
ARCN1	cytosol	HPA;GO	P48444
UFL1	nucleoplasm	GO	O94874
PABIR1	nucleoplasm	HPA	Q96E09
STIM2	plasmamembrane	GO	Q9P246
COL28A1	nucleoplasm	HPA	Q2UY09
KRTAP23-1	cytosol	GO	A1A580
TASP1	cytosol	GO	Q9H6P5
CDKL5	nucleoplasm	HPA	O76039
PJA1	nucleoli	HPA	Q8NG27
UBL4A	nucleoplasm	HPA	P11441
NUMA1	plasmamembrane	GO	Q14980
CCAR2	microtubules	GO	Q8N163
SLC9A6	mitochondria	GO	Q92581
RSPH10B	cytosol	HPA	P0C881
GBP4	cytosol	GO	Q96PP9
LIAS	mitochondria	HPA;GO	O43766
XAGE1A	nucleoplasm	HPA	Q9HD64
PASD1	nucleoplasm	HPA	Q8IV76
TMEM35B	nucleoli	HPA	Q8NCS4
TNFRSF17	golgiapparatus	HPA	Q02223
THG1L	cytosol	GO	Q9NWX6
DDX23	nucleoplasm	HPA;GO	Q9BUQ8
MUC16	golgiapparatus	GO	Q8WXI7
HTR4	plasmamembrane	GO	Q13639
SMG8	cytosol	GO	Q8ND04
CCDC62	nucleoplasm	HPA	Q6P9F0
RDX	plasmamembrane	HPA;GO	P35241
SRRD	cytosol	HPA	Q9UH36
PTK2	cytosol	HPA;GO	Q05397
PDZK1IP1	cytosol	HPA	Q13113
JOSD2	cytosol	GO	Q8TAC2
TTC14	nucleoplasm	HPA	Q96N46
CIT	cytosol	HPA;GO	O14578
LAX1	plasmamembrane	HPA	Q8IWV1
RGL1	nucleoplasm	HPA	Q9NZL6
MLC1	plasmamembrane	GO	P12829
RNF187	nucleoplasm	HPA	Q5TA31
RPS10	actinfilaments	GO	P46783
RET	cytosol	HPA	P07949
ATMIN	nucleoplasm	HPA	O43313
ZNF546	nucleoplasm	HPA	Q86UE3
IRF4	nucleoplasm	HPA;GO	Q15306
YARS1	nucleoplasm	HPA	P54577
POSTN	golgiapparatus	HPA;GO	Q15063
DIABLO	mitochondria	HPA;GO	Q9NR28
SLC25A37	cytosol	HPA	Q9NYZ2
SHLD1	nucleoplasm	GO	Q8IYI0
RPUSD1	plasmamembrane	HPA	Q9UJJ7
ATP10A	endoplasmicreticulum	GO	O60312
SUN1	nuclearmembrane	HPA	O94901
CENPW	nucleoplasm	HPA;GO	Q5EE01
DYNLT2B	cytosol	HPA	Q8WW35
DEF6	nucleoplasm	HPA	Q01524
PSMC6	nucleoplasm	HPA;GO	P62333
JAK2	nucleoplasm	HPA;GO	O60674
FLT3	endoplasmicreticulum	HPA	P36888
DCTN5	nucleoplasm	HPA	Q9BTE1
PRR32	nucleoplasm	HPA	B1ATL7
ACER2	golgiapparatus	GO	Q5QJU3
NIBAN1	plasmamembrane	HPA	Q9BZQ8
E2F5	nucleoli	HPA	Q15329
ZNG1A	plasmamembrane	HPA	Q9BRT8
LTK	plasmamembrane	GO	P29376
ENPP7	golgiapparatus	GO	Q6UWV6
PLXNC1	plasmamembrane	GO	O60486
MAP3K3	cytosol	GO	Q99759
ATP6V1C2	cytosol	GO	Q8NEY4
RAMP3	plasmamembrane	HPA;GO	O60896
ACTG1	cytosol	GO	P63261
HAGH	cytosol	GO	Q16775
GAS2L2	primarycilium	GO	Q8NHY3
CERS6	endoplasmicreticulum	GO	Q6ZMG9
ERCC8	nucleoplasm	HPA;GO	Q13216
MBLAC2	endoplasmicreticulum	GO	Q68D91
TCP11L1	golgiapparatus	HPA	Q9NUJ3
ETV3L	nucleoplasm	HPA	Q6ZN32
COL2A1	nucleoplasm	HPA	P02458
DNPH1	cytosol	HPA;GO	O43598
NDC1	plasmamembrane	HPA	Q9BTX1
UNC5A	cytosol	HPA	Q6ZN44
TPGS1	centrosome	GO	Q6ZTW0
HGS	cytosol	HPA;GO	O14964
MARCHF6-DT	nucleoplasm	GO	P0DW81
GALNT7	nucleoplasm	HPA	Q86SF2
IFI35	cytosol	HPA;GO	P80217
IGSF11	plasmamembrane	HPA;GO	Q5DX21
ZNF446	nucleoplasm	HPA	Q9NWS9
IGHV3-13	plasmamembrane	GO	P01766
ACTR1A	cytosol	GO	P61163
HYCC2	nucleoplasm	HPA	Q8IXS8
FDPS	cytosol	HPA;GO	P14324
TCEA1	nucleoli	HPA	P23193
ARHGEF28	plasmamembrane	HPA	Q8N1W1
COX6C	mitochondria	HPA;GO	P09669
PVALB	nucleoplasm	HPA	P20472
PROM1	endoplasmicreticulum	GO	O43490
GNB4	plasmamembrane	HPA	Q9HAV0
HEY1	cytosol	HPA	Q9Y5J3
RPS4X	cytosol	GO	P62701
SLC17A1	plasmamembrane	GO	Q14916
PRKCI	cytosol	HPA;GO	P41743
FLT4	plasmamembrane	GO	P35916
FZD10	nucleoplasm	HPA	Q9ULW2
CFLAR	nucleoplasm	HPA	O15519
GCC2	nucleoplasm	HPA	Q8IWJ2
ITGB5	actinfilaments	GO	P18084
DAZAP2	cytosol	GO	Q15038
KIF5A	microtubules	HPA	Q12840
OTUD6B	golgiapparatus	HPA	Q8N6M0
ITGBL1	plasmamembrane	GO	O95965
PLEKHA1	cytosol	HPA	Q9HB21
GSTM1	cytosol	HPA;GO	P09488
THOC7	cytosol	HPA	Q6I9Y2
ATG4C	nucleoplasm	HPA	Q96DT6
MEFV	microtubules	GO	O15553
FMNL3	golgiapparatus	HPA	Q8IVF7
LYRM4	nucleoplasm	HPA	Q9HD34
SAMD1	nucleoplasm	HPA	Q6SPF0
TPPP	cytosol	HPA	O94811
RHOG	endoplasmicreticulum	GO	P84095
KDELR3	endoplasmicreticulum	HPA;GO	O43731
WDR49	primarycilium	HPA	Q8IV35
ASB5	plasmamembrane	HPA	Q8WWX0
HIC2	nucleoplasm	HPA	Q96JB3
CYP3A7	endoplasmicreticulum	GO	P24462
DNTTIP1	nucleoplasm	HPA;GO	Q9H147
SPATS2L	nucleoli	HPA	Q9NUQ6
ABHD2	nucleoplasm	HPA	P08910
UBQLN4	cytosol	GO	Q9NRR5
RTN4RL1	actinfilaments	HPA	Q86UN2
CSTB	cytosol	HPA	P04080
LANCL2	actinfilaments	GO	Q9NS86
DDX21	nucleoplasm	HPA;GO	Q9NR30
SLC9A8	plasmamembrane	GO	Q9Y2E8
C12orf73	mitochondria	HPA	Q69YU5
H2BC17	nucleoplasm	HPA;GO	P23527
ZNF507	nucleoli	HPA	Q8TCN5
IFT70B	primarycilium	GO	Q8N4P2
ZNF670	nucleoplasm	HPA	Q9BS34
SMAD7	cytosol	HPA;GO	O15105
CENPN	cytosol	GO	Q96H22
SMAD5	nucleoplasm	HPA;GO	Q99717
PRORP	nucleoplasm	HPA	O15091
UPP2	nucleoplasm	HPA	O95045
POLI	nucleoplasm	HPA;GO	Q9UNA4
DDX60	intermediatefilaments	HPA	Q8IY21
CHML	cytosol	HPA;GO	P26374
KANSL1	nucleoplasm	HPA;GO	Q7Z3B3
PDCD11	nucleoli	HPA	Q14690
RBL2	nucleoplasm	HPA;GO	Q08999
HJURP	nucleoli	HPA;GO	Q8NCD3
CCDC63	nucleoplasm	HPA	Q8NA47
FZD6	plasmamembrane	HPA;GO	O60353
VPS13B	plasmamembrane	HPA	Q7Z7G8
ISCA1	mitochondria	GO	Q9BUE6
NKIRAS2	nucleoplasm	HPA	Q9NYR9
CRP	nucleoplasm	HPA	P02741
BSG	golgiapparatus	GO	P35613
KRTCAP3	nucleoplasm	HPA	Q53RY4
DEPDC1B	nucleoplasm	HPA	Q8WUY9
ALPP	plasmamembrane	HPA	P05187
IK	microtubules	GO	Q13123
LUZP2	nucleoplasm	HPA	Q86TE4
WDR73	microtubules	GO	Q6P4I2
DOCK1	cytosol	HPA;GO	Q14185
ZW10	endoplasmicreticulum	HPA;GO	O43264
GSN	actinfilaments	HPA;GO	P06396
ARF1	plasmamembrane	HPA;GO	P84077
MAP4K4	actinfilaments	GO	O95819
GAGE12J	plasmamembrane	HPA	A6NER3
CD36	golgiapparatus	HPA;GO	P16671
RDH14	endoplasmicreticulum	GO	Q9HBH5
DLGAP4	actinfilaments	HPA	Q9Y2H0
MSRA	nucleoplasm	HPA	Q9UJ68
RPL34	endoplasmicreticulum	HPA	P49207
GKN1	golgiapparatus	GO	Q9NS71
SATL1	nucleoplasm	HPA	Q86VE3
CEND1	mitochondria	HPA;GO	Q8N111
LRRN1	golgiapparatus	HPA	O75427
TMEM126A	nucleoplasm	HPA	Q9H061
MTDH	nucleoplasm	GO	Q86UE4
ICAM3	plasmamembrane	GO	P32942
NOS1AP	plasmamembrane	GO	O75052
TLCD5	cytosol	HPA	Q6ZRR5
HDC	nucleoplasm	HPA	P19113
STK11	nucleoplasm	HPA;GO	Q15831
FAM181B	mitochondria	HPA	A6NEQ2
PURG	nucleoli	HPA	Q9UJV8
ARL6IP6	nuclearmembrane	HPA	Q8N6S5
UACA	nucleoplasm	HPA	Q9BZF9
TRRAP	golgiapparatus	HPA	Q9Y4A5
HMGCR	endoplasmicreticulum	GO	P04035
TXNDC11	plasmamembrane	HPA	Q6PKC3
ANAPC2	nucleoplasm	HPA;GO	Q9UJX6
TMEM167A	golgiapparatus	GO	Q8TBQ9
FAM90A22	nucleoli	HPA	A8MWA6
FAM20C	golgiapparatus	HPA;GO	Q8IXL6
ERVV-1	centrosome	HPA	B6SEH8
C2orf73	nucleoplasm	HPA	Q8N5S3
TBXT	nucleoplasm	HPA;GO	O15178
PSMG1	nucleoplasm	HPA	O95456
ATAD3B	mitochondria	HPA	Q5T9A4
COG3	golgiapparatus	HPA;GO	Q96JB2
DXO	nucleoplasm	HPA	O77932
ZNF652	nucleoplasm	HPA	Q9Y2D9
TAS2R42	plasmamembrane	GO	Q7RTR8
TOPORS	primarycilium	GO	Q9NS56
ZDHHC4	endoplasmicreticulum	GO	Q9NPG8
PROS1	endoplasmicreticulum	GO	P07225
MATCAP1	nucleoplasm	HPA	Q68EN5
EIF2B3	cytosol	HPA;GO	Q9NR50
EIF2B1	cytosol	HPA;GO	Q14232
NUP155	nuclearmembrane	HPA	O75694
CLN3	plasmamembrane	GO	Q13286
TRADD	cytosol	HPA;GO	Q15628
KXD1	cytosol	HPA	Q9BQD3
GDF6	nuclearmembrane	HPA	Q6KF10
PCYT1A	nucleoplasm	HPA	P49585
UGT1A6	endoplasmicreticulum	HPA;GO	P19224
DTX4	cytosol	GO	Q9Y2E6
KCNJ6	plasmamembrane	GO	P48051
PARS2	nucleoli	HPA	Q7L3T8
MARCHF2	cytosol	HPA	Q9P0N8
MFF	mitochondria	HPA;GO	Q9GZY8
MCTS2	cytosol	HPA	A0A3B3IRV3
ENTREP3	nucleoplasm	HPA	P81408
PKIG	cytosol	HPA	Q9Y2B9
KRT80	cytosol	GO	Q6KB66
SRSF8	cytosol	HPA	Q9BRL6
ODAM	nucleoplasm	HPA	A1E959
RAB3A	cytosol	HPA;GO	P20336
ZNF44	microtubules	HPA	P15621
HSPA8	nucleoplasm	GO	P11142
DDX41	nucleoli	HPA	Q9UJV9
CLK4	actinfilaments	HPA	Q9HAZ1
ATP6V0C	actinfilaments	GO	P27449
DPPA4	nucleoplasm	HPA;GO	Q7L190
PRMT2	nucleoplasm	HPA	P55345
FTO	nucleoplasm	GO	Q9C0B1
IGKV3D-15	cytosol	HPA	A0A087WSY6
CALB1	cytosol	GO	P05937
TTC8	primarycilium	HPA;GO	Q8TAM2
POLR1B	cytosol	HPA	Q9H9Y6
RNASEL	cytosol	HPA;GO	Q05823
GALK2	nucleoplasm	HPA	Q01415
MTARC2	mitochondria	GO	Q969Z3
FLII	cytosol	HPA	Q13045
FAM90A14	nucleoplasm	HPA	P0C7W9
IFTAP	cytosol	HPA	Q86VG3
SASS6	centrosome	GO	Q6UVJ0
UBE2G2	cytosol	GO	P60604
CRCP	plasmamembrane	HPA	O75575
TUBB4A	microtubules	HPA;GO	P04350
ZNF205	nucleoplasm	HPA	O95201
FPR3	plasmamembrane	GO	P25089
FCSK	cytosol	GO	Q8N0W3
PDLIM7	cytosol	GO	Q9NR12
DEFA5	microtubules	HPA	Q01523
TSHZ2	golgiapparatus	HPA	Q9NRE2
CDK12	nucleoplasm	HPA;GO	Q9NYV4
PPARGC1A	nucleoplasm	HPA;GO	Q9UBK2
ATP13A3	plasmamembrane	HPA	Q9H7F0
DNAJA1	cytosol	HPA;GO	P31689
HELZ	actinfilaments	HPA	P42694
SUGCT	microtubules	HPA	Q9HAC7
CCDC24	nucleoli	HPA	Q8N4L8
COL6A2	plasmamembrane	HPA	P12110
TSEN2	nucleoplasm	HPA;GO	Q8NCE0
SERINC2	plasmamembrane	HPA	Q96SA4
DNTT	cytosol	HPA	P04053
IL6ST	golgiapparatus	HPA	P40189
LAP3	nucleoplasm	HPA	P28838
DYNC1I1	cytosol	GO	O14576
SERPINB13	nucleoplasm	GO	Q9UIV8
TESC	plasmamembrane	GO	Q96BS2
COX8A	mitochondria	GO	P10176
TMOD4	actinfilaments	GO	Q9NZQ9
CIAPIN1	mitochondria	HPA	Q6FI81
TAS2R46	plasmamembrane	GO	P59540
LRRC4	golgiapparatus	HPA	Q9HBW1
THOC6	nucleoplasm	HPA;GO	Q86W42
KRTAP25-1	plasmamembrane	HPA	Q3LHN0
PRKAA1	primarycilium	HPA	Q13131
NOTCH4	golgiapparatus	GO	Q99466
HNRNPK	actinfilaments	GO	P61978
LMO7	cytosol	HPA;GO	Q8WWI1
ARHGAP1	cytosol	HPA;GO	Q07960
CSNK1E	cytosol	HPA;GO	P49674
THY1	nucleoplasm	HPA	P04216
FKRP	golgiapparatus	HPA;GO	Q9H9S5
ATG16L2	nucleoplasm	HPA	Q8NAA4
ATP7B	golgiapparatus	HPA;GO	P35670
HM13	endoplasmicreticulum	HPA;GO	Q8TCT9
HAUS6	cytosol	GO	Q7Z4H7
HCRTR2	nucleoplasm	HPA	O43614
RTN4	endoplasmicreticulum	HPA;GO	Q9NQC3
GPR157	cytosol	HPA	Q5UAW9
DOCK8	plasmamembrane	HPA;GO	Q8NF50
DIS3L	plasmamembrane	HPA	Q8TF46
SOAT2	endoplasmicreticulum	GO	O75908
DRD5	plasmamembrane	GO	P21918
HAL	cytosol	HPA;GO	P42357
GBE1	cytosol	HPA;GO	Q04446
NEUROD4	centrosome	HPA	Q9HD90
PCDHGB3	plasmamembrane	HPA	Q9Y5G1
XKR4	nucleoli	HPA	Q5GH76
RAC2	actinfilaments	GO	P15153
CNBD2	nucleoli	HPA	Q96M20
ABCC2	plasmamembrane	GO	Q92887
SCARB2	golgiapparatus	GO	Q14108
SLC35A1	golgiapparatus	GO	P78382
UBC	plasmamembrane	GO	P0CG48
NPAS1	nucleoplasm	HPA	Q99742
SLC12A4	plasmamembrane	HPA;GO	Q9UP95
TGIF2	nucleoplasm	HPA;GO	Q9GZN2
FICD	nucleoplasm	HPA	Q9BVA6
CCDC32	nucleoplasm	HPA	Q9BV29
CEMP1	nucleoplasm	HPA	Q6PRD7
TSPOAP1	mitochondria	GO	O95153
RHOB	plasmamembrane	GO	P62745
FBXO2	nucleoplasm	HPA	Q9UK22
AGBL5	primarycilium	HPA	Q8NDL9
FAT3	plasmamembrane	HPA	Q8TDW7
TCTN1	primarycilium	HPA	Q2MV58
PAF1	nucleoplasm	HPA;GO	P28328
FAM98B	nucleoplasm	HPA;GO	Q52LJ0
LRRC46	nucleoplasm	HPA	Q96FV0
NCAM2	nucleoplasm	HPA	O15394
PDE3B	cytosol	GO	Q13370
PPP3R1	plasmamembrane	HPA	P63098
P2RY2	plasmamembrane	GO	P41231
DOCK5	plasmamembrane	GO	Q9H7D0
ATAD5	centrosome	HPA	Q96QE3
TNNI2	cytosol	GO	P48788
ARMC6	cytosol	HPA	Q6NXE6
GJB7	plasmamembrane	HPA	Q6PEY0
C3orf56	centrosome	HPA	Q8N813
UBB	endoplasmicreticulum	GO	P0CG47
GRM5	plasmamembrane	GO	P41594
MAL	endoplasmicreticulum	GO	P01732
RASSF8	mitochondria	HPA	Q8NHQ8
DDO	cytosol	HPA;GO	Q99489
CEP131	cytosol	GO	Q9UPN4
S100A8	intermediatefilaments	HPA	P05109
MYRF	nucleoplasm	HPA	Q9Y2G1
UNK	cytosol	HPA	Q9C0B0
VIRMA	nucleoplasm	HPA;GO	Q69YN4
C7orf25	nucleoplasm	HPA	Q9BPX7
FRMPD2	plasmamembrane	GO	Q68DX3
INTS11	cytosol	HPA	Q5TA45
ARHGAP5	endoplasmicreticulum	HPA	Q13017
ATP2B1	plasmamembrane	HPA;GO	P20020
SPRY2	microtubules	HPA	O43597
APBB1IP	cytosol	HPA;GO	Q7Z5R6
GALNT17	nucleoli	HPA	Q49A17
ZNF480	nucleoplasm	HPA	Q8WV37
H2BC15	cytosol	HPA	Q99877
KNTC1	microtubules	GO	P50748
DKC1	nucleoli	HPA;GO	O60832
TMEM198	plasmamembrane	GO	Q66K66
ACMSD	cytosol	HPA;GO	Q8TDX5
KRTAP9-4	cytosol	GO	Q9BYQ2
CRIP3	nucleoplasm	HPA	Q6Q6R5
PDLIM5	plasmamembrane	HPA;GO	Q96HC4
ZNF790	nucleoli	HPA	Q6PG37
LYST	nucleoplasm	HPA	Q99698
OR5K1	plasmamembrane	GO	Q8NHB7
RTN4IP1	mitochondria	GO	Q8WWV3
ING2	plasmamembrane	GO	Q9H160
TRPM4	endoplasmicreticulum	GO	Q8TD43
SYNJ1	plasmamembrane	GO	O43426
FOXD4L5	nucleoplasm	HPA	Q5VV16
FOXC1	nucleoplasm	HPA;GO	Q12948
IQCE	nuclearmembrane	HPA	Q6IPM2
WAC	nucleoplasm	HPA;GO	Q9BTA9
GABBR1	plasmamembrane	GO	Q9UBS5
HLA-B	endoplasmicreticulum	GO	P01889
SZRD1	cytosol	HPA	Q7Z422
BATF2	nucleoli	HPA	Q8N1L9
PYM1	plasmamembrane	HPA	Q9BRP8
EPB41L4A	nucleoplasm	HPA	Q9HCS5
NFE2L2	nucleoplasm	HPA;GO	Q16236
SMYD2	mitochondria	HPA	Q9NRG4
PSMD8	nucleoplasm	HPA;GO	P48556
CNTN4	plasmamembrane	GO	Q8IWV2
RAC1	actinfilaments	GO	P63000
SCRIB	plasmamembrane	HPA;GO	C0HLS1
MTRF1	mitochondria	GO	O75570
TAGLN	cytosol	HPA	Q01995
POLR3C	cytosol	GO	Q9BUI4
PARP2	nucleoli	HPA	Q9UGN5
HOXB2	nucleoplasm	HPA;GO	P14652
EMC8	endoplasmicreticulum	HPA;GO	O43402
FOXO3	mitochondria	GO	O43524
NSFL1C	cytosol	HPA	Q9UNZ2
BAG2	cytosol	HPA;GO	O95816
TNFAIP1	cytosol	GO	Q13829
DYNLT4	microtubules	GO	Q5JR98
PLAAT5	cytosol	HPA	Q96KN8
CDH5	nucleoplasm	HPA	P33151
EIF4G3	cytosol	HPA;GO	O43432
SAMD14	nucleoli	HPA	Q8IZD0
ZNF541	nucleoplasm	HPA	Q9H0D2
PRNP	cytosol	HPA;GO	F7VJQ1
C10orf90	centrosome	GO	Q96M02
AIFM3	mitochondria	HPA;GO	Q96NN9
ZKSCAN2	nucleoli	HPA	Q63HK3
PNMA8A	nucleoplasm	HPA	Q86V59
ZNF800	cytosol	HPA	Q2TB10
PCSK9	plasmamembrane	GO	Q8NBP7
MAPK1	endoplasmicreticulum	GO	P28482
SERTAD3	nucleoli	HPA	Q9UJW9
PIP5K1A	cytosol	HPA;GO	Q99755
DNAH9	cytosol	HPA	Q9NYC9
WDR41	nucleoplasm	HPA	Q9HAD4
MICALL1	cytosol	HPA	Q8N3F8
MEF2C	nucleoplasm	HPA;GO	Q06413
PIN1	plasmamembrane	GO	Q13526
SLC30A10	golgiapparatus	GO	Q6XR72
PGLS	cytosol	HPA;GO	O95336
KCTD14	cytosol	HPA	Q9BQ13
COP1	nucleoplasm	GO	Q5EG05
DHFR2	cytosol	GO	Q86XF0
JAG2	plasmamembrane	GO	Q9Y219
KMT2A	cytosol	GO	Q03164
FUT11	nuclearmembrane	HPA	Q495W5
PGBD4	centrosome	HPA	Q96DM1
NFATC3	cytosol	HPA;GO	Q12968
RHOQ	actinfilaments	GO	P17081
CCR4	plasmamembrane	HPA;GO	P51679
TCAF1	plasmamembrane	HPA;GO	Q9Y4C2
CCR10	plasmamembrane	GO	O00590
ZFP36	intermediatefilaments	HPA	P16415
THOP1	cytosol	HPA;GO	P52888
IFT81	centrosome	HPA	Q8WYA0
RABGGTA	cytosol	GO	Q92696
ACTL6B	nucleoplasm	HPA;GO	O94805
CPM	plasmamembrane	GO	P14384
LARP1	endoplasmicreticulum	HPA	Q6PKG0
AHSG	golgiapparatus	HPA	P02765
PRKD1	golgiapparatus	GO	Q15139
RNF166	cytosol	HPA	Q96A37
CTU2	cytosol	HPA;GO	Q2VPK5
PI4KA	nucleoplasm	HPA	P42356
UBE2QL1	nucleoplasm	HPA	A1L167
FANCF	cytosol	GO	Q9NPI8
CYP4F3	endoplasmicreticulum	GO	Q08477
TCP11L1	microtubules	GO	Q9NUJ3
ZNF605	nucleoplasm	HPA	Q86T29
HSPB2	golgiapparatus	HPA	Q16082
NDUFA6	nucleoplasm	HPA	P56556
IREB2	plasmamembrane	HPA	P48200
CIAO3	plasmamembrane	HPA	Q9H6Q4
TXN	nucleoplasm	HPA;GO	P10599
STXBP4	cytosol	HPA	Q6ZWJ1
PIK3CB	nucleoplasm	HPA	P42338
ZNF233	nucleoplasm	HPA	A6NK53
XDH	cytosol	GO	P47989
EN1	nucleoli	HPA	Q05925
CARF	cytosol	HPA	Q8N187
POLR3K	cytosol	HPA;GO	Q9Y2Y1
IARS1	cytosol	HPA;GO	P41252
SLC25A6	mitochondria	HPA;GO	P12236
ANGEL2	nucleoplasm	HPA;GO	Q5VTE6
GCFC2	nucleoli	GO	P16383
KCNK3	plasmamembrane	GO	O14649
FEZF2	nucleoplasm	HPA	Q8TBJ5
EEF1G	endoplasmicreticulum	GO	P26641
NEFL	nucleoplasm	HPA	P07196
TXK	plasmamembrane	HPA	P42681
TNFSF13	nucleoplasm	GO	O75888
TLR7	plasmamembrane	GO	Q9NYK1
ZNF497	plasmamembrane	HPA	Q6ZNH5
APOA5	endoplasmicreticulum	GO	Q6Q788
MAFB	nucleoplasm	HPA	Q9Y5Q3
HYCC1	cytosol	HPA;GO	Q9BYI3
RRP15	mitochondria	HPA	Q9Y3B9
HAUS4	centrosome	GO	Q9H6D7
PTGDS	endoplasmicreticulum	GO	P41222
FRMD4A	nucleoplasm	HPA	Q9P2Q2
ABCD1	cytosol	GO	P33897
RPS11	nucleoplasm	GO	P62280
RIMKLB	nucleoplasm	HPA	Q9ULI2
SDSL	cytosol	HPA;GO	Q96GA7
KCTD20	endoplasmicreticulum	HPA	Q7Z5Y7
BCL3	microtubules	HPA	P20749
RMDN1	actinfilaments	HPA	Q96DB5
ABCG2	plasmamembrane	HPA;GO	Q9UNQ0
SUMO4	nucleoplasm	HPA	Q6EEV6
PIP5K1C	cytosol	HPA;GO	O60331
SLC27A5	endoplasmicreticulum	GO	Q9Y2P5
B9D1	primarycilium	HPA;GO	Q9UPM9
CD79A	plasmamembrane	GO	P11912
POMP	nucleoplasm	HPA	Q9Y244
NTRK3	plasmamembrane	GO	Q16288
NOL11	nucleoli	HPA;GO	Q9H8H0
PIGN	plasmamembrane	HPA	O95427
TRIM49D2	nucleoplasm	HPA	C9J1S8
DNAJC19	mitochondria	GO	Q96DA6
SPHK1	nucleoplasm	GO	Q9NYA1
FBXO32	cytosol	HPA;GO	Q969P5
TSNAXIP1	nucleoplasm	HPA	Q2TAA8
HBS1L	nucleoplasm	HPA	Q9Y450
LMNTD1	centrosome	HPA	Q8N9Z9
NANOS1	cytosol	HPA	Q8WY41
TM4SF20	actinfilaments	HPA	Q53R12
NLK	cytosol	GO	Q9UBE8
SPATA13	plasmamembrane	GO	Q96N96
NEXMIF	nucleoplasm	HPA	Q5QGS0
WNK1	cytosol	HPA;GO	Q9H4A3
ZNF467	mitochondria	HPA	Q7Z7K2
CAVIN1	plasmamembrane	HPA;GO	Q6NZI2
ENTPD3	plasmamembrane	GO	O75355
SH2D4A	cytosol	HPA	Q9H788
HCAR1	plasmamembrane	GO	Q9BXC0
FANK1	cytosol	GO	Q8TC84
KIF11	cytosol	HPA;GO	P52732
PIH1D1	nucleoli	GO	Q9NWS0
FANCA	nucleoplasm	HPA;GO	O15360
SUPT20H	nucleoplasm	GO	Q8NEM7
TBC1D1	nucleoli	HPA	Q86TI0
TRPV4	plasmamembrane	GO	Q9HBA0
TRNAU1AP	nucleoplasm	HPA	Q9NX07
CFAP107	primarycilium	GO	Q8N1D5
YWHAZ	plasmamembrane	GO	P63104
ASB13	nucleoplasm	HPA	Q8WXK3
GPC3	endoplasmicreticulum	GO	P51654
EIF2AK1	nucleoplasm	HPA	Q9BQI3
DLL3	nucleoplasm	HPA	Q9NYJ7
ASB1	nucleoplasm	HPA	Q9Y576
KCNH5	centrosome	HPA	Q8NCM2
RPS26	nucleoli	HPA	P62854
TENT4B	nucleoli	HPA;GO	Q8NDF8
C3orf49	centrosome	HPA	Q96BT1
ENTPD8	cytosol	HPA	Q5MY95
TNKS1BP1	plasmamembrane	HPA;GO	Q9C0C2
HMGB1	plasmamembrane	GO	P09429
C4orf36	cytosol	HPA	Q96KX1
FAM47E-STBD1	nucleoplasm	HPA	
PDX1	nucleoplasm	HPA	O00330
CGA	golgiapparatus	GO	P01215
DOCK7	plasmamembrane	GO	Q96N67
PON2	plasmamembrane	GO	Q15165
SLC16A4	cytosol	HPA	O15374
WASL	nucleoli	HPA	O00401
PROM1	primarycilium	GO	O43490
DNMT3B	nucleoplasm	HPA;GO	Q9UBC3
ACAP3	golgiapparatus	HPA	Q96P50
IER2	nucleoplasm	HPA	Q9BTL4
SOD2	mitochondria	HPA;GO	P04179
TRIM46	microtubules	HPA	Q7Z4K8
SPTB	plasmamembrane	GO	P11277
ZNF408	cytosol	HPA	Q9H9D4
MPHOSPH9	golgiapparatus	GO	Q99550
FFAR3	plasmamembrane	GO	O14843
APOC3	plasmamembrane	HPA	P02656
OPCML	plasmamembrane	GO	Q14982
ZNF20	nucleoplasm	HPA	P17024
ZNF322	nucleoplasm	HPA	Q6U7Q0
RAB6C	centrosome	GO	Q9H0N0
BBOF1	plasmamembrane	HPA	Q8ND07
PNPT1	cytosol	HPA	Q8TCS8
TRIM69	nucleoplasm	GO	Q86WT6
UBD	nucleoplasm	HPA	O15205
CLCNKA	plasmamembrane	GO	P51800
MUCL1	plasmamembrane	GO	Q96DR8
ATXN3L	cytosol	GO	Q9H3M9
RPL15	cytosol	GO	P61313
CYP3A4	endoplasmicreticulum	GO	P08684
TTC39A	centrosome	HPA	Q5SRH9
HAPSTR1	nucleoplasm	HPA	Q14CZ0
RACGAP1	cytosol	GO	Q9H0H5
ENPP6	plasmamembrane	GO	Q6UWR7
PKN2	actinfilaments	GO	Q16513
KCNA1	plasmamembrane	GO	Q09470
RPS19	nucleoplasm	HPA;GO	P39019
TRAF2	plasmamembrane	GO	Q12933
PDP2	mitochondria	HPA;GO	Q9P2J9
TTLL2	nucleoli	HPA	Q9BWV7
RGS2	plasmamembrane	GO	P41220
LRRC45	centrosome	HPA;GO	Q96CN5
MLX	cytosol	HPA	Q9UH92
ARHGEF7	cytosol	GO	Q14155
METAP1	cytosol	HPA;GO	P53582
NUPR1	nucleoplasm	HPA	O60356
CYTL1	nuclearmembrane	HPA	Q9NRR1
RGL2	cytosol	GO	O15211
CFAP36	primarycilium	GO	Q96G28
RNF145	plasmamembrane	HPA	Q96MT1
LIMS3	cytosol	HPA	P0CW19
RPTN	cytosol	GO	Q6XPR3
GMIP	cytosol	HPA;GO	Q9P107
FABP2	actinfilaments	HPA	P12104
OVOL2	nucleoplasm	HPA	Q9BRP0
WLS	endoplasmicreticulum	HPA	Q5T9L3
IGF2BP2	cytosol	HPA;GO	Q9Y6M1
PDXP	actinfilaments	GO	Q96GD0
RAB10	endoplasmicreticulum	GO	P61026
C9orf72	nuclearmembrane	GO	Q96LT7
GBF1	cytosol	GO	Q92538
MAPK3	actinfilaments	GO	P27361
CRIP2	nucleoli	HPA	P52943
SIGLEC14	plasmamembrane	HPA;GO	Q08ET2
VGLL1	nucleoplasm	HPA	Q99990
SS18L1	cytosol	HPA	O75177
CSRP3	cytosol	HPA	P50461
CFAP263	centrosome	GO	Q9H0I3
GABRB1	plasmamembrane	GO	P18505
C10orf71	nucleoplasm	HPA	Q711Q0
COPA	nucleoplasm	HPA	P53621
NCAM1	plasmamembrane	HPA;GO	P13591
H2BC5	cytosol	HPA	P58876
KPNA5	cytosol	HPA;GO	O15131
MTA1	nucleoplasm	HPA;GO	Q13330
SRRM3	plasmamembrane	HPA	A6NNA2
WDR4	nucleoplasm	HPA;GO	P57081
CBX5	nucleoplasm	HPA;GO	P45973
INPP5D	cytosol	HPA;GO	Q92835
KRT14	intermediatefilaments	HPA;GO	P02533
CD164	plasmamembrane	GO	Q04900
GOLGA8A	golgiapparatus	HPA	A7E2F4
SYCP1	cytosol	HPA	Q15431
SMIM20	nucleoplasm	HPA	Q8N5G0
CHRNB3	plasmamembrane	GO	Q05901
ADAMTS9	endoplasmicreticulum	HPA	Q9P2N4
PRR23A	nucleoplasm	HPA	A6NEV1
CPEB3	nucleoplasm	HPA	Q8NE35
ENSG00000272822	nucleoplasm	HPA	
TNFRSF11A	plasmamembrane	HPA;GO	Q9Y6Q6
PSEN1	nuclearmembrane	GO	P49768
SSX3	nucleoli	HPA	Q99909
IGHE	plasmamembrane	GO	P01854
CDC42EP5	cytosol	HPA;GO	Q6NZY7
IZUMO1R	plasmamembrane	GO	A6ND01
PKP3	plasmamembrane	HPA;GO	Q9Y446
DPY19L3	endoplasmicreticulum	GO	Q6ZPD9
HIF1A	cytosol	GO	Q16665
PARP4	cytosol	HPA	Q9UKK3
PGF	cytosol	HPA	P49763
ACTN1	cytosol	HPA;GO	P12814
ANAPC13	mitochondria	HPA	Q9BS18
VAMP8	cytosol	GO	Q9BV40
TIMM13	mitochondria	HPA;GO	Q9Y5L4
DCX	cytosol	HPA;GO	O43602
EXOSC6	nucleoplasm	GO	Q5RKV6
GKAP1	cytosol	HPA	Q5VSY0
CCDC138	nucleoplasm	HPA	Q96M89
IFI16	nucleoli	HPA	Q16666
STAT5B	nucleoplasm	GO	P51692
CDK11A	cytosol	HPA	Q9UQ88
NAF1	nucleoplasm	HPA	Q15025
ANO2	plasmamembrane	HPA;GO	Q9NQ90
PACSIN2	centrosome	HPA	Q9UNF0
SLC34A2	nucleoplasm	HPA	O95436
EIF2AK3	cytosol	GO	Q9NZJ5
DCTN4	centrosome	HPA;GO	Q9UJW0
RRAD	plasmamembrane	HPA	P55042
TMEM150B	plasmamembrane	GO	A6NC51
PDCD2	microtubules	HPA	Q16342
CSPP1	centrosome	HPA;GO	Q1MSJ5
LIPC	endoplasmicreticulum	GO	P11150
BHLHE22	nucleoplasm	HPA	Q8NFJ8
C2orf81	nucleoli	HPA	A6NN90
TAF9	nucleoplasm	HPA;GO	Q16594
MYO18B	actinfilaments	GO	Q8IUG5
P3H2	cytosol	HPA	Q8IVL5
MSN	cytosol	GO	P26038
UTP25	nucleoli	GO	Q68CQ4
DECR1	mitochondria	HPA;GO	Q16698
TAS1R2	plasmamembrane	GO	Q8TE23
MPP1	plasmamembrane	HPA;GO	Q00013
FZD1	actinfilaments	GO	Q9UP38
ARHGEF10	cytosol	GO	O15013
PRODH2	mitochondria	GO	O43272
GBP1	actinfilaments	GO	P32455
LRCH4	cytosol	HPA	O75427
GCLC	nucleoli	HPA	P48506
KRTAP13-2	cytosol	GO	Q52LG2
GLT8D1	centrosome	HPA	Q68CQ7
CYCS	mitochondria	HPA;GO	P99999
DOK3	nucleoplasm	HPA	Q7L591
EPHB2	nucleoplasm	HPA	P29323
ATP6V1G1	nucleoplasm	HPA	O75348
GCHFR	nuclearmembrane	GO	P30047
HSPA4	nucleoplasm	HPA	P34932
KEL	plasmamembrane	HPA;GO	P23276
LHPP	nucleoplasm	HPA	Q9H008
HLA-DQB1	plasmamembrane	GO	P01920
HDHD5	mitochondria	HPA	Q9BXW7
GAGE2A	plasmamembrane	HPA	Q6NT46
ARHGAP11A	nucleoli	HPA	Q6P4F7
EXD3	actinfilaments	HPA	Q8N9H8
LAMTOR3	actinfilaments	GO	Q9UHA4
MCRIP1	cytosol	HPA;GO	C9JLW8
TRIM61	nucleoli	HPA	Q5EBN2
MROH1	cytosol	HPA	Q8NDA8
ARHGAP39	nucleoplasm	HPA	Q9C0H5
NUP107	nuclearmembrane	HPA;GO	P57740
WWTR1	nucleoplasm	HPA;GO	Q9GZV5
ODAD1	primarycilium	GO	Q96M63
ANGEL1	nucleoplasm	HPA	Q9UNK9
DDX59	nucleoplasm	HPA	Q5T1V6
MAP4K1	plasmamembrane	HPA	Q92918
SMAD6	cytosol	HPA;GO	O43541
PRR16	microtubules	HPA	Q569H4
PTBP2	nucleoplasm	HPA	Q9UKA9
IRF3	nucleoplasm	GO	Q14653
CCDC88A	golgiapparatus	GO	Q3V6T2
SLC2A12	plasmamembrane	HPA;GO	Q8TD20
RTEL1	nuclearmembrane	HPA	Q9NZ71
ZNF274	nucleoplasm	HPA	Q96GC6
ALPK2	cytosol	HPA	Q86TB3
PAGE1	mitochondria	HPA	O75459
NHLH2	nucleoplasm	HPA	Q02577
OSBP	cytosol	HPA;GO	P22059
SALL2	nucleoplasm	HPA	Q9Y467
TNS4	cytosol	HPA;GO	Q8IZW8
MYOG	nucleoplasm	HPA;GO	P15173
SLC30A1	plasmamembrane	HPA;GO	Q9Y6M5
GSDME	plasmamembrane	GO	O60443
TAF1	nucleoplasm	HPA;GO	P21675
SIPA1	nucleoli	HPA	Q96FS4
TCAF2	plasmamembrane	HPA;GO	A6NFQ2
POLDIP2	mitochondria	HPA;GO	Q9Y2S7
TSHZ1	nucleoplasm	HPA	Q6ZSZ6
ZNF273	nucleoplasm	HPA	Q14593
DYNLT2B	centrosome	GO	Q8WW35
PIK3C2A	nucleoplasm	HPA	O00443
CDCA8	microtubules	HPA	Q53HL2
FAM210A	mitochondria	HPA	Q96ND0
TESPA1	cytosol	HPA	A2RU30
MAP7D2	nucleoplasm	HPA	Q96T17
SFXN5	mitochondria	HPA;GO	Q8TD22
PXYLP1	golgiapparatus	GO	Q8TE99
OR2T1	plasmamembrane	GO	O43869
HDHD3	nucleoli	HPA	Q9BSH5
IGSF8	plasmamembrane	GO	Q969P0
CRAMP1	nucleoplasm	HPA	Q96RY5
DENND2A	actinfilaments	GO	Q9ULE3
CAMK2G	cytosol	GO	Q13555
CDC42EP3	cytosol	GO	Q9UKI2
NIT1	mitochondria	HPA	Q86X76
PRPS1	cytosol	GO	P60891
RPL7L1	mitochondria	HPA	Q6DKI1
GBP2	cytosol	HPA;GO	P32456
IFT43	primarycilium	HPA;GO	Q96FT9
BMP2	primarycilium	HPA	P12643
NAE1	nucleoplasm	HPA	Q13564
GUCY2C	plasmamembrane	GO	P25092
FARSB	cytosol	HPA;GO	Q9NSD9
LILRB2	plasmamembrane	GO	Q8N423
IL2RB	plasmamembrane	GO	P14784
DUSP6	nucleoplasm	GO	Q16828
ALDH1A3	cytosol	HPA;GO	P47895
CALM1	cytosol	HPA;GO	P0DP23
NRG2	nucleoplasm	HPA	O14511
SPAG5	nucleoplasm	HPA;GO	Q96R06
HRG	plasmamembrane	GO	P04196
P2RX1	endoplasmicreticulum	HPA	P51575
ZNF2	cytosol	HPA	Q9BSG1
ADORA1	plasmamembrane	HPA;GO	P30542
ASCC1	nucleoplasm	HPA;GO	Q8N9N2
BHLHE41	nucleoplasm	HPA	Q9C0J9
COX20	mitochondria	HPA;GO	Q5RI15
CHAF1B	cytosol	GO	Q13112
ACTR1A	centrosome	GO	P61163
DHRS3	endoplasmicreticulum	GO	O75911
SGTB	primarycilium	HPA	Q96EQ0
KDM5C	nucleoplasm	HPA;GO	P41229
AMY1C	golgiapparatus	HPA	P0DTE8
KIAA1755	nucleoli	HPA	Q5JYT7
PPP1R12B	plasmamembrane	HPA	O60237
TRIM68	cytosol	HPA;GO	Q6AZZ1
PTPN2	plasmamembrane	GO	P17706
NF1	plasmamembrane	HPA	P21359
CCDC78	microtubules	GO	A2IDD5
TOP2B	nucleoli	GO	Q02880
PPP4R3B	centrosome	HPA	Q5MIZ7
SAMD10	nucleoplasm	HPA	Q9BYL1
RPS14	actinfilaments	GO	P62263
KDM5D	nucleoli	HPA	Q9BY66
CCDC34	primarycilium	GO	Q96HJ3
SYNPO	plasmamembrane	GO	Q8N3V7
NEIL1	cytosol	GO	Q96FI4
PLAAT3	cytosol	HPA;GO	P53816
PAX3	nucleoplasm	HPA;GO	P23760
GAS6	cytosol	HPA	Q14393
TRIM8	nucleoplasm	HPA;GO	Q9BZR9
C11orf68	nucleoli	HPA	Q9H3H3
NRBP1	cytosol	HPA	Q9UHY1
BCAP31	endoplasmicreticulum	HPA;GO	P51572
PSMA1	cytosol	GO	P25786
SPACA9	primarycilium	GO	Q96E40
DMAP1	cytosol	HPA	Q9NPF5
CHD2	nucleoplasm	HPA	O14647
MAL	primarycilium	HPA	P01732
HEXD	nucleoli	HPA	Q8WVB3
EPM2A	nucleoplasm	HPA	B3EWF7
ATP5F1A	plasmamembrane	GO	P25705
RPAP1	cytosol	HPA	Q9BWH6
TTC30B	centrosome	HPA	Q8N4P2
COQ4	mitochondria	HPA;GO	Q9Y3A0
PARN	cytosol	GO	O95453
GLRX	plasmamembrane	HPA	P35754
SMAD7	centrosome	HPA	O15105
ZMYM6	nucleoplasm	HPA	O95789
EFCAB12	nucleoplasm	HPA	Q6NXP0
TMEM53	nuclearmembrane	GO	Q6P2H8
CYP26B1	cytosol	HPA	Q9NR63
TSR3	golgiapparatus	HPA	Q9UJK0
DHTKD1	mitochondria	HPA;GO	Q96HY7
ZGPAT	plasmamembrane	HPA	Q8N5A5
SNAI1	nucleoplasm	HPA;GO	O95863
CYP4B1	endoplasmicreticulum	GO	P13584
NR0B1	centrosome	HPA	P51843
TYMS	mitochondria	GO	P04818
RAPGEF3	endoplasmicreticulum	HPA	O95398
CES4A	cytosol	HPA	Q5XG92
EIF4B	endoplasmicreticulum	HPA	P23588
DHX34	nucleoplasm	HPA	Q14147
FOXK2	nucleoplasm	HPA;GO	Q01167
MC3R	plasmamembrane	GO	P41968
MT-ND4L	mitochondria	HPA	P03901
LYSMD2	mitochondria	HPA	Q8IV50
EBPL	endoplasmicreticulum	HPA	Q9BY08
ZSCAN18	nucleoplasm	HPA	Q8TBC5
PSMD3	cytosol	HPA;GO	O43242
OST4	endoplasmicreticulum	GO	P0C6T2
TSSK1B	primarycilium	HPA	Q9BXA7
CBX7	cytosol	HPA	O95931
CDK5RAP2	microtubules	GO	Q96SN8
MIA2	endoplasmicreticulum	HPA;GO	Q96PC5
SAPCD2	cytosol	HPA	Q86UD0
DSG1	plasmamembrane	GO	Q02413
SLC25A42	mitochondria	HPA;GO	Q86VD7
STK32B	nucleoplasm	HPA	Q9NY57
UFSP2	endoplasmicreticulum	GO	Q9NUQ7
DIRAS2	plasmamembrane	GO	Q96HU8
DLX3	cytosol	HPA	O60479
ALG13	cytosol	HPA	Q9NP73
DAGLB	nucleoplasm	HPA	Q8NCG7
LPIN2	endoplasmicreticulum	GO	Q92539
KCTD8	cytosol	HPA	Q6ZWB6
DESI1	cytosol	HPA;GO	Q6ICB0
CCR7	mitochondria	HPA	P32248
ATP1A2	plasmamembrane	GO	P50993
PIR	nucleoplasm	HPA;GO	O00625
ERV3-1	cytosol	HPA	Q14264
MAPK1	primarycilium	HPA	P28482
LIMK2	cytosol	HPA	P53671
SPATA2L	cytosol	HPA	Q8IUW3
RAB11FIP4	actinfilaments	GO	Q86YS3
RUVBL2	centrosome	HPA	Q9Y230
ZNF250	nucleoplasm	HPA	P15622
DSN1	cytosol	GO	Q9H410
TTC23	primarycilium	HPA	Q5W5X9
LRWD1	nucleoli	HPA	Q9UFC0
ZNF654	nucleoplasm	HPA	Q8IZM8
LRRC28	nucleoplasm	HPA	Q86X40
SELENOF	endoplasmicreticulum	GO	O60613
HLA-E	golgiapparatus	GO	P13747
MOSPD2	endoplasmicreticulum	HPA;GO	Q8NHP6
KIAA2026	nucleoplasm	HPA	Q5HYC2
NFAM1	cytosol	HPA	Q8NET5
CD1B	golgiapparatus	HPA	P29016
DIPK1A	cytosol	HPA	Q5T7M9
WNT5A	plasmamembrane	GO	P41221
AGPAT1	endoplasmicreticulum	HPA;GO	Q99943
LRRC59	mitochondria	GO	Q96AG4
DMKN	cytosol	HPA	Q6E0U4
METTL21A	cytosol	HPA	Q8WXB1
COLQ	plasmamembrane	HPA	Q9Y215
MTERF1	mitochondria	HPA;GO	Q99551
NCBP2	primarycilium	HPA	P52298
ATG101	cytosol	GO	Q9BSB4
EPRS1	cytosol	HPA;GO	P07814
NFE2L1	cytosol	HPA	Q14494
MARCHF6	endoplasmicreticulum	HPA;GO	O60337
ACAA2	nucleoplasm	HPA	P42765
HINT3	mitochondria	HPA	Q9NQE9
RUFY3	cytosol	HPA	Q7L099
POMGNT1	golgiapparatus	GO	Q8WZA1
USP44	nucleoplasm	GO	Q9H0E7
PDE1A	nucleoplasm	HPA	P54750
DTWD2	nucleoplasm	HPA	Q8NBA8
ZMIZ1	cytosol	HPA	Q9ULJ6
KXD1	centrosome	HPA	Q9BQD3
ABHD6	plasmamembrane	GO	Q9BV23
SLC26A11	nucleoplasm	HPA	Q86WA9
CLASP1	golgiapparatus	GO	Q7Z460
DTX4	centrosome	GO	Q9Y2E6
FN1	plasmamembrane	GO	P02751
OAS3	nucleoplasm	HPA	Q9Y6K5
WDR13	nucleoplasm	HPA	Q9H1Z4
C17orf100	cytosol	HPA	A8MU93
PITPNC1	nucleoplasm	HPA	Q9UKF7
DHFR	cytosol	GO	P00374
STING1	endoplasmicreticulum	GO	Q86WV6
PROKR1	plasmamembrane	GO	Q8TCW9
C1orf21	cytosol	HPA	Q9H246
ABCB4	plasmamembrane	HPA;GO	P21439
SNX10	cytosol	HPA	Q9Y5X0
DDX46	nucleoli	HPA	Q7L014
KIAA1328	plasmamembrane	HPA	Q86T90
PJA2	cytosol	HPA	O43164
TMEM51	cytosol	HPA	Q9NW97
UBQLN1	cytosol	HPA;GO	Q9UMX0
DNAH14	golgiapparatus	HPA	Q0VDD8
TRMT10B	nucleoplasm	HPA	Q6PF06
SIAH1	cytosol	GO	Q8IUQ4
ERAP1	endoplasmicreticulum	GO	Q9NZ08
PPP1R32	nucleoplasm	HPA	Q7Z5V6
AP2S1	plasmamembrane	GO	P53680
BCAP29	cytosol	HPA	Q9UHQ4
CEMIP	nucleoli	HPA	Q8WUJ3
XRCC2	centrosome	GO	O43543
ENSG00000198211	microtubules	HPA	
INHBC	cytosol	HPA	P55103
MRPL13	mitochondria	GO	Q9BYD1
ASB10	cytosol	GO	Q8WXI3
SIRT4	mitochondria	GO	Q9Y6E7
CSTB	nucleoli	HPA	P04080
MPHOSPH9	microtubules	GO	Q99550
MEF2B	cytosol	HPA	Q02080
IL18BP	endoplasmicreticulum	HPA	O95998
NR4A3	nucleoplasm	GO	Q92570
NPAS3	nucleoplasm	HPA	Q8IXF0
DYNLT3	microtubules	GO	P51808
SMAD7	nucleoli	HPA	O15105
PALM2AKAP2	plasmamembrane	HPA	Q9Y2D5
PSMB3	nucleoplasm	GO	P49720
TAS2R7	plasmamembrane	GO	Q9NYW3
AP1M2	golgiapparatus	GO	Q9Y6Q5
FLACC1	plasmamembrane	HPA	Q96Q35
SPRYD3	cytosol	HPA	Q8NCJ5
C11orf96	cytosol	HPA	Q7Z7L8
GPD1	cytosol	GO	P21695
FNDC8	cytosol	HPA	Q8TC99
WASHC5	cytosol	HPA	Q12768
CMC4	mitochondria	HPA;GO	P56277
PI15	cytosol	HPA	O43692
SHARPIN	golgiapparatus	HPA	Q9H0F6
NKX6-1	nucleoplasm	HPA	P78426
TRIM71	plasmamembrane	HPA	Q2Q1W2
BOLA3	cytosol	HPA	Q53S33
NDUFV1	cytosol	HPA	P49821
FHOD1	cytosol	HPA	Q9Y613
PCDHA4	nucleoplasm	HPA	Q9UN74
CDC42	plasmamembrane	GO	P60953
PI4K2B	endoplasmicreticulum	GO	Q8TCG2
GBP5	golgiapparatus	GO	Q96PP8
CD53	plasmamembrane	GO	P19397
BDH2	mitochondria	GO	Q9BUT1
OVOL3	nucleoplasm	HPA	O00110
EVA1A	plasmamembrane	HPA	Q9H8M9
NVL	nucleoplasm	GO	O15381
AQP7	plasmamembrane	GO	O14520
DQX1	nucleoli	HPA	Q8TE96
PRSS8	plasmamembrane	GO	Q16651
DOCK1	nucleoli	HPA	Q14185
BYSL	nucleoplasm	HPA;GO	Q13895
LSM4	cytosol	GO	Q9Y4Z0
DYRK1B	nucleoplasm	HPA	Q9Y463
TMPRSS15	plasmamembrane	HPA	P98073
CMPK1	cytosol	GO	P30085
ELOA2	cytosol	HPA	Q8IYF1
NRF1	nucleoplasm	HPA;GO	Q14494
RNF25	nucleoplasm	HPA	Q96BH1
SPP2	endoplasmicreticulum	GO	Q13103
NDUFB10	mitochondria	GO	O96000
THAP4	nucleoplasm	HPA	Q8WY91
ZNF83	nucleoplasm	HPA	P51522
TCF7L2	nucleoplasm	HPA;GO	Q9NQB0
STAT1	nucleoplasm	HPA;GO	P42224
ALDH1L2	mitochondria	HPA;GO	Q3SY69
CAPSL	nucleoplasm	HPA	Q8WWF8
ENSG00000254706	nucleoplasm	HPA	
SLC25A27	mitochondria	HPA;GO	O95847
NCOA5	actinfilaments	HPA	Q9HCD5
RPS3	endoplasmicreticulum	HPA	P23396
METTL16	nucleoplasm	HPA	Q86W50
COL3A1	endoplasmicreticulum	HPA;GO	P02461
GNAQ	cytosol	GO	P50148
ASCL1	cytosol	HPA	P50553
ZSCAN12	cytosol	HPA	O43309
SLX9	nucleoplasm	HPA	Q9NSI2
ZNFX1	cytosol	GO	Q9P2E3
RNF139	endoplasmicreticulum	GO	Q8WU17
CDC25A	cytosol	GO	P30304
ATP6V1H	cytosol	HPA;GO	Q9UI12
IDI1	cytosol	GO	Q13907
LPIN3	cytosol	HPA	Q9BQK8
CAPZA1	cytosol	GO	P52907
PIEZO1	endoplasmicreticulum	GO	Q92508
ZFYVE16	cytosol	HPA	Q7Z3T8
PAM	cytosol	HPA	O75592
BSPRY	cytosol	HPA	Q5W0U4
TNNI3	cytosol	HPA;GO	P19429
LRP12	nucleoli	HPA	Q9Y561
PPIL1	nucleoplasm	GO	Q9Y3C6
EEF1E1	nucleoplasm	HPA	O43324
TIMM22	mitochondria	GO	Q9Y584
CLDN12	plasmamembrane	GO	P56749
NEU3	nucleoplasm	HPA	Q9UQ49
RAB34	primarycilium	HPA	P0DI83
SLC25A52	mitochondria	HPA;GO	Q3SY17
TNIK	nucleoplasm	HPA	Q9UKE5
USP33	centrosome	GO	Q8TEY7
HACD1	endoplasmicreticulum	GO	B0YJ81
CNIH2	endoplasmicreticulum	GO	Q6PI25
SERPING1	endoplasmicreticulum	GO	P05155
HOMEZ	nucleoplasm	HPA	Q8IX15
MMP7	cytosol	HPA	P09237
RFLNB	cytosol	HPA	Q8N5W9
IDH3A	mitochondria	HPA;GO	P50213
ZDHHC22	plasmamembrane	HPA	Q8N966
PANK2	cytosol	HPA	Q9BZ23
CEP131	centrosome	HPA;GO	Q9UPN4
PLEKHA8	nucleoplasm	HPA	Q96JA3
CENPE	cytosol	GO	Q02224
OFD1	centrosome	GO	O75665
ANKRD55	nucleoplasm	HPA	Q3KP44
MROH8	nucleoplasm	HPA	Q9H579
NDEL1	nucleoplasm	GO	Q9GZM8
PSMC4	cytosol	HPA;GO	P43686
KXD1	nucleoli	HPA	Q9BQD3
NARS2	mitochondria	HPA;GO	Q96I59
KCNC1	plasmamembrane	GO	P48547
CEP89	cytosol	HPA;GO	Q96ST8
RBM47	nucleoplasm	HPA	A0AV96
ZC4H2	microtubules	HPA	Q9NQZ6
ARHGEF1	plasmamembrane	HPA	Q92888
NKX2-8	plasmamembrane	HPA	O15522
ZNF484	cytosol	HPA	Q5JVG2
RFK	cytosol	GO	Q969G6
DLG2	plasmamembrane	HPA;GO	Q14168
SDHAF1	mitochondria	HPA;GO	A6NFY7
FOXI1	nucleoli	HPA	Q12951
PGBD1	nucleoplasm	HPA	Q96JS3
CLEC3A	endoplasmicreticulum	HPA	O75596
RNF20	nucleoli	GO	Q5VTR2
GDPD3	cytosol	HPA	Q7L5L3
HSPA1B	mitochondria	GO	P0DMV9
GEMIN6	nucleoplasm	HPA;GO	Q8WXD5
THAP6	centrosome	HPA	Q8TBB0
ARL4D	plasmamembrane	GO	P49703
APAF1	cytosol	HPA;GO	O14727
LYRM2	cytosol	HPA	Q9NU23
SARNP	nucleoplasm	HPA;GO	P82979
UBE2S	cytosol	GO	Q16763
STK26	cytosol	HPA;GO	Q9P289
RPGRIP1L	primarycilium	HPA	Q68CZ1
POLR1B	nucleoli	HPA;GO	Q9H9Y6
CEP126	primarycilium	GO	Q9P2H0
NT5C1B	plasmamembrane	HPA	Q96P26
ADPGK	centrosome	HPA	Q9BRR6
PRODH	nucleoplasm	HPA	O43272
ARMC10	mitochondria	HPA	Q8N2F6
APOLD1	nucleoplasm	HPA	Q96LR9
CYSLTR1	plasmamembrane	GO	Q9Y271
RAB10	primarycilium	GO	P61026
YIF1A	endoplasmicreticulum	GO	O95070
TPRX2	nucleoplasm	GO	P0DV77
MADD	plasmamembrane	HPA	Q8WXG6
FBXO16	nucleoplasm	HPA	Q8IX29
SLC47A2	plasmamembrane	GO	Q86VL8
LPCAT3	endoplasmicreticulum	GO	Q6P1A2
CRYGD	cytosol	HPA	P07320
UFC1	cytosol	HPA	Q9Y3C8
CNTRL	cytosol	GO	Q7Z7A1
PSENEN	plasmamembrane	GO	Q9NZ42
KCTD9	cytosol	HPA	Q7L273
CHPF2	nucleoplasm	HPA	Q9P2E5
ANKRD13A	plasmamembrane	HPA;GO	Q8IZ07
HCN3	plasmamembrane	GO	Q9P1Z3
DTX3	nucleoli	HPA	Q8N9I9
FAM78B	golgiapparatus	HPA	Q5VT40
SPAG16	cytosol	HPA	Q8N0X2
KNSTRN	plasmamembrane	HPA	Q9Y448
CHN2	nucleoplasm	HPA	P52757
FOXP3	nucleoplasm	HPA;GO	Q9BZS1
AQP8	plasmamembrane	GO	O94778
FAM178B	nucleoplasm	HPA	Q8IXR5
GDF15	golgiapparatus	HPA	Q99988
TMCO4	endoplasmicreticulum	HPA	Q5TGY1
CCDC88A	microtubules	GO	Q3V6T2
PUS7L	nucleoplasm	HPA	Q9H0K6
NCKIPSD	cytosol	GO	Q9NZQ3
RAB3C	cytosol	HPA	Q96E17
ZPR1	nucleoli	GO	O75312
DOK5	actinfilaments	HPA	Q9P104
MATK	centrosome	HPA	P42679
C3	plasmamembrane	GO	P01024
STMP1	mitochondria	HPA;GO	E0CX11
TRIP12	nucleoplasm	HPA;GO	Q14669
SNAP29	golgiapparatus	GO	O95721
CC2D1A	cytosol	HPA	Q6P1N0
DIO2	plasmamembrane	HPA;GO	Q92813
PIN4	nucleoli	HPA;GO	Q9Y237
TMEM108	cytosol	HPA	Q6UXF1
HEPACAM2	nucleoplasm	HPA	A8MVW5
C1orf127	nucleoplasm	HPA	Q8N9H9
METTL5	plasmamembrane	GO	Q9NRN9
STARD3NL	endoplasmicreticulum	GO	O95772
KIF4A	nucleoplasm	HPA	O95239
ADCY5	primarycilium	HPA	O95622
FOXF1	nucleoplasm	HPA	Q12946
UBQLN2	cytosol	HPA;GO	Q9UHD9
UCK2	nucleoplasm	HPA	Q9BZX2
CXCR4	plasmamembrane	GO	P61073
MRPL1	mitochondria	HPA;GO	Q9BYD6
PTGES3L-AARSD1	nuclearmembrane	HPA	
AMER3	nucleoplasm	HPA	Q8N944
NUAK2	cytosol	HPA	Q9H093
DMTN	plasmamembrane	GO	Q08495
TVP23C	golgiapparatus	HPA	Q96ET8
WDR12	plasmamembrane	HPA	Q9GZL7
GPR75	plasmamembrane	GO	O95800
SLC35F2	golgiapparatus	HPA	Q8IXU6
MINDY3	nuclearmembrane	HPA	Q9H8M7
HPF1	microtubules	HPA	Q9NWY4
TNKS2	microtubules	HPA	Q9H2K2
PARP9	cytosol	HPA;GO	Q8IXQ6
CYS1	primarycilium	GO	Q717R9
CHURC1	cytosol	HPA	Q8WUH1
GDI1	cytosol	HPA;GO	P31150
VPS4B	cytosol	GO	O75351
SIX5	golgiapparatus	HPA	Q8N196
MUC20	nucleoplasm	HPA	Q8N307
FAM107B	nucleoplasm	HPA	Q9H098
DRC1	nucleoplasm	HPA	Q96MC2
MINK1	golgiapparatus	GO	Q8N4C8
CSNK2B	cytosol	GO	P67870
TAS2R19	plasmamembrane	GO	P59542
CXXC5	nucleoplasm	HPA;GO	Q7LFL8
CACNA1G	plasmamembrane	GO	O43497
TPI1	cytosol	GO	P60174
RELA	nucleoplasm	GO	Q04206
COL25A1	plasmamembrane	GO	Q9BXS0
EHMT2	nucleoplasm	HPA;GO	Q96KQ7
BRD7	cytosol	HPA	Q9NPI1
NLRP10	nucleoplasm	HPA	Q86W26
PFN1	actinfilaments	GO	P07737
CLN3	endoplasmicreticulum	GO	Q13286
GIPR	plasmamembrane	GO	P48546
VASP	plasmamembrane	HPA;GO	P50552
TPM1	cytosol	HPA;GO	P09493
SNAPIN	plasmamembrane	GO	O95295
THAP7	nucleoplasm	HPA;GO	Q9BT49
MUC1	nucleoplasm	GO	P15941
MCM7	nucleoli	GO	P33993
LRP10	nucleoli	HPA	O75096
KIRREL3	plasmamembrane	GO	Q8IZU9
PTCH1	plasmamembrane	GO	Q13635
ABCA8	cytosol	HPA	O94911
TNFSF15	plasmamembrane	GO	O95150
HCK	plasmamembrane	HPA;GO	P08631
TRDMT1	nucleoplasm	GO	O14717
NBPF6	nucleoplasm	HPA	Q5VWK0
DAPL1	nucleoplasm	HPA	A0PJW8
GIGYF2	endoplasmicreticulum	GO	Q6Y7W6
CEP95	cytosol	HPA	Q96GE4
SLFNL1	cytosol	HPA	Q499Z3
OR51E1	plasmamembrane	GO	Q8TCB6
LRRC2	cytosol	HPA	Q9BYS8
TNFRSF10A	cytosol	GO	O00220
SUPT16H	nucleoli	HPA	Q9Y5B9
PNMT	cytosol	GO	P11086
PSMD9	plasmamembrane	HPA	O00233
PTPN21	golgiapparatus	HPA	Q16825
MIER2	cytosol	HPA	Q8N344
ARL8B	microtubules	GO	Q9NVJ2
SNAPC5	nucleoplasm	HPA;GO	O75971
UTP20	nucleoli	HPA;GO	O75691
THSD7B	nucleoplasm	HPA	Q9C0I4
CLDN8	plasmamembrane	GO	P56748
TULP3	nucleoli	HPA	O75386
FGD4	actinfilaments	HPA	Q96M96
RFXAP	nucleoplasm	HPA	O00287
BMAL2	nucleoplasm	HPA	Q8WYA1
SLC2A3	plasmamembrane	HPA;GO	P11169
PRDM8	nucleoplasm	HPA	Q9NQV8
STXBP6	plasmamembrane	GO	Q8NFX7
ADGRE3	plasmamembrane	GO	Q9BY15
RPS16	plasmamembrane	GO	P62249
COMT	endoplasmicreticulum	HPA	P21964
CDK7	nucleoplasm	HPA;GO	P50613
EPHA4	plasmamembrane	GO	P54764
EVI5L	cytosol	HPA	Q96CN4
SPRY1	cytosol	HPA;GO	O43609
TNFAIP1	nucleoli	HPA	Q13829
ZNF774	cytosol	HPA	Q6NX45
FCGR2A	plasmamembrane	HPA;GO	P12318
FLT3LG	cytosol	GO	P49771
APLP2	golgiapparatus	HPA	Q06481
CYTH4	plasmamembrane	HPA;GO	Q9UIA0
DNAJC17	nucleoplasm	HPA	Q9NVM6
NNT	mitochondria	HPA;GO	Q13423
OLFM1	cytosol	HPA	Q99784
SV2A	plasmamembrane	GO	Q7L0J3
ZNF800	nucleoli	HPA	Q2TB10
SDCCAG8	microtubules	GO	Q86SQ7
RCBTB2	nucleoplasm	HPA	O95199
AIFM2	cytosol	HPA;GO	Q9BRQ8
IGFL2	nucleoplasm	HPA	Q6UWQ7
PRMT5	nucleoplasm	HPA;GO	O14744
PEX16	endoplasmicreticulum	GO	Q9Y5Y5
ICAM2	actinfilaments	GO	P13598
SUSD3	plasmamembrane	GO	Q96L08
DHRS3	primarycilium	GO	O75911
CCNO	nucleoli	HPA;GO	P22674
KDR	plasmamembrane	GO	P35968
ITPA	cytosol	HPA;GO	Q9BY32
MPHOSPH8	nucleoplasm	HPA;GO	Q99549
PPP3CA	nucleoplasm	GO	Q08209
PIK3R1	plasmamembrane	GO	P27986
EBF1	nucleoplasm	HPA	Q9UH73
GADD45GIP1	mitochondria	HPA;GO	Q8TAE8
SMIM4	nucleoplasm	HPA	Q8WVI0
BLOC1S2	centrosome	GO	Q6QNY1
BMF	cytosol	HPA;GO	Q96LC9
DDI2	nucleoplasm	HPA	Q5TDH0
POLR2G	nucleoplasm	HPA;GO	P62487
CCDC117	nucleoplasm	HPA	Q8IWD4
PLEKHS1	centrosome	HPA	Q5SXH7
UBXN6	cytosol	HPA;GO	Q9BZV1
GFRA2	plasmamembrane	HPA;GO	O00451
ATP5MG	mitochondria	HPA;GO	O75964
S100A9	cytosol	HPA;GO	P06702
PLEKHA6	plasmamembrane	HPA	Q9Y2H5
STH	cytosol	HPA	Q8IWL8
PARG	cytosol	HPA	Q86W56
UBC	endoplasmicreticulum	GO	P0CG48
ITIH2	endoplasmicreticulum	GO	P19823
FBP2	cytosol	HPA;GO	O00757
TMC8	nuclearmembrane	GO	Q8IU68
FZD3	nuclearmembrane	HPA	O00144
KLK6	microtubules	HPA	Q92876
INPP5E	cytosol	GO	Q10713
KPNB1	nuclearmembrane	HPA	Q14974
MESD	cytosol	HPA	Q14696
SKAP2	cytosol	HPA;GO	O75563
SHH	cytosol	GO	Q15465
PDGFC	plasmamembrane	HPA	Q9NRA1
PTPA	cytosol	HPA	P18433
CD33	plasmamembrane	HPA;GO	P20138
CPNE7	plasmamembrane	GO	Q9UBL6
PRMT9	microtubules	HPA	Q6P2P2
KRT84	cytosol	GO	Q9NSB2
RPS6KA1	nucleoplasm	HPA;GO	Q15418
ARHGEF7	centrosome	GO	Q14155
DGKK	plasmamembrane	GO	Q5KSL6
CARF	nucleoli	HPA	Q8N187
TMOD2	nucleoli	HPA	Q9NZR1
IL31RA	plasmamembrane	HPA;GO	Q8NI17
PDE4A	plasmamembrane	HPA	P27815
NKD1	nucleoli	HPA	Q969G9
CD1E	golgiapparatus	HPA	P15812
ZNF395	cytosol	HPA	Q9H8N7
FGG	plasmamembrane	GO	P02679
LARGE2	golgiapparatus	GO	Q8N3Y3
CLASP1	microtubules	GO	Q7Z460
TUBB	microtubules	HPA;GO	P07437
KIF2A	primarycilium	HPA;GO	O00139
ZFHX2	nucleoli	HPA	Q9C0A1
TMEM260	endoplasmicreticulum	GO	Q9NX78
SEC24B	endoplasmicreticulum	GO	O95487
ATP8A1	cytosol	HPA	Q9Y2Q0
SPATA25	golgiapparatus	HPA	Q9BR10
CHEK2	nucleoplasm	HPA;GO	O96017
CDR2L	cytosol	HPA	Q86X02
LDAH	endoplasmicreticulum	GO	Q9H6V9
GATAD2B	nucleoplasm	HPA;GO	Q8WXI9
PDCD7	plasmamembrane	HPA	Q8N8D1
ZNF33A	endoplasmicreticulum	HPA	Q06730
FXYD6	cytosol	HPA	Q9H0Q3
NEK2	nucleoplasm	HPA;GO	P51955
STEAP2	plasmamembrane	GO	Q8NFT2
SYBU	microtubules	GO	Q9NX95
ANP32E	cytosol	HPA	Q9BTT0
TOE1	nucleoplasm	HPA;GO	Q96GM8
UNC119B	cytosol	GO	A6NIH7
ABCA7	golgiapparatus	HPA	Q8IZY2
TNRC6C	cytosol	GO	Q9HCJ0
TMEM86B	endoplasmicreticulum	GO	Q8N661
DCAF12	cytosol	GO	Q5T6F0
MASTL	plasmamembrane	GO	Q96GX5
RADIL	nuclearmembrane	HPA	Q96JH8
ZNF449	cytosol	HPA	Q6P9G9
JMJD6	nucleoplasm	HPA;GO	Q6NYC1
PPP4R1	cytosol	HPA	Q8TF05
PPP1R37	cytosol	HPA	O75864
KCND3	plasmamembrane	GO	Q9UK17
CD72	plasmamembrane	GO	P21854
TLR8	golgiapparatus	GO	Q9NR97
CHD3	nucleoplasm	HPA;GO	Q12873
SOCS5	plasmamembrane	HPA	O75159
CLASP2	actinfilaments	GO	O75122
RAB11FIP2	plasmamembrane	GO	Q7L804
RHOJ	plasmamembrane	HPA;GO	Q9H4E5
THAP1	nucleoplasm	HPA	Q9NVV9
RABL6	cytosol	HPA	Q3YEC7
ARL6IP1	endoplasmicreticulum	HPA;GO	Q15041
JADE3	nucleoli	HPA	Q92613
PTGES	endoplasmicreticulum	HPA;GO	O14684
NOD2	cytosol	HPA;GO	Q9HC29
RAB3IP	primarycilium	GO	Q96QF0
STT3A	endoplasmicreticulum	GO	P46977
PARP12	nucleoplasm	HPA	Q9H0J9
OBSL1	cytosol	GO	O75147
NPTX1	plasmamembrane	GO	Q15818
MTTP	golgiapparatus	GO	P55157
MACROD2	nucleoplasm	HPA	A1Z1Q3
GPR180	cytosol	HPA	Q86V85
CSRP1	plasmamembrane	GO	P21291
TRIM37	cytosol	GO	O94972
SPP1	golgiapparatus	HPA	P10451
NLK	nucleoli	HPA	Q9UBE8
TRIM32	cytosol	GO	Q13049
HS6ST3	plasmamembrane	HPA	Q8IZP7
GSTM3	microtubules	HPA	P21266
RGS1	cytosol	GO	Q08116
TAF8	nucleoplasm	HPA;GO	Q7Z7C8
SPOUT1	microtubules	GO	Q5T280
NFYB	nucleoplasm	HPA;GO	P25208
CSK	cytosol	HPA;GO	P41240
FRMD3	golgiapparatus	HPA	A2A2Y4
KRBOX5	nucleoplasm	HPA	Q7Z2F6
PRKAB2	nucleoplasm	HPA;GO	O43741
GKAP1	centrosome	HPA	Q5VSY0
ZNF496	nucleoplasm	HPA	Q96IT1
PPFIA1	actinfilaments	HPA	Q13136
PDE8B	nucleoplasm	HPA	O95263
COPS2	cytosol	GO	P61201
CD28	plasmamembrane	HPA;GO	P10747
GIN1	nucleoli	HPA	Q9NXP7
TDP1	plasmamembrane	HPA	Q9NUW8
PCSK9	endoplasmicreticulum	GO	Q8NBP7
CALR	actinfilaments	GO	P27797
LMAN2L	endoplasmicreticulum	GO	Q9H0V9
CIB1	plasmamembrane	HPA;GO	Q99828
KCNF1	primarycilium	HPA	Q9H3M0
BST1	plasmamembrane	GO	Q10588
RAD51	intermediatefilaments	GO	Q06609
FSCN1	plasmamembrane	GO	Q16658
CYTH1	cytosol	GO	Q15438
PLEKHA4	plasmamembrane	HPA;GO	Q9H4M7
WSCD1	golgiapparatus	HPA	Q658N2
MPP4	plasmamembrane	GO	Q96JB8
WIPI1	nucleoplasm	HPA	Q5MNZ9
AMOT	cytosol	GO	Q4VCS5
WWOX	nucleoplasm	HPA	Q9NZC7
LMAN2	golgiapparatus	HPA;GO	Q12907
DLC1	cytosol	HPA;GO	P63167
TAS2R5	cytosol	HPA	Q9NYW4
CFAP418	primarycilium	HPA;GO	Q96NL8
C1QTNF6	nucleoplasm	HPA	Q9BXI9
EPHA2	plasmamembrane	HPA;GO	P29317
UGT3A2	cytosol	HPA	Q3SY77
DPM3	endoplasmicreticulum	GO	Q9P2X0
COASY	mitochondria	HPA;GO	Q13057
YWHAG	plasmamembrane	GO	P61981
CHRM2	primarycilium	HPA	P08172
TRHR	plasmamembrane	GO	P34981
CTSV	plasmamembrane	HPA	O60911
PKMYT1	nucleoplasm	GO	Q99640
ECD	cytosol	HPA	O95905
ITGB7	cytosol	HPA	P26010
STING1	primarycilium	HPA	Q86WV6
FHL3	actinfilaments	GO	Q13643
H3C3	nucleoplasm	HPA	P68431
NEXN	plasmamembrane	HPA;GO	Q0ZGT2
SACM1L	endoplasmicreticulum	GO	Q9NTJ5
EEF1A1	actinfilaments	GO	P68104
MTRF1L	mitochondria	GO	Q9UGC7
RAB27B	plasmamembrane	HPA;GO	O00194
ZNF19	mitochondria	HPA	P17023
VCAM1	golgiapparatus	GO	P19320
LSM6	nucleoplasm	GO	P62312
OPTN	nucleoplasm	GO	Q96CV9
SARDH	mitochondria	HPA;GO	Q9UL12
USPL1	nucleoplasm	GO	Q5W0Q7
PTAFR	plasmamembrane	HPA;GO	P25105
APRT	cytosol	HPA;GO	P07741
EXOC2	cytosol	GO	Q96KP1
LAPTM4B	golgiapparatus	HPA	Q86VI4
PDCD10	golgiapparatus	GO	Q9BUL8
MPC1L	mitochondria	GO	P0DKB6
NIP7	nucleoli	HPA	Q9Y221
PLCB4	plasmamembrane	GO	Q15147
LIPT1	mitochondria	GO	Q9Y234
CSE1L	nucleoplasm	HPA	P55060
STOX2	cytosol	HPA	Q9P2F5
ARRDC4	plasmamembrane	HPA	Q8NCT1
AP5Z1	nucleoplasm	HPA	O43299
SIK1	nucleoplasm	HPA	P57059
LRRTM1	endoplasmicreticulum	GO	Q86UE6
ADSS2	plasmamembrane	HPA	P30520
ABCF1	nucleoplasm	GO	Q8NE71
CACNA1E	plasmamembrane	HPA;GO	Q15878
CLGN	endoplasmicreticulum	HPA	O14967
MAD1L1	nucleoplasm	HPA;GO	Q9Y6D9
SCRN2	nucleoplasm	HPA	Q96FV2
RAB40AL	mitochondria	GO	P0C0E4
MALL	golgiapparatus	GO	Q13021
ZNF626	nucleoplasm	HPA	Q68DY1
NOM1	nucleoli	HPA;GO	Q5C9Z4
ZNF511	nucleoplasm	HPA	Q8NB15
NIFK	nucleoplasm	HPA;GO	Q9BYG3
GINS1	nucleoplasm	HPA;GO	Q14691
ZNF510	plasmamembrane	HPA	Q9Y2H8
MAVS	mitochondria	HPA;GO	Q7Z434
ARHGAP35	cytosol	HPA;GO	Q9NRY4
CEP192	primarycilium	HPA	Q8TEP8
PHACTR2	plasmamembrane	HPA;GO	O75167
PQBP1	nucleoplasm	HPA;GO	O60828
SYDE1	cytosol	HPA	Q6ZW31
CDH26	plasmamembrane	HPA;GO	Q8IXH8
HMGB3	nucleoli	HPA	O15347
TUBA1C	primarycilium	HPA	Q9BQE3
PARD3	plasmamembrane	HPA;GO	Q8TEW0
TBC1D2	cytosol	HPA	Q9BYX2
CNGB1	plasmamembrane	HPA;GO	Q14028
EPS15	plasmamembrane	GO	P42566
MAPK6	primarycilium	HPA	Q16659
RAB7A	cytosol	GO	P51149
ARHGAP28	nucleoplasm	HPA	Q9P2N2
TSHR	plasmamembrane	GO	P16473
ESCO2	nucleoplasm	HPA;GO	Q56NI9
NADSYN1	cytosol	HPA;GO	Q6IA69
TRABD2A	plasmamembrane	GO	Q86V40
HEG1	plasmamembrane	HPA;GO	Q9ULI3
ECPAS	golgiapparatus	GO	Q5VYK3
MICAL3	microtubules	HPA	Q7RTP6
PDE3A	plasmamembrane	HPA	Q14432
HIVEP1	nucleoplasm	HPA	P15822
ZNF527	golgiapparatus	HPA	Q8NB42
TMEM251	golgiapparatus	HPA	Q8N6I4
ACSBG1	plasmamembrane	GO	Q96GR2
ANKRD17	nucleoplasm	HPA;GO	O75179
TUBB8	microtubules	HPA;GO	Q3ZCM7
CALM1	centrosome	GO	P0DP23
SIPA1L2	nuclearmembrane	HPA	Q9P2F8
CDC42BPA	cytosol	HPA;GO	Q5VT25
RCAN3	cytosol	GO	Q9UKA8
COL28A1	cytosol	HPA	Q2UY09
EXOSC8	nucleoplasm	HPA;GO	Q96B26
GIPC2	nucleoplasm	HPA	Q8TF65
PIGN	endoplasmicreticulum	GO	O95427
UBL4A	cytosol	HPA;GO	P11441
PDIA3	actinfilaments	GO	P30101
CNOT7	nucleoplasm	HPA;GO	Q9UIV1
RASSF6	nucleoplasm	HPA	Q6ZTQ3
ARL13A	cytosol	HPA	Q5H913
HSCB	mitochondria	HPA;GO	Q8IWL3
SWAP70	actinfilaments	HPA	Q9UH65
SLC27A1	mitochondria	HPA	Q6PCB7
SLC5A10	plasmamembrane	GO	A0PJK1
CCDC146	primarycilium	GO	Q8IYE0
KCNJ2	plasmamembrane	GO	P63252
FAAH	cytosol	HPA	O00519
CFAP54	cytosol	HPA	Q96N23
FAM120C	nuclearmembrane	HPA	Q9NX05
CDKN1B	nucleoplasm	HPA;GO	P46527
TMEM74	cytosol	HPA	Q96NL1
PLEKHA2	plasmamembrane	GO	Q9HB19
OGT	plasmamembrane	HPA;GO	O15294
GATAD2A	nucleoplasm	HPA;GO	Q86YP4
CA5A	mitochondria	GO	P35218
PRSS2	endoplasmicreticulum	HPA	P07478
RTTN	centrosome	HPA;GO	Q86VV8
SRPRA	endoplasmicreticulum	GO	P08240
NYAP2	nucleoplasm	HPA	Q9P242
GPX8	plasmamembrane	HPA	Q8TED1
ELFN1	plasmamembrane	HPA	P0C7U0
UPF3B	cytosol	HPA;GO	Q9BZI7
MARS2	mitochondria	GO	Q96GW9
DYNC1H1	centrosome	HPA;GO	Q14204
RAB3GAP1	nucleoplasm	HPA	Q15042
ABL1	plasmamembrane	GO	P00519
LYSMD4	actinfilaments	HPA	Q5XG99
FAM13A	plasmamembrane	HPA	O94988
YARS1	cytosol	HPA;GO	P54577
GABARAPL1	mitochondria	GO	Q9H0R8
GSDMD	plasmamembrane	GO	P57764
RRM2B	nucleoplasm	HPA	Q7LG56
ENSG00000272772	primarycilium	HPA	
SAXO2	cytosol	HPA	Q658L1
EIF4H	nucleoplasm	HPA	Q15056
ZBTB2	nucleoplasm	HPA	Q8N680
UBE2Q1	nucleoplasm	HPA	Q7Z7E8
CBX2	nucleoplasm	HPA;GO	Q14781
JAK2	cytosol	GO	O60674
MYO18A	golgiapparatus	GO	O95411
CUX1	golgiapparatus	HPA;GO	P39880
DCTN5	cytosol	GO	Q9BTE1
DNAJC10	endoplasmicreticulum	GO	Q8IXB1
ALDH2	mitochondria	GO	P05091
NISCH	plasmamembrane	GO	Q9Y2I1
PCDHGA10	cytosol	HPA	Q9Y5H3
TAX1BP1	nucleoplasm	HPA	Q86VP1
DDX6	cytosol	HPA;GO	P26196
MTA3	nucleoplasm	HPA;GO	Q9BTC8
HTR2B	nucleoplasm	HPA	P41595
INPP1	cytosol	HPA;GO	P49441
MDP1	nucleoplasm	HPA	P54098
SERPINB8	cytosol	HPA;GO	P50452
LY9	centrosome	HPA	Q9HBG7
C4orf19	plasmamembrane	HPA	Q8IY42
MAD2L1	microtubules	GO	Q13257
TBX3	nucleoplasm	HPA;GO	O15119
DMWD	plasmamembrane	HPA	Q09019
APEX1	nucleoplasm	HPA;GO	P27695
POLR3F	nucleoplasm	HPA;GO	Q9H1D9
SPHK2	nucleoplasm	HPA;GO	Q9NRA0
VRK1	nucleoplasm	HPA;GO	Q99986
OR10A6	plasmamembrane	GO	Q8NH74
XRRA1	nucleoplasm	HPA	Q6P2D8
LHX1	golgiapparatus	HPA	P48742
KIAA1549	plasmamembrane	GO	Q9HCM3
IQCK	nucleoplasm	HPA	Q8N0W5
SLC25A39	mitochondria	GO	Q9BZJ4
ICAM5	plasmamembrane	GO	Q9UMF0
LRPPRC	nucleoplasm	GO	P42704
SLC8A3	plasmamembrane	GO	P57103
CDC45	nucleoplasm	HPA;GO	O75419
LIMD2	cytosol	HPA	Q9BT23
CSNK1A1	cytosol	HPA;GO	P48729
CREB3L2	endoplasmicreticulum	HPA;GO	Q70SY1
PSMC3	cytosol	HPA;GO	P17980
TMEM233	nucleoplasm	HPA	B4DJY2
ABCA12	nucleoli	HPA	Q86UK0
CGAS	cytosol	HPA;GO	Q8N884
BIRC7	golgiapparatus	GO	Q96CA5
ST14	plasmamembrane	GO	Q9Y5Y6
FN3K	cytosol	GO	Q9H479
L2HGDH	mitochondria	HPA;GO	Q9H9P8
FAM161B	nucleoplasm	HPA	Q96MY7
ZNF184	nucleoplasm	HPA	Q99676
RPA4	nucleoplasm	HPA;GO	Q13156
AVPR2	plasmamembrane	GO	P30518
ZNF330	nucleoplasm	HPA;GO	Q9Y3S2
HSPD1	cytosol	GO	P10809
LIMK2	centrosome	GO	P53671
LRCH1	actinfilaments	HPA	Q9Y2L9
ZDHHC11	endoplasmicreticulum	GO	Q9H8X9
CLTCL1	cytosol	GO	P53675
ACADS	centrosome	HPA	P16219
TMEM252	nucleoplasm	HPA	Q8N6L7
TEK	plasmamembrane	HPA;GO	Q02763
COMMD9	nucleoplasm	HPA	Q9P000
SAMD9L	mitochondria	GO	Q8IVG5
RPS8	endoplasmicreticulum	HPA	P62241
R3HDML	nucleoplasm	HPA	Q9H3Y0
LYRM4	cytosol	GO	Q9HD34
MBTPS2	golgiapparatus	GO	O43462
ZNF569	golgiapparatus	HPA	Q5MCW4
TMEM151A	cytosol	HPA	Q8N4L1
TMBIM1	golgiapparatus	GO	Q969X1
SLC35F1	centrosome	HPA	Q5T1Q4
GPR108	golgiapparatus	HPA;GO	Q9NPR9
TBX6	nucleoplasm	HPA	O95947
TEX55	nucleoplasm	HPA	Q96M34
C9orf85	nucleoli	HPA	Q96MD7
ZNF131	nucleoplasm	HPA;GO	P52739
NHLRC1	nucleoplasm	HPA	Q6VVB1
ENTREP1	plasmamembrane	GO	Q15884
FKBP6	cytosol	HPA	O75344
CASP4	plasmamembrane	HPA	P49662
ENSG00000269026	nucleoplasm	HPA	
SMAD5	cytosol	HPA;GO	Q99717
HLA-H	golgiapparatus	GO	P01893
MRPS26	mitochondria	HPA;GO	Q9BYN8
ACVR1	plasmamembrane	GO	Q04771
RABEPK	golgiapparatus	GO	Q7Z6M1
POLI	cytosol	HPA	Q9UNA4
UPP2	cytosol	GO	O95045
GCNT7	cytosol	HPA	Q6ZNI0
RPP25	centrosome	HPA	Q9BUL9
SP100	nucleoli	GO	P23497
CYTH3	golgiapparatus	GO	O43739
NQO2	nucleoplasm	HPA	P16083
TNFRSF12A	plasmamembrane	HPA;GO	Q9NP84
ZNF471	nucleoplasm	HPA	Q9BX82
TRIM7	cytosol	HPA	Q9C029
EFHB	cytosol	HPA	Q8N7U6
MAK	centrosome	GO	P20794
FAM90A16	nucleoplasm	HPA	P0DV73
ITFG1	golgiapparatus	HPA	Q8TB96
FOCAD	cytosol	HPA	Q5VW36
CHP1	plasmamembrane	GO	Q99653
C20orf27	nucleoplasm	HPA	Q9GZN8
KRTCAP3	cytosol	HPA	Q53RY4
SNX10	centrosome	GO	Q9Y5X0
PPFIA4	cytosol	GO	O75335
PJA2	centrosome	GO	O43164
DEPDC1B	cytosol	HPA	Q8WUY9
ACOX1	nucleoli	HPA	Q15067
LIF	cytosol	HPA	P15018
UBE2C	cytosol	HPA;GO	O00762
PLS1	plasmamembrane	HPA	Q14651
SSRP1	nucleoplasm	HPA;GO	Q08945
GDPGP1	cytosol	HPA	Q6ZNW5
ZSCAN29	nucleoplasm	HPA	Q8IWY8
H3-3A	nucleoplasm	HPA;GO	P84243
CAMK1G	primarycilium	HPA	Q96NX5
SRBD1	mitochondria	HPA	Q8N5C6
SLC3A1	mitochondria	HPA	Q07837
HEYL	nucleoli	HPA	Q9NQ87
CD300LF	plasmamembrane	GO	Q8TDQ1
CEP128	primarycilium	GO	Q6ZU80
RFLNA	actinfilaments	HPA	Q6ZTI6
CLNS1A	cytosol	HPA;GO	P54105
PARN	nucleoli	GO	O95453
SATL1	cytosol	HPA	Q86VE3
SIRT2	microtubules	GO	Q8IXJ6
MCIDAS	nucleoli	GO	D6RGH6
MAP2K1	plasmamembrane	HPA;GO	Q02750
GVQW3	endoplasmicreticulum	HPA	Q3ZCU0
VDAC2	mitochondria	HPA;GO	P45880
PTPN13	plasmamembrane	HPA;GO	Q12923
CCDC106	nucleoplasm	HPA	Q9BWC9
EPPIN	plasmamembrane	GO	O95925
PKD2	endoplasmicreticulum	HPA;GO	Q13563
NOL4	nucleoplasm	HPA	O94818
OBI1	nucleoplasm	HPA;GO	Q5W0B1
GAGE12C	cytosol	HPA	A1L429
STK11	cytosol	HPA;GO	Q15831
RAPGEF2	plasmamembrane	HPA;GO	Q9Y4G8
CCNF	nucleoplasm	HPA	P41002
FAM83H	intermediatefilaments	GO	Q6ZRV2
TNKS	nucleoplasm	HPA;GO	O95271
TIMM23	mitochondria	HPA;GO	O14925
AGO1	cytosol	HPA;GO	Q9UL18
MAZ	nucleoplasm	HPA	P56270
UACA	cytosol	HPA	Q9BZF9
DUX4	nuclearmembrane	GO	Q9UBX2
HLA-DQB1	endoplasmicreticulum	GO	P01920
GPSM1	endoplasmicreticulum	GO	Q86YR5
CCT3	plasmamembrane	HPA	P49368
C3orf14	cytosol	HPA	Q9HBI5
FAM131C	cytosol	HPA	Q96AQ9
HYPK	microtubules	HPA	Q9NX55
MTHFR	plasmamembrane	HPA	P42898
ANAPC2	cytosol	GO	Q9UJX6
CTNNB1	nucleoplasm	GO	P35222
LPAR3	primarycilium	HPA	Q9UBY5
DUS3L	cytosol	HPA	Q96G46
TMEM205	nucleoplasm	HPA	Q6UW68
ZNF483	nucleoli	HPA	Q8TF39
CD99L2	plasmamembrane	HPA;GO	Q8TCZ2
C2orf73	cytosol	HPA	Q8N5S3
DYNC2I1	primarycilium	HPA;GO	Q8WVS4
FOXC2	nucleoplasm	HPA	Q99958
PSMG1	cytosol	HPA	O95456
ATP1A1	plasmamembrane	HPA;GO	P05023
FBXO7	mitochondria	GO	Q9Y3I1
AGTRAP	golgiapparatus	HPA	Q6RW13
TPD52	golgiapparatus	HPA	P55327
SAPCD2	nucleoli	HPA	Q86UD0
KLC2	cytosol	HPA;GO	Q6P597
OAZ2	golgiapparatus	HPA	O95190
PCYT1A	cytosol	HPA	P49585
UBE2D1	nucleoplasm	GO	P51668
POC1A	microtubules	GO	Q8NBT0
SLC30A1	endoplasmicreticulum	GO	Q9Y6M5
JKAMP	nucleoplasm	HPA	Q9P055
CA11	microtubules	HPA	O75493
TBX1	cytosol	HPA	O43435
GOLPH3	mitochondria	GO	Q9H4A6
TRUB1	cytosol	GO	Q8WWH5
TUT1	nucleoli	GO	Q9H6E5
MCRIP2	cytosol	GO	Q9BUT9
MRTFB	nucleoplasm	HPA	Q9ULH7
LRRC41	cytosol	GO	Q15345
EAPP	nucleoplasm	HPA	Q56P03
DAPP1	cytosol	GO	Q9UN19
DSN1	nucleoli	HPA	Q9H410
TCF19	nucleoli	HPA	Q9Y242
FLRT3	cytosol	HPA	Q9NZU0
RMDN2	cytosol	HPA	Q96LZ7
CRTAM	plasmamembrane	GO	O95727
TACC3	primarycilium	HPA	Q9Y6A5
DPPA4	cytosol	HPA	Q7L190
FTO	cytosol	HPA	Q9C0B1
TRAPPC2L	cytosol	HPA;GO	Q9UL33
E2F6	nucleoplasm	HPA;GO	O75461
RAB4B	plasmamembrane	GO	P61018
ZNF518B	nucleoplasm	HPA	Q9C0D4
DCXR	microtubules	HPA;GO	Q7Z4W1
SLC2A4	plasmamembrane	GO	P14672
ANKRD13D	plasmamembrane	GO	Q6ZTN6
EIF5	cytosol	HPA;GO	P55010
RAD54L2	nucleoplasm	HPA	Q9Y4B4
PIGB	endoplasmicreticulum	GO	Q92521
MUC6	golgiapparatus	GO	Q6W4X9
ANKRD22	nucleoplasm	HPA	Q5VYY1
PLAGL2	cytosol	HPA	Q9UPG8
RHBDF1	golgiapparatus	GO	Q96CC6
GEMIN4	nucleoplasm	HPA;GO	P57678
NSD3	nucleoplasm	HPA;GO	Q9BZ95
PARK7	cytosol	HPA;GO	Q99497
PITPNB	cytosol	HPA	P48739
ARFGEF1	nucleoli	GO	Q9Y6D6
RAD51D	nucleoplasm	GO	O75771
DELE1	cytosol	GO	Q14154
ZNF610	nucleoplasm	HPA	Q8N9Z0
PPARGC1A	cytosol	HPA	Q9UBK2
ENSG00000275740	nucleoplasm	HPA	
RPS27L	cytosol	HPA	Q71UM5
UFD1	cytosol	HPA;GO	Q92890
HTRA2	nucleoplasm	GO	O43464
SMCO1	endoplasmicreticulum	HPA	Q147U7
IFNGR1	plasmamembrane	HPA;GO	P15260
CSTA	nucleoplasm	HPA	P01040
SEMA4B	plasmamembrane	HPA	Q9NPR2
TSEN2	cytosol	HPA	Q8NCE0
BNIPL	cytosol	HPA;GO	Q7Z465
RHOT2	mitochondria	HPA;GO	Q8IXI1
MUL1	nucleoplasm	HPA	Q969V5
TTC7B	cytosol	GO	Q86TV6
MAK	nucleoli	HPA	P20794
JUN	nucleoplasm	HPA;GO	P05412
GMPS	cytosol	HPA;GO	P49915
CLEC11A	centrosome	HPA	Q9Y240
P2RY14	plasmamembrane	GO	Q15391
TBC1D28	nucleoplasm	HPA	Q2M2D7
SNX10	nucleoli	HPA	Q9Y5X0
FIRRM	cytosol	GO	Q9NSG2
MT-CO2	mitochondria	GO	P00403
PLEC	intermediatefilaments	HPA	Q15149
SEC22C	golgiapparatus	HPA	Q9BRL7
LRRTM3	plasmamembrane	GO	Q86VH5
BTG2	cytosol	GO	P78543
CD164L2	cytosol	HPA	Q6UWJ8
HSPA1B	actinfilaments	GO	P0DMV9
PPP3R1	primarycilium	HPA	P63098
DHX37	nuclearmembrane	HPA;GO	Q8IY37
UBE2N	nucleoplasm	HPA;GO	P61088
NUP98	nuclearmembrane	GO	P52948
KIF16B	microtubules	GO	Q96L93
RPS6KA4	nucleoplasm	HPA	O75676
HNRNPC	nucleoplasm	HPA;GO	P07910
MAPK7	cytosol	HPA;GO	Q13164
CHST10	golgiapparatus	GO	O43529
MICAL2	nucleoplasm	HPA	O94851
KCNB2	plasmamembrane	HPA;GO	Q92953
CALU	endoplasmicreticulum	HPA;GO	O43852
KPNA4	cytosol	GO	O00629
CAP2	plasmamembrane	HPA	P40123
SPPL2B	plasmamembrane	HPA;GO	Q8TCT7
ZNF587	nucleoplasm	HPA	Q96SQ5
POLR1E	nucleoli	HPA;GO	O15160
FAM83B	cytosol	GO	Q5T0W9
SPTLC2	plasmamembrane	HPA	O15270
SCD5	endoplasmicreticulum	GO	Q86SK9
CACNA2D4	plasmamembrane	GO	Q7Z3S7
HSF2	nucleoplasm	HPA	Q03933
NBAS	endoplasmicreticulum	GO	A2RRP1
AIDA	microtubules	HPA	Q96BJ3
PITRM1	mitochondria	HPA;GO	Q5JRX3
UBE2K	plasmamembrane	HPA	P61086
HOOK2	golgiapparatus	GO	Q96ED9
FOXP4	nucleoplasm	HPA	Q8IVH2
RBM19	nucleoli	HPA;GO	Q9Y4C8
STIP1	plasmamembrane	HPA	P31948
RBFOX2	nucleoplasm	HPA;GO	O43251
GPC4	plasmamembrane	HPA;GO	O75487
LDLRAD3	plasmamembrane	HPA	Q86YD5
CDK15	golgiapparatus	HPA	Q96Q40
C1orf112	nucleoli	HPA	Q9NSG2
PTPN20	nucleoplasm	GO	Q4JDL3
F2RL3	plasmamembrane	HPA;GO	Q96RI0
LAMA4	cytosol	HPA	Q16363
METTL8	cytosol	HPA	Q9H825
TBC1D32	mitochondria	HPA	Q96NH3
MIDN	nucleoplasm	HPA	Q504T8
TMEM63B	actinfilaments	HPA	Q5T3F8
MAP2K4	plasmamembrane	HPA	P45985
FAM89A	golgiapparatus	HPA	Q96GI7
TPP2	cytosol	HPA;GO	P29144
CTTN	actinfilaments	GO	Q14247
ELOA2	nucleoli	HPA	Q8IYF1
LGMN	nucleoplasm	HPA	Q99538
SMS	cytosol	HPA;GO	P52788
TBC1D9B	nucleoli	HPA	Q66K14
SGPP2	endoplasmicreticulum	GO	Q8IWX5
MYRF	cytosol	HPA	Q9Y2G1
C2CD3	centrosome	HPA;GO	Q4AC94
SCARF1	golgiapparatus	HPA	Q14162
DDHD1	cytosol	GO	Q8NEL9
PTCH2	plasmamembrane	HPA	Q9Y6C5
TEX14	plasmamembrane	HPA	Q8IWB6
TPD52L2	cytosol	HPA	O43399
ARHGAP40	plasmamembrane	HPA	Q5TG30
MAPK4	cytosol	HPA;GO	P31152
IGBP1	primarycilium	HPA	P78318
RIMBP2	nucleoplasm	HPA	O15034
NOTCH3	plasmamembrane	HPA;GO	Q9UM47
GJA5	plasmamembrane	GO	P36382
ZNF281	nucleoplasm	HPA	Q9Y2X9
AGPAT5	endoplasmicreticulum	GO	Q9NUQ2
RORB	nucleoplasm	HPA;GO	Q92753
D2HGDH	mitochondria	HPA;GO	Q8N465
FLT1	plasmamembrane	HPA;GO	P17948
INPP4B	centrosome	HPA	O15327
CXorf38	cytosol	HPA	Q8TB03
TMEM154	nucleoplasm	HPA	Q6P9G4
TMEM87B	golgiapparatus	HPA	Q96K49
VPS50	cytosol	HPA	Q96JG6
ZFP91	nucleoplasm	HPA	Q96JP5
VPS4B	centrosome	GO	O75351
GABRG2	plasmamembrane	GO	P18507
KLHL22	microtubules	HPA;GO	Q53GT1
TTK	cytosol	HPA	P33981
COL4A4	endoplasmicreticulum	GO	P53420
TPMT	cytosol	GO	P51580
PSMD8	cytosol	HPA;GO	P48556
SLC9A4	plasmamembrane	HPA;GO	Q6AI14
KLHL3	cytosol	GO	Q9UH77
ULK4	primarycilium	HPA	Q96C45
ARPC2	actinfilaments	GO	O15144
ENSG00000261832	nucleoplasm	HPA	
TTLL11	cytosol	GO	Q8NHH1
USB1	nucleoplasm	HPA	Q9BQ65
DST	cytosol	HPA;GO	Q03001
TLE2	actinfilaments	HPA	Q04725
VPS35L	mitochondria	HPA	Q7Z3J2
WDR75	nucleoli	GO	Q8IWA0
FAM227B	nucleoplasm	HPA	Q96M60
PGGT1B	endoplasmicreticulum	HPA	P53609
PRPSAP2	nucleoplasm	HPA	O60256
ZNF503	cytosol	HPA	Q96F45
TERT	nucleoplasm	HPA;GO	O14746
DPY19L2	mitochondria	HPA	Q6NUT2
ANKRD35	plasmamembrane	HPA	Q8N283
TGM2	mitochondria	GO	P21980
LILRA2	plasmamembrane	GO	Q8N149
PFDN6	nucleoplasm	HPA	O15212
ACER1	endoplasmicreticulum	GO	Q8TDN7
RANBP2	nuclearmembrane	HPA;GO	P49792
TSTD1	cytosol	HPA;GO	Q8NFU3
NCOA4	golgiapparatus	HPA	Q13772
ANO3	microtubules	HPA	Q9BYT9
LSAMP	plasmamembrane	GO	Q13449
PDCD6	endoplasmicreticulum	GO	O75340
COP1	cytosol	GO	Q5EG05
KIF9	microtubules	GO	Q9HAQ2
FCGBP	golgiapparatus	HPA	Q9Y6R7
ZNF568	nucleoplasm	HPA	Q3ZCX4
CUL4B	nucleoplasm	HPA;GO	Q13620
ABCG8	plasmamembrane	GO	Q9H221
RPS5	cytosol	HPA;GO	P46782
USP8	cytosol	HPA;GO	P40818
UQCR11	mitochondria	GO	O14957
CCNG2	cytosol	HPA	Q16589
ARHGEF40	cytosol	HPA;GO	Q8TER5
CMIP	nucleoplasm	HPA	Q8IY22
ARHGEF39	plasmamembrane	GO	Q8N4T4
MED8	golgiapparatus	HPA	Q96G25
PSAP	plasmamembrane	GO	P07602
PRIMPOL	cytosol	HPA	Q96LW4
IFT22	microtubules	HPA	Q9H7X7
TAF7L	nucleoplasm	HPA	Q5H9L4
ACCS	golgiapparatus	HPA	Q96QU6
PHF6	nucleoli	HPA;GO	Q8IWS0
NMRK2	nucleoplasm	HPA	Q9NPI5
PI4KA	cytosol	GO	P42356
HESX1	nucleoplasm	HPA	Q9UBX0
NPTN	plasmamembrane	HPA	Q9Y639
PCDHA1	plasmamembrane	HPA	Q9Y5I3
DUOXA2	plasmamembrane	GO	Q1HG44
ARPC1B	actinfilaments	GO	O15143
MYD88	mitochondria	HPA	Q99836
FUT11	golgiapparatus	HPA	Q495W5
GSX1	cytosol	HPA	Q9H4S2
TXN	cytosol	HPA;GO	P10599
CHST8	golgiapparatus	GO	Q9H2A9
RACK1	plasmamembrane	GO	P63244
SIRPB1	plasmamembrane	GO	O00241
NHEJ1	nucleoli	HPA	Q9H9Q4
TELO2	cytosol	HPA	Q9Y4R8
DCUN1D2	plasmamembrane	HPA	Q6PH85
DDX52	nucleoplasm	HPA;GO	Q9Y2R4
LRRC40	nucleoli	HPA	Q9H9A6
YIF1B	golgiapparatus	HPA;GO	Q5BJH7
TNNC1	nucleoplasm	HPA	P19429
PIK3CB	cytosol	GO	P42338
ANP32D	nucleoplasm	HPA	O95626
GGT7	nucleoplasm	HPA	Q9UJ14
CD44	plasmamembrane	HPA;GO	P16070
NAGS	mitochondria	HPA;GO	Q8N159
NEU1	plasmamembrane	HPA	Q99519
GATM	mitochondria	HPA;GO	P50440
ATG3	plasmamembrane	HPA	Q9NT62
TAF2	nucleoplasm	GO	Q6P1X5
ZNF470	nucleoplasm	HPA	Q6ECI4
SLC37A3	endoplasmicreticulum	GO	Q8NCC5
TMEM108	nucleoli	HPA	Q6UXF1
DCAF17	nucleoplasm	HPA;GO	Q5H9S7
RAB3D	microtubules	GO	O95716
TBC1D7	primarycilium	GO	Q9P0N9
NME7	centrosome	GO	Q9Y5B8
ARMCX1	cytosol	HPA	Q9P291
PLCG2	cytosol	HPA;GO	P16885
CSNK1D	golgiapparatus	GO	P48730
JMJD7	cytosol	HPA;GO	P0C870
CETN2	microtubules	GO	P41208
HAUS2	centrosome	HPA;GO	Q9NVX0
PTPRA	nucleoplasm	HPA	P18433
SRA1	nucleoplasm	HPA	Q9H7N4
BCL2L11	mitochondria	HPA;GO	O43521
NCOA2	nucleoplasm	HPA;GO	Q15596
TNFSF13	cytosol	GO	O75888
HOXD11	nucleoplasm	HPA	P31277
RBMX2	nucleoli	HPA	Q9Y388
ZNF691	nucleoplasm	HPA	Q5VV52
MT-RNR2	primarycilium	GO	Q8IVG9
N6AMT1	centrosome	HPA	Q9Y5N5
HBEGF	plasmamembrane	GO	Q99075
SULT1A4	cytosol	GO	P0DMN0
BSDC1	plasmamembrane	HPA	Q9NW68
ZNF875	nucleoplasm	HPA	P10072
TBC1D10A	plasmamembrane	HPA;GO	Q9BXI6
MPIG6B	golgiapparatus	HPA	O95866
GPER1	intermediatefilaments	GO	Q99527
DAAM1	primarycilium	GO	Q9Y4D1
TXNDC17	cytosol	GO	Q9BRA2
DEFB103A	golgiapparatus	GO	P81534
RPL11	nucleoplasm	GO	P62913
RPS11	cytosol	HPA;GO	P62280
UTP18	nucleoli	HPA	Q9Y5J1
BMX	nucleoplasm	HPA	P51813
USP39	nucleoplasm	HPA;GO	Q53GS9
RAMACL	nucleoplasm	HPA	A0A3B3IU46
LILRA4	plasmamembrane	GO	P59901
ZBP1	cytosol	GO	Q9H171
HMG20B	nucleoplasm	HPA;GO	Q9P0W2
SFI1	cytosol	GO	A8K8P3
ENPP5	nucleoplasm	HPA	Q9UJA9
COL17A1	golgiapparatus	HPA	Q9UMD9
ARHGAP26	cytosol	HPA;GO	Q9UNA1
RPL4	plasmamembrane	GO	P36578
CNKSR1	cytosol	HPA	Q969H4
TRIM49D2	cytosol	HPA	C9J1S8
C3AR1	plasmamembrane	GO	Q16581
TRIM23	golgiapparatus	GO	P36406
MYH13	actinfilaments	GO	Q9UKX3
CSNK2B	nucleoli	HPA	P67870
SPHK1	cytosol	GO	Q9NYA1
ZDHHC22	endoplasmicreticulum	GO	Q8N966
NUSAP1	nucleoli	HPA	Q9BXS6
ARHGEF18	cytosol	HPA;GO	Q6ZSZ5
TSNAXIP1	cytosol	HPA	Q2TAA8
HBS1L	cytosol	HPA;GO	Q9Y450
CLDND1	nucleoli	HPA	Q9NY35
RIT2	plasmamembrane	GO	Q99578
ACOT12	cytosol	HPA;GO	Q8WYK0
PDGFD	endoplasmicreticulum	GO	Q9GZP0
COX7A1	mitochondria	GO	P24310
IL1B	cytosol	GO	P01584
SPINT1	nucleoplasm	HPA	O43278
RASGEF1A	cytosol	GO	Q8N9B8
TEC	plasmamembrane	HPA	P42680
ABITRAM	nucleoplasm	HPA	Q9NX38
CPOX	mitochondria	HPA;GO	P36551
MRPS16	mitochondria	HPA;GO	Q9Y3D3
SENP7	centrosome	HPA	Q9BQF6
MAP3K7	plasmamembrane	HPA	O43318
HOXC5	plasmamembrane	HPA	Q00444
C5orf22	nuclearmembrane	HPA	Q49AR2
ASB1	cytosol	GO	Q9Y576
ST6GALNAC6	cytosol	HPA	Q969X2
ACP4	microtubules	HPA	Q9BZG2
LRRC27	golgiapparatus	HPA	Q9C0I9
KIAA2013	golgiapparatus	HPA	Q8IYS2
CSF1	plasmamembrane	HPA;GO	P09603
PLOD2	endoplasmicreticulum	GO	O00469
FAM47E-STBD1	cytosol	HPA	
IGKV3-20	plasmamembrane	HPA;GO	P01619
SLC22A3	plasmamembrane	GO	O75751
LAYN	plasmamembrane	GO	Q6UX15
ELOB	nucleoplasm	GO	Q15370
S100Z	cytosol	HPA	Q8WXG8
NBEA	golgiapparatus	HPA	Q8NFP9
WDR26	nucleoplasm	HPA	Q9H7D7
IGSF9B	golgiapparatus	HPA	Q9UPX0
RABL6	centrosome	HPA	Q3YEC7
SNRPB2	cytosol	HPA	P08579
NLRP1	cytosol	HPA;GO	Q9C000
OBSL1	centrosome	HPA;GO	O75147
POLM	nucleoplasm	HPA;GO	Q9NP87
PUS10	nucleoplasm	HPA	Q3MIT2
SHROOM4	actinfilaments	HPA;GO	Q9ULL8
TRIM32	centrosome	GO	Q13049
SLC16A7	plasmamembrane	HPA;GO	O60669
WDR31	nucleoplasm	HPA	Q8NA23
PSPC1	nucleoplasm	HPA;GO	Q8WXF1
MRPL21	mitochondria	HPA;GO	Q7Z2W9
PRPF39	nucleoplasm	HPA	Q86UA1
TTC31	nucleoplasm	HPA	Q49AM3
ZC3H12A	cytosol	HPA;GO	Q5D1E8
ZNF322	cytosol	HPA	Q6U7Q0
CD63	plasmamembrane	GO	P08962
KRTAP9-8	cytosol	GO	Q9BYQ0
TPPP2	cytosol	GO	P59282
HSD17B12	endoplasmicreticulum	GO	Q53GQ0
NCKAP5L	centrosome	GO	Q9HCH0
TEX37	cytosol	HPA	Q96LM6
ARSF	endoplasmicreticulum	GO	P54793
TJP1	plasmamembrane	HPA;GO	Q07157
HNRNPA1	nucleoplasm	HPA;GO	P09651
FXYD5	plasmamembrane	GO	Q96DB9
PSENEN	endoplasmicreticulum	GO	Q9NZ42
OLFM1	nucleoli	HPA	Q99784
CNTLN	microtubules	GO	Q9NXG0
PAK4	actinfilaments	GO	O96013
AOC1	plasmamembrane	GO	P19801
SGSM3	cytosol	GO	Q96HU1
EVC2	primarycilium	GO	Q86UK5
TUBA4A	cytosol	GO	P68366
PSMB4	primarycilium	GO	P28070
EOGT	nucleoplasm	HPA	Q5NDL2
INSR	plasmamembrane	HPA;GO	P06213
CYSRT1	nucleoplasm	HPA	A8MQ03
NDUFAB1	mitochondria	HPA;GO	O14561
TCF12	nucleoplasm	HPA;GO	Q99081
KIF17	plasmamembrane	HPA	Q9P2E2
ZNF784	nucleoplasm	HPA	Q8NCA9
KHSRP	nucleoplasm	HPA;GO	Q92945
TMEM181	golgiapparatus	HPA	Q9P2C4
NEDD4L	plasmamembrane	GO	Q96PU5
APOBEC3H	nucleoplasm	HPA	Q6NTF7
C3	endoplasmicreticulum	GO	P01024
SPRY4	golgiapparatus	HPA	Q9C004
PTMA	cytosol	HPA	P06454
TRAP1	mitochondria	HPA;GO	Q12931
ZEB2	nucleoli	HPA	O60315
LRATD1	nucleoplasm	HPA	Q96KN4
OGA	cytosol	HPA;GO	O60502
EBP	endoplasmicreticulum	HPA;GO	Q15125
CABIN1	cytosol	HPA	Q9Y6J0
KCNQ1	endoplasmicreticulum	HPA;GO	P51787
RAP1GAP2	cytosol	HPA;GO	Q684P5
ACTA1	actinfilaments	GO	P68133
CD74	plasmamembrane	GO	P04233
ATP2A2	plasmamembrane	GO	P16615
SEC24D	endoplasmicreticulum	GO	O94855
WDR47	actinfilaments	HPA	O94967
ZC3HC1	nuclearmembrane	HPA	Q86WB0
KCNG3	plasmamembrane	GO	Q8TAE7
NELFCD	cytosol	HPA	Q8IXH7
RGS10	nucleoplasm	HPA	O43665
TP73	nucleoplasm	HPA;GO	O15350
CDH1	golgiapparatus	HPA;GO	P12830
MTA1	cytosol	HPA	Q13330
DLX5	nucleoplasm	HPA	P56178
WDR4	cytosol	HPA	P57081
ITPKB	endoplasmicreticulum	GO	P27987
LAMP1	plasmamembrane	GO	P11279
ATAD3A	mitochondria	HPA;GO	Q9NVI7
RAPGEF4	plasmamembrane	GO	Q8WZA2
B3GAT3	golgiapparatus	GO	O94766
SMIM20	cytosol	HPA	Q8N5G0
UBE2L5	primarycilium	HPA	A0A1B0GUS4
CRABP2	nucleoplasm	HPA;GO	P29373
MYBPH	nucleoli	HPA	Q13203
CENPO	nucleoplasm	HPA;GO	Q9BU64
PPM1A	plasmamembrane	HPA	P35813
PRR23A	cytosol	HPA	A6NEV1
METTL9	nucleoplasm	HPA	Q9H1A3
RABIF	microtubules	HPA	P47224
PLA2G4D	cytosol	HPA;GO	Q86XP0
ERCC2	microtubules	GO	P18074
MAP4	primarycilium	HPA;GO	P27816
EHD3	plasmamembrane	HPA;GO	Q9NZN3
SFSWAP	nucleoplasm	HPA	Q12872
SNU13	nucleoplasm	GO	P55769
CATSPERB	plasmamembrane	GO	Q9H7T0
PHF19	nucleoplasm	GO	Q5T6S3
KPNA6	nucleoplasm	HPA;GO	O60684
NUFIP2	nucleoplasm	HPA	Q7Z417
CTLA4	golgiapparatus	GO	P16410
PMPCA	mitochondria	HPA;GO	Q10713
RAB18	cytosol	GO	Q9NP72
SMAD1	nucleoplasm	HPA;GO	Q15797
DNAL4	primarycilium	HPA	O96015
GPR143	nucleoplasm	HPA	P51810
ESYT3	plasmamembrane	GO	A0FGR9
BCDIN3D	cytosol	HPA;GO	Q7Z5W3
COL25A1	endoplasmicreticulum	HPA;GO	Q9BXS0
RIMS1	plasmamembrane	GO	Q86UR5
DNMBP	plasmamembrane	GO	Q6XZF7
CFAP298	cytosol	HPA;GO	P57076
PEG10	nucleoplasm	HPA	Q86TG7
GART	mitochondria	HPA	P22102
MAP7	cytosol	HPA	Q14244
SPINK13	plasmamembrane	HPA	Q1W4C9
STAT5B	cytosol	HPA;GO	P51692
EPN2	cytosol	GO	O95208
SCN1A	nucleoplasm	HPA	P35498
FAM72B	cytosol	HPA	Q86X60
PRKCSH	endoplasmicreticulum	HPA;GO	P14314
GIMAP1	endoplasmicreticulum	HPA	Q8WWP7
FAAP20	nucleoplasm	HPA;GO	Q6NZ36
P3R3URF-PIK3R3	cytosol	HPA	
NEU4	mitochondria	GO	Q8WWR8
RSF1	nucleoplasm	HPA;GO	Q96T23
OSBPL8	cytosol	HPA;GO	Q9BZF1
NDUFA7	mitochondria	HPA;GO	O95182
TBL3	nucleoli	HPA	Q12788
CHAC2	cytosol	HPA;GO	Q8WUX2
ITPKA	cytosol	GO	P23677
C11orf71	nucleoplasm	HPA	Q6IPW1
SLC13A1	plasmamembrane	GO	Q9BZW2
GAA	plasmamembrane	GO	P10253
QARS1	mitochondria	GO	P47897
ANXA5	cytosol	GO	P08758
ATP1B2	plasmamembrane	GO	P14415
NRTN	golgiapparatus	HPA	Q99748
ANKRD28	cytosol	GO	O15084
RPS17	cytosol	HPA;GO	P08708
PDCL	nucleoplasm	HPA	Q13371
TNFSF14	plasmamembrane	GO	O43557
RIOK3	golgiapparatus	HPA	O14730
CD14	golgiapparatus	GO	P08571
DCLK1	cytosol	HPA	O15075
NINJ2	plasmamembrane	HPA	Q9NZG7
CDKL5	centrosome	GO	O76039
CLDN8	endoplasmicreticulum	GO	P56748
SEPTIN2	plasmamembrane	HPA	Q15019
CDK5RAP3	cytosol	HPA	Q96JB5
RPS16	endoplasmicreticulum	HPA	P62249
SPANXD	nucleoplasm	HPA	Q9BXN6
TSPYL1	nucleoli	HPA	Q9H0U9
EPHB2	cytosol	GO	P29323
ZNF10	plasmamembrane	HPA	P21506
CMTM3	nucleoplasm	HPA	Q96MX0
PVRIG	plasmamembrane	GO	Q6DKI7
MAPRE2	actinfilaments	GO	Q15555
AXDND1	cytosol	HPA	Q5T1B0
CAB39	cytosol	GO	Q9Y376
VAMP7	golgiapparatus	GO	P51809
PPM1F	plasmamembrane	HPA	P49593
FGA	endoplasmicreticulum	HPA;GO	P02671
GALNT10	nucleoplasm	HPA	Q86SR1
PRPF40B	cytosol	HPA	Q6NWY9
MYL4	cytosol	GO	P12829
CCDC71	nuclearmembrane	HPA	Q8IV32
ENSG00000283149	endoplasmicreticulum	HPA	
SHB	nucleoplasm	HPA	Q15464
TIRAP	microtubules	HPA	P58753
ARHGAP39	cytosol	GO	Q9C0H5
IL12RB1	plasmamembrane	HPA;GO	P42701
RNF32	cytosol	HPA	Q9H0A6
LZTS2	cytosol	HPA	Q9BRK4
FAM133A	nucleoli	HPA	Q8N9E0
ZNF354B	nucleoplasm	HPA	Q96LW1
SLC33A1	endoplasmicreticulum	GO	O00400
RAB11FIP5	mitochondria	GO	Q9BXF6
ABCB8	nucleoplasm	HPA	Q9NUT2
ADAMTSL4	plasmamembrane	HPA	Q6UY14
VSTM4	nucleoplasm	HPA	Q8IW00
BFSP1	cytosol	HPA	Q12934
MKRN3	plasmamembrane	HPA	Q13064
DOLK	nucleoplasm	HPA	Q9UPQ8
RPL6	actinfilaments	GO	Q02878
SYNE1	plasmamembrane	GO	Q8NF91
RRP8	cytosol	HPA	O43159
TAS2R5	nucleoli	HPA	Q9NYW4
DAB2	cytosol	GO	P98082
RARA	plasmamembrane	GO	P10276
INPP5J	nucleoli	HPA	Q15735
RGS9BP	plasmamembrane	HPA	Q6ZS82
TRIB2	cytosol	HPA	Q92519
SH3PXD2A	actinfilaments	GO	Q5TCZ1
DCTN5	centrosome	GO	Q9BTE1
CAPNS1	nucleoplasm	HPA	P04632
SNRPD3	nucleoplasm	HPA;GO	P62318
VSIG2	nucleoplasm	HPA	Q96IQ7
KRT7	intermediatefilaments	HPA	P08729
FBXO25	nucleoli	GO	Q8TCJ0
PRR32	centrosome	HPA	B1ATL7
RNF26	endoplasmicreticulum	GO	Q9BY78
SLC39A9	mitochondria	GO	Q9NUM3
CRAMP1	cytosol	HPA	Q96RY5
PRKACB	cytosol	HPA;GO	P22694
CHODL	cytosol	HPA	Q9H9P2
PKN1	nucleoplasm	GO	Q16512
LMBRD1	endoplasmicreticulum	GO	Q9NUN5
KLF11	actinfilaments	HPA	O14901
EPHX2	cytosol	HPA;GO	P34913
TAOK1	microtubules	GO	Q7L7X3
GLIS3	nucleoplasm	HPA	Q8NEA6
STRN3	nucleoplasm	GO	Q13033
CAVIN4	nucleoplasm	HPA	Q5BKX8
TM4SF4	plasmamembrane	HPA	P48230
MAP2K2	cytosol	HPA;GO	P36507
UEVLD	nucleoplasm	HPA	Q8IX04
PLRG1	nuclearmembrane	HPA	O43660
FEM1A	golgiapparatus	HPA	Q9BSK4
NGF	cytosol	GO	P01138
FBXO34	nucleoplasm	HPA	Q9NWN3
FGFR2	nucleoplasm	HPA	P21802
ADIPOR2	plasmamembrane	GO	Q86V24
ASCC1	cytosol	HPA	Q8N9N2
DBF4	nucleoplasm	HPA;GO	Q9UBU7
SLC9B2	mitochondria	GO	Q86UD5
SH3BP5	nucleoplasm	HPA	O60239
YPEL5	nucleoplasm	HPA	P62699
CTNNA1	actinfilaments	GO	P35221
NOP2	nucleoplasm	GO	P46087
SCAF4	nucleoplasm	HPA	O95104
FRMD7	cytosol	HPA	Q6ZUT3
SPIN1	nucleoli	GO	Q9H2V7
KDM5C	cytosol	HPA	P41229
PXK	centrosome	HPA	Q7Z7A4
ESCO1	nucleoplasm	GO	Q5FWF5
ALPK3	nucleoplasm	HPA	Q96L96
FGG	endoplasmicreticulum	HPA;GO	P02679
MTHFS	cytosol	HPA;GO	P49914
NPHP1	primarycilium	GO	O15259
COPS5	plasmamembrane	GO	Q92905
ATXN7	nucleoplasm	HPA;GO	O15265
CSNK1A1	centrosome	GO	P48729
ADAM23	plasmamembrane	GO	O75077
NEU2	cytosol	GO	Q9Y3R4
RRP12	plasmamembrane	HPA	Q5JTH9
CCN4	cytosol	HPA	O95388
FPR1	nucleoli	HPA	P21462
IMPA2	nucleoplasm	HPA	O14732
PIK3CD	microtubules	HPA	O00329
DUT	nucleoplasm	HPA;GO	P33316
S100B	microtubules	HPA	P04271
FBF1	plasmamembrane	GO	Q8TES7
DHPS	nucleoplasm	HPA	P49366
GDF9	cytosol	HPA	O60383
RTN1	golgiapparatus	GO	Q16799
CAMSAP3	centrosome	GO	Q9P1Y5
FCGBP	microtubules	HPA	Q9Y6R7
TMPPE	mitochondria	HPA	Q6ZT21
TRIM8	cytosol	HPA;GO	Q9BZR9
GALNT14	nucleoplasm	HPA	Q96FL9
IL32	cytosol	GO	P24001
HSPG2	actinfilaments	GO	P98160
TCF20	nucleoplasm	HPA	Q9UGU0
TMEM254	nucleoplasm	HPA	Q8TBM7
TREML4	plasmamembrane	HPA;GO	Q6UXN2
RBP2	golgiapparatus	HPA	O15034
ALPL	cytosol	HPA	P05186
NCOR1	cytosol	HPA	O75376
KANSL3	mitochondria	GO	Q9P2N6
RCAN1	cytosol	HPA	P53805
RPL38	cytosol	HPA;GO	P63173
PACRG	microtubules	GO	Q96M98
GSTM5	microtubules	HPA	P46439
CEMIP2	cytosol	HPA	Q9UHN6
OR56A4	plasmamembrane	GO	Q8NGH8
TSPY2	cytosol	HPA	A6NKD2
DOLPP1	endoplasmicreticulum	GO	Q86YN1
STAB1	plasmamembrane	HPA;GO	Q9NY15
CDA	cytosol	GO	P32320
DDX23	nucleoli	HPA	Q9BUQ8
CLIC1	cytosol	HPA	O00299
CDH3	plasmamembrane	HPA;GO	P22223
ELP3	cytosol	HPA	Q9H9T3
RNF34	plasmamembrane	GO	Q969K3
EMC3	endoplasmicreticulum	GO	Q9P0I2
HDAC4	nucleoplasm	HPA;GO	P56524
CHRNA5	plasmamembrane	HPA;GO	P30532
MR1	plasmamembrane	HPA;GO	Q8N490
MSTO1	cytosol	HPA	Q9BUK6
PDGFRB	golgiapparatus	HPA	P09619
ZBTB6	mitochondria	HPA	Q15916
IRS1	cytosol	HPA;GO	P35568
PHKB	golgiapparatus	HPA	Q93100
PPP2R1A	plasmamembrane	GO	P30153
TNFRSF4	plasmamembrane	GO	P43489
MCCC2	cytosol	GO	Q9HCC0
LRCH3	cytosol	HPA	Q96II8
RPL7	plasmamembrane	GO	P18124
FYB1	actinfilaments	GO	O15117
SLCO5A1	plasmamembrane	HPA;GO	Q9H2Y9
PSMD13	nucleoplasm	HPA;GO	Q9UNM6
TMEM53	golgiapparatus	HPA	Q6P2H8
AGR3	endoplasmicreticulum	HPA	Q8TD06
ZSCAN18	cytosol	HPA	Q8TBC5
YWHAH	cytosol	GO	Q04917
ATG13	nucleoplasm	HPA	O75143
CSNK1D	microtubules	GO	P48730
CARMIL2	plasmamembrane	GO	Q6F5E8
CDCA7	nucleoplasm	HPA	Q9BWT1
UBE3C	cytosol	HPA	Q15386
STK32B	cytosol	HPA	Q9NY57
YKT6	plasmamembrane	GO	O15498
DPCD	nucleoplasm	HPA	Q9BVM2
ATP2B4	plasmamembrane	HPA;GO	P23634
ERG	nucleoplasm	HPA	P11308
CAPN15	nucleoplasm	HPA	O75808
GOLPH3L	golgiapparatus	HPA;GO	Q9H4A5
INPP5K	plasmamembrane	GO	Q9BT40
SEL1L2	primarycilium	GO	Q5TEA6
NMNAT1	nucleoplasm	HPA;GO	Q9HAN9
NSD2	nucleoli	HPA	O96028
MTG1	mitochondria	HPA;GO	Q9BT17
CT45A3	nucleoplasm	HPA	Q8NHU0
NUDT3	cytosol	HPA;GO	O95989
UGT3A1	cytosol	HPA	Q6NUS8
CLEC12B	plasmamembrane	GO	Q2HXU8
SUFU	nucleoplasm	HPA	Q9UMX1
STK11	centrosome	HPA	Q15831
ZNF250	cytosol	HPA	P15622
DHDH	nucleoplasm	HPA	Q9UQ10
SLC26A8	primarycilium	GO	Q96RN1
HTR3A	plasmamembrane	GO	P46098
RFX2	nucleoplasm	HPA	P48378
NPTXR	nucleoplasm	HPA	O95502
PREX1	cytosol	HPA;GO	Q8TCU6
RNF146	nucleoplasm	HPA	Q9NTX7
CEP164	nucleoplasm	HPA	Q9UPV0
GPBAR1	plasmamembrane	GO	Q8TDU6
TNFAIP8	nucleoplasm	HPA	O95379
MARCHF6-DT	nucleoli	GO	P0DW81
TOMM34	cytosol	HPA	Q15785
ABCE1	mitochondria	GO	P61221
PLXNB2	plasmamembrane	GO	O15031
CRLF1	cytosol	GO	O75462
CLIP3	plasmamembrane	GO	Q96DZ5
THOC3	nucleoplasm	HPA;GO	Q96J01
F11R	microtubules	HPA	Q9Y624
RPP25L	nucleoplasm	HPA	Q8N5L8
PRICKLE1	cytosol	HPA;GO	Q96MT3
PVALB	nucleoli	HPA	P20472
ASH1L	nucleoplasm	HPA;GO	Q9NR48
DEF8	cytosol	HPA	Q6ZN54
CAPN2	actinfilaments	GO	P17655
RC3H1	plasmamembrane	HPA	Q5TC82
FAM135A	cytosol	HPA	Q9P2D6
SOX2	nucleoplasm	HPA;GO	P48431
PLP2	plasmamembrane	GO	Q04941
SV2B	plasmamembrane	GO	Q7L1I2
TMEM230	endoplasmicreticulum	HPA	Q96A57
LCP1	plasmamembrane	HPA;GO	P13796
DAPK3	nucleoplasm	HPA;GO	O43293
FBXO27	cytosol	GO	Q8NI29
LRRC7	cytosol	HPA;GO	Q96NW7
SULT1C3	cytosol	HPA	Q6IMI6
PARVA	plasmamembrane	GO	Q9NVD7
AP1B1	golgiapparatus	HPA;GO	Q10567
ENSG00000282278	nucleoplasm	HPA	
ARID4A	nucleoplasm	HPA;GO	P29374
OR3A1	plasmamembrane	GO	P47881
GORASP2	endoplasmicreticulum	GO	Q9H8Y8
PCDHGA3	plasmamembrane	HPA	Q9Y5H0
COPG2	cytosol	GO	Q9UBF2
SEC22B	endoplasmicreticulum	GO	O75396
TMEM187	cytosol	HPA	Q14656
ME3	mitochondria	GO	Q16798
TSGA13	plasmamembrane	HPA	Q96PP4
PCDHGA2	plasmamembrane	HPA	Q9Y5H1
TMEM151A	nucleoli	HPA	Q8N4L1
ARHGAP23	nucleoplasm	HPA	Q9P227
ARHGEF10L	golgiapparatus	HPA	Q9HCE6
CCAR2	nucleoplasm	HPA;GO	Q8N163
MSMP	cytosol	HPA	Q1L6U9
NAA30	cytosol	HPA	Q147X3
SEPTIN9	primarycilium	HPA;GO	Q9UHD8
DDX21	nucleoli	HPA;GO	Q9NR30
ARHGEF15	plasmamembrane	HPA	O94989
SRSF4	nucleoplasm	HPA;GO	Q08170
NUMA1	cytosol	HPA;GO	Q14980
DCUN1D1	nucleoplasm	HPA	Q96GG9
SLC35G1	endoplasmicreticulum	GO	Q2M3R5
GNAI2	microtubules	GO	P04899
FOXN4	nucleoplasm	HPA	Q96NZ1
DARS1	cytosol	HPA;GO	P14868
FBXO11	cytosol	GO	Q86XK2
ME2	mitochondria	HPA;GO	P23368
FKBP6	nucleoli	HPA	O75344
PSMB3	cytosol	GO	P49720
OR10G3	plasmamembrane	GO	Q8NGC4
TSPAN4	plasmamembrane	GO	O14817
RAP1A	plasmamembrane	GO	P62834
RBL2	nucleoli	HPA	Q08999
SEPTIN4	cytosol	GO	O43236
SC5D	cytosol	HPA	O75845
JPH3	nucleoplasm	HPA	Q8WXH2
MKI67	nucleoplasm	HPA;GO	P46013
PSAT1	cytosol	HPA;GO	Q9Y617
NRP2	plasmamembrane	HPA;GO	O60462
TSEN2	centrosome	HPA	Q8NCE0
GOLGA1	cytosol	GO	Q92805
C9orf153	nucleoplasm	HPA	Q5TBE3
TSSK3	nucleoplasm	HPA	Q96PN8
ZHX1	nucleoplasm	HPA	Q9UKY1
USP30	mitochondria	GO	Q70CQ3
TXNDC5	endoplasmicreticulum	HPA;GO	Q8NBS9
INKA1	nucleoplasm	HPA	Q96EL1
KRBA1	nucleoplasm	HPA	A5PL33
KCNE2	plasmamembrane	GO	Q9Y6J6
CATSPERG	plasmamembrane	GO	Q6ZRH7
CILK1	golgiapparatus	HPA	Q9UPZ9
TSR2	cytosol	HPA	Q969E8
LHB	golgiapparatus	GO	P01229
NCSTN	golgiapparatus	GO	Q92542
ESYT2	plasmamembrane	HPA;GO	A0FGR8
ECI1	mitochondria	HPA;GO	P42126
PRC1	microtubules	HPA;GO	O43663
RGS12	plasmamembrane	GO	O14924
SCUBE1	plasmamembrane	GO	Q8IWY4
PRRT3	nucleoplasm	HPA	Q5FWE3
PIK3C2B	plasmamembrane	GO	O00750
CELF3	nucleoplasm	HPA	Q5SZQ8
TIFA	nucleoplasm	HPA	Q96CG3
ERC1	primarycilium	GO	Q8IUD2
USP36	nucleoplasm	HPA	Q9P275
ABHD4	nucleoplasm	HPA	Q8TB40
CWC15	nucleoplasm	HPA;GO	Q9P013
RPUSD1	cytosol	HPA	Q9UJJ7
MMD	golgiapparatus	GO	Q15546
THAP4	cytosol	HPA	Q8WY91
EGFR	golgiapparatus	HPA	P00533
NDUFC2-KCTD14	mitochondria	HPA	E9PQ53
EFHC1	primarycilium	GO	Q5JVL4
KLHDC7A	nucleoplasm	HPA	Q5VTJ3
BCAS4	cytosol	HPA	Q8TDM0
STAT1	cytosol	HPA;GO	P42224
TEKT3	primarycilium	GO	Q9BXF9
SOGA1	nucleoli	HPA	O94964
ITGAV	plasmamembrane	GO	P06756
RTKN	nucleoplasm	HPA	Q9BST9
METTL16	cytosol	HPA	Q86W50
HPN	plasmamembrane	GO	P05981
HMGA1	nucleoplasm	HPA;GO	P17096
MAPT	plasmamembrane	HPA;GO	P10636
CDK10	primarycilium	GO	Q15131
MKS1	primarycilium	HPA;GO	Q9NXB0
ZBTB20	nucleoplasm	HPA	Q9HC78
APBB3	nucleoplasm	HPA	O95704
NOXO1	plasmamembrane	GO	Q8NFA2
SDE2	plasmamembrane	HPA	Q6IQ49
FER1L6	cytosol	HPA	Q2WGJ9
PEX7	nucleoplasm	HPA	O00628
C12orf60	plasmamembrane	HPA	Q5U649
SLIRP	mitochondria	HPA;GO	Q9GZT3
HABP4	cytosol	HPA;GO	Q5JVS0
ARHGEF28	cytosol	HPA;GO	Q8N1W1
HECW2	microtubules	GO	Q9P2P5
GOLGA8B	cytosol	HPA	A8MQT2
IGFBP4	endoplasmicreticulum	GO	P22692
MROH8	cytosol	HPA	Q9H579
KIF5A	nucleoplasm	HPA	Q12840
KAT8	mitochondria	GO	Q9H7Z6
ITSN2	cytosol	GO	Q9NZM3
OSBPL10	cytosol	GO	Q9BXB5
SHTN1	nucleoplasm	HPA	A0MZ66
HP1BP3	nucleoplasm	HPA;GO	Q5SSJ5
RBM47	cytosol	HPA	A0AV96
SEC24C	cytosol	GO	P53992
TSPAN33	plasmamembrane	GO	Q86UF1
KLKB1	plasmamembrane	GO	P03952
PSMB10	cytosol	HPA;GO	P40306
CUEDC1	plasmamembrane	HPA	Q9NWM3
PIDD1	golgiapparatus	HPA	C0HMD6
MT-RNR1	mitochondria	GO	A0A0C5B5G6
COPB2	cytosol	GO	P35606
AREG	mitochondria	HPA	P15514
MEP1B	plasmamembrane	GO	Q16820
TFF3	nucleoli	HPA	Q07654
DCDC2C	primarycilium	GO	A8MYV0
SLC8B1	mitochondria	GO	Q6J4K2
COIL	nucleoli	HPA;GO	P38432
HSD3B1	endoplasmicreticulum	HPA;GO	P14060
LYST	centrosome	HPA	Q99698
ZNF438	nucleoplasm	HPA	Q7Z4V0
ERLIN2	plasmamembrane	GO	O94905
NUDT18	cytosol	GO	Q6ZVK8
CA9	plasmamembrane	HPA;GO	Q16790
DPPA4	nucleoli	HPA	Q7L190
NUP85	actinfilaments	HPA	Q9BW27
OTOP2	plasmamembrane	HPA	Q7RTS6
NPIPB7	nucleoplasm	HPA	O75200
TSNARE1	cytosol	HPA	Q96NA8
CA7	cytosol	HPA;GO	P43166
CLIC4	mitochondria	GO	Q9Y696
NFE2L2	centrosome	HPA	Q16236
PPP1R14A	cytosol	GO	Q96A00
JUP	plasmamembrane	HPA;GO	P14923
SSR1	endoplasmicreticulum	HPA;GO	P43307
CYB5B	mitochondria	GO	O43169
KIFAP3	microtubules	HPA;GO	Q92845
AP2B1	plasmamembrane	GO	P63010
B3GNT5	golgiapparatus	GO	Q9BYG0
TCL1B	cytosol	HPA	O95988
UBE3B	nucleoplasm	HPA	Q7Z3V4
FBXO16	cytosol	HPA	Q8IX29
UMPS	cytosol	HPA;GO	P11172
CHRDL1	endoplasmicreticulum	GO	Q9BU40
NPY1R	plasmamembrane	GO	P25929
RPS27L	nucleoli	HPA	Q71UM5
ALPK1	cytosol	GO	Q96QP1
FAM199X	golgiapparatus	HPA	Q6PEV8
SSX4B	nucleoli	HPA	O60224
HSPA4L	cytosol	HPA;GO	O95757
SERPINB13	nucleoli	GO	Q9UIV8
IK	nucleoplasm	HPA;GO	Q13123
INHA	golgiapparatus	HPA	P05111
WDFY1	golgiapparatus	HPA	Q8IWB7
FAM136A	mitochondria	HPA	Q96C01
TBPL1	nucleoplasm	HPA	P62380
SEC11A	nuclearmembrane	HPA	P67812
TGM2	actinfilaments	GO	P21980
HCLS1	plasmamembrane	HPA	P14317
MBOAT2	endoplasmicreticulum	GO	Q6ZWT7
DIAPH1	microtubules	GO	O60610
WDR11	primarycilium	HPA;GO	Q8WWQ0
ACER3	golgiapparatus	GO	Q9NUN7
RPL26L1	endoplasmicreticulum	HPA	Q9UNX3
TBRG4	mitochondria	HPA;GO	Q969Z0
POFUT2	endoplasmicreticulum	GO	Q9Y2G5
JAGN1	endoplasmicreticulum	GO	Q8N5M9
AAMDC	nucleoplasm	HPA	Q9H7C9
MPI	plasmamembrane	HPA	P34949
BRCA2	nucleoplasm	HPA;GO	P51587
OLFML2A	nucleoplasm	HPA	Q68BL7
PSTPIP1	plasmamembrane	HPA	O43586
DVL3	cytosol	GO	Q92997
EPHA3	nuclearmembrane	HPA	P29320
KIF26B	primarycilium	HPA	Q2KJY2
RPS18	plasmamembrane	GO	P62269
SULT1A1	cytosol	GO	P50225
CENPU	cytosol	GO	Q71F23
DLST	nucleoplasm	HPA	P36957
SDC2	plasmamembrane	HPA;GO	P34741
CRTC1	plasmamembrane	HPA	Q6UUV9
QRICH2	primarycilium	GO	Q9H0J4
GSTA1	cytosol	HPA;GO	P08263
STK38	cytosol	HPA	Q15208
ZFYVE9	cytosol	HPA	O95405
KRT73	cytosol	GO	Q86Y46
CABYR	nucleoplasm	HPA	O75952
RUNX2	cytosol	GO	Q13950
VCL	cytosol	GO	P18206
PHOX2B	nucleoplasm	HPA;GO	Q99453
ADAM17	golgiapparatus	GO	P78536
GNG12	mitochondria	HPA	Q9UBI6
THAP8	nucleoplasm	HPA	Q8NA92
PDLIM1	actinfilaments	HPA;GO	O00151
SH3RF1	cytosol	GO	Q7Z6J0
OSER1	nucleoli	HPA	Q9NX31
ZNF655	nucleoli	GO	Q8N720
SELENOS	microtubules	GO	Q9BQE4
KCNK6	cytosol	HPA	Q9Y257
RAB11FIP3	plasmamembrane	GO	O75154
KCTD9	intermediatefilaments	HPA	Q7L273
ARHGAP21	cytosol	GO	Q5T5U3
POLR2M	nucleoplasm	HPA	P0CAP2
CLIC5	plasmamembrane	HPA	Q9NZA1
PAF1	nucleoli	HPA	P28328
ASCC2	actinfilaments	HPA	Q9H1I8
PCLAF	nucleoplasm	GO	Q15004
SELENOH	nucleoplasm	HPA	Q8IZQ5
CDK2AP2	nucleoplasm	HPA;GO	O75956
CTU1	cytosol	HPA;GO	Q7Z7A3
CDADC1	nucleoplasm	HPA	Q9BWV3
CDK14	nucleoplasm	HPA	O94921
AFDN	plasmamembrane	HPA;GO	P55196
NLRP10	cytosol	HPA	Q86W26
RRM2	nucleoplasm	HPA	P31350
GINS4	centrosome	HPA	Q9BRT9
SLC25A10	mitochondria	HPA;GO	Q9UBX3
CST3	plasmamembrane	GO	P01034
FEZF2	centrosome	HPA	Q8TBJ5
GUCY1A1	nucleoplasm	HPA	Q02108
SYTL2	plasmamembrane	HPA;GO	Q9HCH5
REV3L	nucleoplasm	HPA;GO	O60673
NAB1	plasmamembrane	HPA	Q13506
CMTM7	plasmamembrane	HPA	Q96FZ5
PCSK7	golgiapparatus	GO	Q16549
PPP1R13L	cytosol	HPA	Q8WUF5
ZCCHC24	nucleoplasm	HPA	Q8N2G6
TNIP3	plasmamembrane	HPA	Q96KP6
IL12RB2	plasmamembrane	HPA;GO	Q99665
MYLK4	nucleoli	HPA	Q86YV6
TBC1D10C	nucleoplasm	HPA	Q8IV04
ZNF773	nucleoplasm	HPA	Q6PK81
ALMS1	cytosol	HPA;GO	Q8TCU4
PRKRA	nucleoplasm	HPA	O75569
CNN3	plasmamembrane	GO	Q15417
OR2J3	plasmamembrane	GO	O76001
PSME4	nucleoplasm	HPA	Q14997
RIMKLB	centrosome	HPA	Q9ULI2
MRPL15	mitochondria	HPA;GO	P49406
PPM1D	nucleoplasm	HPA;GO	O15297
MAP3K14	cytosol	HPA;GO	Q99558
TTK	nucleoli	HPA	P33981
ZNF580	nucleoplasm	HPA	Q9UK33
CRCP	cytosol	GO	O75575
NMUR1	plasmamembrane	GO	Q9HB89
DDB1	nucleoplasm	HPA;GO	Q16531
NQO1	cytosol	HPA;GO	P15559
SLC25A51	mitochondria	HPA;GO	Q9H1U9
THTPA	cytosol	GO	Q9BU02
OR14J1	plasmamembrane	GO	Q9UGF5
NOS2	nucleoplasm	GO	P35228
ACKR2	nucleoplasm	HPA	O00590
ATP13A3	cytosol	HPA	Q9H7F0
SLA2	nucleoplasm	HPA	Q9H6Q3
ATP7A	endoplasmicreticulum	GO	Q04656
KRTAP6-1	cytosol	GO	Q3LI64
AMBRA1	cytosol	GO	Q9C0C7
FCGR3A	plasmamembrane	GO	P08637
ENSG00000285188	primarycilium	HPA	
RAB37	plasmamembrane	GO	Q96AX2
KRTAP25-1	cytosol	HPA;GO	Q3LHN0
RPL10	endoplasmicreticulum	HPA	P27635
MSRB1	nucleoplasm	HPA	Q9NZV6
AFF1	nucleoplasm	HPA;GO	P51825
NRSN2	cytosol	HPA	Q9GZP1
WEE2	nucleoplasm	HPA	P0C1S8
KPTN	actinfilaments	GO	Q9Y664
RNF8	cytosol	HPA	O76064
ETNPPL	nucleoplasm	HPA	Q8TBG4
PLD1	plasmamembrane	HPA;GO	Q13393
OGG1	nucleoplasm	HPA;GO	O15527
P2RX5	plasmamembrane	HPA;GO	Q93086
MRM1	mitochondria	HPA;GO	Q6IN84
RRAGA	golgiapparatus	HPA	Q7L523
CYP3A5	cytosol	HPA	P20815
CYP4Z1	endoplasmicreticulum	GO	Q86W10
DAB2IP	plasmamembrane	GO	Q5VWQ8
PLIN2	plasmamembrane	GO	Q99541
MTCH2	mitochondria	HPA;GO	Q9Y6C9
ALDH18A1	mitochondria	HPA;GO	P54886
SPTLC2	endoplasmicreticulum	GO	O15270
ZNF322	centrosome	HPA	Q6U7Q0
CCDC117	cytosol	HPA	Q8IWD4
PRKCA	cytosol	HPA;GO	P17252
GNA13	actinfilaments	GO	Q14344
BTBD9	nucleoplasm	HPA	Q96Q07
EEF1B2	endoplasmicreticulum	GO	P24534
NLRP2	cytosol	HPA	Q9NX02
RNF111	cytosol	HPA	Q6ZNA4
TIMP3	golgiapparatus	HPA	P35625
ARL1	golgiapparatus	HPA;GO	P40616
TFEC	nucleoplasm	HPA	O14948
CDHR2	plasmamembrane	GO	Q9BYE9
RPS6KA1	cytosol	HPA;GO	Q15418
PIK3CB	nucleoli	HPA	P42338
ENSG00000286112	cytosol	HPA	
TGIF1	nucleoplasm	HPA;GO	Q15583
KCNAB2	plasmamembrane	GO	Q13303
RBM17	nucleoplasm	HPA;GO	Q96I25
MAPKAPK3	cytosol	GO	Q16644
PUM3	nucleoli	HPA;GO	Q15397
FKBP5	nucleoplasm	HPA	Q13451
RAB6B	golgiapparatus	HPA;GO	Q9NRW1
MACF1	plasmamembrane	HPA;GO	O94854
RHOV	plasmamembrane	GO	Q96L33
PLA2R1	plasmamembrane	GO	Q13018
POLE4	cytosol	HPA	Q9NR33
KNTC1	nucleoplasm	GO	P50748
TMC8	golgiapparatus	GO	Q8IU68
GSTA5	cytosol	HPA	Q7RTV2
H1-4	nucleoplasm	HPA;GO	P10412
POU3F4	nucleoplasm	HPA	P49335
SFMBT1	nucleoplasm	HPA	Q9UHJ3
GSR	mitochondria	GO	P00390
CAND1	cytosol	HPA;GO	Q86VP6
GRM3	plasmamembrane	GO	Q14832
SENP5	nucleoplasm	GO	Q96HI0
NUFIP1	nucleoli	HPA;GO	Q9UHK0
LRIG1	plasmamembrane	GO	Q96JA1
VAV3	plasmamembrane	GO	Q9UKW4
NEK2	cytosol	GO	P51955
VPS37A	nucleoplasm	HPA	Q8NEZ2
MAFB	nucleoli	HPA	Q9Y5Q3
NUMB	plasmamembrane	HPA;GO	P49757
CAMK4	nucleoli	HPA	Q16566
RFXANK	nucleoplasm	HPA	O14593
ZC3H3	nucleoplasm	HPA	Q8IXZ2
CRHBP	golgiapparatus	GO	P24387
SYNJ1	cytosol	HPA;GO	O43426
NOTCH3	endoplasmicreticulum	GO	Q9UM47
RPS11	nucleoli	HPA;GO	P62280
TXNRD3	nucleoplasm	HPA	Q86VQ6
CMTM4	golgiapparatus	HPA	Q8IZR5
FBXL12	mitochondria	HPA	Q9NXK8
PPIL4	nucleoplasm	HPA;GO	Q8WUA2
TFAP2B	nucleoplasm	HPA;GO	Q92481
BBS7	primarycilium	GO	Q8IWZ6
RPL29	cytosol	HPA;GO	P47914
S100A9	intermediatefilaments	HPA	P06702
SPAG11A	golgiapparatus	HPA	Q6PDA7
LRRC63	golgiapparatus	HPA	Q05C16
WDR90	primarycilium	HPA	Q96KV7
GYPA	plasmamembrane	HPA;GO	P02724
SLC4A3	nucleoplasm	HPA	P48751
BAIAP2L1	plasmamembrane	HPA;GO	Q9UHR4
IL4I1	plasmamembrane	GO	Q96RQ9
ARL4C	plasmamembrane	HPA;GO	P56559
ATP6V1A	nucleoplasm	HPA	P38606
MTSS2	actinfilaments	HPA	Q765P7
NAA20	cytosol	HPA	P61599
BMP4	endoplasmicreticulum	GO	P12644
KCTD5	cytosol	GO	Q9NXV2
BLTP3A	nucleoplasm	HPA	Q6BDS2
RBBP5	nucleoli	HPA	Q15291
MT-CO3	mitochondria	GO	P00414
SNTG2	plasmamembrane	HPA	Q9NY99
PLEKHA3	golgiapparatus	HPA;GO	Q9HB20
SEC11C	nuclearmembrane	HPA	Q9BY50
ENSG00000268643	nucleoplasm	HPA	
QRSL1	mitochondria	GO	Q9H0R6
CFAP298	centrosome	HPA	P57076
ESF1	nucleoplasm	HPA	Q9H501
KRBOX5	cytosol	HPA	Q7Z2F6
IFRD2	nucleoplasm	HPA	Q12894
TNK2	plasmamembrane	HPA;GO	Q07912
CYLD	primarycilium	HPA	Q9NQC7
GABRR2	plasmamembrane	GO	P28476
RPS12	golgiapparatus	HPA	P25398
PDCD6IP	actinfilaments	GO	Q8WUM4
UNC93B1	golgiapparatus	GO	Q9H1C4
ZNF496	cytosol	HPA	Q96IT1
CRMP1	microtubules	GO	Q14194
HMMR	cytosol	HPA;GO	O75330
PIN1	cytosol	HPA;GO	Q13526
PDE8B	cytosol	HPA;GO	O95263
KCNS3	golgiapparatus	HPA	Q9BQ31
CCDC65	primarycilium	HPA;GO	Q8IXS2
S100A4	nucleoplasm	HPA	P26447
CD55	golgiapparatus	GO	P08174
THBD	plasmamembrane	GO	P07204
CCN6	mitochondria	HPA;GO	O95389
OGFRL1	golgiapparatus	HPA	Q5TC84
RPL10A	nucleoli	HPA	P62906
WIPI1	cytosol	HPA;GO	Q5MNZ9
CD40	plasmamembrane	HPA;GO	P25942
PDCD4	nucleoplasm	HPA	Q53EL6
RHOC	actinfilaments	GO	P08134
WWOX	cytosol	HPA;GO	Q9NZC7
PARP10	cytosol	HPA;GO	Q53GL7
NUDT2	mitochondria	GO	P50583
CPNE2	mitochondria	HPA	Q96FN4
NEK1	nucleoplasm	HPA	Q96PY6
TSPAN9	actinfilaments	GO	O75954
RORA	nucleoplasm	GO	P35398
RIOK1	nucleoplasm	GO	Q9BRS2
CDK5RAP3	centrosome	GO	Q96JB5
CLCC1	endoplasmicreticulum	HPA;GO	Q96S66
ALOX15B	plasmamembrane	HPA;GO	O15296
UBD	nucleoli	HPA	O15205
P2RY4	plasmamembrane	GO	P51582
CNGB1	primarycilium	GO	Q14028
RCSD1	actinfilaments	GO	Q6JBY9
GRB2	cytosol	HPA;GO	P62993
OPTN	cytosol	HPA;GO	Q96CV9
MARK2	plasmamembrane	HPA;GO	Q7KZI7
FPGT	cytosol	GO	O14772
ASB12	cytosol	GO	Q8WXK4
WDR36	nucleoli	HPA	Q8NI36
FAM162A	mitochondria	HPA	Q96A26
POLR1G	mitochondria	HPA	O15446
CENPJ	cytosol	GO	Q9HC77
C3orf62	nucleoplasm	HPA	Q6ZUJ4
CTCFL	nucleoplasm	HPA	Q8NI51
MFAP3L	plasmamembrane	HPA;GO	O75121
RAMP1	nuclearmembrane	HPA	O60894
ABCF1	cytosol	HPA;GO	Q8NE71
GPX4	nucleoplasm	HPA	P36969
PSMA3	cytosol	GO	P25788
RASA1	cytosol	HPA;GO	P20936
OTUD6B	nucleoplasm	HPA	Q8N6M0
ATP5MJ	mitochondria	HPA;GO	P56378
MCAM	plasmamembrane	HPA;GO	P43121
ZNF274	centrosome	HPA	Q96GC6
SOX8	nucleoplasm	HPA	P57073
ACTR3	actinfilaments	GO	P61158
EXOC1	plasmamembrane	GO	Q9NV70
GUCY2D	endoplasmicreticulum	GO	Q02846
MAK16	nucleoli	HPA	Q9BXY0
FRMD1	actinfilaments	HPA	Q8N878
FAM163B	plasmamembrane	HPA	P0C2L3
NBPF4	nucleoplasm	HPA	Q96M43
SYT11	plasmamembrane	GO	Q9BT88
CLEC16A	golgiapparatus	GO	Q2KHT3
RAB44	plasmamembrane	GO	Q7Z6P3
MMD2	golgiapparatus	GO	Q8IY49
GFOD1	plasmamembrane	HPA	Q9NXC2
ACTC1	cytosol	GO	P68032
DICER1	cytosol	HPA;GO	Q9UPY3
DMTF1	nucleoplasm	HPA	Q9Y222
NME3	cytosol	GO	Q13232
CPLANE2	primarycilium	GO	Q9BU20
PQBP1	cytosol	HPA	O60828
RPL23	plasmamembrane	GO	P62829
MAML3	nucleoplasm	HPA;GO	Q96JK9
B3GALNT2	endoplasmicreticulum	GO	Q8NCR0
ANKRD26	golgiapparatus	HPA	Q9UPS8
BCL3	nucleoplasm	HPA	P20749
CCPG1	endoplasmicreticulum	HPA	Q9ULG6
PRKACB	centrosome	GO	P22694
CBX5	nucleoli	GO	P45973
SP140	mitochondria	HPA	Q13342
CHFR	nucleoplasm	GO	Q96EP1
ATM	nucleoplasm	HPA;GO	Q13315
NDUFA12	cytosol	HPA	Q9UI09
SLC43A1	golgiapparatus	HPA	O75387
IFT57	cytosol	HPA	Q9NWB7
IL23A	cytosol	HPA	Q9NPF7
RGPD4	nuclearmembrane	HPA	Q7Z3J3
SMIM20	nucleoli	HPA	Q8N5G0
ADAT2	golgiapparatus	HPA	Q7Z6V5
KIF1C	nucleoplasm	HPA	O43896
SPAG5	centrosome	GO	Q96R06
KRTAP19-5	cytosol	GO	Q3LI72
LSR	plasmamembrane	HPA;GO	Q86X29
GPAT4	endoplasmicreticulum	GO	Q86UL3
CEP152	cytosol	GO	O94986
AKT1	microtubules	HPA	P31749
DEGS2	nucleoli	HPA	Q6QHC5
RUSC1	cytosol	HPA	Q9BVN2
INPPL1	golgiapparatus	HPA	O15357
RPL4	endoplasmicreticulum	HPA;GO	P36578
ZNF561	nucleoplasm	HPA	Q8N587
CASP12	endoplasmicreticulum	GO	Q6UXS9
SRP14	cytosol	GO	P37108
GOPC	golgiapparatus	HPA;GO	Q9HD26
BPGM	nucleoplasm	HPA	P07738
GIPC2	cytosol	HPA	Q8TF65
ZMYM1	centrosome	HPA	Q5SVZ6
TAF4	nucleoplasm	HPA;GO	O00268
CLPP	mitochondria	HPA;GO	Q16740
PRKAG2	cytosol	GO	Q9UGJ0
PSMD7	cytosol	GO	P51665
CNOT7	cytosol	GO	Q9UIV1
PPM1H	nucleoplasm	HPA	Q9ULR3
GDF11	golgiapparatus	HPA	O95390
PACSIN3	cytosol	HPA	Q9UKS6
DCTD	cytosol	HPA;GO	P32321
RAB15	centrosome	HPA	P59190
PCOLCE	golgiapparatus	HPA	Q15113
ILDR1	plasmamembrane	GO	Q86SU0
LRRIQ4	mitochondria	HPA	A6NIV6
YWHAZ	cytosol	GO	P63104
KLHDC3	nucleoplasm	HPA;GO	Q9BQ90
PRKD2	cytosol	HPA;GO	Q9BZL6
NHSL1	nuclearmembrane	HPA	Q5SYE7
PIGM	endoplasmicreticulum	GO	Q9H3S5
AKAP3	cytosol	HPA	O75969
SIPA1L2	golgiapparatus	HPA	Q9P2F8
ATP5F1B	mitochondria	HPA;GO	P06576
PURG	plasmamembrane	HPA	Q9UJV8
ALKBH2	nucleoplasm	HPA;GO	Q6NS38
RRS1	nucleoplasm	GO	Q15050
ESRRB	nucleoplasm	HPA;GO	O95718
FLVCR2	mitochondria	GO	Q9UPI3
CHDH	nucleoli	HPA	Q8NE62
CNOT2	nucleoplasm	HPA	Q9NZN8
CYP2C18	endoplasmicreticulum	GO	P33260
PSCA	plasmamembrane	HPA;GO	O43653
MAML1	nucleoplasm	HPA;GO	Q92585
NTAQ1	nucleoplasm	HPA	Q96HA8
ATP5F1C	mitochondria	GO	P36542
FAM221A	cytosol	HPA	A4D161
RPS17	nucleoli	HPA	P08708
TMX2	cytosol	HPA	Q9Y320
PDE12	cytosol	GO	Q6L8Q7
TP53BP2	cytosol	HPA	Q13625
UMOD	golgiapparatus	GO	P07911
LMAN1	endoplasmicreticulum	HPA;GO	P49257
PCDHA5	nucleoplasm	HPA	Q9Y5H7
SPTB	cytosol	HPA;GO	P11277
RHBDF2	endoplasmicreticulum	GO	Q6PJF5
TRRAP	nucleoplasm	HPA;GO	Q9Y4A5
SFPQ	nucleoplasm	HPA;GO	P23246
NAXE	mitochondria	GO	Q8NCW5
TMEM178A	nucleoplasm	HPA	Q8NBL3
SLC6A8	plasmamembrane	GO	P48029
ERBB2	plasmamembrane	HPA;GO	P04626
ZBTB2	cytosol	HPA	Q8N680
CDK5RAP3	nucleoli	HPA;GO	Q96JB5
DHRS4	cytosol	GO	Q9BTZ2
TMEM67	endoplasmicreticulum	GO	Q5HYA8
ARID1B	nucleoplasm	HPA;GO	Q8NFD5
FAM72A	plasmamembrane	HPA	Q5TYM5
KRI1	nucleoli	HPA	Q8N9T8
IL17RA	plasmamembrane	GO	Q96F46
NRIP1	nucleoli	HPA	P48552
SNRNP40	nucleoplasm	HPA;GO	Q96DI7
COG3	nucleoplasm	HPA	Q96JB2
EFNA1	plasmamembrane	GO	P20827
ZNF747	cytosol	HPA	Q9BV97
NRAS	plasmamembrane	HPA;GO	P01111
ERAP2	golgiapparatus	HPA	Q6P179
TRAF2	cytosol	HPA;GO	Q12933
LRAT	plasmamembrane	HPA	O95237
EBLN2	nucleoplasm	HPA	Q6P2I7
ESS2	nucleoplasm	HPA	Q96DF8
KRT86	cytosol	HPA;GO	O43790
MCCC1	mitochondria	HPA;GO	Q96RQ3
ARMCX5	cytosol	HPA	Q6P1M9
RGS2	cytosol	HPA	P41220
PALLD	actinfilaments	HPA;GO	Q8WX93
ALDH7A1	cytosol	HPA;GO	P49419
USP48	cytosol	HPA	Q86UV5
VMP1	endoplasmicreticulum	HPA;GO	Q96GC9
EFCAB11	plasmamembrane	HPA	Q9BUY7
CCT8	microtubules	GO	P50990
RPL37A	plasmamembrane	GO	P61513
DCP2	cytosol	HPA;GO	Q8IU60
TM2D2	plasmamembrane	HPA	Q9BX73
ACOT8	mitochondria	HPA	O14734
POLR3F	cytosol	GO	Q9H1D9
SPHK2	cytosol	GO	Q9NRA0
METTL4	cytosol	GO	Q8N3J2
NECAP2	endoplasmicreticulum	HPA	Q9NVZ3
ZNF266	nucleoplasm	HPA	Q14584
AIP	cytosol	HPA;GO	O00170
ELF4	nucleoplasm	HPA;GO	Q99607
PEMT	mitochondria	HPA	Q9UBM1
SOCS2	cytosol	GO	O14508
CDC45	cytosol	HPA	O75419
RRP8	nucleoli	HPA;GO	O43159
UBXN11	plasmamembrane	HPA	Q5T124
ADAR	cytosol	GO	P55265
DAB2	nucleoli	HPA	P98082
HMGN1	nucleoplasm	HPA	P05114
GOLM2	golgiapparatus	HPA	Q6P4E1
TAF1	nucleoli	GO	P21675
CEP295	centrosome	GO	Q9C0D2
MS4A4A	plasmamembrane	GO	Q96JQ5
ENSG00000285526	nucleoplasm	HPA	
EFNB2	plasmamembrane	GO	P52799
CCDC24	plasmamembrane	HPA	Q8N4L8
TOR3A	endoplasmicreticulum	GO	Q9H497
ATP2A2	endoplasmicreticulum	GO	P16615
TSPAN16	plasmamembrane	HPA	Q9UKR8
SULT1C4	cytosol	HPA;GO	O75897
BLTP2	nucleoplasm	HPA	Q14667
EPGN	nucleoplasm	HPA	Q6UW88
SYNE2	intermediatefilaments	HPA	Q8WXH0
NRDE2	mitochondria	HPA	Q9H7Z3
CRAMP1	nucleoli	HPA	Q96RY5
USP19	endoplasmicreticulum	GO	O94966
PAX2	microtubules	GO	Q02962
LEMD2	nuclearmembrane	HPA;GO	Q8NC56
TTC17	plasmamembrane	HPA;GO	Q96AE7
RPL10L	endoplasmicreticulum	HPA	Q96L21
KRT85	cytosol	GO	P78386
PAICS	cytosol	HPA;GO	P22234
PPP2R1B	cytosol	HPA	P30154
LETMD1	mitochondria	HPA	Q6P1Q0
EEF1D	nucleoplasm	HPA	P29692
PTEN	nucleoplasm	HPA;GO	P60484
ATG5	primarycilium	HPA	Q9H1Y0
TSHZ2	nucleoplasm	HPA	Q9NRE2
UGCG	golgiapparatus	GO	Q16739
ENSG00000288684	cytosol	HPA	
SMN1	cytosol	HPA;GO	Q16637
NRG2	nucleoli	HPA	O14511
IRAG2	endoplasmicreticulum	HPA	Q12912
RAB3GAP2	cytosol	HPA;GO	Q9H2M9
IDO1	microtubules	HPA	P14902
SIKE1	actinfilaments	HPA	Q9BRV8
RPL36AL	endoplasmicreticulum	HPA	Q969Q0
SLC22A13	plasmamembrane	GO	Q9Y226
TVP23B	golgiapparatus	HPA	Q9NYZ1
POP5	nucleoplasm	HPA;GO	Q969H6
MAP3K9	nucleoplasm	HPA	P80192
CUL1	cytosol	HPA;GO	Q13616
WDR48	nucleoplasm	GO	Q8TAF3
NHLRC1	cytosol	GO	Q6VVB1
MAPKAP1	plasmamembrane	GO	Q9BPZ7
ALKBH3	mitochondria	HPA	Q96Q83
EML3	microtubules	GO	Q32P44
MAP2K1	primarycilium	HPA	Q02750
EFNA2	cytosol	HPA	O43921
RFX8	nucleoplasm	HPA	Q6ZV50
PLOD3	endoplasmicreticulum	GO	O60568
IPO5	golgiapparatus	HPA	O00410
NOTCH4	nucleoplasm	GO	Q99466
DHX35	nucleoplasm	HPA;GO	Q9H5Z1
PDXK	nucleoplasm	HPA	O00764
ESYT3	endoplasmicreticulum	GO	A0FGR9
PMF1	nucleoplasm	HPA;GO	Q6P1K2
UBE2B	plasmamembrane	HPA	P63146
PIGG	endoplasmicreticulum	GO	Q5H8A4
GTDC1	cytosol	HPA	Q4AE62
GNB1L	cytosol	HPA	Q9BYB4
POM121	nuclearmembrane	HPA	Q96HA1
NQO2	cytosol	HPA;GO	P16083
RDH8	microtubules	HPA	Q9NYR8
CLUAP1	nucleoplasm	HPA	Q96AJ1
TSPAN1	nucleoplasm	HPA	O60635
WDR13	centrosome	HPA	Q9H1Z4
CLMP	microtubules	GO	Q9H6B4
AGPS	mitochondria	GO	O00116
DYRK3	cytosol	GO	O43781
PDCD2	nucleoplasm	HPA	Q16342
TRAPPC5	cytosol	GO	Q8IUR0
DBX2	nuclearmembrane	HPA	Q6ZNG2
SPECC1	nucleoplasm	HPA	Q5M775
ANXA1	actinfilaments	GO	P04083
C20orf27	cytosol	HPA	Q9GZN8
MTHFR	primarycilium	HPA	P42898
UBN2	nucleoplasm	HPA	Q6ZU65
KAT7	nucleoplasm	HPA;GO	O95251
ZDHHC19	golgiapparatus	GO	Q8WVZ1
ENKD1	microtubules	GO	Q9H0I2
PLN	mitochondria	GO	P26678
QDPR	mitochondria	HPA	P09417
CCDC18	cytosol	HPA	Q5T9S5
SLC30A2	plasmamembrane	GO	Q9BRI3
MAPDA	cytosol	GO	Q6DHV7
PRKN	cytosol	HPA;GO	O60260
USP45	nucleoplasm	HPA;GO	Q70EL2
FADS1	endoplasmicreticulum	GO	O60427
ABCC8	cytosol	HPA	Q09428
APPL1	actinfilaments	HPA	Q9UKG1
IFT88	primarycilium	HPA;GO	Q13099
SRMS	actinfilaments	HPA	Q9H3Y6
GBP1	golgiapparatus	GO	P32455
CEP20	centrosome	HPA;GO	Q96NB1
EFCAB14	cytosol	HPA	O75071
CLDN16	plasmamembrane	GO	Q9Y5I7
CFAP276	primarycilium	GO	Q5T5A4
ZNF554	nucleoplasm	HPA	Q86TJ5
C1GALT1	golgiapparatus	GO	Q9NS00
LENG8	nucleoplasm	HPA	Q96PV6
TBC1D8	nucleoplasm	HPA	O95759
MNAT1	nucleoplasm	HPA;GO	P51948
MYH11	plasmamembrane	HPA	P35749
UQCRC2	mitochondria	HPA;GO	P22695
LIMD1	plasmamembrane	GO	Q9UGP4
GNB1	golgiapparatus	HPA	P62873
TOR1A	nuclearmembrane	HPA	O14656
NCAPH	nucleoplasm	HPA;GO	Q15003
PTPN1	endoplasmicreticulum	HPA;GO	P18031
TRPM6	plasmamembrane	GO	Q9BX84
ADH7	cytosol	HPA;GO	P40394
SLC9A7	golgiapparatus	GO	Q96T83
CC2D1B	nucleoplasm	HPA	Q5T0F9
ELP3	nucleoli	GO	Q9H9T3
DHX9	cytosol	GO	Q08211
CCNF	cytosol	GO	P41002
CDH15	golgiapparatus	HPA	P55291
MAP1S	microtubules	GO	Q66K74
PRR16	nucleoplasm	HPA	Q569H4
ZNF548	cytosol	HPA	Q8NEK5
PLCD1	microtubules	HPA	P51178
NDRG4	cytosol	HPA	Q9ULP0
SCO1	mitochondria	GO	O75880
HOXB6	golgiapparatus	HPA	P17509
SEPTIN11	cytosol	HPA	Q9NVA2
YWHAB	plasmamembrane	GO	P31946
TUBGCP6	centrosome	GO	Q96RT7
CERKL	golgiapparatus	GO	Q49MI3
ITGA1	plasmamembrane	GO	P56199
CDK4	cytosol	HPA;GO	P11802
PLPP2	endoplasmicreticulum	GO	O43688
HYAL2	cytosol	GO	Q12891
GCNA	nucleoplasm	HPA;GO	Q96QF7
ETS2	plasmamembrane	HPA	P15036
FAM193A	plasmamembrane	HPA	P78312
ERI1	microtubules	HPA	Q8IV48
RPL23A	cytosol	HPA;GO	P62750
FNTB	microtubules	GO	P49356
CDCA8	nucleoplasm	GO	Q53HL2
MIB1	microtubules	HPA	Q86YT6
RPS25	nucleoplasm	GO	P62851
PEX12	cytosol	GO	O00623
F10	endoplasmicreticulum	GO	P00742
ACTN4	plasmamembrane	GO	O43707
PPP1CC	mitochondria	GO	P36873
ZBED2	mitochondria	HPA	Q9BTP6
SPPL2A	endoplasmicreticulum	GO	Q8TCT8
UBXN1	endoplasmicreticulum	GO	Q04323
LMLN	cytosol	HPA	Q96KR4
DAND5	mitochondria	HPA	Q8N907
BPNT2	golgiapparatus	HPA;GO	Q9NX62
MTCL1	microtubules	GO	Q9Y4B5
SCLT1	centrosome	GO	Q96NL6
KLHL41	endoplasmicreticulum	GO	O60662
TRMT1L	nucleoli	HPA	Q7Z2T5
MLNR	plasmamembrane	HPA;GO	O43193
POC5	centrosome	GO	Q8NA72
NMNAT2	golgiapparatus	GO	Q9BZQ4
GAP43	plasmamembrane	HPA;GO	P17677
CAV1	golgiapparatus	HPA;GO	Q03135
PCBP2	plasmamembrane	GO	Q15366
BST2	golgiapparatus	HPA	Q10589
DOK2	plasmamembrane	HPA	O60496
GPRASP2	cytosol	HPA	Q96D09
NEK8	primarycilium	HPA;GO	Q86SG6
CPS1	nucleoli	HPA	P31327
GEMIN4	cytosol	HPA;GO	P57678
FAM131C	intermediatefilaments	HPA	Q96AQ9
PTPN2	cytosol	HPA;GO	P17706
SOX17	nucleoplasm	HPA;GO	Q9H6I2
USP44	nucleoli	HPA	Q9H0E7
STX8	golgiapparatus	GO	Q9UNK0
ARHGAP15	cytosol	GO	Q53QZ3
GID8	plasmamembrane	HPA	Q9NWU2
CATSPER1	plasmamembrane	GO	Q8NEC5
SLC26A3	plasmamembrane	GO	P40879
IFRD1	cytosol	HPA	O00458
VDAC1	plasmamembrane	GO	P21796
KCNK5	nucleoplasm	HPA	O95279
FCHO2	cytosol	HPA;GO	Q0JRZ9
NDUFB1	mitochondria	HPA;GO	O75438
CBY1	golgiapparatus	GO	Q9Y3M2
C12orf4	nucleoplasm	HPA	Q9NQ89
ZFAND2B	cytosol	HPA	Q8WV99
WNT1	endoplasmicreticulum	GO	P04628
CDCA2	nucleoplasm	HPA	Q69YH5
ABCC3	plasmamembrane	HPA;GO	O15438
MUL1	cytosol	HPA	Q969V5
CLCNKB	plasmamembrane	GO	P51801
PCDHB6	nucleoplasm	HPA	Q9Y5E3
SLC35E2B	nucleoplasm	HPA	P0CK96
SSX2IP	centrosome	HPA;GO	Q9Y2D8
INPP5B	plasmamembrane	GO	P32019
XRCC5	nucleoplasm	HPA;GO	P13010
THNSL1	nucleoplasm	HPA	Q8IYQ7
RPS29	actinfilaments	GO	P62273
TMEM187	nucleoli	HPA	Q14656
ADRA1A	cytosol	HPA	P25100
FABP4	nucleoplasm	HPA	P15090
ZFP1	nucleoplasm	HPA	Q6P2D0
GK	mitochondria	GO	P32189
IGSF3	nucleoplasm	HPA	O75054
HNRNPC	cytosol	GO	P07910
KRTAP4-4	cytosol	GO	Q9BYR3
KCNQ5	plasmamembrane	GO	Q9NR82
CLIC4	actinfilaments	GO	Q9Y696
TAAR5	plasmamembrane	GO	O14804
HSPB2	nucleoplasm	HPA	Q16082
HS3ST1	golgiapparatus	GO	O14792
CLDN7	plasmamembrane	HPA;GO	O95471
BID	mitochondria	GO	P55957
HARS2	mitochondria	HPA;GO	P49590
S100A7	cytosol	HPA;GO	P31151
KRT6C	cytosol	GO	P48668
ZNF582	cytosol	HPA	Q96NG8
FBXO11	nucleoli	HPA	Q86XK2
DDR2	plasmamembrane	HPA;GO	Q16832
ST6GALNAC2	golgiapparatus	GO	Q9UJ37
TSPY1	cytosol	HPA	Q01534
KLHL35	nucleoplasm	HPA	Q6PF15
PHKA1	cytosol	HPA;GO	P46020
CAMK2N1	primarycilium	HPA	Q7Z7J9
GAS2L3	actinfilaments	GO	Q86XJ1
LAD1	actinfilaments	HPA	O00515
PLAU	golgiapparatus	HPA	P00749
CPVL	endoplasmicreticulum	HPA	Q9H3G5
ASPH	plasmamembrane	GO	Q12797
NUF2	cytosol	GO	Q9BZD4
TUBA1A	microtubules	HPA;GO	Q71U36
SLC6A6	plasmamembrane	HPA;GO	P31641
IGHV3-7	plasmamembrane	GO	P01780
MSRB3	mitochondria	GO	Q8IXL7
BRD4	nucleoplasm	HPA;GO	O60885
SMAP1	golgiapparatus	HPA	Q8IYB5
STRAP	cytosol	HPA;GO	Q9Y3F4
ZNF710	nucleoplasm	HPA	Q8N1W2
DISP2	nucleoplasm	HPA	A7MBM2
ZNF410	nucleoplasm	HPA	Q86VK4
ACSL6	endoplasmicreticulum	GO	Q9UKU0
TACC2	nucleoplasm	HPA	O95359
NPY	golgiapparatus	HPA	P01303
TSR2	nucleoli	HPA	Q969E8
MR1	endoplasmicreticulum	GO	Q8N490
RPS3A	actinfilaments	GO	P61247
REC8	nucleoplasm	HPA	O95072
RPL7	endoplasmicreticulum	HPA	P18124
DVL3	centrosome	HPA	Q92997
IRGM	golgiapparatus	GO	A1A4Y4
BYSL	nucleoli	HPA;GO	Q13895
TRAPPC6B	cytosol	GO	Q86SZ2
CHMP2A	cytosol	HPA;GO	O43633
RPS15	nucleoplasm	GO	P62841
CENPU	centrosome	HPA	Q71F23
ITCH	mitochondria	GO	Q96J02
DLAT	mitochondria	HPA;GO	P10515
GPAA1	cytosol	HPA	O43292
API5	nucleoplasm	HPA	Q9BZZ5
DSG1	cytosol	GO	Q02413
SH2B3	cytosol	GO	Q9UQQ2
EML2	microtubules	GO	O95834
MYOC	golgiapparatus	GO	Q99972
USE1	endoplasmicreticulum	GO	Q9NZ43
ARL17B	nucleoplasm	HPA	Q8IVW1
CAMK2N2	nucleoplasm	HPA	Q96S95
KIF19	actinfilaments	HPA	Q2TAC6
MED23	nucleoplasm	HPA;GO	Q9ULK4
IL15	nucleoplasm	HPA	P40933
MYLK	actinfilaments	HPA;GO	Q15746
THEM6	nucleoplasm	HPA	Q8WUY1
ANKRD35	primarycilium	HPA	Q8N283
GLRX2	mitochondria	GO	Q9NS18
GEMIN5	nucleoplasm	HPA;GO	Q8TEQ6
NUDT19	cytosol	HPA;GO	A8MXV4
SOBP	nucleoplasm	HPA	A7XYQ1
POP7	nucleoplasm	GO	O75817
SLX9	nucleoli	HPA	Q9NSI2
AFMID	mitochondria	HPA	Q63HM1
HSPB6	mitochondria	HPA	O14558
NCKAP1L	cytosol	HPA;GO	P55160
BZW2	plasmamembrane	HPA	Q9Y6E2
NOL9	nucleoplasm	GO	Q5SY16
PPIL1	nucleoli	HPA	Q9Y3C6
PDE4B	golgiapparatus	HPA	Q07343
LUM	golgiapparatus	GO	P51884
DLG3	nucleoplasm	HPA	Q13368
RFC1	nucleoplasm	HPA;GO	P35251
SYVN1	nucleoplasm	HPA	Q86TM6
CD163	cytosol	GO	Q86VB7
CCDC88B	cytosol	HPA	A6NC98
STX5	golgiapparatus	HPA;GO	Q13190
WASL	plasmamembrane	GO	O00401
XRCC6	nucleoplasm	HPA;GO	P12956
HOMEZ	nucleoli	HPA	Q8IX15
SEC31A	cytosol	HPA;GO	O94979
RHOD	mitochondria	GO	O00212
SMARCA5	nucleoplasm	HPA;GO	O60264
TJP2	nucleoplasm	HPA;GO	Q9UDY2
SLC22A17	plasmamembrane	GO	Q8WUG5
PRPSAP2	cytosol	HPA	O60256
TBCC	primarycilium	GO	Q15814
TMEM221	nuclearmembrane	HPA	A6NGB7
MRFAP1	nucleoplasm	HPA	Q9Y605
TMED8	plasmamembrane	HPA	Q6PL24
COPS9	nucleoplasm	HPA;GO	Q8WXC6
ZNF613	nucleoplasm	HPA	Q6PF04
C11orf52	plasmamembrane	HPA	Q96A22
PURB	nucleoplasm	HPA	Q96QR8
ACAP3	nucleoplasm	HPA	Q96P50
TAGLN2	actinfilaments	HPA	P37802
TTLL13	cytosol	HPA;GO	A6NNM8
COL4A5	endoplasmicreticulum	GO	P29400
NR2E1	nucleoplasm	HPA;GO	Q9Y466
PCYT2	cytosol	HPA	Q99447
UNC80	plasmamembrane	GO	Q8N2C7
ALMS1	centrosome	HPA;GO	Q8TCU4
FNDC11	nucleoplasm	HPA	Q9BVV2
NOL10	nucleoli	HPA	Q9BSC4
AP2S1	cytosol	GO	P53680
CAMK1D	nucleoplasm	HPA	Q8IU85
SPRR2F	cytosol	GO	Q96RM1
C2orf50	primarycilium	GO	Q96LR7
FAM131A	nucleoplasm	HPA	Q6UXB0
RAET1G	plasmamembrane	HPA;GO	Q6H3X3
CLUL1	endoplasmicreticulum	HPA	Q15846
UMOD	microtubules	GO	P07911
SPDL1	microtubules	GO	Q96EA4
PSMF1	endoplasmicreticulum	GO	Q92530
PRR14	nucleoplasm	HPA	Q9BWN1
DYNLT3	nucleoplasm	GO	P51808
TNFRSF25	nucleoplasm	HPA	Q93038
TRPC7	plasmamembrane	GO	O94759
FAM20B	golgiapparatus	HPA;GO	O75063
TRAK1	mitochondria	GO	Q9UPV9
NACA2	cytosol	HPA	Q9H009
HUNK	nucleoplasm	HPA	P57058
GUCY2D	primarycilium	GO	Q02846
CRK	actinfilaments	HPA	P46108
KCNC4	plasmamembrane	GO	Q03721
TYMP	golgiapparatus	HPA	P19971
ATP6V1B2	cytosol	GO	P21281
VSIG10	cytosol	HPA	Q8N0Z9
CRIP2	plasmamembrane	HPA	P52943
PRDX1	mitochondria	HPA	Q06830
TOMM6	mitochondria	HPA;GO	Q96B49
NAP1L2	plasmamembrane	HPA	Q9ULW6
LRRC25	cytosol	HPA	Q8N386
TRIM71	cytosol	GO	Q2Q1W2
DNAAF6	cytosol	HPA	Q9NQM4
CDC42	cytosol	GO	P60953
KRTAP10-6	cytosol	GO	P60371
TTC39C	nucleoplasm	HPA	Q8N584
PCF11	mitochondria	HPA	O94913
INF2	endoplasmicreticulum	HPA	Q27J81
ZSCAN26	nucleoplasm	HPA	Q16670
PXDN	endoplasmicreticulum	GO	Q92626
PROSER1	nucleoplasm	HPA	Q86XN7
ILVBL	endoplasmicreticulum	GO	A1L0T0
FURIN	golgiapparatus	HPA;GO	P09958
RAE1	microtubules	GO	P78406
ENSG00000255835	nucleoplasm	HPA	
UGT1A4	endoplasmicreticulum	GO	P22310
SEMA3C	golgiapparatus	HPA	Q99985
PUS7L	nucleoli	HPA	Q9H0K6
RCCD1	plasmamembrane	HPA	A6NED2
SKIC2	microtubules	HPA	Q15477
MIP	plasmamembrane	GO	P30301
ATXN7L3B	nucleoplasm	HPA	Q96GX2
IL16	nucleoplasm	HPA	Q14005
DYNC2I2	primarycilium	HPA;GO	Q96EX3
ITK	cytosol	HPA;GO	Q08881
MFSD9	nucleoli	HPA	Q8NBP5
LRRK2	cytosol	GO	Q5S007
NME5	plasmamembrane	HPA	P56597
ANKRD27	plasmamembrane	GO	Q96NW4
MRM2	nucleoli	GO	Q9UI43
ISY1-RAB43	nucleoplasm	HPA	
APOD	plasmamembrane	HPA	P05090
TMEM175	nucleoplasm	HPA	Q9BSA9
NINJ1	plasmamembrane	GO	Q92982
POLR2L	cytosol	GO	P62875
LYPLA1	plasmamembrane	GO	O75608
KRT4	cytosol	GO	P19013
ATF6B	golgiapparatus	GO	Q99941
SLX1B	nucleoplasm	HPA	Q9BQ83
PHF8	nucleoplasm	HPA;GO	Q9UPP1
MAGEA10	cytosol	HPA	P43363
C9orf43	cytosol	HPA	Q8TAL5
C5orf46	mitochondria	HPA	Q6UWT4
FAF1	nucleoplasm	HPA	Q9UNN5
STXBP1	nucleoplasm	HPA	P61764
GIT1	cytosol	HPA;GO	Q9Y2X7
SURF1	mitochondria	GO	Q15526
MPC1	mitochondria	HPA;GO	Q9Y5U8
TRMT6	plasmamembrane	HPA	Q9UJA5
BMX	cytosol	GO	P51813
ABCG4	plasmamembrane	GO	Q9H172
HAUS7	cytosol	GO	Q99871
TBC1D17	cytosol	GO	Q9HA65
ZBED6	nucleoplasm	HPA	P86452
OR2A1	plasmamembrane	GO	Q8NGT9
CCDC116	centrosome	GO	Q8IYX3
DNAI7	cytosol	HPA	Q6TDU7
APCDD1	plasmamembrane	GO	Q8J025
KIF26A	plasmamembrane	HPA	Q9ULI4
TRIM27	nucleoplasm	HPA;GO	P14373
KRT2	intermediatefilaments	HPA	P35908
GABBR2	plasmamembrane	GO	O75899
NSG2	golgiapparatus	HPA	Q9Y328
CYP8B1	endoplasmicreticulum	GO	Q9UNU6
MEST	cytosol	HPA	Q5EB52
RINT1	endoplasmicreticulum	GO	Q6NUQ1
ERAL1	mitochondria	HPA;GO	O75616
LST1	cytosol	HPA	O00453
KDM2B	nucleoplasm	HPA;GO	Q8NHM5
NR1D1	nucleoplasm	HPA;GO	P20393
SOS2	nucleoplasm	HPA	Q07890
KCNC1	cytosol	HPA	P48547
PRRT4	nucleoplasm	HPA	C9JH25
ENSG00000283782	nucleoplasm	HPA	
TRABD	nucleoplasm	HPA	Q9H4I3
WBP11	nucleoplasm	HPA;GO	Q9Y2W2
TMEM67	primarycilium	GO	Q5HYA8
UBE2NL	nucleoplasm	HPA	Q5JXB2
C15orf61	nucleoli	HPA	A6NNL5
CGRRF1	endoplasmicreticulum	GO	Q99675
TCEAL9	nucleoplasm	HPA	Q9UHQ7
DLG2	cytosol	GO	Q14168
C4B	plasmamembrane	GO	P0C0L5
C2orf74	centrosome	HPA	A8MZ97
PSMB7	cytosol	HPA;GO	Q99436
NEK2	centrosome	HPA;GO	P51955
CEP290	microtubules	GO	O15078
TRAM2	cytosol	HPA	Q15035
MCHR2	plasmamembrane	GO	Q969V1
EBNA1BP2	nucleoplasm	HPA	Q99848
GRAMD1A	plasmamembrane	HPA;GO	Q96CP6
SERPINA1	endoplasmicreticulum	GO	P01009
SRGAP1	primarycilium	HPA	Q7Z6B7
LGALS8	cytosol	GO	O00214
FCGR3B	plasmamembrane	GO	O75015
RIPK2	plasmamembrane	GO	O43353
ILF3	cytosol	GO	Q12906
WDR76	nucleoplasm	HPA;GO	Q9H967
CHD3	centrosome	HPA;GO	Q12873
LATS2	microtubules	GO	Q9NRM7
SFTPA1	endoplasmicreticulum	GO	Q8IWL2
TRMT1	nucleoplasm	HPA;GO	O75648
MFSD1	cytosol	HPA	Q9H3U5
POLGARF	nucleoli	GO	A0A3B3IS91
CLIP2	plasmamembrane	HPA	Q9UDT6
GLRB	plasmamembrane	GO	P48167
ASPM	plasmamembrane	HPA	Q8IZT6
VRK2	endoplasmicreticulum	HPA;GO	Q86Y07
EPB41L1	cytosol	GO	Q9H4G0
C1QTNF2	centrosome	HPA	Q9BXJ5
MORC4	nucleoplasm	HPA	Q8TE76
BRIP1	nuclearmembrane	HPA	Q9BX63
BMAL2	nucleoli	HPA	Q8WYA1
TM9SF1	golgiapparatus	HPA	O15321
PTGIS	golgiapparatus	HPA	Q16647
SIPA1	plasmamembrane	HPA	Q96FS4
ANKRD44	nucleoplasm	HPA	Q8N8A2
PLEKHA7	nucleoplasm	HPA	Q6IQ23
WDR31	cytosol	HPA	Q8NA23
SGMS1	golgiapparatus	HPA;GO	Q86VZ5
GAL	golgiapparatus	HPA	P22466
DLK2	nucleoli	HPA	Q6UY11
ARF6	actinfilaments	GO	P62330
CCDC88A	nucleoplasm	HPA	Q3V6T2
C9orf152	nucleoli	HPA	Q5JTZ5
MIGA1	mitochondria	HPA	Q8NAN2
HMMR	centrosome	HPA	O75330
ATL1	endoplasmicreticulum	GO	Q8WXF7
TMEM245	plasmamembrane	HPA	Q9H330
C6orf62	cytosol	HPA	Q9GZU0
FNDC4	nucleoplasm	HPA	Q9H6D8
CCDC74B	cytosol	HPA	Q96LY2
MAGEF1	actinfilaments	HPA	Q9HAY2
MMP11	golgiapparatus	HPA;GO	P24347
CAMK2D	primarycilium	HPA	Q13557
CTAG2	nucleoplasm	HPA	O75638
ARPC3	actinfilaments	GO	O15145
USP24	cytosol	HPA	Q9UPU5
LPAR2	plasmamembrane	GO	Q9HBW0
SLC44A1	plasmamembrane	GO	Q8WWI5
RBL1	nucleoplasm	HPA;GO	P28749
ATP2C2	plasmamembrane	HPA	O75185
MFHAS1	cytosol	HPA	Q9Y4C4
POLE	plasmamembrane	HPA	Q07864
KCNK7	plasmamembrane	HPA;GO	Q9Y2U2
RUFY1	nucleoplasm	HPA	Q96T51
NFIA	nucleoplasm	HPA	Q12857
MZT1	microtubules	GO	Q08AG7
VIL1	actinfilaments	GO	P09327
NDUFB6	nucleoplasm	HPA	O95139
CCDC71L	golgiapparatus	HPA	Q8N9Z2
VPS9D1	nucleoplasm	HPA	Q9Y2B5
SDC2	endoplasmicreticulum	GO	P34741
C17orf58	cytosol	HPA	Q2M2W7
AARS2	mitochondria	HPA;GO	Q5JTZ9
ZSCAN16	nucleoplasm	HPA	Q9H4T2
RBMY1F	nucleoplasm	HPA	Q15415
GSK3A	cytosol	HPA;GO	P49840
PRKCB	cytosol	HPA;GO	P05771
TMEM40	cytosol	HPA	Q8WWA1
MAP1LC3C	cytosol	HPA;GO	Q9BXW4
TCP1	cytosol	GO	P17987
LUZP1	primarycilium	GO	Q86V48
NUP42	nuclearmembrane	HPA	O15504
HPF1	nucleoplasm	GO	Q9NWY4
TNKS2	nucleoplasm	GO	Q9H2K2
CST7	golgiapparatus	GO	O76096
PFKM	cytosol	GO	P08237
FOXA2	nucleoplasm	HPA	Q9Y261
VAX1	nucleoplasm	HPA	Q5SQQ9
PACSIN2	plasmamembrane	HPA;GO	Q9UNF0
CD4	plasmamembrane	HPA;GO	P01730
RNF212B	nucleoli	HPA	A8MTL3
IVL	plasmamembrane	GO	P07476
GRB2	centrosome	HPA	P62993
PARP3	nucleoplasm	HPA	Q9Y6F1
NOVA2	golgiapparatus	HPA	Q9UNW9
PADI4	nucleoplasm	GO	Q9UM07
SAAL1	nucleoplasm	HPA	Q96ER3
TJAP1	golgiapparatus	HPA	Q5JTD0
VPS36	plasmamembrane	HPA	Q86VN1
POLR2A	cytosol	HPA	P24928
TRIM3	golgiapparatus	GO	O75382
CRABP2	cytosol	HPA;GO	P29373
CENPO	cytosol	GO	Q9BU64
GPR83	primarycilium	HPA	Q9NYM4
GORAB	golgiapparatus	HPA	Q5T7V8
KLRD1	plasmamembrane	GO	Q13241
ATP6V0D1	centrosome	GO	P61421
LY6G6C	plasmamembrane	GO	O95867
IHO1	nucleoplasm	HPA	Q8IYA8
CACNA1G	cytosol	HPA	O43497
CD38	plasmamembrane	HPA;GO	P28907
TASP1	plasmamembrane	HPA	Q9H6P5
ERCC6L2	nucleoplasm	HPA	Q5T890
IRF8	nucleoplasm	HPA	Q02556
NUFIP2	cytosol	HPA;GO	Q7Z417
CBY1	microtubules	GO	Q9Y3M2
TMEM201	nuclearmembrane	HPA;GO	Q5SNT2
NRDC	cytosol	GO	O43847
SEPTIN2	primarycilium	HPA;GO	Q15019
ASIC1	golgiapparatus	HPA	P78348
BEGAIN	cytosol	HPA	Q9BUH8
FCRL6	plasmamembrane	GO	Q6DN72
ZNF667	nucleoplasm	HPA	Q5HYK9
NUAK1	nucleoplasm	HPA;GO	O60285
CST3	endoplasmicreticulum	GO	P01034
PEG10	cytosol	HPA	Q86TG7
SHOC2	nucleoplasm	HPA	Q9UQ13
SPCS3	endoplasmicreticulum	GO	P61009
TAS2R43	plasmamembrane	GO	P59537
TRAF3IP2	plasmamembrane	GO	O43734
HNF4A	nucleoplasm	HPA;GO	P41235
NOB1	actinfilaments	HPA	Q9ULX3
PNPLA3	mitochondria	HPA	Q9NST1
DRAP1	cytosol	HPA	Q14919
TGFB1	plasmamembrane	GO	P01137
F2RL1	plasmamembrane	HPA;GO	P55085
APP	mitochondria	GO	P05067
MROH6	nucleoplasm	HPA	A6NGR9
DNAH2	microtubules	HPA;GO	Q9P225
IFT57	centrosome	HPA	Q9NWB7
SLC6A13	plasmamembrane	GO	Q9NSD5
MYOZ2	nucleoplasm	HPA	Q9NPC6
PHTF1	nucleoplasm	HPA	Q9UMS5
ATP2A1	endoplasmicreticulum	HPA;GO	O14983
JMJD6	nucleoli	GO	Q6NYC1
RPL29	nucleoli	HPA	P47914
TRPC5	plasmamembrane	GO	Q9UL62
CHD3	nucleoli	HPA	Q12873
CDK1	microtubules	GO	P06493
CHMP4C	microtubules	HPA;GO	Q96CF2
GPATCH2L	cytosol	HPA	Q9NWQ4
CEP152	centrosome	HPA;GO	O94986
RET	plasmamembrane	HPA;GO	P07949
MYO1B	actinfilaments	GO	O43795
N4BP2L1	cytosol	HPA	Q5TBK1
USO1	cytosol	GO	O60763
CPNE3	cytosol	HPA;GO	O75131
LRRC14B	nucleoplasm	HPA	A6NHZ5
WDR25	nucleoplasm	HPA	Q64LD2
MTO1	nucleoplasm	HPA	Q9Y2Z2
ZRANB2	nucleoplasm	HPA	O95218
MME	plasmamembrane	HPA;GO	P08473
SEC13	endoplasmicreticulum	GO	P55735
LAMB2	endoplasmicreticulum	GO	P11047
SCN3A	plasmamembrane	GO	Q9NY46
VHL	cytosol	HPA;GO	P40337
MCM4	nucleoplasm	HPA;GO	P33991
WIPF1	plasmamembrane	HPA	O43516
SMG5	cytosol	HPA;GO	Q9UPR3
CARS2	mitochondria	HPA;GO	Q9HA77
ZNF33B	endoplasmicreticulum	HPA	Q06732
ACTG1	plasmamembrane	GO	P63261
RXRA	golgiapparatus	HPA	P19793
CDKN1B	centrosome	HPA	P46527
DCBLD1	cytosol	HPA	Q8N8Z6
DGKQ	nucleoplasm	GO	P52824
APH1A	endoplasmicreticulum	GO	Q96BI3
RIPK3	cytosol	GO	Q9Y572
LEO1	nucleoli	HPA	Q8WVC0
SLC39A14	golgiapparatus	HPA	Q15043
SHB	cytosol	HPA;GO	Q15464
UNC5A	plasmamembrane	HPA;GO	Q6ZN44
BUB1	nucleoplasm	HPA;GO	O43683
SLAIN2	microtubules	GO	Q9P270
RRAGB	cytosol	GO	Q5VZM2
OAT	mitochondria	HPA;GO	P04181
MCM3	nucleoplasm	HPA;GO	P25205
CNR1	actinfilaments	HPA	P21554
EYA2	cytosol	HPA	O00167
VEPH1	nucleoplasm	HPA	Q14D04
AXIN2	cytosol	HPA;GO	Q9Y2T1
TASOR2	nucleoplasm	HPA	Q5VWN6
TBL1X	microtubules	GO	O60907
SEMA7A	plasmamembrane	GO	O75326
HID1	cytosol	HPA	Q8IV36
CCDC43	cytosol	HPA	Q96MW1
SPCS1	golgiapparatus	HPA	Q9Y6A9
CNGA3	plasmamembrane	GO	Q16281
EVPLL	nucleoplasm	HPA	A8MZ36
CDC6	nucleoplasm	HPA;GO	Q99741
RPS6KA6	nucleoli	HPA	Q9UK32
TAF4B	nucleoplasm	HPA;GO	Q92750
BAHD1	nucleoplasm	HPA	Q8TBE0
PTGDR	cytosol	HPA	Q13258
ZNF585B	cytosol	HPA	Q52M93
DDOST	plasmamembrane	GO	P39656
PRKCI	plasmamembrane	GO	P41743
KRT13	intermediatefilaments	HPA;GO	P13646
KLK6	nucleoplasm	HPA	Q92876
CAPNS1	cytosol	HPA;GO	P04632
SMCHD1	nucleoplasm	HPA;GO	A6NHR9
TRIM11	nucleoplasm	HPA	Q96F44
PABIR2	nucleoplasm	HPA	Q7Z309
CCL2	golgiapparatus	HPA	P13500
PLEKHA1	plasmamembrane	GO	Q9HB21
PRMT9	nucleoplasm	HPA	Q6P2P2
STRN3	cytosol	HPA	Q13033
COL1A2	endoplasmicreticulum	HPA;GO	P08123
ZNRF4	endoplasmicreticulum	GO	Q8WWF5
RIMS4	nucleoplasm	HPA	Q9H426
H2BC26	cytosol	HPA	Q8N257
FBXO34	cytosol	HPA	Q9NWN3
BROX	golgiapparatus	HPA	Q5VW32
DNAAF5	cytosol	HPA	Q86Y56
NAA16	cytosol	HPA	Q6N069
CLASP1	nucleoplasm	GO	Q7Z460
APEX1	centrosome	HPA	P27695
PELI2	intermediatefilaments	HPA	Q9HAT8
ECI2	mitochondria	HPA	O75521
SUN2	nuclearmembrane	HPA	Q9UH99
CEMIP	plasmamembrane	GO	Q8WUJ3
RPAP2	nucleoplasm	GO	Q8IXW5
PHB2	plasmamembrane	GO	Q99623
ENSG00000285283	endoplasmicreticulum	HPA	
MOGAT1	cytosol	HPA	Q96PD6
RPS6KL1	nucleoplasm	HPA	Q9Y6S9
REXO1	nucleoplasm	HPA	Q8N1G1
ENSG00000254692	golgiapparatus	HPA	
CDC45	centrosome	HPA	O75419
SMAD7	plasmamembrane	GO	O15105
CASQ1	mitochondria	HPA;GO	P31415
APEH	cytosol	HPA;GO	P13798
KDM5B	nucleoplasm	HPA;GO	Q9UGL1
SLC5A11	nucleoplasm	HPA	Q8WWX8
CD1C	plasmamembrane	GO	P29017
EIF2AK4	cytosol	HPA	Q9P2K8
NHLRC2	nucleoplasm	HPA	Q8NBF2
TPR	nuclearmembrane	HPA;GO	P12270
CBFA2T3	nucleoplasm	HPA	O75081
NIFK	nucleoli	HPA;GO	Q9BYG3
SZT2	actinfilaments	HPA	Q5T011
AMPD3	nucleoli	HPA	Q01432
ARPC4	cytosol	GO	P59998
ADCY4	mitochondria	HPA	Q8NFM4
DNM1L	mitochondria	GO	O00429
TMEM33	endoplasmicreticulum	GO	P57088
B4GALT1	golgiapparatus	HPA;GO	P15291
ZNF384	nucleoplasm	HPA	Q8TF68
RASGRF2	cytosol	GO	O14827
MPZL2	plasmamembrane	HPA	O60487
DAOA	mitochondria	GO	P59103
ZNF770	nucleoplasm	HPA	Q6IQ21
PEX14	cytosol	GO	O75381
PSMB11	cytosol	GO	A5LHX3
ATXN2	golgiapparatus	GO	Q99700
SLC1A7	plasmamembrane	GO	O00341
KRT35	intermediatefilaments	HPA	Q92764
SPRED2	cytosol	HPA;GO	Q7Z698
SLC24A1	plasmamembrane	GO	O60721
RELL1	plasmamembrane	HPA	Q8IUW5
SPPL3	endoplasmicreticulum	GO	Q8TCT6
UBE2I	cytosol	GO	P63279
AKR1C2	nucleoplasm	HPA	P52895
DOCK1	plasmamembrane	HPA;GO	Q14185
MRPS15	mitochondria	HPA;GO	P82914
ZNF766	centrosome	HPA	Q5HY98
USP5	nucleoplasm	HPA	P45974
SLC44A3	plasmamembrane	GO	Q8N4M1
CD96	plasmamembrane	GO	P40200
IFI27	mitochondria	GO	P40305
TXNDC12	endoplasmicreticulum	GO	O95881
SRP14	nucleoli	HPA	P37108
SLC22A6	plasmamembrane	GO	Q4U2R8
SPOUT1	nucleoplasm	GO	Q5T280
IFT25	primarycilium	GO	Q9Y547
ATG14	cytosol	GO	Q6ZNE5
RAB33B	golgiapparatus	GO	Q9H082
KIF3C	primarycilium	GO	O14782
CT45A1	nucleoplasm	HPA	Q5HYN5
ATP2B4	primarycilium	HPA	P23634
NPIPB5	nucleoplasm	HPA	A8MRT5
GRB14	nucleoplasm	HPA	Q14449
EIF4E	cytosol	HPA;GO	P06730
MTR	microtubules	HPA	Q99707
CKS1B	mitochondria	HPA	P61024
CCDC77	centrosome	GO	Q9BR77
ZNF350	nucleoplasm	HPA;GO	Q9GZX5
PPFIBP1	actinfilaments	GO	Q86W92
RPL32	cytosol	HPA;GO	P62910
SPATA5L1	nucleoplasm	HPA	Q9BVQ7
TREML2	plasmamembrane	GO	Q5T2D2
GRPEL2	mitochondria	HPA	Q8TAA5
ELAVL2	nucleoplasm	HPA	Q12926
PSME3	nucleoplasm	HPA;GO	P61289
PDE10A	cytosol	GO	Q9Y233
LTC4S	endoplasmicreticulum	HPA;GO	Q16873
COL10A1	endoplasmicreticulum	HPA;GO	Q03692
DYNC2LI1	primarycilium	HPA;GO	Q8TCX1
CD300LD	plasmamembrane	GO	Q6UXZ3
HAUS8	centrosome	GO	Q9BT25
PRPS2	primarycilium	HPA	P11908
JAZF1	nucleoplasm	HPA	Q86VZ6
LRP12	plasmamembrane	HPA;GO	Q9Y561
MAGOHB	nucleoplasm	GO	Q96A72
KYAT1	cytosol	HPA;GO	Q16773
FSCN1	cytosol	HPA;GO	Q16658
PLEKHA4	cytosol	HPA	Q9H4M7
CEP70	cytosol	GO	Q8NHQ1
ZNHIT6	nucleoplasm	HPA	Q9NWK9
C6orf52	intermediatefilaments	HPA	Q5T4I8
DNAL1	primarycilium	HPA	Q4LDG9
NPC1	endoplasmicreticulum	GO	O15118
ATG13	cytosol	HPA;GO	O75143
RBM11	nucleoplasm	HPA	P57052
E2F8	nucleoplasm	HPA;GO	A0AVK6
TMEM50A	plasmamembrane	HPA	O95807
FAM90A1	nucleoplasm	HPA	Q86YD7
SPG11	nucleoli	HPA	Q96JI7
TNFRSF9	nucleoli	HPA	Q07011
TRADD	plasmamembrane	GO	Q15628
NT5M	mitochondria	GO	Q9NPB1
CCDC28A	plasmamembrane	HPA	Q8IWP9
DMAC1	mitochondria	GO	Q96GE9
SLC46A3	plasmamembrane	HPA	Q7Z3Q1
MARCHF2	plasmamembrane	GO	Q9P0N8
TDRD7	cytosol	HPA	Q8NHU6
RAB11B	primarycilium	HPA	Q15907
FAM172A	nucleoplasm	HPA	Q8WUF8
NXT1	cytosol	HPA;GO	Q9UKK6
PCBD1	nucleoplasm	HPA	P61457
CSRNP2	nucleoplasm	HPA	Q9H175
RAET1E	cytosol	HPA	Q8TD07
CCNF	centrosome	HPA	P41002
KRT80	plasmamembrane	GO	Q6KB66
HSFY2	cytosol	HPA	Q96LI6
SLC52A3	plasmamembrane	GO	Q9NQ40
KCNV1	microtubules	HPA	Q6PIU1
OPA3	nucleoplasm	HPA	Q9H6K4
KLF7	nucleoplasm	HPA	O75840
PLCB4	cytosol	GO	Q15147
RNF146	cytosol	HPA;GO	Q9NTX7
IGKV3D-15	plasmamembrane	HPA	A0A087WSY6
CMSS1	nucleoli	HPA	Q9BQ75
CTNNB1	centrosome	GO	P35222
BHLHA15	golgiapparatus	HPA	Q7RTS1
MAD2L1BP	nuclearmembrane	HPA	Q15013
APEX1	nucleoli	GO	P27695
GATA5	nucleoplasm	HPA;GO	Q9BWX5
FAM83A	cytosol	HPA	Q86UY5
CREB5	nucleoplasm	HPA	Q02930
DSEL	plasmamembrane	HPA	Q8IZU8
ICE1	nucleoplasm	HPA;GO	Q9Y2F5
KIAA0040	nucleoplasm	HPA	Q15053
AGBL2	cytosol	HPA	Q5U5Z8
NR4A1	cytosol	HPA	P22736
ACP5	cytosol	GO	P13686
IFIH1	cytosol	GO	Q9BYX4
RPP25L	cytosol	HPA	Q8N5L8
ZNF85	nucleoplasm	HPA	Q03923
C6orf89	golgiapparatus	GO	Q6UWU4
PEX6	cytosol	HPA;GO	Q13608
CADM4	cytosol	HPA	Q8NFZ8
MICAL3	nucleoplasm	HPA	Q7RTP6
PLCXD3	golgiapparatus	HPA	Q63HM9
GRB7	cytosol	HPA;GO	Q14451
NOTCH2	golgiapparatus	HPA;GO	Q04721
PLSCR4	plasmamembrane	GO	Q9NRQ2
PPP1CC	actinfilaments	GO	P36873
C1orf53	cytosol	HPA	Q5VUE5
DAPK3	cytosol	HPA	O43293
TRMT11	nucleoplasm	HPA	Q7Z4G4
JTB	centrosome	GO	O76095
ZNF330	nucleoli	HPA;GO	Q9Y3S2
SPAG11B	golgiapparatus	HPA	Q08648
KYAT3	microtubules	HPA	Q6YP21
FNBP1	cytosol	GO	Q96RU3
RPS6KB1	nucleoplasm	HPA	P23443
CHRNG	plasmamembrane	GO	P07510
CFAP298-TCP10L	microtubules	HPA	
COA8	mitochondria	GO	Q96IL0
SETD6	nucleoplasm	HPA;GO	Q8TBK2
FANCI	nucleoplasm	HPA;GO	Q9NVI1
SHROOM2	cytosol	HPA	Q13796
WDR43	nucleoplasm	GO	Q15061
AFAP1L2	cytosol	HPA	Q8N4X5
KRT77	nuclearmembrane	HPA	Q7Z794
TCL1A	nucleoplasm	HPA	P56279
LMO7	plasmamembrane	GO	Q8WWI1
R3HCC1L	nucleoplasm	HPA	Q7Z5L2
BBS4	centrosome	GO	Q96RK4
MT-ND2	mitochondria	GO	P03891
CCNB3	nucleoplasm	HPA	Q8WWL7
ALG1	endoplasmicreticulum	HPA;GO	Q9BT22
EHD2	plasmamembrane	HPA	Q9NZN3
GIT2	plasmamembrane	GO	Q14161
CYP2U1	golgiapparatus	HPA	Q7Z449
PEX5L	cytosol	GO	Q8IYB4
CRY2	nucleoplasm	HPA	Q49AN0
NDRG3	cytosol	HPA	Q9UGV2
BICD1	golgiapparatus	GO	Q96G01
POU6F1	nucleoplasm	HPA	Q14863
PSMA5	nucleoplasm	GO	P28066
DCUN1D1	cytosol	HPA;GO	Q96GG9
OR1E1	plasmamembrane	GO	P30953
CUL1	nucleoli	HPA	Q13616
CYP27A1	mitochondria	HPA;GO	Q02318
MSL2	cytosol	HPA	Q9HCI7
IRF6	nucleoplasm	HPA	O14896
EPB41L5	cytosol	GO	Q9HCM4
WRAP73	centrosome	GO	Q9P2S5
ARHGAP25	nucleoplasm	HPA	P42331
CLTRN	endoplasmicreticulum	HPA	Q9HBJ8
CDC26	nucleoplasm	HPA;GO	Q8NHZ8
EFCAB7	cytosol	HPA	A8K855
HOXA6	nucleoplasm	HPA	P31267
LPXN	nucleoplasm	HPA	O60711
RIMKLA	cytosol	GO	Q8IXN7
BCL11B	nucleoplasm	HPA;GO	Q9C0K0
MRPS21	mitochondria	HPA;GO	P82921
SLC29A3	golgiapparatus	HPA	Q9BZD2
MAP3K11	microtubules	GO	Q16584
PYCARD	golgiapparatus	GO	Q9ULZ3
DUSP14	nucleoplasm	HPA	O95147
OGT	cytosol	GO	O15294
IGHV3-33	plasmamembrane	GO	P01772
FAM90A16	nucleoli	HPA	P0DV73
FAM83F	mitochondria	HPA	Q8NEG4
KRBA1	cytosol	HPA	A5PL33
SWT1	cytosol	HPA	Q5T5J6
GZMK	golgiapparatus	HPA	P49863
GPX8	cytosol	HPA	Q8TED1
SLC25A15	mitochondria	GO	Q9Y619
GTF3A	nucleoplasm	HPA;GO	Q92664
TIFA	cytosol	HPA;GO	Q96CG3
FUT1	golgiapparatus	GO	P19526
SURF6	nucleoplasm	HPA	O75683
MAB21L3	nucleoplasm	HPA	Q8N8X9
ABCC8	nucleoli	HPA	Q09428
TNNI2	plasmamembrane	HPA	P48788
FANCD2	nucleoplasm	HPA;GO	Q9BXW9
SPATA6	golgiapparatus	HPA	Q9NWH7
DRG2	nucleoplasm	HPA	P55039
ZNF526	golgiapparatus	HPA	Q8TF50
TMEM88	plasmamembrane	GO	Q6PEY1
STUM	cytosol	HPA	Q69YW2
CFAP73	nucleoplasm	HPA	A6NFT4
GOSR2	golgiapparatus	HPA;GO	O14653
ZNF514	nucleoplasm	HPA	Q96K75
TMIGD1	cytosol	HPA	Q6UXZ0
SIX5	nucleoplasm	HPA	Q8N196
MAD2L1	nucleoplasm	HPA;GO	Q13257
RTKN	cytosol	GO	Q9BST9
AP4M1	golgiapparatus	GO	O00189
STAC2	cytosol	HPA	Q6ZMT1
DHX9	nucleoli	HPA	Q08211
HMGA1	cytosol	HPA;GO	P17096
NRAS	endoplasmicreticulum	GO	P01111
RNF103	endoplasmicreticulum	GO	O00237
RPL37A	endoplasmicreticulum	HPA	P61513
WWC2	microtubules	HPA	Q6AWC2
BRCA1	nucleoplasm	HPA;GO	P38398
LRTM2	cytosol	HPA	Q8N967
PYROXD1	nucleoplasm	HPA	Q8WU10
EMP1	plasmamembrane	GO	P54849
SIAH3	mitochondria	HPA;GO	Q8IW03
UTP20	plasmamembrane	HPA	O75691
TMEM266	cytosol	HPA	Q2M3C6
LASP1	cytosol	HPA	Q14847
LRRC23	nucleoli	HPA	Q53EV4
TULP3	plasmamembrane	HPA	O75386
PFKFB3	nucleoplasm	HPA	Q16875
GLE1	microtubules	GO	Q53GS7
ZNF185	cytosol	HPA	O15231
CDKN2D	nucleoplasm	HPA	P55273
RPL23A	nucleoli	HPA;GO	P62750
ACOT9	nucleoplasm	HPA	Q9Y305
KIF5A	cytosol	HPA;GO	Q12840
EFHD2	cytosol	HPA	Q96C19
ROBO4	plasmamembrane	HPA	Q8WZ75
SEPTIN3	nucleoplasm	HPA	Q9UH03
LRRC8E	plasmamembrane	GO	Q6NSJ5
TTC29	primarycilium	GO	Q8NA56
KRTAP19-3	cytosol	GO	Q7Z4W3
SHTN1	cytosol	HPA	A0MZ66
ATG4B	cytosol	HPA;GO	Q9Y4P1
NSFL1C	plasmamembrane	HPA	Q9UNZ2
RNF167	microtubules	HPA	Q9H6Y7
AKR7L	golgiapparatus	HPA	Q8NHP1
SMIM13	nuclearmembrane	HPA	P0DJ93
KCNU1	plasmamembrane	HPA;GO	A8MYU2
RFX5	nucleoplasm	HPA	P48382
LAGE3	nucleoplasm	HPA	Q14657
RND3	actinfilaments	GO	P61587
MS4A4A	endoplasmicreticulum	GO	Q96JQ5
PRNP	plasmamembrane	GO	F7VJQ1
HSPBAP1	mitochondria	HPA	Q96EW2
MEFV	cytosol	GO	O15553
CD58	plasmamembrane	GO	P19256
SLC25A43	cytosol	HPA	Q8WUT9
FBXW8	golgiapparatus	GO	Q8N3Y1
TBC1D14	golgiapparatus	HPA	Q9P2M4
RAB21	actinfilaments	GO	Q9UL25
RALGAPB	nucleoplasm	HPA	Q86X10
MFSD2A	cytosol	HPA	Q8NA29
VTN	plasmamembrane	GO	P04004
ASAH2	mitochondria	GO	Q9NR71
GREB1	nucleoplasm	GO	Q4ZG55
ENSG00000285749	nucleoli	HPA	
CLCA4	nucleoplasm	HPA	Q14CN2
RAD51C	cytosol	HPA	O43502
ZNF362	nucleoli	HPA	Q5T0B9
FUT3	golgiapparatus	GO	P21217
CCDC88B	centrosome	HPA	A6NC98
SLC22A13	endoplasmicreticulum	GO	Q9Y226
RABGGTA	plasmamembrane	GO	Q92696
MAPKAP1	endoplasmicreticulum	GO	Q9BPZ7
CEP55	centrosome	GO	Q53EZ4
CRAT	mitochondria	GO	P43155
RNF166	plasmamembrane	HPA	Q96A37
OXER1	plasmamembrane	GO	Q8TDS5
CCDC93	plasmamembrane	HPA	Q567U6
RAB39A	golgiapparatus	GO	Q14964
IGHV3-48	plasmamembrane	GO	P01763
C1S	nucleoplasm	HPA	P09871
DDIT4L	nucleoplasm	HPA	Q96D03
SLC16A13	cytosol	HPA	Q7RTY0
EGR4	nucleoplasm	GO	Q05215
LMNTD2	cytosol	HPA	Q8IXW0
RAB11FIP3	primarycilium	HPA	O75154
STXBP4	plasmamembrane	HPA	Q6ZWJ1
MRI1	nucleoplasm	HPA	Q9BV20
PROCR	plasmamembrane	GO	Q9UNN8
DNMT3A	nucleoplasm	HPA;GO	Q9Y6K1
SIRT2	nucleoplasm	HPA;GO	Q8IXJ6
GZMA	plasmamembrane	GO	P12544
ZNF180	nucleoplasm	HPA	Q9UJW8
KATNA1	microtubules	GO	O75449
WDR91	cytosol	GO	A4D1P6
MAFK	nucleoplasm	HPA;GO	O60675
CABYR	cytosol	HPA	O75952
RSKR	plasmamembrane	HPA	Q96LW2
SEC11A	golgiapparatus	HPA	P67812
TPRG1L	plasmamembrane	HPA	Q5T0D9
HYPK	nucleoplasm	HPA	Q9NX55
OPN3	plasmamembrane	GO	Q9H1Y3
CCZ1	cytosol	GO	P86791
CHST15	golgiapparatus	GO	Q7LFX5
HYCC1	plasmamembrane	HPA;GO	Q9BYI3
FBXW4	cytosol	GO	P57775
PKD1L3	plasmamembrane	GO	Q7Z443
COL24A1	endoplasmicreticulum	GO	Q17RW2
CKAP2L	primarycilium	HPA	Q8IYA6
TMCC2	endoplasmicreticulum	GO	O75069
SEC61G	cytosol	GO	P60059
IGDCC4	cytosol	HPA	Q8TDY8
PLPPR4	plasmamembrane	GO	Q7Z2D5
HTN1	mitochondria	GO	P15515
ADGRL3	plasmamembrane	GO	Q9HAR2
MFSD6	nucleoplasm	HPA	Q6ZSS7
ST6GALNAC3	golgiapparatus	GO	Q8NDV1
ZC3H12C	nuclearmembrane	HPA	Q9C0D7
ACRBP	cytosol	HPA	Q8NEB7
CEP63	primarycilium	HPA	Q96MT8
TPST2	golgiapparatus	GO	O60704
MATR3	nucleoplasm	HPA	P43243
SERINC3	plasmamembrane	GO	Q13530
CALCRL	plasmamembrane	HPA;GO	Q16602
NHSL2	nucleoplasm	HPA	Q5HYW2
KATNBL1	actinfilaments	HPA	Q9H079
NLK	plasmamembrane	HPA	Q9UBE8
SEC16B	endoplasmicreticulum	HPA;GO	Q96JE7
PLCB1	nucleoplasm	GO	Q9NQ66
CBLN1	cytosol	HPA	P23435
EPHB4	cytosol	GO	P54760
PRMT6	nucleoplasm	HPA;GO	Q96LA8
DNAJB2	cytosol	GO	P25686
GPATCH1	primarycilium	HPA	Q9BRR8
HLA-DPA1	golgiapparatus	GO	P20036
ARMC9	primarycilium	GO	Q7Z3E5
HLA-DRB1	plasmamembrane	GO	P01911
MRPL9	mitochondria	HPA;GO	Q9BYD2
PITPNA	cytosol	HPA;GO	Q00169
ZNF44	cytosol	HPA	P15621
RNF128	cytosol	GO	Q8TEB7
NACC2	mitochondria	HPA	Q96BF6
SLC6A9	plasmamembrane	GO	P48067
ANGPTL8	golgiapparatus	HPA	Q6UXH0
NCOA6	nucleoplasm	HPA;GO	Q14686
BCO1	cytosol	GO	Q9HAY6
M6PR	golgiapparatus	GO	P20645
URM1	cytosol	GO	Q9BTM9
MAP6D1	cytosol	HPA	Q9H9H5
GIT1	centrosome	GO	Q9Y2X7
MUC2	plasmamembrane	GO	Q02817
STK3	cytosol	HPA;GO	Q13188
FAM120B	cytosol	HPA	Q96EK7
PDPK1	primarycilium	HPA	O15530
MAP2K3	nucleoplasm	HPA;GO	P46734
ENTPD8	plasmamembrane	GO	Q5MY95
HAUS7	centrosome	HPA;GO	Q99871
ZFP41	nucleoplasm	HPA	Q8N8Y5
PPM1D	cytosol	GO	O15297
BRWD1	nucleoplasm	HPA;GO	Q9NSI6
PAK2	nucleoplasm	HPA	Q13177
ZDHHC15	golgiapparatus	GO	Q96MV8
KLF1	nucleoplasm	HPA;GO	Q13351
GLUD1	mitochondria	HPA;GO	P00367
KLHL24	plasmamembrane	GO	Q6TFL4
GOLT1A	golgiapparatus	GO	Q6ZVE7
FBXO45	nucleoplasm	HPA	P0C2W1
NHLH1	golgiapparatus	HPA	Q02575
SLA2	cytosol	GO	Q9H6Q3
MYL9	actinfilaments	GO	P24844
COMMD4	cytosol	HPA	Q9H0A8
HTATSF1	nucleoplasm	HPA;GO	O43719
USH1G	cytosol	HPA	Q495M9
ATP6V1B1	nuclearmembrane	HPA	P15313
LAMTOR1	golgiapparatus	HPA	Q6IAA8
TNFSF9	golgiapparatus	HPA	P41273
MTCH1	mitochondria	GO	Q9NZJ7
SNX7	plasmamembrane	HPA	Q9UNH6
DEFB1	primarycilium	GO	P60022
MRPS2	mitochondria	HPA;GO	Q9Y399
GALNT2	endoplasmicreticulum	GO	Q10471
WSCD1	nucleoplasm	HPA	Q658N2
SH3D21	plasmamembrane	HPA	A4FU49
RACGAP1	plasmamembrane	GO	Q9H0H5
F9	endoplasmicreticulum	GO	P00740
CDK18	actinfilaments	HPA	Q07002
MSRB1	cytosol	GO	Q9NZV6
FCGR1A	plasmamembrane	HPA;GO	P12314
LRRC37B	cytosol	HPA	Q96QE4
SIRT6	nucleoplasm	HPA;GO	Q8N6T7
INTS2	nucleoplasm	GO	Q9H0H0
ARHGEF7	plasmamembrane	GO	Q14155
METAP1	plasmamembrane	HPA	P53582
OGG1	cytosol	GO	O15527
TUT7	cytosol	HPA	Q5VYS8
CDC42EP4	microtubules	HPA	Q9H3Q1
EYA1	nucleoplasm	HPA;GO	Q99502
CLDN19	plasmamembrane	HPA;GO	Q8N6F1
INO80D	nucleoplasm	GO	Q53TQ3
KCNC2	plasmamembrane	GO	Q96PR1
BAX	cytosol	GO	Q07812
RPTN	plasmamembrane	GO	Q6XPR3
CAP2	cytosol	HPA	P40123
NLE1	nucleoplasm	HPA	Q9NVX2
CFL1	actinfilaments	GO	P23528
CCND1	nucleoplasm	HPA;GO	P24385
GMIP	plasmamembrane	HPA	Q9P107
CRIP1	nucleoplasm	HPA	P50238
ZNF383	nuclearmembrane	HPA	Q8NA42
LPP	actinfilaments	HPA;GO	Q93052
FERMT2	nucleoplasm	HPA	Q96AC1
CROCC	primarycilium	HPA	Q5TZA2
CHRNB2	plasmamembrane	GO	P17787
NINL	primarycilium	HPA	Q9Y2I6
GEM	microtubules	GO	P55040
AQP9	plasmamembrane	GO	O14520
RBM43	nucleoli	HPA	Q6ZSC3
KRTAP19-2	cytosol	GO	Q3LHN2
ZNF146	nucleoli	HPA	Q15072
SSX2	nucleoplasm	HPA	Q16385
BAIAP2L2	cytosol	GO	Q6UXY1
DYNLRB1	centrosome	GO	Q9NP97
SIRT1	mitochondria	HPA	Q96EB6
MEA1	cytosol	HPA	Q16626
SNTB2	golgiapparatus	HPA	Q13425
SLC2A1	golgiapparatus	GO	P11166
TMPRSS11B	plasmamembrane	GO	Q86T26
LPIN1	cytosol	HPA;GO	Q14693
SPAG1	primarycilium	HPA	Q07617
DDX52	nucleoli	HPA	Q9Y2R4
PGAP3	cytosol	HPA	Q96FM1
ZFP69B	nucleoplasm	HPA	Q9UJL9
ABTB2	nucleoplasm	HPA	Q8N961
LYPD1	plasmamembrane	HPA;GO	Q8N2G4
NR3C2	nucleoplasm	HPA;GO	P08235
PTPMT1	mitochondria	HPA	Q8WUK0
IL4I1	primarycilium	GO	Q96RQ9
C6orf89	microtubules	GO	Q6UWU4
ADORA2A	plasmamembrane	GO	P29274
ECPAS	nucleoplasm	HPA	Q5VYK3
CAT	cytosol	GO	P04040
SPRY2	cytosol	GO	O43597
CD81	cytosol	HPA	P60033
ZNF304	nucleoplasm	HPA	Q9HCX3
ZNF79	nucleoplasm	HPA	Q15937
CCDC57	microtubules	HPA;GO	Q2TAC2
ENSG00000269590	endoplasmicreticulum	HPA	
ZNF527	nucleoplasm	HPA	Q8NB42
NDUFC2	plasmamembrane	GO	O95298
TIMM17B	microtubules	HPA	O60830
TEX14	cytosol	HPA	Q8IWB6
ACTN1	plasmamembrane	HPA;GO	P12814
RIN1	cytosol	GO	Q13671
VAMP8	plasmamembrane	HPA;GO	Q9BV40
COPS6	nucleoplasm	HPA;GO	Q7L5N1
SERP1	microtubules	GO	Q9Y6X1
ZKSCAN8	cytosol	HPA	Q15776
MDM1	centrosome	HPA;GO	Q8TC05
GCSAML	cytosol	HPA	Q5JQS6
NOTO	nucleoplasm	HPA	A8MTQ0
ZNF691	nucleoli	HPA	Q5VV52
TP73	centrosome	HPA	O15350
KCNQ4	plasmamembrane	GO	P56696
MICAL1	microtubules	GO	Q8TDZ2
ATF6	golgiapparatus	GO	P18850
TXNL4A	nucleoplasm	HPA;GO	P83876
ZYG11A	nucleoplasm	HPA	Q6WRX3
BLOC1S3	cytosol	GO	Q6QNY0
BRAT1	nucleoplasm	HPA	Q6PJG6
TXNRD3	cytosol	HPA	Q86VQ6
PPIL4	cytosol	HPA	Q8WUA2
PKLR	cytosol	HPA;GO	P30613
YIPF5	golgiapparatus	HPA	Q969M3
NTRK1	plasmamembrane	GO	P04629
BICD1	microtubules	GO	Q96G01
ZNF195	nucleoplasm	HPA	O14628
FASTKD5	mitochondria	GO	Q7L8L6
SH3GL1	cytosol	HPA	Q99961
TMOD1	actinfilaments	GO	P28289
KLF16	nucleoplasm	HPA	Q9BXK1
NGLY1	cytosol	GO	Q96IV0
DDC	cytosol	GO	P20711
MSN	plasmamembrane	HPA;GO	P26038
FERMT1	cytosol	GO	Q9BQL6
WBP2	nucleoplasm	HPA;GO	Q969T9
CHID1	golgiapparatus	GO	Q9BWS9
FAM133B	nucleoli	HPA	Q5BKY9
NIPAL3	nucleoplasm	HPA	Q6P499
KCNJ15	cytosol	HPA	Q99712
C14orf119	mitochondria	HPA	Q9NWQ9
C8B	plasmamembrane	GO	P07358
STAT2	nucleoplasm	GO	P52630
HEATR1	mitochondria	HPA	Q9H583
PDLIM4	cytosol	HPA	P50479
PLEC	actinfilaments	HPA;GO	Q15149
PPP1R15A	mitochondria	GO	O75807
SPAG9	cytosol	HPA;GO	O60271
CARD9	plasmamembrane	GO	Q9H257
FMC1-LUC7L2	nucleoplasm	HPA	
NRARP	nucleoplasm	HPA	Q7Z6K4
KRAS	mitochondria	GO	P01116
GPX2	microtubules	HPA	P18283
ZNF232	nucleoplasm	HPA	Q9UNY5
COPS3	nucleoplasm	HPA;GO	Q9UNS2
POLR3D	nucleoplasm	HPA;GO	P05423
XKR8	plasmamembrane	GO	Q9H6D3
ULK1	endoplasmicreticulum	GO	O75385
ITPR3	plasmamembrane	GO	Q14573
GRIN3A	plasmamembrane	GO	Q8TCU5
TNFAIP8L3	nucleoplasm	HPA	Q5GJ75
NDUFA13	mitochondria	HPA;GO	Q9P0J0
PACS2	mitochondria	HPA	Q86VP3
CUX1	nucleoplasm	HPA	P39880
ILF3	nucleoli	HPA	Q12906
MYH10	actinfilaments	GO	P35580
CD37	golgiapparatus	HPA	P11049
BTNL9	nuclearmembrane	HPA	Q6UXG8
LMX1A	golgiapparatus	HPA	Q8TE12
EXTL3	plasmamembrane	GO	O43909
SEC11C	golgiapparatus	HPA	Q9BY50
ALPK2	plasmamembrane	GO	Q86TB3
PACC1	plasmamembrane	GO	Q9H813
SMTNL2	nucleoplasm	HPA	Q2TAL5
PDCD4	cytosol	GO	Q53EL6
FAM83D	cytosol	HPA	Q9H4H8
CASP8AP2	nucleoli	HPA	Q9UKL3
FBXO42	nucleoplasm	HPA	Q6P3S6
HSPA12A	golgiapparatus	HPA	O43301
CIC	nucleoplasm	HPA	Q96RK0
S100G	cytosol	HPA	P29377
ABCA12	plasmamembrane	HPA;GO	Q86UK0
CETN3	centrosome	HPA;GO	O15182
TCP11L1	cytosol	HPA	Q9NUJ3
DNAJB12	endoplasmicreticulum	HPA;GO	Q9NXW2
DUOXA2	cytosol	GO	Q1HG44
PSPC1	nucleoli	HPA	Q8WXF1
FBXL15	cytosol	GO	Q9H469
LAMP2	plasmamembrane	GO	P13473
CCDC82	nucleoplasm	HPA	Q8N4S0
ATXN10	microtubules	GO	Q9UBB4
SYT15	golgiapparatus	HPA	Q9BQS2
TMEM144	mitochondria	HPA	Q7Z5S9
LHX1	nucleoplasm	HPA	P48742
ALKBH4	microtubules	GO	Q9NXW9
AKR1C4	endoplasmicreticulum	HPA	P17516
CAMK2G	plasmamembrane	HPA	Q13555
RAN	microtubules	GO	P62826
HPD	cytosol	GO	P32754
ACSL5	plasmamembrane	GO	Q9ULC5
KCNJ12	plasmamembrane	GO	Q14500
CNOT3	cytosol	HPA;GO	O75175
TRIM26	nucleoplasm	HPA	Q12899
LMNA	nuclearmembrane	GO	P02545
CORIN	plasmamembrane	HPA;GO	Q9Y5Q5
TMEM97	plasmamembrane	GO	Q5BJF2
CREB3L4	mitochondria	HPA	Q8TEY5
TMEM120A	plasmamembrane	GO	Q9BXJ8
ELFN2	nucleoplasm	HPA	Q5R3F8
BIRC7	nucleoplasm	HPA	Q96CA5
CTCFL	cytosol	HPA	Q8NI51
CALM1	plasmamembrane	GO	P0DP23
INSIG1	endoplasmicreticulum	GO	O15503
EPHA10	plasmamembrane	GO	Q5JZY3
ATN1	nucleoplasm	HPA	P54259
KATNAL2	microtubules	GO	Q8IYT4
ZNF2	plasmamembrane	HPA	Q9BSG1
USF2	nucleoplasm	HPA;GO	Q15853
HLA-DQA2	plasmamembrane	GO	P01906
EID2	nucleoplasm	HPA	Q8N6I1
AXIN2	centrosome	GO	Q9Y2T1
BLZF1	golgiapparatus	HPA;GO	Q9H2G9
CETN2	nucleoplasm	HPA;GO	P41208
ZFP3	nucleoplasm	HPA	Q96NJ6
H2BC11	cytosol	HPA	P06899
USP17L24	nucleoli	GO	Q0WX57
NBPF4	cytosol	HPA	Q96M43
SPIN3	nucleoplasm	HPA	Q5JUX0
TAPT1	centrosome	HPA;GO	Q6NXT6
FMNL3	cytosol	HPA;GO	Q8IVF7
SLC25A45	cytosol	HPA	Q8N413
PASK	cytosol	HPA	Q96RG2
MBTPS2	nucleoplasm	HPA	O43462
CYB5A	mitochondria	GO	P00167
FAM90A8	nucleoplasm	HPA	A6NJQ4
PRR23C	microtubules	HPA	Q6ZRP0
ZNF569	nucleoplasm	HPA	Q5MCW4
PLCH2	plasmamembrane	GO	O75038
RGS13	plasmamembrane	GO	O14921
NSUN6	cytosol	GO	Q8TEA1
SMAD3	primarycilium	HPA	P84022
NR3C1	mitochondria	HPA	P04150
TOX2	nucleoplasm	HPA	Q96NM4
BCL3	cytosol	HPA	P20749
WNT7B	endoplasmicreticulum	GO	P56706
DDX51	cytosol	HPA	Q8N8A6
USP37	nucleoplasm	HPA;GO	Q86T82
MED14	nucleoplasm	HPA;GO	O60244
PTGS2	cytosol	HPA	P35354
S100A3	golgiapparatus	HPA	P33764
ZNF320	nucleoplasm	HPA	A2RRD8
ARHGAP11B	cytosol	GO	Q3KRB8
CCDC85B	centrosome	GO	Q15834
FCER1A	plasmamembrane	GO	P12319
RPL5	nucleoplasm	GO	P46777
MX1	cytosol	HPA;GO	P20591
UBA5	cytosol	HPA	Q9GZZ9
CFAP70	primarycilium	HPA;GO	Q5T0N1
CORO2A	plasmamembrane	HPA	Q92828
SNU13	nucleoli	GO	P55769
H2BC9	nucleoplasm	HPA;GO	Q93079
DAG1	plasmamembrane	HPA;GO	Q14118
PRSS12	plasmamembrane	GO	P56730
SEMA6A	nucleoplasm	HPA	Q9H2E6
GLI2	nucleoplasm	HPA;GO	P10070
ZNF793	nucleoplasm	HPA	Q6ZN11
ZKSCAN5	intermediatefilaments	HPA	Q9Y2L8
SREBF1	cytosol	GO	P36956
CYFIP2	endoplasmicreticulum	HPA	Q96F07
HNRNPA0	nucleoplasm	HPA	Q13151
ADD2	actinfilaments	GO	P35612
IFT27	primarycilium	GO	Q9BW83
MCPH1	nucleoplasm	GO	Q8NEM0
PSMB6	cytosol	HPA;GO	P28072
MRPL28	mitochondria	HPA;GO	Q13084
ACP4	nucleoplasm	HPA	Q9BZG2
KLHDC3	cytosol	GO	Q9BQ90
MAP3K7	cytosol	HPA;GO	O43318
COX6B2	nucleoplasm	HPA	Q6YFQ2
DNAJA3	mitochondria	HPA;GO	Q96EY1
GAS7	actinfilaments	HPA	O60861
PRDX2	cytosol	HPA;GO	P32119
OPN1MW	primarycilium	GO	P04001
PNPLA4	mitochondria	GO	P41247
ESRRB	cytosol	HPA	O95718
LY9	plasmamembrane	HPA;GO	Q9HBG7
GAB2	plasmamembrane	HPA;GO	Q9UQC2
PKP2	nucleoplasm	HPA	Q99959
COX7B	mitochondria	GO	P24311
RNPS1	nucleoplasm	HPA;GO	Q15287
STX1A	nuclearmembrane	HPA	Q16623
CNOT2	cytosol	HPA;GO	Q9NZN8
IGKV3-20	cytosol	HPA	P01619
FAM76B	nucleoplasm	HPA;GO	Q5HYJ3
MAP1B	cytosol	HPA;GO	P46821
GP6	plasmamembrane	HPA;GO	Q9HCN6
DZIP1L	primarycilium	HPA;GO	Q8IYY4
CLEC1B	plasmamembrane	GO	Q9P126
RNF13	endoplasmicreticulum	GO	O43567
ARFGAP2	cytosol	GO	Q8N6H7
TNNT3	cytosol	GO	P45378
SERPINE1	plasmamembrane	GO	P05121
ZNG1C	plasmamembrane	HPA	Q5JTY5
SFPQ	cytosol	GO	P23246
TM9SF4	golgiapparatus	GO	Q92544
ZNF426	nucleoplasm	HPA	Q9BUY5
MRPS22	mitochondria	HPA;GO	P82650
PAX9	nucleoli	HPA	P55771
SPINK5	endoplasmicreticulum	GO	Q9NQ38
CDKN2C	nucleoplasm	HPA	P42773
URB2	microtubules	GO	Q14146
RSL1D1	nucleoli	HPA;GO	O76021
PLA2G4A	endoplasmicreticulum	GO	P47712
ODF2L	centrosome	GO	Q9ULJ1
HCAR3	plasmamembrane	HPA;GO	P49019
IQGAP1	actinfilaments	GO	P46940
BLID	cytosol	HPA;GO	Q8IZY5
RAG1	nucleoli	HPA	P15918
VPS4A	microtubules	HPA;GO	Q9UN37
AP4B1	golgiapparatus	GO	Q9Y6B7
AHCYL1	cytosol	HPA	O43865
KDM4C	nucleoplasm	HPA;GO	Q9H3R0
CEP70	centrosome	HPA;GO	Q8NHQ1
SLC35F1	plasmamembrane	GO	Q5T1Q4
ABCB8	nucleoli	HPA	Q9NUT2
FAR2	golgiapparatus	HPA	Q96K12
DOLK	nucleoli	HPA	Q9UPQ8
MARCHF7	cytosol	HPA	Q9H992
MAPKAP1	primarycilium	HPA	Q9BPZ7
MGAT4B	golgiapparatus	HPA;GO	Q9UQ53
ADPRS	mitochondria	GO	Q9NX46
MMP16	plasmamembrane	GO	P51512
ENSG00000284779	nucleoplasm	HPA	
CDH13	plasmamembrane	HPA;GO	P55290
KCNG3	cytosol	HPA	Q8TAE7
HBD	cytosol	GO	P02042
GPI	cytosol	HPA;GO	P06744
BEND6	plasmamembrane	HPA	Q5SZJ8
NXF2	nucleoplasm	GO	Q9GZY0
ZBTB7A	nucleoplasm	HPA	O95365
RPLP1	actinfilaments	GO	P05386
MBD1	nucleoplasm	HPA;GO	Q9UIS9
OTULINL	cytosol	HPA	Q9NUU6
GABRR1	plasmamembrane	GO	P24046
APLP1	plasmamembrane	HPA;GO	P51693
SPTY2D1	nucleoli	HPA	Q68D10
TTC30A	nucleoplasm	HPA	Q86WT1
ACTR10	cytosol	GO	Q9NZ32
ATP5IF1	mitochondria	HPA;GO	Q9UII2
ATXN3	nucleoplasm	HPA;GO	P54252
CD4	endoplasmicreticulum	GO	P01730
PLAUR	plasmamembrane	HPA;GO	Q03405
PJA2	plasmamembrane	GO	O43164
ERCC2	nucleoplasm	HPA;GO	P18074
NUTM2B	nucleoplasm	HPA	A6NNL0
STK16	nucleoplasm	HPA	O75716
PTEN	cytosol	HPA;GO	P60484
ZBTB8B	nucleoplasm	HPA	Q8NAP8
PLB1	plasmamembrane	GO	Q6P1J6
UBQLN1	plasmamembrane	GO	Q9UMX0
ANXA8	cytosol	GO	P13928
PRAG1	plasmamembrane	GO	Q86YV5
SLC19A3	cytosol	HPA	Q9BZV2
IARS2	mitochondria	HPA;GO	Q9NSE4
GALNT5	cytosol	HPA	Q7Z7M9
HLA-DRB4	plasmamembrane	GO	P13762
NLRP4	cytosol	GO	Q96MN2
SAYSD1	endoplasmicreticulum	GO	Q9NPB0
RLF	nucleoplasm	HPA	P51460
CHRNB1	plasmamembrane	GO	P11230
MEF2B	plasmamembrane	HPA	Q02080
ARCN1	endoplasmicreticulum	GO	P48444
ZCCHC7	cytosol	HPA	Q8N3Z6
RNF216	nucleoplasm	HPA	Q9NWF9
RHOU	plasmamembrane	GO	Q7L0Q8
HNRNPLL	mitochondria	HPA	Q8WVV9
RIMS1	cytosol	GO	Q86UR5
RHOA	plasmamembrane	HPA;GO	P61586
FBXL14	cytosol	GO	Q8N1E6
ZNF593	nucleoli	HPA	O00488
DNMBP	cytosol	HPA;GO	Q6XZF7
TIGAR	mitochondria	GO	Q9NQ88
PLXNA2	plasmamembrane	GO	O75051
GSDMA	nucleoplasm	HPA	Q96QA5
SPRYD3	plasmamembrane	HPA	Q8NCJ5
PPP1R21	nucleoplasm	HPA	Q6ZMI0
METTL14	nucleoplasm	HPA;GO	Q9HCE5
SEC22C	nucleoplasm	HPA	Q9BRL7
SETX	microtubules	HPA	Q7Z333
SAR1B	cytosol	GO	Q9Y6B6
ANKRD34B	mitochondria	HPA	A5PLL1
DRP2	plasmamembrane	HPA	Q13474
POP1	nucleoli	HPA;GO	Q8NE79
MLF1	primarycilium	HPA	P58340
ZNF619	intermediatefilaments	HPA	Q8N2I2
DCTN6	cytosol	HPA;GO	O00399
CHST1	golgiapparatus	GO	O43916
FN3KRP	nucleoplasm	HPA	Q9HA64
MSANTD3	cytosol	HPA	Q96H12
PHIP	nucleoli	HPA	Q8WWQ0
GRHL3	actinfilaments	HPA	Q8TE85
LETM2	cytosol	HPA	Q2VYF4
GFRA1	golgiapparatus	HPA	P56159
TEX2	nucleoplasm	HPA	Q8IWB9
NEDD8	nucleoplasm	HPA;GO	Q15843
PEX14	nucleoli	HPA	O75381
FOXR1	nucleoplasm	HPA	Q6PIV2
SLC3A2	plasmamembrane	HPA;GO	P08195
SRRM3	intermediatefilaments	HPA	A6NNA2
UBE2I	nucleoli	HPA	P63279
TPX2	cytosol	GO	Q9ULW0
RAB43	golgiapparatus	GO	Q86YS6
SCARB2	cytosol	HPA	Q14108
SLC4A10	plasmamembrane	GO	Q6U841
KRT6B	intermediatefilaments	HPA	P04259
DISC1	cytosol	HPA	Q9NRI5
AMBP	mitochondria	GO	P02760
GLIS2	nucleoplasm	HPA	Q9BZE0
MAP3K2	cytosol	HPA	Q9Y2U5
SRY	nucleoplasm	GO	Q05066
TBC1D9B	plasmamembrane	HPA	Q66K14
BAALC	cytosol	HPA	Q8WXS3
TTPAL	golgiapparatus	HPA	Q9BTX7
ENSG00000286235	nucleoplasm	HPA	
CDK15	nucleoplasm	HPA	Q96Q40
FZD4	plasmamembrane	HPA;GO	Q9ULV1
PLAG1	nucleoplasm	HPA	Q6DJT9
LENG8	cytosol	HPA	Q96PV6
ZNF211	mitochondria	HPA	Q13398
ACTN4	primarycilium	HPA	O43707
ENSG00000111780	mitochondria	HPA	
DPH2	cytosol	HPA;GO	Q9BQC3
CFAP61	nucleoplasm	HPA	Q8NHU2
NCAPH	cytosol	HPA;GO	Q15003
ZBTB9	nuclearmembrane	HPA	Q96C00
TPM4	plasmamembrane	GO	P67936
CLVS1	golgiapparatus	GO	Q8IUQ0
CRYBB3	microtubules	HPA	P26998
SKIL	cytosol	HPA	P12757
CAP1	actinfilaments	GO	Q01518
TMED1	golgiapparatus	GO	Q13445
NTRK2	plasmamembrane	HPA;GO	Q16620
TIRAP	nucleoplasm	HPA	P58753
SLC2A1	microtubules	GO	P11166
FAM89A	nucleoplasm	HPA	Q96GI7
MAMDC2	nucleoplasm	HPA	Q7Z304
PSIP1	cytosol	GO	O75475
GNAQ	plasmamembrane	HPA;GO	P50148
AGTPBP1	nucleoplasm	HPA	Q9UPW5
SYNPR	cytosol	HPA	Q8TBG9
SCOC	cytosol	GO	Q9UIL1
ATP6V1H	plasmamembrane	HPA;GO	Q9UI12
PRR16	cytosol	HPA	Q569H4
VIM	plasmamembrane	GO	P08670
KDELR1	golgiapparatus	HPA;GO	P24390
ATP12A	plasmamembrane	HPA;GO	P54707
GGH	endoplasmicreticulum	HPA	Q92820
HSP90B1	microtubules	GO	P14625
ADAMTSL4	cytosol	HPA	Q6UY14
ABR	nucleoplasm	HPA	Q12979
NUP133	cytosol	GO	Q8WUM0
SLC36A4	cytosol	HPA	Q6YBV0
PAX2	centrosome	GO	Q02962
RFLNB	plasmamembrane	HPA	Q8N5W9
SRFBP1	nucleoli	HPA	Q8NEF9
ZNF296	nucleoplasm	HPA	Q8WUU4
QPCTL	golgiapparatus	HPA	Q9NXS2
UBASH3A	cytosol	HPA;GO	P57075
RTN4R	plasmamembrane	HPA;GO	Q9BZR6
RPS25	cytosol	HPA;GO	P62851
KIF23	actinfilaments	GO	Q02241
CCDC121	cytosol	HPA	Q6ZUS5
KRTAP4-9	cytosol	GO	Q9BYQ8
PTK6	cytosol	HPA;GO	Q13882
CNNM4	plasmamembrane	HPA	Q6P4Q7
ANAPC7	microtubules	HPA;GO	Q9UJX3
IGHMBP2	nucleoplasm	HPA	P38935
KCNMB3	mitochondria	HPA	Q9NPA1
ISOC2	cytosol	HPA	Q96AB3
SLX1A	nucleoplasm	HPA;GO	Q9BQ83
POLR1D	golgiapparatus	HPA	P0DPB5
CT45A3	nucleoli	HPA	Q8NHU0
ARL13B	microtubules	HPA	Q3SXY8
NDUFC1	mitochondria	HPA;GO	O43677
CBR3	cytosol	HPA;GO	O75828
JAK1	actinfilaments	GO	P23458
DMRTC1	nucleoplasm	HPA	Q5HYR2
MYO1C	nucleoplasm	HPA;GO	O00159
NTAN1	golgiapparatus	HPA	Q96AB6
HACD4	endoplasmicreticulum	GO	Q5VWC8
BTN1A1	plasmamembrane	GO	Q13410
PSMA2	nucleoplasm	GO	P25787
STK26	plasmamembrane	GO	Q9P289
POLR1H	nucleoli	HPA;GO	Q9P1U0
SNRK	nucleoplasm	HPA	Q9NRH2
KCNK9	plasmamembrane	HPA;GO	Q9NPC2
CEMIP	endoplasmicreticulum	HPA;GO	Q8WUJ3
ZMYND12	cytosol	HPA	Q9H0C1
NR4A1	nucleoli	HPA	P22736
OPA1	nucleoplasm	HPA	O60313
NEBL	actinfilaments	GO	O76041
FBXO44	cytosol	GO	Q9H4M3
CITED4	nucleoplasm	GO	Q96RK1
NDC80	nucleoplasm	HPA;GO	O14777
PRDM13	nucleoplasm	HPA	Q9H4Q3
RPS2	nucleoplasm	GO	P15880
RPP25L	nucleoli	HPA	Q8N5L8
RRP12	cytosol	HPA	Q5JTH9
KRTAP13-1	cytosol	GO	Q8IUC0
S100B	nucleoplasm	HPA	P04271
ARFGAP1	primarycilium	HPA	Q8N6T3
RIN3	cytosol	GO	Q8TB24
SHTN1	centrosome	HPA	A0MZ66
WIPF2	cytosol	GO	Q8TF74
KCNA6	plasmamembrane	HPA;GO	P17658
GPX1	cytosol	HPA;GO	P07203
SLITRK2	plasmamembrane	GO	Q9H156
ATP6V1D	primarycilium	GO	Q9Y5K8
LRP1	cytosol	HPA	Q07954
RPAP3	cytosol	HPA	Q9H6T3
TRABD2B	plasmamembrane	HPA;GO	A6NFA1
SPAG16	plasmamembrane	HPA	Q8N0X2
PKHD1	microtubules	GO	P08F94
CASP7	nucleoplasm	HPA;GO	P55210
IGKV3D-11	cytosol	HPA	A0A0A0MRZ8
MAB21L1	nucleoplasm	HPA	Q13394
ATP1A3	golgiapparatus	GO	P13637
HCST	plasmamembrane	HPA;GO	Q9UBK5
BIRC2	nucleoplasm	HPA	Q13490
MED8	nucleoplasm	HPA;GO	Q96G25
PARVB	actinfilaments	HPA;GO	Q9HBI1
FREM2	cytosol	HPA	Q5SZK8
ENSG00000269547	mitochondria	HPA	
TRPV1	plasmamembrane	GO	Q8NER1
POLRMT	mitochondria	HPA;GO	O00411
ZNF621	nucleoplasm	HPA	Q6ZSS3
ASAH2	actinfilaments	HPA	Q9NR71
PRKD1	cytosol	HPA;GO	Q15139
CYP24A1	mitochondria	HPA;GO	Q07973
TMEM108	plasmamembrane	HPA	Q6UXF1
XPA	cytosol	HPA	P23025
MYF5	nucleoplasm	HPA;GO	P13349
CAMKK2	cytosol	HPA;GO	Q96RR4
CREBL2	mitochondria	HPA	O60519
PHETA2	golgiapparatus	GO	Q6ICB4
HEPACAM2	microtubules	HPA;GO	A8MVW5
S100A1	golgiapparatus	HPA	P23297
TTYH1	plasmamembrane	HPA;GO	Q9H313
UBQLN2	plasmamembrane	HPA	Q9UHD9
STAB1	cytosol	HPA	Q9NY15
KLF4	nucleoplasm	HPA;GO	O43474
PAK5	plasmamembrane	GO	Q9NQU5
SCN5A	endoplasmicreticulum	GO	Q14524
CD79B	plasmamembrane	HPA;GO	P40259
PYGM	cytosol	GO	P11217
ZNF860	nucleoli	HPA	A6NHJ4
SASH3	plasmamembrane	HPA	O75995
STMN3	golgiapparatus	HPA	Q9NZ72
MKI67	nucleoli	HPA;GO	P46013
AGTR2	plasmamembrane	GO	P50052
LMF2	centrosome	HPA	Q9BU23
RXYLT1	golgiapparatus	HPA;GO	Q9Y2B1
KRT36	cytosol	GO	O76013
ZNF202	nucleoplasm	HPA	O95125
TSSK3	nucleoli	HPA	Q96PN8
SMPDL3B	golgiapparatus	HPA	Q92485
NOTCH1	endoplasmicreticulum	GO	P46531
PPP1R9B	nucleoplasm	GO	Q96SB3
HENMT1	actinfilaments	HPA	Q5T8I9
ITGB2	cytosol	HPA	P05107
TACC2	cytosol	HPA	O95359
DCDC2	microtubules	HPA	Q9UHG0
TUBG1	microtubules	GO	P23258
SVBP	nucleoplasm	HPA	Q8N300
CSNK1D	nucleoplasm	HPA;GO	P48730
NHERF1	plasmamembrane	GO	O14745
CD3E	plasmamembrane	HPA;GO	P07766
AFAP1	actinfilaments	HPA;GO	Q8N556
BRCA2	centrosome	GO	P51587
DDX11	microtubules	GO	Q96FC9
CDK5RAP2	cytosol	HPA;GO	Q96SN8
MYO1G	plasmamembrane	HPA	B0I1T2
TIFA	nucleoli	HPA	Q96CG3
PIK3R5	cytosol	HPA;GO	Q8WYR1
NLRC3	centrosome	HPA	Q7RTR2
USP36	nucleoli	HPA;GO	Q9P275
MMP24	nucleoli	HPA	Q9Y5R2
AEBP1	cytosol	HPA	Q8IUX7
EIF3M	cytosol	HPA;GO	Q7L2H7
SLX4IP	cytosol	HPA	Q5VYV7
STK17A	plasmamembrane	HPA	Q9UEE5
CSNK2B	plasmamembrane	GO	P67870
SAC3D1	cytosol	HPA	A6NKF1
YKT6	cytosol	HPA	O15498
CIMAP1D	microtubules	GO	Q3SX64
DNAJB11	endoplasmicreticulum	HPA;GO	Q9UBS4
FIP1L1	nucleoplasm	HPA;GO	Q6UN15
INPP5K	cytosol	GO	Q9BT40
TMSB4X	nucleoplasm	HPA	P62328
DDX1	cytosol	HPA;GO	Q92499
NPY5R	plasmamembrane	GO	Q15761
TPM1	plasmamembrane	GO	P09493
EXO5	cytosol	HPA;GO	Q9H790
GPD2	mitochondria	HPA;GO	P43304
THEM6	cytosol	HPA	Q8WUY1
MARCHF2	endoplasmicreticulum	HPA;GO	Q9P0N8
GTSE1	cytosol	GO	Q9NYZ3
AMY2A	golgiapparatus	HPA	P04746
EVA1B	nucleoplasm	HPA	Q9NVM1
LY75	golgiapparatus	HPA	O60449
DOCK9	cytosol	GO	Q9BZ29
ATP1A4	plasmamembrane	GO	Q13733
IGLC3	plasmamembrane	GO	P0DOY3
ABCA8	plasmamembrane	GO	O94911
C18orf25	nucleoplasm	HPA	Q96B23
RYR1	endoplasmicreticulum	GO	P21817
CXCL8	golgiapparatus	HPA	P10145
NUDT7	cytosol	GO	P0C024
PWWP3A	nucleoplasm	HPA	Q2TAK8
BECN1	nucleoplasm	HPA	Q14457
KCTD4	centrosome	HPA	Q8WVF5
ADRB1	plasmamembrane	GO	P08588
AHI1	cytosol	GO	Q8N157
TNFRSF10A	plasmamembrane	GO	O00220
PIWIL4	nucleoplasm	HPA	Q7Z3Z4
DARS2	mitochondria	HPA;GO	Q6PI48
RRP1B	nucleoplasm	HPA	Q14684
DLG3	cytosol	GO	Q13368
PCLAF	centrosome	HPA	Q15004
LONRF3	nucleoplasm	HPA	Q496Y0
CAPN2	golgiapparatus	GO	P17655
HIP1R	cytosol	HPA;GO	O75146
TBCK	nucleoli	HPA	Q8TEA7
EPHA7	plasmamembrane	GO	Q15375
FTSJ3	nucleoplasm	HPA	Q8IY81
TYW5	mitochondria	HPA	A2RUC4
RC3H1	cytosol	HPA;GO	Q5TC82
DYNAP	plasmamembrane	GO	Q8N1N2
ABL2	intermediatefilaments	HPA	P42684
LRRC27	nucleoplasm	HPA	Q9C0I9
UBLCP1	nucleoli	HPA	Q8WVY7
CCT6A	microtubules	GO	P40227
C6orf47	cytosol	HPA	O95873
SPRY1	plasmamembrane	GO	O43609
ZNF397	microtubules	HPA	Q8NF99
DNAJA1	endoplasmicreticulum	GO	P31689
MYO9B	cytosol	HPA;GO	Q13459
GRHPR	nucleoplasm	HPA	Q9UBQ7
TRPM1	endoplasmicreticulum	GO	Q7Z4N2
BCO1	centrosome	HPA	Q9HAY6
OTOF	cytosol	GO	Q9HC10
ROCK1	cytosol	GO	Q13464
DCTN1	cytosol	GO	Q14203
SIDT2	plasmamembrane	GO	Q8NBJ9
STK3	centrosome	GO	Q13188
BTBD7	actinfilaments	HPA	Q9P203
GSDMB	cytosol	HPA	Q8TAX9
MYORG	mitochondria	HPA	Q6NSJ0
NKIRAS1	cytosol	HPA	Q9NYS0
PRKCD	golgiapparatus	HPA	Q05655
CAPZA3	cytosol	GO	Q96KX2
SEC31B	cytosol	HPA	Q9NQW1
UBE3A	nucleoplasm	HPA	Q05086
UBR3	nucleoplasm	HPA	Q6ZT12
KIAA0513	cytosol	HPA	O60268
CHD1	nucleoplasm	HPA;GO	O14646
AOPEP	plasmamembrane	HPA	Q8N6M6
C1orf94	cytosol	HPA	Q6P1W5
ZNF749	nuclearmembrane	HPA	O43361
SPRING1	golgiapparatus	GO	Q9H741
SAT1	cytosol	GO	P21673
B3GNT6	golgiapparatus	GO	O43505
TBX18	nucleoplasm	HPA	O95935
EFEMP1	mitochondria	HPA	Q12805
CAPRIN1	cytosol	HPA	Q14444
CLEC5A	cytosol	HPA	Q9NY25
LRRC57	mitochondria	HPA	Q8N9N7
NDP	nucleoli	HPA	Q00604
WDHD1	nucleoplasm	HPA	O75717
BMF	plasmamembrane	GO	Q96LC9
STK36	cytosol	HPA	Q9NRP7
LORICRIN	cytosol	GO	P23490
PLEKHG6	cytosol	GO	Q3KR16
CGREF1	golgiapparatus	HPA	Q99674
CHD9	cytosol	HPA	Q3L8U1
CLEC18C	endoplasmicreticulum	GO	Q8NCF0
GPR160	plasmamembrane	HPA	Q9UJ42
PRC1	nucleoplasm	HPA	O43663
TBPL1	nucleoli	HPA	P62380
FGFR4	golgiapparatus	GO	P22455
SHH	plasmamembrane	GO	Q15465
TXLNG	cytosol	HPA	Q9NUQ3
TRMT2A	nucleoplasm	HPA	Q8IZ69
CFAP141	primarycilium	GO	Q5VU69
SOCS1	nucleoplasm	HPA	O15524
RBM6	nucleoplasm	HPA	P78332
UVRAG	endoplasmicreticulum	GO	Q9P2Y5
MAX	nucleoplasm	HPA;GO	P61244
TNFRSF1B	plasmamembrane	GO	P20333
WDR46	nucleoli	HPA	O15213
NME4	mitochondria	HPA;GO	O00746
AKT3	primarycilium	HPA	Q9Y243
REEP6	endoplasmicreticulum	HPA;GO	Q96HR9
PDE3B	endoplasmicreticulum	HPA	Q13370
PDGFRA	endoplasmicreticulum	GO	P16234
HMGCL	mitochondria	GO	P35914
MARK4	primarycilium	GO	Q96L34
TARDBP	nucleoplasm	HPA	Q13148
INSM1	nucleoplasm	GO	Q01101
SLC5A3	plasmamembrane	HPA;GO	P53794
ELAPOR2	endoplasmicreticulum	HPA	A8MWY0
ZNF512	nucleoplasm	HPA	Q96ME7
SLC5A9	cytosol	HPA	Q2M3M2
DDX27	nucleoli	HPA;GO	Q96GQ7
IRAK1	nucleoplasm	HPA	P51617
ZSCAN10	nucleoplasm	HPA;GO	Q96SZ4
FLYWCH1	cytosol	HPA	Q4VC44
ATP8A1	plasmamembrane	GO	Q9Y2Q0
MYG1	mitochondria	GO	Q9HB07
DUSP12	nucleoplasm	HPA	Q9UNI6
MBLAC2	mitochondria	HPA	Q68D91
HIF3A	nucleoplasm	HPA;GO	Q9Y2N7
SCARF2	cytosol	HPA	Q96GP6
SUCLG1	mitochondria	HPA;GO	P53597
RXRG	nucleoplasm	HPA;GO	P48443
ZEB1	nucleoplasm	HPA;GO	P37275
CUL5	golgiapparatus	HPA	Q93034
GTF2H2C	nucleoplasm	HPA	Q6P1K8
NFKB1	cytosol	HPA;GO	P19838
FAF1	cytosol	GO	Q9UNN5
ARHGEF33	nucleoplasm	HPA	A8MVX0
H2BC14	cytosol	HPA	Q99879
FXYD6	plasmamembrane	GO	Q9H0Q3
PHF21A	nucleoplasm	HPA;GO	Q96BD5
STXBP1	cytosol	HPA;GO	P61764
OTULIN	cytosol	GO	Q96BN8
RASGRP1	golgiapparatus	GO	O95267
TAS2R16	plasmamembrane	GO	Q9NYV7
MRPS18B	plasmamembrane	HPA	Q9Y676
OLA1	cytosol	HPA	Q9NTK5
C12orf60	cytosol	HPA	Q5U649
PPP4R1	plasmamembrane	HPA	Q8TF05
RMDN3	mitochondria	HPA;GO	Q96TC7
VGF	endoplasmicreticulum	GO	O15240
LAS1L	nucleoplasm	GO	Q9Y4W2
GARIN5A	nucleoli	HPA	Q6IPT2
GLI3	nucleoplasm	HPA;GO	P10071
RBM3	nucleoplasm	HPA	P98179
SNAP47	cytosol	HPA	Q5SQN1
NOD2	plasmamembrane	GO	Q9HC29
RPS13	nucleoplasm	GO	P62277
SPTLC3	microtubules	HPA	Q9NUV7
CHTF18	nucleoplasm	HPA;GO	Q8WVB6
OBSL1	plasmamembrane	GO	O75147
RUFY2	nucleoplasm	HPA	Q8WXA3
AKAP4	primarycilium	GO	Q5JQC9
COL8A2	endoplasmicreticulum	GO	P25067
TMEM69	nucleoplasm	HPA	Q5SWH9
SSX5	nucleoplasm	HPA	O60225
GFPT2	cytosol	GO	O94808
FOXL2	nucleoplasm	HPA;GO	P58012
MET	plasmamembrane	HPA;GO	P08581
WBP11	cytosol	HPA	Q9Y2W2
TGOLN2	golgiapparatus	HPA	O43493
CUEDC1	cytosol	HPA	Q9NWM3
RGS1	plasmamembrane	GO	Q08116
CMAS	nucleoplasm	GO	Q8NFW8
ACYP2	nucleoplasm	HPA	P14621
RILPL1	cytosol	HPA	Q5EBL4
MRAP2	plasmamembrane	GO	Q96G30
TM7SF3	cytosol	HPA	Q9NS93
CSK	plasmamembrane	GO	P41240
PPP2R3B	nucleoplasm	HPA;GO	Q9Y5P8
SF3B2	nucleoplasm	HPA;GO	Q13435
MRPS5	mitochondria	HPA;GO	P82675
CCNB1	microtubules	GO	P14635
CAMK2A	nucleoplasm	GO	Q9UQM7
IDE	cytosol	GO	P14735
FANCB	nucleoplasm	GO	Q8NB91
HSPA14	cytosol	GO	Q0VDF9
PPP2R5C	nucleoplasm	HPA;GO	Q13362
PPM1D	nucleoli	HPA	O15297
NDUFA10	mitochondria	HPA;GO	O95299
SLC39A1	plasmamembrane	GO	Q9NY26
KIFAP3	nucleoplasm	HPA;GO	Q92845
TRMT1	cytosol	HPA	O75648
CYTH1	plasmamembrane	GO	Q15438
PER2	cytosol	HPA	O15055
GCC1	golgiapparatus	HPA	Q96CN9
AMOT	plasmamembrane	HPA;GO	Q4VCS5
PPP2R5D	cytosol	HPA;GO	Q14738
H2AC13	nucleoplasm	HPA	P0C0S8
DLC1	plasmamembrane	GO	P63167
TAS2R5	plasmamembrane	GO	Q9NYW4
SNCA	mitochondria	GO	P37840
RICTOR	golgiapparatus	GO	Q6R327
GPER1	endoplasmicreticulum	GO	Q99527
SNX17	golgiapparatus	GO	Q15036
MRPL52	mitochondria	HPA;GO	Q86TS9
CUL3	microtubules	GO	Q13618
ADRB2	plasmamembrane	HPA;GO	P07550
SLC12A7	plasmamembrane	GO	Q9Y666
ITGB7	plasmamembrane	HPA;GO	P26010
SSB	nucleoplasm	HPA;GO	P05455
TRMT10A	nucleoplasm	HPA	Q8TBZ6
CCDC88A	cytosol	GO	Q3V6T2
NAA50	nucleoli	HPA	Q9GZZ1
AMER2	plasmamembrane	HPA;GO	Q8N7J2
EDC4	nucleoplasm	HPA	Q6P2E9
HCLS1	cytosol	HPA	P14317
GCHFR	nucleoplasm	HPA	P30047
GNL3	nucleoplasm	HPA	Q9BVP2
RASSF2	golgiapparatus	HPA	P50749
REXO5	nuclearmembrane	HPA	Q96IC2
EXOC2	plasmamembrane	GO	Q96KP1
KRAS	actinfilaments	GO	P01116
OTUD4	cytosol	HPA	Q01804
CASKIN1	nucleoplasm	HPA	Q8WXD9
HSPA5	microtubules	GO	P11021
CA2	cytosol	GO	P00918
MROH2B	cytosol	HPA	Q7Z745
MPP7	plasmamembrane	HPA;GO	Q13112
KYNU	cytosol	HPA;GO	Q16719
NUP107	nucleoplasm	GO	P57740
NPHS1	plasmamembrane	GO	O60500
ARMCX3	golgiapparatus	HPA	Q9UH62
MUC15	golgiapparatus	GO	Q8N387
HCFC1	nucleoplasm	HPA;GO	P51610
SFTPC	endoplasmicreticulum	GO	P11686
VAPB	endoplasmicreticulum	HPA;GO	O95292
WTAP	nuclearmembrane	GO	Q15007
KHDRBS1	cytosol	GO	Q07666
CD200	plasmamembrane	GO	P41217
RTEL1	nucleoplasm	HPA;GO	Q9NZ71
RSPH10B	primarycilium	HPA	P0C881
SPIRE1	mitochondria	GO	Q08AE8
CCNC	cytosol	HPA	P24863
FEM1A	nucleoplasm	HPA	Q9BSK4
BBS1	cytosol	GO	Q8NFJ9
FPR1	plasmamembrane	GO	P21462
FCAMR	plasmamembrane	GO	Q8WWV6
EBAG9	golgiapparatus	HPA;GO	O00559
TBC1D2	plasmamembrane	HPA;GO	Q9BYX2
TNKS2	cytosol	GO	Q9H2K2
RPL18	cytosol	HPA;GO	Q07020
RAB7A	plasmamembrane	GO	P51149
SLC5A5	plasmamembrane	GO	Q92911
HNRNPU	microtubules	GO	Q00839
NSUN2	nucleoplasm	GO	Q08J23
COQ8B	mitochondria	HPA;GO	Q96D53
RFT1	endoplasmicreticulum	GO	Q96AA3
B4GALNT1	golgiapparatus	GO	Q00973
PADI4	cytosol	GO	Q9UM07
KRTAP4-2	cytosol	GO	Q9BYR5
PTK2	primarycilium	GO	Q05397
KLF3	nucleoplasm	HPA	P57682
KDM4B	nucleoplasm	HPA;GO	O94953
FATE1	mitochondria	GO	Q969F0
GARNL3	nucleoplasm	HPA	Q5VVW2
XK	nucleoplasm	HPA	P51811
GYG1	cytosol	GO	P46976
CDC42BPA	plasmamembrane	HPA	Q5VT25
CES1	endoplasmicreticulum	HPA;GO	P02795
CYB5R1	cytosol	HPA	Q9UHQ9
FKBP5	nucleoli	HPA	Q13451
ANKRD33B	mitochondria	HPA	A6NCL7
SMDT1	mitochondria	HPA;GO	Q9H4I9
CDKL5	plasmamembrane	GO	O76039
P2RY12	plasmamembrane	GO	Q9H244
ACBD6	cytosol	HPA;GO	Q9BR61
ANTKMT	cytosol	HPA	Q9BQD7
NPFFR2	plasmamembrane	HPA;GO	Q9Y5X5
ARL13A	plasmamembrane	HPA	Q5H913
SYTL2	cytosol	GO	Q9HCH5
WNT3	plasmamembrane	GO	P56703
BAG5	mitochondria	GO	Q9UL15
SYT2	plasmamembrane	GO	Q8N9I0
P2RX3	plasmamembrane	GO	P56373
CLTC	golgiapparatus	GO	Q00610
CEP78	cytosol	GO	Q5JTW2
GMFB	cytosol	HPA	P60983
SHOC2	cytosol	HPA;GO	Q9UQ13
ZNF704	nucleoplasm	HPA	Q6ZNC4
DHODH	mitochondria	HPA;GO	Q02127
C2CD2	cytosol	GO	Q9Y426
SFTA3	endoplasmicreticulum	GO	P0C7M3
MTF1	nucleoplasm	HPA;GO	Q01538
SERPINA10	nucleoplasm	HPA	Q9UK55
JAM2	nucleoplasm	HPA	P57087
PKD1	golgiapparatus	GO	P98161
CNR2	endoplasmicreticulum	GO	P34972
MYOZ2	cytosol	HPA	Q9NPC6
DOK4	cytosol	HPA;GO	Q8TEW6
IFT122	primarycilium	HPA;GO	Q9HBG6
SNRPD2	cytosol	HPA;GO	P62316
CRHR2	plasmamembrane	HPA;GO	Q13324
ESD	cytosol	HPA	P10768
ZGLP1	nucleoplasm	HPA	P0C6A0
POLA1	nucleoplasm	HPA;GO	P09884
SEPHS2	cytosol	GO	Q99611
CCNJL	nucleoplasm	HPA	Q8IV13
COG1	golgiapparatus	GO	Q8WTW3
LTB4R	plasmamembrane	GO	Q15722
REN	plasmamembrane	GO	P00797
JAK2	plasmamembrane	GO	O60674
SDCCAG8	cytosol	GO	Q86SQ7
ESF1	nucleoli	HPA	Q9H501
PRR32	plasmamembrane	HPA	B1ATL7
LCE1A	cytosol	GO	Q5T7P2
ARPP21	cytosol	HPA	Q9UBL0
PTPN12	nucleoplasm	GO	Q05209
MRTO4	nucleoli	HPA	Q9UKD2
UBXN8	endoplasmicreticulum	HPA;GO	O00124
GAS2L2	actinfilaments	GO	Q8NHY3
C2orf68	nuclearmembrane	HPA	Q2NKX9
DNAJA3	actinfilaments	GO	Q96EY1
TTC19	microtubules	GO	Q6DKK2
DENND1B	nucleoplasm	HPA	Q6P3S1
SPATA9	mitochondria	HPA	Q9BWV2
CWC25	nucleoplasm	HPA;GO	Q9NXE8
MTRFR	nucleoplasm	HPA	Q9H3J6
ALDOA	cytosol	HPA;GO	P04075
GNAI3	golgiapparatus	HPA;GO	P08754
SERP2	endoplasmicreticulum	HPA	Q8N6R1
TPTE2	golgiapparatus	GO	Q6XPS3
DOP1B	nucleoplasm	HPA	Q9Y3R5
TRA	plasmamembrane	GO	P0DSE1
LRRN1	centrosome	HPA	O75427
ZDHHC7	golgiapparatus	HPA;GO	Q9NXF8
TRIM46	centrosome	HPA	Q7Z4K8
FBXO22	cytosol	GO	Q8NEZ5
TTC30B	primarycilium	HPA	Q8N4P2
PXK	plasmamembrane	HPA	Q7Z7A4
C22orf15	endoplasmicreticulum	HPA	Q8WYQ4
AS3MT	mitochondria	HPA	Q9HBK9
PVALB	plasmamembrane	HPA	P20472
RLBP1	nucleoplasm	HPA	P12271
ACSL3	endoplasmicreticulum	GO	O95573
FBXL16	cytosol	GO	Q8N461
KIF2B	cytosol	GO	Q8N4N8
PET100	mitochondria	HPA	P0DJ07
AQP11	endoplasmicreticulum	GO	Q8NBQ7
RIIAD1	nucleoplasm	HPA	A6NNX1
TBC1D20	endoplasmicreticulum	GO	Q96BZ9
CGAS	plasmamembrane	GO	Q8N884
EIF4A3	nucleoplasm	HPA;GO	P38919
TMX4	endoplasmicreticulum	GO	Q9H1E5
ACAN	golgiapparatus	GO	P16112
RASSF3	plasmamembrane	HPA	Q86WH2
SESN3	nucleoplasm	HPA	P58005
TRIM11	cytosol	HPA	Q96F44
PDCD1LG2	plasmamembrane	GO	Q9BQ51
DHX30	cytosol	HPA	Q7L2E3
GNAT1	plasmamembrane	GO	P11488
GATB	mitochondria	HPA;GO	O75879
TBX2	nucleoplasm	HPA;GO	Q13207
GNPDA2	cytosol	GO	Q8TDQ7
FH	nucleoplasm	GO	P07954
VPS33B	cytosol	GO	Q9H267
CLTCL1	plasmamembrane	GO	P53675
CAMSAP3	plasmamembrane	GO	Q9P1Y5
UBB	mitochondria	GO	P0CG47
EFCC1	cytosol	HPA	Q9HA90
SARS1	cytosol	HPA;GO	P49591
MMP27	endoplasmicreticulum	GO	Q9H306
H1-9P	nucleoplasm	GO	P60008
ARMS2	mitochondria	GO	P0C7Q2
CLASP1	cytosol	GO	Q7Z460
MIS12	cytosol	GO	Q9H081
ELOVL3	cytosol	HPA	Q9HB03
RNPEP	plasmamembrane	GO	Q9H4A4
RPAP2	cytosol	HPA	Q8IXW5
ABHD2	plasmamembrane	GO	P08910
ANKLE2	plasmamembrane	HPA	Q86XL3
DMRTA2	nucleoplasm	HPA	Q96SC8
H2BC12	cytosol	HPA	O60814
CFAP95	microtubules	GO	Q5VTT2
CDC42EP1	plasmamembrane	HPA;GO	Q00587
METTL18	nucleoplasm	HPA	O95568
TRA2B	nucleoplasm	HPA;GO	P62995
GPKOW	nucleoplasm	HPA;GO	Q92917
OTUD5	nucleoplasm	HPA	Q96G74
ZCCHC2	nucleoplasm	HPA	Q9C0B9
IGLV1-47	plasmamembrane	GO	P01700
CASC3	nuclearmembrane	HPA	O15234
SLC5A11	cytosol	HPA	Q8WWX8
MIF4GD	cytosol	HPA	A9UHW6
CNTN2	plasmamembrane	GO	Q02246
CYP2B6	cytosol	HPA	P20813
LRIG1	cytosol	HPA	Q96JA1
VAV3	cytosol	GO	Q9UKW4
CCDC63	plasmamembrane	HPA	Q8NA47
PPIB	actinfilaments	GO	P23284
CLPX	mitochondria	HPA;GO	O76031
DDX51	nucleoli	HPA	Q8N8A6
MOCOS	cytosol	HPA;GO	Q96EN8
FOCAD	plasmamembrane	GO	Q5VW36
ZNF770	cytosol	HPA	Q6IQ21
CDC42BPG	cytosol	HPA	Q6DT37
HYOU1	plasmamembrane	GO	Q9Y4L1
PPFIA4	plasmamembrane	GO	O75335
SLC66A2	nucleoplasm	HPA	Q8N2U9
NAA11	golgiapparatus	HPA	Q9BSU3
BMPR2	nucleoplasm	HPA	Q13873
EIF2AK3	endoplasmicreticulum	GO	Q9NZJ5
MT1A	cytosol	GO	P04731
UBE2C	plasmamembrane	HPA	O00762
DZIP1	microtubules	GO	Q86YF9
KIF1C	nucleoli	HPA	O43896
CNTROB	primarycilium	HPA	Q8N137
LIN9	nucleoplasm	HPA;GO	Q5TKA1
PRR12	cytosol	HPA	Q9ULL5
GLYATL2	endoplasmicreticulum	GO	Q8WU03
F5	plasmamembrane	GO	P12259
SYCP2L	nucleoplasm	HPA;GO	Q5T4T6
LMTK2	golgiapparatus	GO	Q8IWU2
COMMD3-BMI1	nucleoplasm	HPA	
ZNHIT3	mitochondria	HPA	Q15649
SYMPK	nucleoplasm	HPA;GO	Q92797
MYC	nucleoli	GO	P01106
ZFYVE27	nucleoplasm	HPA	Q5T4F4
MRPL3	mitochondria	GO	P09001
CREB1	primarycilium	HPA	P16220
MAPK1	mitochondria	GO	P28482
DHX35	centrosome	HPA	Q9H5Z1
SLC10A5	plasmamembrane	HPA	Q5PT55
PHLPP2	cytosol	HPA;GO	Q6ZVD8
CCDC178	primarycilium	GO	Q5BJE1
QPRT	cytosol	GO	Q15274
RAB11A	microtubules	GO	P62491
ANKDD1A	nucleoplasm	HPA	Q495B1
SLC6A1	plasmamembrane	GO	P30531
FOLR1	endoplasmicreticulum	GO	P15328
GAGE12C	plasmamembrane	HPA	A1L429
ABHD17A	plasmamembrane	GO	Q96GS6
PTGR3	golgiapparatus	HPA	Q8N4Q0
MNS1	microtubules	GO	Q8NEH6
DHRS9	endoplasmicreticulum	GO	Q9BPW9
ATAD3C	mitochondria	HPA	Q5T2N8
PDLIM2	actinfilaments	HPA	Q96JY6
RRS1	nucleoli	HPA;GO	Q15050
PMF1-BGLAP	golgiapparatus	HPA	
MRPL11	mitochondria	HPA;GO	Q9Y3B7
RARG	nucleoplasm	HPA;GO	P13631
TNKS	microtubules	GO	O95271
KNL1	nucleoplasm	HPA;GO	Q8NG31
NBN	nucleoplasm	HPA;GO	O60934
CORO1C	actinfilaments	GO	Q9ULV4
FBXL4	mitochondria	GO	Q9UKA2
SHKBP1	plasmamembrane	HPA	Q8TBC3
GRIN3A	endoplasmicreticulum	GO	Q8TCU5
C2orf73	plasmamembrane	HPA	Q8N5S3
CALR3	endoplasmicreticulum	GO	Q96L12
DXO	plasmamembrane	HPA	O77932
DISC1	centrosome	GO	Q9NRI5
ODF2	microtubules	GO	Q5BJF6
PAG1	plasmamembrane	HPA;GO	Q9NWQ8
H3Y1	nucleoplasm	HPA;GO	P0DPK2
CCM2	mitochondria	HPA	Q9BSQ5
UBE2D3	nucleoplasm	GO	P61077
CAPZB	cytosol	HPA;GO	P47756
KDM8	cytosol	HPA;GO	Q8N371
CHRNA6	plasmamembrane	GO	Q15825
PISD	cytosol	HPA	Q9UG56
KIF3B	cytosol	HPA;GO	O15066
TRPM5	plasmamembrane	GO	Q9NZQ8
KLC2	plasmamembrane	HPA	Q6P597
TBC1D8	centrosome	HPA	O95759
LRR1	nuclearmembrane	HPA	Q96L50
ALOX15B	cytosol	HPA;GO	O15296
IKZF5	nucleoplasm	HPA	Q9H5V7
SLC44A2	mitochondria	GO	Q8IWA5
ARHGAP8	cytosol	GO	P85298
ERGIC2	golgiapparatus	HPA	Q96RQ1
NOCT	mitochondria	GO	Q9UK39
DLGAP5	microtubules	HPA	Q15398
PCBD1	cytosol	HPA;GO	P61457
B3GNT4	nucleoli	HPA	Q9C0J1
EMC1	endoplasmicreticulum	GO	Q8N766
DIS3L2	cytosol	GO	Q8IYB7
TAX1BP3	cytosol	GO	O14907
MBD3	nucleoplasm	HPA;GO	O95983
DAPP1	plasmamembrane	GO	Q9UN19
HSPA8	plasmamembrane	GO	P11142
PSMD1	actinfilaments	HPA	Q99460
ACSL5	endoplasmicreticulum	GO	Q9ULC5
SPATS2L	cytosol	HPA	Q9NUQ6
TMEM97	endoplasmicreticulum	HPA;GO	Q5BJF2
SMURF2	cytosol	GO	Q9HAU4
FAM81A	nucleoplasm	HPA	Q8TBF8
PIDD1	nucleoplasm	GO	C0HMD6
CEBPE	nucleoplasm	HPA	Q15744
CHRNB4	plasmamembrane	HPA;GO	P30926
EXOC1	cytosol	HPA;GO	Q9NV70
FAM90A17	nucleoplasm	HPA	P0DV74
PARK7	plasmamembrane	GO	Q99497
DCTPP1	cytosol	HPA;GO	Q9H773
FAM163B	cytosol	HPA	P0C2L3
HLA-DQA2	endoplasmicreticulum	GO	P01906
VPS13C	cytosol	GO	Q709C8
KRTAP4-8	cytosol	GO	Q9BYQ9
HSPA1A	microtubules	GO	P0DMV8
IL21R	cytosol	HPA	Q9HBE5
PPP1R3C	nucleoplasm	HPA	Q9UQK1
DUSP26	golgiapparatus	GO	Q9BV47
KPNA3	nucleoplasm	HPA;GO	O00505
DNAJC5	mitochondria	GO	Q9H3Z4
RPL23	cytosol	HPA;GO	P62829
SLC38A2	plasmamembrane	HPA;GO	Q96QD8
STUB1	nucleoplasm	HPA	Q9UNE7
ABCC10	plasmamembrane	GO	Q5T3U5
WDR89	cytosol	HPA	Q96FK6
TTC7B	plasmamembrane	HPA;GO	Q86TV6
NOP10	nucleoplasm	HPA;GO	Q9NPE3
ISYNA1	nucleoplasm	HPA	Q9NPH2
CCKAR	plasmamembrane	HPA;GO	P32238
OTULINL	nucleoli	HPA	Q9NUU6
RNASEH1	nucleoplasm	HPA	O60930
QTRT2	endoplasmicreticulum	HPA	Q9H974
GAS6	endoplasmicreticulum	GO	Q14393
CRTAP	intermediatefilaments	HPA	O75718
MMUT	cytosol	HPA	P22033
CSRNP3	nucleoplasm	HPA	Q8WYN3
GABPB2	nucleoplasm	HPA	Q06547
CLEC18B	golgiapparatus	GO	Q6UXF7
AKT1	nucleoplasm	HPA;GO	P31749
TCTN3	microtubules	HPA	Q6NUS6
EEF1D	nucleoli	HPA	P29692
CCDC87	nucleoplasm	HPA	Q9NVE4
THY1	plasmamembrane	HPA;GO	P04216
LMO2	nucleoplasm	HPA;GO	P25791
GALNT5	nucleoli	HPA	Q7Z7M9
RGS6	nucleoplasm	HPA	P49758
FES	cytosol	HPA;GO	P07332
PDE4DIP	golgiapparatus	HPA;GO	Q5VU43
FAM199X	nucleoplasm	HPA	Q6PEV8
IL18RAP	plasmamembrane	GO	O95256
HCRTR2	plasmamembrane	HPA;GO	O43614
IRS2	plasmamembrane	GO	Q9Y4H2
BORA	nucleoplasm	HPA	Q6PGQ7
SERF2	nucleoplasm	HPA	P84101
CEP131	primarycilium	HPA;GO	Q9UPN4
MAP3K9	nucleoli	HPA	P80192
ZCCHC7	nucleoli	HPA	Q8N3Z6
DLL4	plasmamembrane	GO	Q9NR61
KY	nucleoplasm	HPA	Q8NBH2
RBBP6	nucleoplasm	HPA	Q7Z6E9
ATP2C1	golgiapparatus	HPA;GO	P98194
FIBCD1	plasmamembrane	HPA	Q8N539
CDC26	cytosol	GO	Q8NHZ8
ZNF697	nucleoplasm	HPA	Q5TEC3
OR2A4	microtubules	GO	O95047
BORCS5	microtubules	GO	Q969J3
CYP26B1	endoplasmicreticulum	GO	Q9NR63
IFIT3	mitochondria	HPA;GO	O14879
SNX14	cytosol	HPA	Q9Y5W7
DUSP14	cytosol	HPA	O95147
INTS15	microtubules	HPA	Q96N11
VIPR1	plasmamembrane	GO	P32241
ZNF35	nucleoplasm	HPA	P13682
ZNF655	plasmamembrane	HPA	Q8N720
TCTN1	actinfilaments	HPA	Q2MV58
TTLL6	microtubules	HPA	Q8N841
FUT4	golgiapparatus	GO	P22083
KAT7	nucleoli	GO	O95251
SAMD4B	cytosol	HPA	Q5PRF9
LAMA4	plasmamembrane	HPA	Q16363
KRT81	cytosol	GO	Q14533
NPIPB8	nucleoplasm	HPA	E9PQR5
NCAM2	plasmamembrane	HPA	O15394
SUGP2	nucleoplasm	HPA	Q8IX01
ILRUN	nucleoplasm	HPA	Q9H6K1
ANKRD1	nucleoplasm	HPA;GO	Q15327
RPL13	cytosol	HPA;GO	P26373
THRAP3	nucleoplasm	HPA;GO	Q9Y2W1
AUNIP	microtubules	GO	Q9H7T9
TULP3	primarycilium	HPA;GO	O75386
TMEM259	endoplasmicreticulum	HPA	Q4ZIN3
PRKAG3	cytosol	GO	Q9UGI9
DRG2	cytosol	HPA;GO	P55039
PLEKHH2	cytosol	HPA	Q8IVE3
NEFH	centrosome	HPA	P12036
GDNF	golgiapparatus	GO	P39905
OSTM1	nucleoplasm	HPA	Q86WC4
PHAX	cytosol	GO	Q9H814
L1CAM	actinfilaments	GO	P32004
MMACHC	nucleoplasm	HPA	Q9Y4U1
MCM5	nucleoplasm	HPA;GO	P33992
REXO4	nucleoplasm	HPA	Q9GZR2
KLHL35	centrosome	HPA	Q6PF15
SH3BGRL	cytosol	HPA;GO	O75368
ALG13	endoplasmicreticulum	GO	Q9NP73
PLEKHG5	cytosol	GO	O94827
CCDC122	nucleoplasm	HPA	Q5T0U0
CFP	endoplasmicreticulum	GO	P27918
H3C10	nucleoplasm	HPA	P68431
CSDC2	nucleoplasm	HPA	Q9Y534
PSIP1	nucleoli	GO	O75475
SMNDC1	nucleoplasm	HPA;GO	O75940
TSKS	microtubules	GO	Q9UJT2
ARID2	nucleoplasm	HPA;GO	Q68CP9
DNAH9	primarycilium	GO	Q9NYC9
NPIPB9	nucleoplasm	HPA	F8W1W9
KRTAP3-3	cytosol	GO	Q9BYR6
LYST	plasmamembrane	HPA	Q99698
TMEM8B	plasmamembrane	GO	A6NDV4
CLIP1	microtubules	HPA;GO	P30622
IL6R	plasmamembrane	GO	P08887
ADCY2	primarycilium	HPA	Q08462
DCAKD	mitochondria	GO	Q8WVC6
MINDY3	nucleoplasm	HPA	Q9H8M7
VPS50	plasmamembrane	HPA	Q96JG6
AK8	cytosol	GO	Q96MA6
CDK5RAP2	centrosome	HPA;GO	Q96SN8
DRD2	primarycilium	GO	P14416
PTER	cytosol	HPA	Q96BW5
ATG101	endoplasmicreticulum	GO	Q9BSB4
SCAMP1	golgiapparatus	GO	O15126
MCEE	nucleoli	HPA	Q96PE7
ZNF443	nucleoplasm	HPA	Q9Y2A4
ENSG00000260342	endoplasmicreticulum	HPA	
PFKFB3	cytosol	GO	Q16875
CLTC	microtubules	HPA;GO	Q00610
CORO2B	plasmamembrane	HPA	Q9UQ03
PAFAH1B2	cytosol	HPA;GO	P68402
RPS25	nucleoli	GO	P62851
DNAAF3	cytosol	HPA	Q8N9W5
DST	plasmamembrane	GO	Q03001
CAMK2N2	centrosome	HPA	Q96S95
DAO	cytosol	GO	P14920
MAGEA2	nucleoplasm	GO	P43356
CDH5	plasmamembrane	HPA;GO	P33151
C18orf21	nucleoli	HPA	Q32NC0
PAX2	nucleoplasm	HPA	Q02962
TTI2	centrosome	HPA	Q6NXR4
TUBA3C	microtubules	HPA	P0DPH7
ZNF503	plasmamembrane	HPA	Q96F45
RTN2	endoplasmicreticulum	GO	O75298
FBN1	golgiapparatus	HPA	P35555
MAP3K13	nucleoplasm	HPA	O43283
H2BC7	nucleoplasm	HPA	P62807
BMI1	cytosol	HPA	P35226
TTC17	cytosol	HPA	Q96AE7
CYB5R3	cytosol	GO	P00387
RPL35	cytosol	HPA;GO	P42766
ANXA4	nuclearmembrane	GO	P09525
GPSM2	microtubules	GO	P81274
SNX10	endoplasmicreticulum	GO	Q9Y5X0
EI24	cytosol	HPA	O14681
AHI1	centrosome	HPA;GO	Q8N157
NABP1	nucleoplasm	HPA;GO	Q96AH0
UBQLN1	endoplasmicreticulum	GO	Q9UMX0
AKR1B10	cytosol	HPA;GO	O60218
CACNB3	golgiapparatus	HPA	P54284
SULT4A1	cytosol	GO	Q9BR01
EVC	primarycilium	HPA;GO	P57679
HLA-DRB4	endoplasmicreticulum	GO	P13762
OR10S1	plasmamembrane	GO	Q8NGN2
NPEPL1	nucleoplasm	HPA	Q8NDH3
DRD1	cytosol	HPA	P21728
MRPL30	mitochondria	GO	Q8TCC3
DPF1	mitochondria	HPA	Q92782
SMIM13	golgiapparatus	HPA	P0DJ93
ARHGEF40	plasmamembrane	HPA	Q8TER5
RFX4	nucleoplasm	HPA	Q33E94
ATP8B1	plasmamembrane	HPA;GO	O43520
YBX1	nucleoplasm	GO	P67809
CACNB2	plasmamembrane	GO	Q08289
SMO	golgiapparatus	GO	Q99835
COX4I1	mitochondria	HPA;GO	P13073
MAEA	cytosol	GO	Q7L5Y9
GCKR	nucleoplasm	HPA;GO	Q14397
RDH8	nucleoplasm	HPA	Q9NYR8
KIAA1549	intermediatefilaments	HPA	Q9HCM3
CHI3L1	golgiapparatus	HPA	P36222
EPN1	nucleoplasm	HPA	Q9Y6I3
DNM2	golgiapparatus	HPA;GO	P50570
PRMT1	nucleoplasm	HPA;GO	Q99873
RASGRF1	plasmamembrane	GO	Q13972
PI4KA	plasmamembrane	HPA;GO	P42356
TES	cytosol	HPA	Q9UGI8
ATP2B2	plasmamembrane	GO	P23634
NAPRT	golgiapparatus	HPA	Q6XQN6
ZFYVE28	cytosol	HPA;GO	Q9HCC9
CLEC4F	cytosol	HPA	Q8N1N0
RRAGA	nucleoplasm	GO	Q7L523
LRP1	nucleoli	HPA	Q07954
GNAI3	microtubules	GO	P08754
FUT8	golgiapparatus	HPA;GO	Q9BYC5
GPRASP1	cytosol	HPA	Q5JY77
PLAAT1	cytosol	HPA	Q9HDD0
ENSG00000258472	nucleoplasm	HPA	
PMAIP1	cytosol	GO	Q13794
F2	golgiapparatus	GO	P00734
BRIX1	nucleoplasm	HPA	Q8TDN6
SPDYA	nucleoplasm	HPA	Q5MJ70
ENSG00000284292	cytosol	HPA	
MPHOSPH9	centrosome	HPA;GO	Q99550
OLFM2	nucleoplasm	HPA	O95897
FHAD1	nucleoplasm	HPA	B1AJZ9
LSM3	nucleoplasm	HPA;GO	P62310
PSMD2	microtubules	HPA	Q13200
MARVELD3	plasmamembrane	GO	Q96A59
APOL6	cytosol	HPA	Q9BWW8
MTPN	cytosol	HPA	P58546
SIRT2	cytosol	HPA;GO	Q8IXJ6
KLHL23	actinfilaments	HPA	Q8NBE8
TRMT61B	mitochondria	GO	Q9BVS5
RANGRF	nucleoplasm	HPA	Q9HD47
CDH12	plasmamembrane	GO	P55289
GTF3C5	nucleoplasm	HPA;GO	Q9Y5Q8
C19orf73	nucleoplasm	HPA	Q9NVV2
OARD1	nucleoplasm	HPA;GO	Q9Y530
MAGEC1	cytosol	HPA	O60732
WNT4	golgiapparatus	GO	P56705
CASTOR1	cytosol	GO	Q8WTX7
AP1G1	golgiapparatus	HPA;GO	O43747
CTPS1	actinfilaments	HPA	P17812
CLDN23	plasmamembrane	HPA	Q96B33
PLCG2	plasmamembrane	GO	P16885
EID1	nucleoplasm	HPA	Q9Y6B2
KLHL35	nucleoli	HPA	Q6PF15
GRB10	cytosol	GO	Q13322
GRM6	golgiapparatus	GO	O15303
MAP1S	nucleoplasm	HPA	Q66K74
AK2	mitochondria	HPA;GO	P54819
MEOX1	microtubules	HPA	P50221
PLEKHG6	centrosome	HPA	Q3KR16
FAM90A12P	nucleoplasm	HPA	A8MX19
KIF1B	mitochondria	GO	O60333
KRTAP4-7	cytosol	GO	Q9BYR0
DGKH	plasmamembrane	HPA;GO	Q86XP1
PPHLN1	golgiapparatus	HPA	Q8NEY8
IGHV4-39	plasmamembrane	GO	P01824
CIAO2B	cytosol	HPA;GO	Q9Y3D0
RPS11	plasmamembrane	GO	P62280
CALM3	microtubules	GO	P0DP25
AP3B2	golgiapparatus	HPA	Q13367
AK9	nuclearmembrane	HPA	Q5TCS8
FZD3	nucleoplasm	HPA	O00144
KPNB1	nucleoplasm	HPA;GO	Q14974
INO80E	nucleoplasm	HPA;GO	Q8NBZ0
JCAD	plasmamembrane	HPA;GO	Q9P266
ZBTB46	nucleoplasm	HPA	Q86UZ6
RAP2A	plasmamembrane	GO	P10114
FAM193A	cytosol	HPA	P78312
ANKZF1	cytosol	HPA	Q9H8Y5
GRK6	plasmamembrane	GO	P43250
SPHK1	plasmamembrane	HPA;GO	Q9NYA1
SCRN3	cytosol	HPA	Q0VDG4
ADA	cytosol	GO	P00813
ARHGEF18	plasmamembrane	HPA;GO	Q6ZSZ5
CDC14B	nucleoplasm	HPA;GO	O60729
RGS17	plasmamembrane	GO	Q9UGC6
ARHGAP19	plasmamembrane	HPA	Q14CB8
EMC6	nucleoplasm	HPA	Q9BV81
GNL2	nucleoli	HPA	Q13823
MTCL1	nucleoplasm	GO	Q9Y4B5
ACTR2	actinfilaments	GO	P61160
SUN3	plasmamembrane	HPA	Q8TAQ9
ZCCHC8	nucleoplasm	HPA;GO	Q6NZY4
ZNF407	nucleoplasm	HPA	Q9C0G0
RAC1	nucleoplasm	HPA	P63000
C9orf78	nucleoplasm	HPA;GO	Q9NZ63
SPAST	nuclearmembrane	GO	Q9UBP0
PDF	nucleoplasm	HPA	Q99988
FLNC	actinfilaments	GO	Q14315
ROMO1	mitochondria	GO	P60602
TREX1	cytosol	HPA	Q9NSU2
ZC3H12C	golgiapparatus	HPA	Q9C0D7
ZNF30	nucleoplasm	HPA	P17039
GLA	golgiapparatus	GO	P06280
ALS2	cytosol	HPA;GO	Q96Q42
POP7	nucleoli	HPA;GO	O75817
DLL3	plasmamembrane	HPA	Q9NYJ7
CRYL1	golgiapparatus	HPA	Q9Y2S2
PRELID1	mitochondria	HPA;GO	Q9Y255
SIAH2	cytosol	GO	O43255
DHRS3	mitochondria	HPA	O75911
PAGR1	nucleoplasm	GO	Q9BTK6
TMED10	golgiapparatus	HPA;GO	P49755
GDPD3	endoplasmicreticulum	GO	Q7L5L3
ANP32B	nucleoplasm	HPA	Q92688
HMGN2	nucleoplasm	HPA	P05204
MINDY1	nucleoplasm	HPA	Q8N5J2
OSGIN1	cytosol	HPA	Q9UJX0
NOX1	plasmamembrane	GO	Q9Y5S8
DRD4	plasmamembrane	HPA;GO	P21917
ARIH1	cytosol	GO	Q9Y4X5
FAM47E-STBD1	plasmamembrane	HPA	
MCRS1	nucleoplasm	HPA;GO	Q96EZ8
ARHGEF16	cytosol	GO	Q5VV41
DLG3	nucleoli	HPA	Q13368
MAP3K8	cytosol	HPA;GO	P41279
RPL3	actinfilaments	GO	P39023
RADIL	nucleoplasm	HPA	Q96JH8
UNC93B1	nucleoplasm	HPA	Q9H1C4
RPS12	nucleoplasm	GO	P25398
ACOT7	nucleoplasm	HPA	O00154
RPL10A	plasmamembrane	GO	P62906
ZNF74	actinfilaments	HPA	Q16587
GID8	cytosol	GO	Q9NWU2
CALD1	plasmamembrane	HPA	Q05682
SMARCA5	nucleoli	HPA	O60264
RPS21	nucleoplasm	GO	P63220
FBXO3	nucleoplasm	HPA	Q9UK99
ERGIC1	nucleoplasm	HPA	Q969X5
C1orf35	nucleoplasm	HPA	Q9BU76
HBB	cytosol	GO	P68871
SIRPA	plasmamembrane	GO	P78324
MCOLN2	plasmamembrane	GO	Q8IZK6
TUBB8B	microtubules	HPA	A6NNZ2
PPP1R1B	cytosol	GO	Q9UD71
MICOS10	mitochondria	HPA;GO	Q5TGZ0
RAB1A	golgiapparatus	GO	P62820
CFAP144	primarycilium	GO	A6NL82
PPP2R5B	cytosol	GO	Q15173
S1PR2	plasmamembrane	GO	O95136
ANGPT1	plasmamembrane	GO	Q15389
OGFRL1	nucleoplasm	HPA	Q5TC84
GABRQ	plasmamembrane	GO	Q9UN88
RHOG	actinfilaments	GO	P84095
PSMA6	primarycilium	HPA	P60900
CORO1B	plasmamembrane	HPA;GO	Q9BR76
MBIP	cytosol	HPA	Q9NS73
KIF21B	mitochondria	HPA	O75037
TRAPPC2B	nuclearmembrane	GO	P0DI82
FAM131A	nucleoli	HPA	Q6UXB0
ATAD5	cytosol	HPA	Q96QE3
GPR84	plasmamembrane	GO	Q9NQS5
CDC42EP5	primarycilium	HPA	Q6NZY7
MAST1	cytosol	HPA	Q7Z460
ZXDA	nucleoplasm	HPA	P98168
PTPN5	nucleoplasm	GO	P54829
KCNK13	nucleoplasm	HPA	Q9HB14
OSR2	nucleoplasm	HPA	Q8N2R0
UBA2	nucleoplasm	HPA;GO	Q9UBT2
CC2D2B	nucleoli	HPA	Q6DHV5
CCND1	cytosol	GO	P24385
TBXAS1	endoplasmicreticulum	HPA;GO	P24557
IRF1	nucleoplasm	HPA;GO	P10914
EIF3CL	cytosol	HPA	B5ME19
C1orf52	nucleoplasm	HPA	Q8N6N3
RAP1GAP2	plasmamembrane	GO	Q684P5
PLEKHA7	centrosome	GO	Q6IQ23
BAD	cytosol	GO	Q92934
SNCA	actinfilaments	GO	P37840
CCNE1	nucleoplasm	HPA;GO	P24864
SGK3	cytosol	GO	Q96BR1
SLC6A6	cytosol	HPA	P31641
AURKB	cytosol	GO	Q96GD4
FUS	nucleoplasm	HPA;GO	P35637
PCGF1	nucleoplasm	HPA	Q9BSM1
PINK1	nucleoplasm	GO	Q9BXM7
ABHD8	nucleoplasm	HPA	Q96I13
FCRL5	plasmamembrane	GO	Q96RD9
PTPN6	nucleoplasm	HPA;GO	P29350
CCDC88A	centrosome	HPA	Q3V6T2
AEBP2	nucleoplasm	HPA;GO	Q6ZN18
RAB14	cytosol	GO	P61106
SEC22A	golgiapparatus	HPA	Q96IW7
CLEC16A	nucleoplasm	HPA	Q2KHT3
PDGFRL	golgiapparatus	HPA	Q15198
CFAP410	cytosol	HPA	O43822
HDAC5	golgiapparatus	HPA	Q9UQL6
XBP1	nucleoplasm	GO	P17861
PEAR1	nucleoplasm	HPA	Q5VY43
DIP2A	nucleoplasm	HPA	Q14689
ZFP69B	cytosol	HPA	Q9UJL9
CPEB3	plasmamembrane	HPA	Q8NE35
CD3E	endoplasmicreticulum	HPA	P07766
GDI1	endoplasmicreticulum	GO	P31150
PLA2G4D	plasmamembrane	HPA	Q86XP0
PRUNE2	cytosol	HPA	Q8WUY3
CLEC14A	golgiapparatus	HPA	Q86T13
STOX1	cytosol	HPA	Q6ZVD7
PPP1R13B	nucleoplasm	HPA;GO	Q96KQ4
ZNF75D	golgiapparatus	HPA	P51815
TTLL8	cytosol	GO	A6PVC2
DLD	nucleoplasm	HPA	P09622
TIMM9	mitochondria	HPA;GO	Q9Y5J7
RAB18	plasmamembrane	GO	Q9NP72
ZNF79	cytosol	HPA	Q15937
ERBB4	nucleoplasm	GO	Q15303
BAG1	nucleoplasm	HPA	Q99933
ACTA2	actinfilaments	HPA	P62736
CDKN2A	mitochondria	GO	P42771
ABHD18	nuclearmembrane	HPA	Q0P651
PHF8	nucleoli	GO	Q9UPP1
TNS3	cytosol	GO	Q68CZ2
TNNC2	nucleoplasm	HPA	P02585
ADAT2	nucleoplasm	HPA;GO	Q7Z6V5
COPS6	cytosol	GO	Q7L5N1
KCNK16	endoplasmicreticulum	GO	Q96T55
RPS9	nucleoplasm	GO	P46781
RAB26	plasmamembrane	GO	Q9ULW5
PLPPR1	nucleoplasm	HPA	Q8TBJ4
SMPD3	plasmamembrane	GO	Q9NY59
KRR1	nucleoplasm	HPA;GO	Q13601
RPS26	cytosol	HPA;GO	P62854
TNKS2	centrosome	GO	Q9H2K2
FAM72B	plasmamembrane	HPA	Q86X60
XPO6	cytosol	HPA	Q96QU8
TMEM177	nucleoplasm	HPA	Q53S58
AHCY	cytosol	HPA;GO	P23526
ABCA8	endoplasmicreticulum	GO	O94911
GTF3C2	nucleoplasm	HPA;GO	Q8WUA4
KLHL22	cytosol	GO	Q53GT1
GTF2E2	nucleoplasm	HPA;GO	P29084
LHFPL4	golgiapparatus	HPA	Q7Z7J7
ITPKA	plasmamembrane	HPA	P23677
PDE4DIP	microtubules	GO	Q5VU43
GOLGA6A	nucleoplasm	HPA	Q9NYA3
ZNF195	cytosol	HPA	O14628
PLA2G4C	mitochondria	GO	Q9UP65
AKAP17A	nucleoplasm	HPA;GO	Q02040
SMAD6	primarycilium	HPA	O43541
WASL	cytosol	HPA;GO	O00401
RAB32	mitochondria	GO	Q13637
ADARB1	nucleoplasm	HPA;GO	P78563
MSL1	nucleoplasm	HPA;GO	Q68DK7
RPS17	plasmamembrane	GO	P08708
P2RX4	plasmamembrane	GO	Q99571
CDC27	microtubules	GO	P30260
SIPA1L2	nucleoplasm	HPA	Q9P2F8
FBXL19	nucleoplasm	HPA	Q6PCT2
ERCC6L2	centrosome	GO	Q5T890
CHUK	cytosol	HPA;GO	O15111
WBP2	cytosol	HPA	Q969T9
GPR87	nucleoplasm	HPA	Q9BY21
ARL15	primarycilium	HPA	Q9NXU5
FZD5	plasmamembrane	GO	Q13467
NDUFS2	mitochondria	HPA;GO	O75306
STAT2	cytosol	HPA;GO	P52630
ENO4	cytosol	HPA	A6NNW6
DHRS7B	cytosol	HPA	Q6IAN0
EPHB2	plasmamembrane	HPA;GO	P29323
TCEAL9	nucleoli	HPA	Q9UHQ7
MYMK	plasmamembrane	GO	A6NI61
RTP4	nucleoplasm	HPA	Q96DX8
DNAAF2	golgiapparatus	HPA	Q9NVR5
S100A6	cytosol	HPA;GO	P06703
ATP6V1G1	plasmamembrane	GO	O75348
ANAPC11	cytosol	GO	Q9NYG5
NRARP	cytosol	HPA	Q7Z6K4
HLA-G	endoplasmicreticulum	GO	P17693
SPDL1	nucleoplasm	GO	Q96EA4
HDAC1	cytosol	GO	Q13547
HSPA1L	cytosol	GO	P34931
CPSF2	nucleoplasm	HPA;GO	Q9P2I0
ADAMTS15	cytosol	HPA	Q8TE58
ARHGAP39	plasmamembrane	GO	Q9C0H5
TBX15	centrosome	HPA	Q96SF7
PPM1L	endoplasmicreticulum	GO	Q5SGD2
STX2	plasmamembrane	GO	P32856
TNFAIP8L3	cytosol	HPA;GO	Q5GJ75
SLC18B1	golgiapparatus	HPA	Q6NT16
WDR83	nucleoplasm	HPA	Q9BRX9
TEKT4	microtubules	GO	Q8WW24
CUX1	cytosol	GO	P39880
SIGLEC10	plasmamembrane	HPA;GO	Q96LC7
TTC24	nucleoplasm	HPA	A2A3L6
GOLGA6D	nucleoplasm	HPA	P0CG33
BFSP1	plasmamembrane	HPA	Q12934
DPYD	cytosol	GO	Q12882
PSKH1	cytosol	HPA	P11801
EMC10	endoplasmicreticulum	GO	Q5UCC4
EWSR1	nucleoplasm	HPA	Q01844
CLPB	mitochondria	GO	Q9H078
ZNF559	cytosol	HPA	Q9BR84
DAB2	plasmamembrane	HPA;GO	P98082
MINDY2	nucleoplasm	HPA	Q8NBR6
ZNF286A	nucleoli	HPA	Q9HBT8
PIK3C2A	plasmamembrane	GO	O00443
GRIK3	plasmamembrane	GO	Q13003
SDCCAG8	centrosome	HPA;GO	Q86SQ7
CCDC82	cytosol	HPA	Q8N4S0
MID1	cytosol	HPA;GO	O15344
WDR82	nucleoplasm	GO	Q6UXN9
TRAV19	plasmamembrane	GO	A0A0A6YYK7
ZNF787	nucleoplasm	HPA	Q6DD87
CUBN	cytosol	GO	O60494
RAE1	nucleoplasm	HPA	P78406
ULK3	primarycilium	GO	Q6PHR2
PTGES2	golgiapparatus	GO	Q9H7Z7
HAUS4	cytosol	GO	Q9H6D7
COQ2	cytosol	HPA	Q96H96
HELB	nucleoplasm	HPA;GO	Q8NG08
INTS14	nucleoplasm	HPA;GO	Q96SY0
SH3BP2	golgiapparatus	HPA	P78314
SKIC2	nucleoplasm	HPA	Q15477
TENT5C	nucleoplasm	HPA	Q5VWP2
NOL7	nucleoplasm	HPA	Q9UMY1
SAP30L	nucleoli	HPA;GO	Q9HAJ7
ZNF75A	nucleoplasm	HPA	Q96N20
MAP2K2	plasmamembrane	GO	P36507
RCCD1	cytosol	HPA;GO	A6NED2
HMCN1	golgiapparatus	HPA	Q96RW7
MESD	endoplasmicreticulum	HPA;GO	Q14696
SHH	endoplasmicreticulum	GO	Q15465
C1QTNF1	nucleoplasm	HPA	Q9BXJ1
GXYLT1	endoplasmicreticulum	HPA	Q4G148
C5orf15	golgiapparatus	HPA	Q8NC54
DHX33	nucleoplasm	GO	Q9H6R0
SLC6A14	plasmamembrane	HPA;GO	Q9UN76
NME5	cytosol	HPA	P56597
PCGF2	nucleoplasm	HPA;GO	P35227
SIRT1	nuclearmembrane	GO	Q96EB6
NDUFB4	nuclearmembrane	HPA	O95168
ZNF329	nucleoplasm	HPA	Q86UD4
FAM43B	cytosol	HPA	Q6ZT52
ANKRD27	cytosol	GO	Q96NW4
ASCC1	plasmamembrane	GO	Q8N9N2
PCYT1B	endoplasmicreticulum	GO	Q9Y5K3
YY1AP1	nucleoli	HPA;GO	Q9H869
FRMD7	plasmamembrane	HPA	Q6ZUT3
ZFP3	cytosol	HPA	Q96NJ6
CETN2	cytosol	GO	P41208
RPS3	mitochondria	GO	P23396
PUS7	nucleoplasm	HPA	Q96PZ0
DSCC1	nucleoplasm	HPA;GO	Q9BVC3
GPRASP3	nucleoplasm	HPA	Q6PI77
KIAA0930	nuclearmembrane	HPA	Q6ICG6
GPR17	plasmamembrane	GO	Q13304
DNAH17	microtubules	GO	Q9UFH2
NCF1	cytosol	GO	P14598
DNAJB1	nucleoplasm	HPA;GO	P25685
SPATA4	nucleoplasm	HPA	Q8NEY3
RBMS1	cytosol	HPA	P29558
RBMY1F	nucleoli	HPA	Q15415
GFM1	mitochondria	HPA;GO	Q96RP9
SHISAL1	cytosol	HPA	Q3SXP7
ZNF224	nuclearmembrane	HPA	Q9NZL3
PACS1	plasmamembrane	HPA	Q6VY07
PIGL	nucleoplasm	HPA	Q9Y2B2
ANKRD65	microtubules	HPA	E5RJM6
SRSF3	nucleoplasm	HPA;GO	P84103
BLVRB	nucleoplasm	HPA	P30043
KLHL28	cytosol	HPA	Q9NXS3
HERC6	cytosol	HPA;GO	Q8IVU3
RBFOX3	nucleoplasm	HPA	A6NFN3
KCNH5	cytosol	HPA	Q8NCM2
RBM27	nucleoplasm	HPA	Q9P2N5
TAB3	nucleoplasm	HPA	Q8N5C8
AMD1	nucleoplasm	HPA	P17707
VAX1	nucleoli	HPA	Q5SQQ9
TRAPPC4	cytosol	HPA;GO	Q9Y296
CAMTA2	actinfilaments	HPA	O94983
ZNF320	cytosol	HPA	A2RRD8
FBXO15	cytosol	GO	Q8NCQ5
SWI5	nucleoplasm	HPA;GO	Q1ZZU3
SLC16A8	plasmamembrane	GO	O95907
RASAL3	cytosol	GO	Q86YV0
RBP5	golgiapparatus	HPA	P29762
IPO5	nucleoplasm	HPA	O00410
PAGE5	mitochondria	HPA	Q96GU1
UBA1	nucleoplasm	HPA;GO	P22314
KRTAP8-1	cytosol	GO	Q8IUC2
THRA	nucleoplasm	GO	P10827
CTDSP2	nucleoplasm	HPA;GO	O14595
PSMB2	cytosol	GO	P49721
CLASP1	centrosome	GO	Q7Z460
ALPL	plasmamembrane	GO	P05186
ALOXE3	cytosol	HPA;GO	Q9BYJ1
H2BC9	cytosol	HPA	Q93079
PRTN3	cytosol	HPA;GO	P24158
AMACR	cytosol	GO	Q9UHK6
NBEAL2	plasmamembrane	GO	Q6ZNJ1
DNM2	microtubules	GO	P50570
GLI2	cytosol	GO	P10070
MANSC1	golgiapparatus	HPA	Q9H8J5
GCLC	cytosol	HPA;GO	P48506
SCN7A	plasmamembrane	HPA	Q01118
PURA	nucleoplasm	GO	Q00577
P2RY1	plasmamembrane	GO	P47900
CPZ	plasmamembrane	HPA	Q66K79
TRPC1	plasmamembrane	GO	P48995
POLE3	nucleoplasm	HPA;GO	Q9NRF9
BPIFB2	endoplasmicreticulum	GO	Q8N4F0
CEMIP2	plasmamembrane	HPA;GO	Q9UHN6
SOX11	nucleoplasm	HPA	P35716
ANKRD2	cytosol	GO	Q9GZV1
TRPM8	plasmamembrane	GO	Q7Z2W7
TADA2B	nucleoplasm	HPA;GO	Q86TJ2
COX6B2	cytosol	HPA	Q6YFQ2
MTIF3	mitochondria	HPA	Q9H2K0
TRIM15	cytosol	HPA	Q9C019
GPBP1	plasmamembrane	HPA	Q86WP2
GRAMD1A	cytosol	HPA	Q96CP6
C5	plasmamembrane	GO	P01031
BARD1	nucleoplasm	HPA;GO	Q99728
C1GALT1	nucleoplasm	HPA	Q9NS00
DSTYK	plasmamembrane	GO	Q6XUX3
CDHR3	plasmamembrane	GO	Q6ZTQ4
CD59	endoplasmicreticulum	GO	P13987
MFAP3	golgiapparatus	HPA	P55082
WNT5B	plasmamembrane	GO	Q9H1J7
YWHAH	plasmamembrane	GO	Q04917
ABCC9	nucleoplasm	HPA	O60706
SLC30A9	endoplasmicreticulum	GO	Q6PML9
CBLC	nucleoplasm	HPA	Q9ULV8
STYK1	plasmamembrane	HPA	Q6J9G0
FNTA	microtubules	GO	P49354
EPB41	microtubules	HPA	P11171
FLCN	primarycilium	GO	Q8NFG4
SPOUT1	centrosome	GO	Q5T280
STX4	plasmamembrane	HPA;GO	Q12846
SYNJ2	cytosol	HPA;GO	O15056
NFIB	nucleoplasm	HPA	O00712
CHCHD1	nucleoplasm	HPA	Q96BP2
CLHC1	centrosome	HPA	Q8NHS4
IFT74	primarycilium	HPA;GO	Q96LB3
KDM6B	nucleoplasm	HPA;GO	O15054
PLEK	cytosol	GO	P08567
ZFYVE19	actinfilaments	GO	Q96K21
TUBB4B	microtubules	HPA;GO	P68371
FAM47E	nucleoplasm	HPA;GO	Q6ZV65
POU4F2	nucleoplasm	GO	Q12837
MPPED2	mitochondria	HPA	Q15777
HOXB6	nucleoplasm	HPA	P17509
DPCD	microtubules	HPA	Q9BVM2
MAPK1	actinfilaments	GO	P28482
CERKL	nucleoplasm	HPA	Q49MI3
SNX30	nucleoplasm	HPA	Q5VWJ9
SNX10	primarycilium	HPA	Q9Y5X0
DNAJB7	cytosol	HPA	Q7Z6W7
PJA2	primarycilium	HPA	O43164
CISH	cytosol	GO	Q9NSE2
PREX1	plasmamembrane	GO	Q8TCU6
ZBED5	nucleoli	HPA	Q49AG3
HDAC3	cytosol	GO	O15379
TRAPPC6A	cytosol	GO	O75865
DUX4	nucleoplasm	HPA;GO	Q9UBX2
CENPB	nucleoplasm	HPA;GO	P07199
HES6	nucleoplasm	HPA	Q96HZ4
ARL6IP6	cytosol	HPA	Q8N6S5
WDR37	intermediatefilaments	HPA	Q9Y2I8
ARSH	endoplasmicreticulum	GO	Q5FYA8
NRP1	actinfilaments	GO	O14786
TP53BP1	nucleoplasm	HPA;GO	Q12888
RBBP8NL	nucleoplasm	HPA	Q8NC74
PLAA	nucleoplasm	HPA	Q9Y263
XIAP	nucleoplasm	HPA;GO	P98170
TK2	mitochondria	GO	O00142
SRSF11	nucleoplasm	HPA;GO	Q05519
MCM3	nucleoli	GO	P25205
UBE2E1	cytosol	GO	P51965
KCNK18	plasmamembrane	GO	Q7Z418
BPNT2	nucleoplasm	HPA	Q9NX62
HEY2	nucleoplasm	HPA;GO	Q9UBP5
TOP2B	cytosol	GO	Q02880
ICAM3	mitochondria	HPA	P32942
RCHY1	nucleoplasm	HPA;GO	Q96PM5
TLN2	cytosol	HPA	Q9Y4G6
C11orf1	nucleoplasm	HPA	Q9H5F2
XPC	nucleoplasm	HPA;GO	Q01831
CDHR5	plasmamembrane	GO	Q9HBB8
CSPG4	plasmamembrane	HPA;GO	Q6UVK1
IFI44	nucleoplasm	HPA	Q8TCB0
ERCC6	nucleoplasm	HPA;GO	P0DP91
PIGX	cytosol	HPA	Q8TBF5
TAF4B	nucleoli	HPA	Q92750
RPS27	cytosol	HPA;GO	P42677
COPS8	nucleoplasm	HPA;GO	Q99627
IL12A	endoplasmicreticulum	GO	P29459
SPSB4	cytosol	GO	Q96A44
NEDD9	cytosol	HPA	Q14511
EIF2B5	cytosol	HPA;GO	Q13144
OAS3	plasmamembrane	HPA	Q9Y6K5
PLA2G15	nucleoplasm	HPA	Q8NCC3
WASHC5	primarycilium	HPA	Q12768
TUBD1	nucleoplasm	HPA	Q9UJT1
WDR13	plasmamembrane	HPA	Q9H1Z4
NXF2	cytosol	GO	Q9GZY0
PRELID3B	nucleoplasm	HPA	Q9Y3B1
CYB5R2	golgiapparatus	HPA	Q6BCY4
LRRC7	plasmamembrane	HPA	Q96NW7
SLC6A5	plasmamembrane	GO	P23975
LGR5	plasmamembrane	GO	O75473
DCTN4	cytosol	GO	Q9UJW0
HSPA9	mitochondria	HPA;GO	P38646
ADCY3	nucleoli	HPA	O60266
C22orf23	nucleoplasm	HPA	Q9BZE7
ATXN3	cytosol	GO	P54252
TAFAZZIN	mitochondria	GO	Q16635
AQP10	plasmamembrane	HPA;GO	Q96PS8
STK16	cytosol	HPA	O75716
HERC2	nucleoplasm	GO	O95714
ZBTB8B	cytosol	HPA	Q8NAP8
DNASE1L3	endoplasmicreticulum	GO	Q13609
ZNF275	nucleoli	HPA	Q9NSD4
KRTAP4-6	cytosol	GO	Q9BYQ5
DVL1	nucleoplasm	HPA	O14640
CBY1	nucleoplasm	GO	Q9Y3M2
HK2	mitochondria	HPA	P52789
TRAM1	endoplasmicreticulum	GO	Q15629
RPAP2	nucleoli	HPA	Q8IXW5
LYZL6	plasmamembrane	GO	O75951
CHRNA7	plasmamembrane	GO	P36544
IMP4	nucleoplasm	GO	Q8TCT7
DENND4A	nucleoplasm	HPA	Q7Z401
POU5F1B	nucleoplasm	HPA	Q06416
PER1	nucleoplasm	HPA	O15534
IRX6	mitochondria	HPA	P78412
SMG9	cytosol	HPA;GO	Q9H0W8
MIF4GD	nucleoli	HPA	A9UHW6
PSMC1	cytosol	HPA;GO	P62191
MYH14	nucleoplasm	HPA	Q7Z406
SEPTIN4	plasmamembrane	GO	O43236
CDH18	plasmamembrane	GO	Q13634
AKR1C3	nucleoplasm	HPA	P42330
SC5D	plasmamembrane	HPA	O75845
NFE2	actinfilaments	HPA	Q16621
TMEM223	mitochondria	HPA;GO	A0PJW6
SNRNP25	microtubules	HPA	Q9BV90
TGFB1	cytosol	HPA	P01137
LGALS1	plasmamembrane	GO	P09382
VANGL1	plasmamembrane	HPA	Q8TAA9
CLIC4	microtubules	GO	Q9Y696
ADGRE5	actinfilaments	GO	P48960
FAAH	endoplasmicreticulum	GO	O00519
PLCG1	cytosol	GO	P19174
CDK1	nucleoplasm	HPA;GO	P06493
HSFY1	nucleoplasm	HPA	Q96LI6
MIER3	nucleoplasm	HPA	Q7Z3K6
NEDD8	cytosol	HPA;GO	Q15843
CD151	plasmamembrane	GO	P48509
DCST1	plasmamembrane	GO	Q5T197
TSC22D3	golgiapparatus	HPA	Q99576
FOXR1	cytosol	HPA	Q6PIV2
IFIT5	actinfilaments	GO	Q13325
DNAJB8	cytosol	GO	Q8NHS0
IFITM1	plasmamembrane	HPA;GO	P13164
MYO1B	golgiapparatus	GO	O43795
NT5C1A	cytosol	GO	Q9BXI3
FRAT1	cytosol	HPA;GO	Q92837
TBC1D5	plasmamembrane	GO	Q92609
AKR1C2	nucleoli	HPA	P52895
TNRC18	mitochondria	HPA	O15417
GPR85	endoplasmicreticulum	GO	P60893
CHM	cytosol	HPA;GO	P24386
NAPA	cytosol	GO	O96009
NPHP4	nucleoplasm	HPA	O75161
CDIN1	nucleoplasm	HPA	Q9Y2V0
DIP2C	nucleoplasm	HPA	Q9Y2E4
RAD18	nucleoplasm	HPA;GO	Q9NS91
FAM90A18	nucleoli	HPA	P0DV75
DHX37	nucleoplasm	GO	Q8IY37
TMEM127	plasmamembrane	GO	O75204
MYADM	nucleoplasm	HPA	Q96S97
PLAG1	cytosol	HPA	Q6DJT9
NUP98	nucleoplasm	GO	P52948
AMPD1	cytosol	GO	P23109
B3GALT6	golgiapparatus	GO	Q96L58
NKAPD1	cytosol	HPA	Q6ZUT1
SYNE2	endoplasmicreticulum	GO	Q8WXH0
CEP89	primarycilium	HPA;GO	Q96ST8
RPLP2	microtubules	HPA	P05387
IBA57	mitochondria	HPA	Q5T440
WIPF1	cytosol	HPA;GO	O43516
PRPF38A	nucleoplasm	HPA;GO	Q8NAV1
SIGLEC15	golgiapparatus	HPA	Q6ZMC9
FLOT1	actinfilaments	GO	O75955
CAPSL	plasmamembrane	HPA	Q8WWF8
RGMA	cytosol	HPA	Q96B86
BRCC3	cytosol	GO	P46736
SLC17A4	plasmamembrane	GO	Q9Y2C5
TSPAN5	nucleoplasm	HPA	P62079
ENTR1	primarycilium	GO	Q96C92
TOM1L1	cytosol	GO	O75674
UBTF	nucleoplasm	GO	P17480
NTM	plasmamembrane	GO	Q9P121
TIRAP	cytosol	HPA;GO	P58753
PDCL2	centrosome	HPA	Q8N4E4
SPTBN4	nucleoplasm	HPA;GO	Q9H254
HINFP	nucleoli	GO	Q9BQA5
SPATA5L1	nucleoli	HPA	Q9BVQ7
SNAP29	centrosome	HPA	O95721
TAF7	golgiapparatus	HPA	Q15545
MUC5AC	plasmamembrane	GO	P98088
CLDND2	nucleoplasm	HPA	Q8NHS1
PIKFYVE	golgiapparatus	GO	Q9Y2I7
ARHGAP29	nucleoplasm	HPA	Q52LW3
KDF1	cytosol	HPA	Q8NAX2
TBL1X	nucleoplasm	HPA;GO	O60907
NEU3	plasmamembrane	GO	Q9UQ49
TNIK	plasmamembrane	GO	Q9UKE5
CENPA	nucleoplasm	HPA;GO	P49450
NUP205	cytosol	GO	Q92621
SMUG1	nucleoplasm	HPA;GO	Q53HV7
FER1L6	plasmamembrane	HPA	Q2WGJ9
C20orf141	plasmamembrane	HPA	Q9NUB4
DZANK1	centrosome	GO	Q9NVP4
IKZF4	nucleoplasm	HPA	Q9H2S9
TTC6	centrosome	HPA	Q86TZ1
ZMYM4	nucleoplasm	HPA	Q5VZL5
MTCL2	microtubules	GO	O94964
KATNB1	microtubules	HPA;GO	Q9BVA0
RAB35	microtubules	GO	Q15286
STAMBPL1	cytosol	GO	Q96FJ0
E2F8	nucleoli	HPA	A0AVK6
THRSP	nucleoplasm	HPA	Q92748
FAM90A1	nucleoli	HPA	Q86YD7
ID4	nucleoplasm	HPA;GO	P47928
UBC	mitochondria	GO	P0CG48
ACSL4	mitochondria	HPA;GO	O60488
FAM98C	nucleoplasm	HPA	Q17RN3
ORAI3	nucleoplasm	HPA	Q9BRQ5
CEBPA	nucleoli	GO	P49715
CDC20	nucleoplasm	HPA;GO	Q12834
ZC3H11A	nucleoplasm	HPA;GO	O75152
CCDC81	centrosome	GO	Q6ZN84
IGHMBP2	cytosol	HPA	P38935
TAOK1	cytosol	HPA;GO	Q7L7X3
CNTRL	primarycilium	HPA;GO	Q7Z7A1
ENSG00000267740	mitochondria	HPA	
LRRC9	nucleoplasm	HPA	Q6ZRR7
FKBP14	golgiapparatus	HPA	Q9NWM8
GRK4	cytosol	HPA	P32298
RNF6	nuclearmembrane	HPA	Q9Y252
STX5	nucleoplasm	HPA	Q13190
NDUFAF8	mitochondria	HPA;GO	A1L188
PPP1CB	actinfilaments	GO	P62140
SLC25A4	mitochondria	HPA;GO	P12235
TAX1BP3	nucleoli	HPA	O14907
NLRP5	golgiapparatus	HPA;GO	P59047
CBX8	nucleoplasm	HPA;GO	Q9HC52
TRAIP	cytosol	HPA	Q9BWF2
RSRC2	nucleoplasm	HPA	Q7L4I2
RNFT2	nucleoplasm	HPA	Q96EX2
BMP6	mitochondria	HPA	P22004
LIMS2	cytosol	GO	Q7Z4I7
ENSG00000256349	microtubules	HPA	
SLC38A5	cytosol	HPA	Q8WUX1
SKIC3	nucleoplasm	HPA;GO	Q6PGP7
RAB10	actinfilaments	GO	P61026
DDX3Y	cytosol	HPA	O15523
CC2D1A	primarycilium	HPA	Q6P1N0
UMAD1	nucleoplasm	HPA	C9J7I0
COL26A1	plasmamembrane	GO	Q96A83
TMEM151A	endoplasmicreticulum	GO	Q8N4L1
BTBD18	plasmamembrane	HPA	B2RXH4
HIGD2A	mitochondria	HPA	Q9BW72
APOLD1	plasmamembrane	HPA;GO	Q96LR9
TSPY9	cytosol	HPA	A0A494C1R9
POMK	endoplasmicreticulum	GO	Q9H5K3
SOX30	cytosol	HPA	O94993
NDC80	cytosol	GO	O14777
CES2	endoplasmicreticulum	HPA;GO	O00748
SIGMAR1	plasmamembrane	GO	Q99720
PIK3CD	cytosol	HPA;GO	O00329
S100B	cytosol	HPA	P04271
FBXO16	plasmamembrane	HPA	Q8IX29
RCN3	endoplasmicreticulum	HPA;GO	Q96D15
PRX	plasmamembrane	HPA;GO	Q9BXM0
LYSMD3	golgiapparatus	GO	Q7Z3D4
RTL3	golgiapparatus	HPA	Q8N8U3
GNG7	plasmamembrane	GO	O60262
CEP68	nucleoplasm	HPA	Q76N32
ZC2HC1C	nucleoplasm	HPA	Q53FD0
STX12	golgiapparatus	HPA	Q86Y82
CHGB	endoplasmicreticulum	GO	P05060
PHTF2	nucleoplasm	HPA	Q8N3S3
CHCHD10	mitochondria	HPA;GO	Q8WYQ3
NFKBIB	nucleoplasm	HPA	Q15653
TUBA3E	primarycilium	HPA	Q6PEY2
TYMP	nucleoplasm	HPA	P19971
WDR43	nucleoli	GO	Q15061
HIGD2B	cytosol	HPA	Q4VC39
DVL3	plasmamembrane	HPA	Q92997
DPH7	nucleoplasm	HPA	Q9BTV6
RANBP2	nucleoplasm	HPA	P49792
PRLHR	plasmamembrane	GO	P49683
RGPD1	nuclearmembrane	HPA	P0DJD0
CYP2E1	endoplasmicreticulum	HPA;GO	P05181
GPR15	plasmamembrane	GO	P49685
MUC7	plasmamembrane	GO	Q8TAX7
F5	endoplasmicreticulum	GO	P12259
PACRG	cytosol	GO	Q96M98
S100A12	cytosol	GO	P80511
IQCF3	nucleoli	HPA	P0C7M6
PRICKLE4	microtubules	HPA	Q2TBC4
PLOD1	endoplasmicreticulum	GO	Q02809
LIG3	nucleoplasm	HPA;GO	P49916
ARSK	endoplasmicreticulum	GO	Q6UWY0
CASQ2	endoplasmicreticulum	GO	O14958
TRAF3IP1	primarycilium	HPA;GO	Q8TDR0
ABCA5	nucleoplasm	HPA	Q8WWZ7
SCYL1	golgiapparatus	GO	Q96KG9
FURIN	nucleoplasm	HPA	P09958
MUS81	nucleoli	HPA	Q96NY9
ARHGEF26	nucleoplasm	HPA	Q96DR7
CALHM5	golgiapparatus	HPA	Q8N5C1
PILRA	plasmamembrane	GO	Q9UKJ1
STAT6	nucleoplasm	HPA;GO	P42226
TSC1	cytosol	HPA;GO	Q92574
RCOR3	nucleoplasm	HPA	Q9P2K3
ARPC5	actinfilaments	GO	O15511
VCL	plasmamembrane	GO	P18206
RUVBL2	cytosol	HPA	Q9Y230
BCL11B	nucleoli	HPA	Q9C0K0
RALGDS	cytosol	GO	Q12967
HSD17B7	endoplasmicreticulum	GO	P56937
LRP5	plasmamembrane	GO	O75197
PPARGC1B	nucleoplasm	HPA;GO	Q86YN6
SLC17A3	plasmamembrane	GO	O00476
RAPGEF6	cytosol	HPA;GO	Q8TEU7
MPZL1	actinfilaments	GO	O95297
SLC11A1	nucleoli	HPA	P49279
KCNK6	plasmamembrane	HPA;GO	Q9Y257
GGTA1	cytosol	HPA	Q4G0N0
PRPF4	nucleoplasm	HPA;GO	O43172
SVBP	cytosol	HPA	Q8N300
HPGD	nucleoplasm	HPA	P15428
TGM3	plasmamembrane	GO	Q08188
ARHGAP21	plasmamembrane	HPA	Q5T5U3
PWP2	nucleoplasm	GO	Q15269
ATF6B	nucleoplasm	HPA;GO	Q99941
PBDC1	nucleoplasm	HPA	Q9BVG4
SLC38A4	plasmamembrane	GO	Q969I6
FBF1	intermediatefilaments	GO	Q8TES7
CARD8	cytosol	GO	Q9Y2G2
DUSP9	cytosol	GO	Q99956
PATZ1	nucleoplasm	HPA	Q9HBE1
RASGRP3	golgiapparatus	HPA	Q8IV61
TMEM50A	cytosol	HPA	O95807
SURF6	nucleoli	HPA	O75683
SIRT2	centrosome	GO	Q8IXJ6
HRK	mitochondria	GO	O00198
MACC1	mitochondria	HPA	Q6ZN28
RPL13	nucleoli	HPA	P26373
FANCD2	nucleoli	HPA	Q9BXW9
METTL3	nucleoplasm	HPA;GO	Q86U44
KIF3A	microtubules	GO	Q9Y496
PCDHB2	nucleoplasm	HPA	Q9Y5E7
EIPR1	intermediatefilaments	HPA	Q53HC9
LXN	nucleoplasm	HPA	Q9BS40
ESRRA	microtubules	HPA	P11474
RELA	plasmamembrane	GO	Q04206
NLRP10	plasmamembrane	GO	Q86W26
CFAP73	nucleoli	HPA	A6NFT4
FZD8	endoplasmicreticulum	HPA	Q9H461
SLC46A3	cytosol	HPA	Q7Z3Q1
NUTF2	nucleoplasm	GO	P61970
ARL11	intermediatefilaments	HPA	Q969Q4
RAB12	cytosol	GO	Q6IQ22
CDC14A	nucleoplasm	HPA;GO	Q9UNH5
CNOT9	cytosol	HPA;GO	Q92600
HSH2D	actinfilaments	HPA	Q96JZ2
MUC1	plasmamembrane	HPA;GO	P15941
LNX2	cytosol	HPA	Q8N448
NEURL1B	cytosol	HPA	A8MQ27
C1orf216	nucleoplasm	HPA	Q8TAB5
EGLN3	nucleoplasm	GO	Q9H6Z9
SAG	primarycilium	GO	P10523
CHD8	nucleoplasm	HPA;GO	Q9HCK8
EVA1B	cytosol	HPA	Q9NVM1
ZIK1	intermediatefilaments	HPA	Q3SY52
SULT1A2	cytosol	GO	P50226
AIM2	mitochondria	HPA	O14862
VCP	nucleoplasm	HPA;GO	P55072
RBBP8	nucleoplasm	HPA;GO	Q99708
BIRC3	nucleoplasm	HPA	Q13489
RPL9	nucleoli	HPA	P32969
TTC33	golgiapparatus	HPA	Q6PID6
RAB1B	cytosol	GO	Q9H0U4
BECN1	cytosol	HPA;GO	Q14457
TH	cytosol	HPA;GO	P07101
PXN	actinfilaments	HPA;GO	P49023
PPEF1	cytosol	GO	O14829
IL12B	cytosol	GO	P29460
MAP9	microtubules	GO	Q49MG5
ACTN2	cytosol	HPA;GO	P35609
KLF9	nucleoplasm	HPA	Q13886
VAMP3	plasmamembrane	GO	Q15836
EVI2A	primarycilium	HPA	P22794
GP1BB	plasmamembrane	GO	P13224
POLR2J2	nucleoplasm	HPA	Q9GZM3
EMP2	golgiapparatus	GO	P54851
DAP	mitochondria	HPA	P51397
KLHL9	microtubules	GO	Q9P2J3
GAGE13	golgiapparatus	HPA	Q4V321
GJA1	golgiapparatus	GO	P17302
POC1A	centrosome	GO	Q8NBT0
WARS2	mitochondria	HPA;GO	Q9UGM6
PARK7	endoplasmicreticulum	GO	Q99497
SPICE1	centrosome	HPA;GO	Q8N0Z3
IGKV2-30	plasmamembrane	GO	P06310
CLDN2	nucleoplasm	HPA	P57739
ITGB1BP1	cytosol	HPA;GO	O14713
EXD2	nucleoplasm	GO	Q9NVH0
CARMIL2	intermediatefilaments	GO	Q6F5E8
GLDN	plasmamembrane	HPA	Q6ZMI3
RPUSD4	mitochondria	HPA	Q96CM3
TBL1Y	nucleoplasm	HPA	Q9BQ87
PRKACA	nucleoplasm	GO	P17252
CASP8	mitochondria	GO	Q14790
WDR24	cytosol	HPA	Q96S15
RPS27L	endoplasmicreticulum	HPA	Q71UM5
UFD1	endoplasmicreticulum	GO	Q92890
JMJD8	endoplasmicreticulum	GO	Q96S16
ARSL	endoplasmicreticulum	GO	P51690
PGLYRP1	cytosol	HPA	O75594
BMI1	nucleoli	HPA	P35226
N4BP2L2	nucleoplasm	HPA	Q92802
PPCS	mitochondria	HPA	Q9HAB8
LAMP5	plasmamembrane	GO	Q9UJQ1
SRP72	cytosol	GO	O76094
ASAP3	plasmamembrane	GO	Q8TDY4
INPP5E	primarycilium	GO	Q10713
PYGL	cytosol	HPA;GO	P06737
VDR	cytosol	HPA	P11473
BAG4	cytosol	GO	O95429
IGFL2	plasmamembrane	HPA	Q6UWQ7
COG5	golgiapparatus	HPA;GO	Q9UP83
SGMS1	nucleoplasm	HPA	Q86VZ5
GNAI2	cytosol	HPA	P04899
FXYD3	nucleoplasm	HPA	Q14802
XPNPEP3	mitochondria	HPA;GO	Q9NQH7
KRT10	cytosol	GO	P13645
SPRR2D	cytosol	GO	P22532
CTNNA2	cytosol	GO	P26232
SNX32	actinfilaments	HPA	Q86XE0
PPP3CA	plasmamembrane	GO	Q08209
SHQ1	nucleoli	GO	Q6PI26
NT5C3A	cytosol	HPA;GO	Q9H0P0
MT-RNR2	mitochondria	GO	Q8IVG9
ADAM11	plasmamembrane	GO	O75078
GLI1	nucleoplasm	HPA;GO	P08151
TTN	nucleoplasm	GO	Q8WZ42
AMDHD2	cytosol	HPA;GO	Q9Y303
RAB41	golgiapparatus	GO	Q5JT25
AAAS	nuclearmembrane	HPA	Q9NRG9
ATP1B3	plasmamembrane	HPA;GO	P54709
G3BP1	cytosol	HPA;GO	Q13283
MYF6	nucleoplasm	HPA;GO	P23409
PRKCA	plasmamembrane	HPA;GO	P17252
TSR1	nucleoplasm	HPA;GO	Q2NL82
PRC1	cytosol	GO	O43663
NEGR1	cytosol	HPA	Q7Z3B1
SPRY4	cytosol	HPA	Q9C004
UNC119B	primarycilium	GO	A6NIH7
ENSG00000288520	nucleoplasm	HPA	
FOXD4L1	nucleoplasm	HPA	Q9NU39
ACTR1B	cytosol	GO	P42025
ZNF487	nuclearmembrane	HPA	B1APH4
ZNF500	cytosol	HPA	O60304
USP33	cytosol	GO	Q8TEY7
AGPAT3	golgiapparatus	GO	Q9NRZ7
CDH9	golgiapparatus	HPA	Q9ULB4
IGLV1-44	plasmamembrane	GO	P01699
RABL6	primarycilium	HPA	Q3YEC7
SLC47A1	plasmamembrane	GO	Q96FL8
NECAB3	endoplasmicreticulum	GO	Q96P71
SIRT2	nucleoli	HPA	Q8IXJ6
TAF1C	nucleoplasm	HPA;GO	Q15572
GRK2	cytosol	HPA;GO	P25098
AKAP8	nucleoplasm	HPA	O43823
TMEM88	cytosol	GO	Q6PEY1
OFD1	cytosol	GO	O75665
ZBED9	golgiapparatus	HPA	Q6R2W3
TMEM182	nucleoplasm	HPA	Q6ZP80
C8orf34	golgiapparatus	HPA	Q49A92
EFNA4	plasmamembrane	GO	P52798
FRMD4B	golgiapparatus	HPA	Q9Y2L6
MUC19	golgiapparatus	GO	Q7Z5P9
NOVA2	nucleoplasm	HPA	Q9UNW9
STOML2	mitochondria	GO	Q9UJZ1
IRAK1	cytosol	HPA;GO	P51617
GSK3B	nucleoplasm	HPA;GO	P49841
ARHGEF38	nucleoplasm	HPA	Q9NXL2
MCM7	cytosol	HPA	P33993
XNDC1N	nucleoplasm	HPA	Q6ZNB5
ANKS6	primarycilium	HPA	Q68DC2
ENPP2	actinfilaments	HPA	Q13822
OVCA2	nucleoplasm	HPA	Q8WZ82
RAPGEF3	actinfilaments	GO	O95398
GORAB	nucleoplasm	HPA	Q5T7V8
ARHGEF33	cytosol	HPA	A8MVX0
TNS2	plasmamembrane	GO	Q63HR2
FAM90A20P	nucleoplasm	HPA	A6NIJ5
GSTO2	cytosol	GO	Q9H4Y5
ZC3HC1	nucleoplasm	HPA;GO	Q86WB0
NECTIN2	plasmamembrane	HPA;GO	Q92692
RFC4	nucleoplasm	HPA;GO	P35249
PPP6C	cytosol	GO	O00743
HTR3B	plasmamembrane	GO	O95264
PLSCR3	cytosol	GO	Q9NRY6
EPHA1	plasmamembrane	GO	P21709
GAREM2	cytosol	HPA	Q75VX8
SLC25A14	mitochondria	HPA;GO	O95258
TBC1D9	cytosol	HPA	Q6ZT07
C5AR1	plasmamembrane	GO	P21730
CDC16	cytosol	GO	Q13042
RPS20	cytosol	HPA;GO	P60866
CIMIP2B	microtubules	GO	A8MTA8
MAPKAPK2	nucleoplasm	HPA;GO	P49137
GTPBP6	mitochondria	HPA	O43824
MOCS2	cytosol	HPA;GO	O96007
SAMD12	golgiapparatus	HPA	Q8N8I0
YIPF2	mitochondria	HPA	Q9BWQ6
TGFA	plasmamembrane	GO	P01135
ACVR1C	plasmamembrane	GO	Q8NER5
LPIN2	actinfilaments	HPA	Q92539
STOX1	centrosome	GO	Q6ZVD7
EHMT1	nucleoplasm	HPA;GO	Q9H9B1
ECPAS	centrosome	GO	Q5VYK3
VPS11	cytosol	HPA	Q9H270
KLRC1	plasmamembrane	HPA;GO	P26715
CSPG5	golgiapparatus	HPA;GO	O95196
DOK1	cytosol	HPA;GO	Q93070
STX16	cytosol	GO	O14662
GAS8	plasmamembrane	HPA	O95995
SLC4A9	plasmamembrane	HPA;GO	Q96Q91
PMEL	endoplasmicreticulum	HPA;GO	P40967
ALKBH8	cytosol	GO	Q96BT7
ZYG11B	golgiapparatus	HPA	Q9C0D3
CKMT1A	mitochondria	GO	P12532
ADNP2	mitochondria	HPA	Q6IQ32
USP29	cytosol	HPA	Q9HBJ7
POLDIP3	nucleoplasm	HPA;GO	Q9BY77
CENPX	nucleoplasm	GO	A8MT69
HUS1B	cytosol	HPA	Q8NHY5
KRBOX5	plasmamembrane	HPA	Q7Z2F6
AOC3	cytosol	HPA	Q16853
ERMAP	golgiapparatus	HPA	Q96PL5
IGLV3-27	plasmamembrane	GO	P01718
PSMB4	mitochondria	HPA	P28070
MAT2B	plasmamembrane	HPA	Q9NZL9
UBOX5	nucleoplasm	HPA;GO	O94941
PPP1R3F	nucleoplasm	HPA	Q6ZSY5
HMMR	plasmamembrane	GO	O75330
FEN1	nucleoli	HPA	P39748
MRPL2	mitochondria	HPA;GO	Q5T653
NR2F1	nucleoplasm	HPA;GO	P10589
LRRC34	primarycilium	HPA	Q8IZ02
IFNGR2	golgiapparatus	HPA	P38484
KLHL22	centrosome	GO	Q53GT1
MBTPS1	endoplasmicreticulum	GO	Q14703
CAMK2A	cytosol	GO	Q9UQM7
MATK	cytosol	HPA;GO	P42679
TCHHL1	nucleoli	HPA	Q5QJ38
ZFP41	nucleoli	HPA	Q8N8Y5
PTGER2	plasmamembrane	GO	P35408
TMEFF1	plasmamembrane	GO	Q8IYR6
LRPAP1	golgiapparatus	GO	P30533
P2RY13	plasmamembrane	GO	Q9BPV8
PTPN23	cytosol	HPA	Q9H3S7
ATRIP	nucleoplasm	HPA;GO	Q8WXE1
USH1C	cytosol	HPA	Q9Y6N9
TMC6	plasmamembrane	GO	Q7Z403
BRWD1	nucleoli	HPA	Q9NSI6
RPS5	endoplasmicreticulum	HPA	P46782
RPS6KA3	cytosol	HPA;GO	P51812
SIGLEC7	plasmamembrane	HPA;GO	Q9Y286
ZNF227	plasmamembrane	HPA	Q86WZ6
ADAP2	plasmamembrane	GO	Q9NPF8
WDR70	mitochondria	HPA	Q9NW82
IL1A	cytosol	HPA;GO	P01583
PNCK	plasmamembrane	HPA	Q6P2M8
WWOX	plasmamembrane	GO	Q9NZC7
HEPH	plasmamembrane	GO	Q9BQS7
RXRA	nucleoplasm	HPA;GO	P19793
TLR6	endoplasmicreticulum	HPA	Q9Y2C9
AAK1	plasmamembrane	HPA	Q2M2I8
RIMS2	cytosol	HPA	Q9UQ26
CYP11A1	mitochondria	GO	P05108
RARRES1	golgiapparatus	HPA	P49788
FBXW10B	nucleoli	HPA	O95170
DIAPH1	cytosol	GO	O60610
MYO5C	nucleoplasm	HPA	Q9NQX4
ZMAT2	nucleoplasm	HPA;GO	Q96NC0
CELF1	cytosol	GO	Q92879
EDC4	cytosol	HPA;GO	Q6P2E9
GSE1	nucleoplasm	HPA	Q14687
GRB2	plasmamembrane	GO	P62993
POU2F1	nucleoplasm	HPA;GO	P14859
FBXO36	nucleoli	HPA	Q8NEA4
GCLM	nucleoplasm	HPA	P48507
PTPN7	cytosol	HPA;GO	P35236
KRTAP9-6	cytosol	GO	A8MVA2
SIRT6	nucleoli	GO	Q8N6T7
MBIP	nucleoli	HPA	Q9NS73
CASKIN1	cytosol	HPA	Q8WXD9
USP13	cytosol	HPA;GO	Q92995
RASIP1	plasmamembrane	GO	Q5U651
TENM1	nucleoplasm	HPA	Q9UKZ4
ATP6V0B	cytosol	HPA	Q99437
OTP	nucleoli	HPA	Q5XKR4
ZNF366	nucleoplasm	HPA	Q8N895
HAUS3	microtubules	HPA;GO	Q68CZ6
EPB41L2	actinfilaments	GO	O43491
PUM3	endoplasmicreticulum	GO	Q15397
NLE1	nucleoli	HPA	Q9NVX2
OTX1	nucleoplasm	HPA	P32242
HOXD10	nucleoplasm	HPA	P28358
YDJC	golgiapparatus	HPA	A8MPS7
MED15	nucleoplasm	HPA;GO	Q96RN5
RNF24	golgiapparatus	HPA	Q9Y225
ACTC1	plasmamembrane	GO	P68032
CYP21A2	endoplasmicreticulum	GO	P08686
SP3	nucleoplasm	HPA;GO	Q02447
CT55	primarycilium	GO	Q8WUE5
BROX	nucleoplasm	HPA	Q5VW32
PIK3R6	golgiapparatus	HPA	Q5UE93
HIGD1A	nucleoplasm	HPA	Q9Y241
LBHD1	cytosol	HPA	Q9BQE6
ATF5	nucleoplasm	HPA	Q9Y2D1
DUXA	nucleoplasm	GO	A6NLW8
KRTAP5-6	cytosol	GO	Q6L8G9
CAPN6	microtubules	GO	Q9Y6Q1
HERPUD1	endoplasmicreticulum	GO	Q15011
RNF31	cytosol	HPA;GO	Q96EP0
FAM104A	nucleoplasm	HPA	Q969W3
ANKRD30B	nucleoplasm	HPA	Q9BXX2
GSTZ1	nucleoplasm	HPA	O43708
GTF2F2	microtubules	HPA	P13984
KRTAP4-1	cytosol	GO	Q9BYQ7
DTYMK	mitochondria	HPA	P23919
BTNL8	plasmamembrane	GO	Q6UX41
BIRC7	centrosome	HPA	Q96CA5
ZFP69B	nucleoli	GO	Q9UJL9
CCN2	golgiapparatus	HPA	P29279
CCT6B	cytosol	HPA	Q92526
PLSCR1	golgiapparatus	HPA;GO	O15162
PLRG1	nucleoplasm	HPA;GO	O43660
IGF1	plasmamembrane	GO	P05019
HIPK1	nucleoplasm	HPA;GO	Q86Z02
MAGEA11	nucleoplasm	HPA	P43364
CDCA7L	cytosol	HPA	Q96GN5
MARCKSL1	actinfilaments	HPA	P49006
STOX1	nucleoli	HPA	Q6ZVD7
TNRC6A	golgiapparatus	HPA	Q8NDV7
TMED2	golgiapparatus	GO	Q15363
GPD1L	cytosol	GO	Q8N335
CETN2	centrosome	HPA;GO	P41208
PRR19	nucleoplasm	HPA	A6NJB7
MYCBP	nucleoplasm	HPA	Q99417
AMER1	nucleoplasm	HPA	Q5JTC6
BEST1	cytosol	GO	O76090
BMP2K	nucleoplasm	HPA	Q9NSY1
RPS3	actinfilaments	GO	P23396
ZRANB1	nucleoplasm	HPA	Q9UGI0
SCIN	cytosol	HPA	Q9Y6U3
TNC	plasmamembrane	GO	P24821
RBFA	mitochondria	HPA	Q8N0V3
ANAPC16	nucleoplasm	GO	Q96DE5
NFAT5	cytosol	HPA	O94916
KRBOX1	golgiapparatus	HPA	C9JBD0
ZNF385A	nucleoplasm	HPA;GO	Q96PM9
TBC1D16	intermediatefilaments	HPA	Q8TBP0
XPO6	nucleoli	HPA	Q96QU8
S100A16	nucleoli	GO	Q96FQ6
CYP2D6	endoplasmicreticulum	GO	P10635
JADE1	nucleoplasm	HPA;GO	Q6IE81
MARCHF5	endoplasmicreticulum	GO	Q9NX47
ACVR1B	cytosol	HPA	P36896
LDLRAD1	primarycilium	HPA	Q5T700
LTBP1	endoplasmicreticulum	GO	Q14766
ASB17	cytosol	GO	Q8WXJ9
PMEPA1	golgiapparatus	GO	Q969W9
FAM3C	golgiapparatus	HPA	Q92520
DMBT1	centrosome	HPA	Q9UGM3
LMCD1	nucleoplasm	HPA;GO	Q9NZU5
TWSG1	centrosome	HPA	Q9GZX9
RPP14	nucleoplasm	HPA;GO	O95059
SLC16A12	plasmamembrane	GO	Q6ZSM3
MYDGF	endoplasmicreticulum	GO	Q969H8
TP53BP2	plasmamembrane	HPA	Q13625
ADAMTS13	nucleoplasm	HPA	Q76LX8
HNRNPL	nucleoplasm	HPA;GO	P14866
GLI2	centrosome	HPA	P10070
SPG11	plasmamembrane	HPA;GO	Q96JI7
POLA1	cytosol	HPA;GO	P09884
TNFRSF9	plasmamembrane	HPA;GO	Q07011
CSNK1A1	primarycilium	GO	P48729
KRTAP2-4	cytosol	GO	Q9BYR9
PHKB	cytosol	GO	Q93100
NAPEPLD	golgiapparatus	GO	Q6IQ20
SH2D1A	cytosol	HPA;GO	O60880
KCTD1	microtubules	HPA	Q719H9
ECT2	microtubules	GO	Q9H8V3
ETHE1	mitochondria	HPA;GO	O95571
MLLT11	cytosol	HPA	Q13015
RTF2	nucleoli	HPA	Q9BY42
RWDD4	intermediatefilaments	HPA	Q6NW29
MS4A8	plasmamembrane	GO	Q9BY19
B3GALT5	golgiapparatus	GO	Q9Y2C3
GNAT3	plasmamembrane	GO	A8MTJ3
RBMS2	nucleoplasm	HPA	Q15434
ENTPD1	plasmamembrane	GO	P49961
MLANA	endoplasmicreticulum	GO	Q16655
HTR2B	plasmamembrane	GO	P41595
TRIM15	centrosome	HPA	Q9C019
SPAG6	primarycilium	GO	O75602
ANAPC11	nucleoli	HPA	Q9NYG5
PRODH2	nucleoplasm	HPA	O43272
TMEM107	primarycilium	GO	Q6UX40
SIT1	plasmamembrane	GO	Q9NP91
ARMCX5	plasmamembrane	HPA	Q6P1M9
KRBOX4	nucleoplasm	HPA	Q5JUW0
PAFAH1B1	microtubules	GO	P43034
LHX9	nucleoplasm	HPA	Q9NQ69
SULT2B1	cytosol	HPA;GO	O00204
ATP5F1A	mitochondria	HPA;GO	P25705
CFAP45	primarycilium	GO	Q9UL16
ARRDC1	plasmamembrane	GO	Q8N5I2
TPD52L1	cytosol	HPA	Q16890
NRCAM	nucleoplasm	HPA	Q92823
TCERG1L	cytosol	HPA	Q5VWI1
ECE1	plasmamembrane	GO	P42892
SLC9A1	actinfilaments	GO	P19634
C2orf80	golgiapparatus	HPA	Q0P641
MEN1	nucleoplasm	HPA;GO	O00255
RSPH10B2	microtubules	HPA	B2RC85
ACTL10	nucleoplasm	HPA	Q5JWF8
COLGALT1	golgiapparatus	HPA	Q8NBJ5
AIP	plasmamembrane	GO	O00170
PCDH15	golgiapparatus	HPA	Q96QU1
ZDHHC8	golgiapparatus	GO	Q9ULC8
COL18A1	endoplasmicreticulum	GO	P39060
NPIPA5	nucleoplasm	HPA	E9PKD4
AGO2	nucleoplasm	GO	Q9UKV8
KRTAP17-1	cytosol	GO	Q9BYP8
YTHDC1	nucleoplasm	HPA;GO	Q96MU7
TMEM233	plasmamembrane	GO	B4DJY2
MS4A12	endoplasmicreticulum	HPA	Q9NXJ0
HEATR5B	golgiapparatus	HPA	Q9P2D3
ZBTB49	microtubules	HPA	Q6ZSB9
CNTLN	centrosome	HPA	Q9NXG0
SUPT7L	nucleoplasm	HPA;GO	O94864
DCTN3	centrosome	GO	O75935
SEPTIN7	cytosol	GO	Q16181
FAM161B	plasmamembrane	HPA	Q96MY7
CORO7	golgiapparatus	GO	P57737
BHLHA15	nucleoplasm	HPA	Q7RTS1
H6PD	endoplasmicreticulum	GO	O95479
ERICH2	nucleoli	HPA	A1L162
BORCS7	cytosol	HPA	Q96B45
DEXI	nucleoplasm	HPA	O95424
FMN1	cytosol	HPA	Q68DA7
NTSR1	plasmamembrane	HPA;GO	P30989
EFHB	primarycilium	GO	Q8N7U6
DPP9	cytosol	HPA;GO	Q86TI2
IGF2BP1	cytosol	HPA;GO	Q9NZI8
KIF18B	microtubules	HPA;GO	Q86Y91
SPANXA1	nucleoplasm	HPA	Q9NS26
TMEM252	plasmamembrane	HPA	Q8N6L7
DMRTC1B	nucleoplasm	HPA	Q5HYR2
PPP2R1B	plasmamembrane	HPA	P30154
ADGRG7	plasmamembrane	HPA	Q96K78
GPRC5C	primarycilium	HPA	Q9NQ84
HYI	plasmamembrane	HPA	Q5T013
ENSG00000288684	plasmamembrane	HPA	
BOLA2	cytosol	GO	Q9H3K6
FHL2	actinfilaments	HPA;GO	Q14192
HS6ST2	golgiapparatus	HPA;GO	Q96MM7
FEV	nucleoplasm	HPA	Q99581
ARHGAP17	cytosol	HPA	Q68EM7
LZIC	nucleoplasm	HPA	Q8WZA0
NOTCH2	nucleoplasm	HPA;GO	Q04721
ZNF615	mitochondria	HPA	Q8N8J6
TEX12	primarycilium	HPA	Q9BXU0
CCT5	cytosol	GO	P48643
SLC45A3	plasmamembrane	GO	Q96JT2
DEGS2	endoplasmicreticulum	GO	Q6QHC5
CLNS1A	primarycilium	HPA	P54105
C9orf24	cytosol	HPA	Q8NCR6
ATG4A	microtubules	HPA	Q8WYN0
MAP1A	cytosol	HPA	P78559
ZCCHC2	cytosol	HPA	Q9C0B9
CUL1	plasmamembrane	GO	Q13616
COLGALT2	nucleoplasm	HPA	Q8IYK4
MGRN1	plasmamembrane	GO	O60291
EFNA2	plasmamembrane	GO	O43921
RAB18	endoplasmicreticulum	GO	Q9NP72
HDAC6	microtubules	GO	Q9UBN7
CAPN1	actinfilaments	GO	P07384
ADRB3	primarycilium	HPA	P13945
AGPAT5	mitochondria	HPA;GO	Q9NUQ2
HDLBP	nucleoplasm	HPA	Q00341
NARF	nucleoplasm	HPA	Q8WVD3
WDR81	mitochondria	GO	Q562E7
IDNK	mitochondria	HPA	Q5T6J7
CNTFR	plasmamembrane	GO	P26992
SGCZ	plasmamembrane	GO	Q96LD1
EEPD1	nucleoplasm	HPA	Q7L9B9
PPP1R12A	actinfilaments	HPA;GO	O14974
SMPD3	endoplasmicreticulum	HPA	Q9NY59
SEPTIN8	primarycilium	HPA	Q92599
VPS13D	cytosol	HPA	Q5THJ4
NTRK1	cytosol	HPA	P04629
TTC30A	centrosome	HPA	Q86WT1
HSPA9	actinfilaments	GO	P38646
UBE4A	nucleoplasm	HPA	Q14139
OSBPL8	endoplasmicreticulum	GO	Q9BZF1
OR11A1	plasmamembrane	GO	Q9GZK7
MC2R	plasmamembrane	GO	Q01718
C1orf68	cytosol	HPA	Q5T750
IQGAP2	plasmamembrane	HPA;GO	Q13576
UQCC1	mitochondria	GO	Q9NVA1
ZSCAN29	plasmamembrane	HPA	Q8IWY8
RPL5	nucleoli	HPA;GO	P46777
ABCC8	plasmamembrane	GO	Q09428
PRAM1	golgiapparatus	HPA	Q96QH2
GPATCH8	nucleoplasm	HPA	Q9UKJ3
MTHFSD	nucleoplasm	HPA	Q2M296
ZNF429	nucleoplasm	HPA	Q86V71
COMMD3-BMI1	cytosol	HPA	
PYCARD	nucleoplasm	HPA	Q9ULZ3
PDCD2L	mitochondria	HPA	Q9BRP1
RPS17	endoplasmicreticulum	HPA	P08708
SYMPK	cytosol	HPA	Q92797
NLGN4X	plasmamembrane	GO	Q8N0W4
FZD8	primarycilium	HPA	Q9H461
GLI2	nucleoli	HPA	P10070
ZNF282	nucleoplasm	HPA	Q9UDV7
CEBPZOS	nucleoplasm	HPA	A8MTT3
AR	nucleoplasm	GO	P10275
HNRNPR	nucleoli	GO	O43390
CARD9	cytosol	GO	Q9H257
RIPOR3	nucleoplasm	HPA	Q96MK2
CDK5RAP3	endoplasmicreticulum	GO	Q96JB5
RSPH9	primarycilium	GO	Q9H1X1
CAB39L	cytosol	GO	Q9H9S4
ADH7	plasmamembrane	HPA	P40394
CAB39	endoplasmicreticulum	HPA	Q9Y376
ANKMY2	nucleoplasm	HPA	Q8IV38
PPP4R2	nucleoplasm	HPA;GO	Q9NY27
CIP2A	nucleoplasm	GO	Q8TCG1
DSG3	cytosol	GO	P32926
ADAL	nucleoplasm	HPA	Q6DHV7
CCNA2	nucleoplasm	HPA;GO	P20248
RFPL4AL1	cytosol	HPA	F8VTS6
SPATA6	nucleoplasm	HPA	Q9NWH7
BCAT1	cytosol	GO	P54687
KIR2DS4	plasmamembrane	GO	P43632
ZNF526	nucleoplasm	HPA	Q8TF50
ALOX12B	cytosol	HPA;GO	O75342
CTNNB1	plasmamembrane	HPA;GO	P35222
NBN	cytosol	GO	O60934
NDRG4	plasmamembrane	GO	Q9ULP0
GOSR2	nucleoplasm	HPA	O14653
FAM76B	nucleoli	HPA	Q5HYJ3
S100A2	cytosol	HPA	P29034
PPP2CA	cytosol	GO	P67775
HYAL2	plasmamembrane	GO	Q12891
ZNHIT1	nucleoplasm	HPA	O43257
HOOK2	centrosome	GO	Q96ED9
PTPRF	golgiapparatus	HPA	P10586
HLA-DQA1	golgiapparatus	GO	P01909
COL15A1	endoplasmicreticulum	HPA;GO	P39059
ABCA12	cytosol	HPA	Q86UK0
RPL13A	nucleoli	HPA;GO	P40429
PLAG1	centrosome	HPA	Q6DJT9
PYGO1	nucleoplasm	HPA;GO	Q9Y3Y4
PLEK	nucleoli	HPA	P08567
CD2AP	actinfilaments	GO	Q9Y5K6
RAN	nucleoplasm	HPA;GO	P62826
FRAT2	cytosol	GO	O75474
FUT2	golgiapparatus	GO	Q10981
KRTAP10-9	cytosol	GO	P60411
PRRC2A	cytosol	HPA	P48634
NUP88	nucleoplasm	HPA	Q99567
LYPD4	plasmamembrane	GO	Q6UWN0
CDPF1	nucleoplasm	HPA	Q6NVV7
MAP2K2	endoplasmicreticulum	GO	P36507
PSEN2	nuclearmembrane	GO	P49810
SPA17	golgiapparatus	HPA	Q15506
EFCAB2	cytosol	HPA	Q5VUJ9
PSTK	nucleoli	HPA	Q8IV42
CCDC154	golgiapparatus	HPA	A6NI56
ADCY10	primarycilium	GO	Q96PN6
PIDD1	cytosol	HPA;GO	C0HMD6
KCNN1	actinfilaments	HPA	Q92952
SGPP1	nucleoplasm	HPA	Q9BX95
MYL12B	cytosol	GO	O14950
AAGAB	cytosol	HPA	Q6PD74
TBC1D14	nucleoplasm	HPA	Q9P2M4
ZNF296	centrosome	HPA	Q8WUU4
PRR23C	nucleoplasm	HPA	Q6ZRP0
ARHGAP15	plasmamembrane	HPA	Q53QZ3
SNRPG	nucleoplasm	HPA;GO	P62308
RPL31	plasmamembrane	GO	P62899
OSGEP	cytosol	HPA	Q9NPF4
JPH1	nucleoplasm	HPA	Q9HDC5
PPP1R3C	cytosol	HPA;GO	Q9UQK1
AUTS2	nucleoplasm	HPA	Q8WXX7
CCDC74A	nucleoplasm	HPA	Q96AQ1
IFRD1	plasmamembrane	HPA	O00458
FAM90A9	nucleoli	HPA	A6NNJ1
RPS27	nucleoli	HPA	P42677
PRICKLE2	golgiapparatus	HPA	Q7Z3G6
CSTA	plasmamembrane	GO	P01040
CEACAM19	nucleoplasm	HPA	Q7Z692
STUB1	cytosol	HPA;GO	Q9UNE7
ACSL1	endoplasmicreticulum	GO	P33121
SHISA3	cytosol	HPA	A0PJX4
SYT1	plasmamembrane	GO	P21579
SLC17A5	cytosol	HPA	Q9NRA2
ISYNA1	cytosol	HPA;GO	Q9NPH2
PIK3CA	microtubules	HPA	P42336
CORO7-PAM16	mitochondria	HPA	
LIN28B	cytosol	HPA	Q6ZN17
ACOX1	cytosol	GO	Q15067
ATXN3	nucleoli	HPA	P54252
DYNC1H1	cytosol	HPA;GO	Q14204
OPN1SW	primarycilium	GO	P03999
CCDC87	cytosol	HPA	Q9NVE4
DGAT2	cytosol	HPA	Q96PD7
SNPH	microtubules	GO	O15079
ITM2A	golgiapparatus	HPA	O43736
RCAN2	primarycilium	HPA	Q14206
MAPKBP1	microtubules	GO	O60336
CORO2A	cytosol	HPA	Q92828
KHNYN	cytosol	HPA	O15037
ABCB6	golgiapparatus	HPA;GO	Q9NP58
TERB1	nucleoplasm	HPA	Q8NA31
DAG1	cytosol	GO	Q14118
ADRA1A	plasmamembrane	GO	P25100
FAM199X	cytosol	HPA	Q6PEV8
LYN	cytosol	GO	P07948
FOSL2	nucleoplasm	HPA	P15408
RLF	nucleoli	HPA	P51460
USP50	centrosome	GO	Q70EL3
BAIAP3	cytosol	GO	O94812
AGPAT2	endoplasmicreticulum	GO	O15120
NBEAL2	endoplasmicreticulum	GO	Q6ZNJ1
GFER	cytosol	HPA	P55789
TRIM22	cytosol	GO	Q8IYM9
COMMD5	nucleoplasm	HPA	Q9GZQ3
RPL38	endoplasmicreticulum	HPA	P63173
ATP11B	cytosol	HPA	Q9Y2G3
POGZ	primarycilium	HPA	Q7Z3K3
CDO1	nucleoplasm	HPA	Q16878
STX19	intermediatefilaments	HPA	Q8N4C7
DNM1L	golgiapparatus	GO	O00429
PTPN9	nucleoplasm	GO	P43378
RFWD3	nucleoplasm	HPA;GO	Q6PCD5
TKTL1	cytosol	HPA	P51854
SELENOO	mitochondria	HPA;GO	Q9BVL4
ABHD14B	nucleoplasm	HPA	Q96IU4
PHOSPHO1	actinfilaments	HPA	Q8TCT1
GEN1	nucleoplasm	HPA;GO	Q17RS7
PDLIM5	actinfilaments	HPA	Q96HC4
PLXDC2	nucleoplasm	HPA	Q6UX71
GAB2	cytosol	GO	Q9UQC2
TMEM98	nucleoplasm	HPA	Q9Y2Y6
C1QBP	mitochondria	HPA;GO	Q07021
SEMA4A	plasmamembrane	GO	Q9H3S1
SYNGR2	golgiapparatus	HPA	O43760
ATG9A	endoplasmicreticulum	GO	Q7Z3C6
ACAT2	cytosol	HPA;GO	O75908
PALMD	plasmamembrane	HPA	Q9NP74
RPS24	endoplasmicreticulum	HPA	P62847
MEGF9	nucleoplasm	HPA	Q9H1U4
THOC2	nucleoplasm	HPA;GO	Q8NI27
WDR89	intermediatefilaments	HPA	Q96FK6
MPZ	plasmamembrane	GO	P25189
TBC1D2B	cytosol	HPA	Q9UPU7
CENPT	cytosol	GO	Q96BT3
ANKRD1	cytosol	GO	Q15327
CHMP2A	plasmamembrane	HPA	O43633
STIL	primarycilium	HPA	Q15468
SLC36A1	plasmamembrane	GO	Q7Z2H8
FAM120A	cytosol	HPA	Q9NZB2
TPH1	cytosol	HPA;GO	P17752
GRIN1	endoplasmicreticulum	GO	Q05586
CMTM6	plasmamembrane	GO	Q9NX76
KCND1	plasmamembrane	GO	Q9NSA2
EPHA3	nucleoplasm	HPA	P29320
FNDC7	actinfilaments	HPA	Q5VTL7
LIPT2	mitochondria	GO	A6NK58
CDK17	cytosol	HPA	Q00537
MMACHC	cytosol	HPA;GO	Q9Y4U1
PPP1R3D	cytosol	HPA	O95685
TRIM52	nucleoli	HPA	Q96A61
EPHB1	cytosol	HPA;GO	P54762
PRKAR2A	primarycilium	GO	P13861
ZFP82	nuclearmembrane	HPA	Q8N141
TUBB2A	primarycilium	HPA	Q13885
ST6GALNAC3	nucleoplasm	HPA	Q8NDV1
TUT1	cytosol	HPA	Q9H6E5
AKAP6	endoplasmicreticulum	GO	Q13023
GXYLT2	microtubules	HPA	A0PJZ3
CSDC2	cytosol	HPA	Q9Y534
PTGES3L-AARSD1	cytosol	HPA	
ARNT2	nucleoplasm	HPA;GO	Q9HBZ2
HSF4	nucleoplasm	HPA;GO	Q9ULV5
ASPDH	cytosol	HPA	A6ND91
SYTL5	cytosol	HPA	Q8TDW5
PC	cytosol	GO	P11498
METTL26	golgiapparatus	HPA	Q96S19
COA5	mitochondria	HPA;GO	Q86WW8
ENSG00000173867	microtubules	HPA	
TMEM17	actinfilaments	HPA	Q86X19
FHIP2A	nucleoplasm	HPA	Q5W0V3
RAPGEF6	centrosome	HPA	Q8TEU7
TMEM192	golgiapparatus	GO	Q8IY95
NCKAP1L	plasmamembrane	HPA;GO	P55160
FBXO30	microtubules	HPA	Q8TB52
LGALS3	nucleoplasm	HPA	P17931
SLC35F1	cytosol	HPA	Q5T1Q4
MAPRE1	primarycilium	HPA	Q15691
COX8C	mitochondria	GO	Q7Z4L0
SORL1	golgiapparatus	GO	Q92673
CD163	plasmamembrane	HPA;GO	Q86VB7
B2M	golgiapparatus	HPA;GO	P61769
ARFGEF1	cytosol	HPA;GO	Q9Y6D6
ADCYAP1R1	plasmamembrane	GO	P41586
ANAPC15	nucleoplasm	HPA;GO	P60006
ANGPTL8	nucleoplasm	HPA	Q6UXH0
DNAH5	microtubules	GO	Q8TE73
TMLHE	mitochondria	HPA;GO	Q9NVH6
MMP16	cytosol	HPA	P51512
GBA2	golgiapparatus	HPA	Q9HCG7
CYP26A1	endoplasmicreticulum	GO	O43174
RPL8	endoplasmicreticulum	HPA	P62917
ARL6IP5	endoplasmicreticulum	HPA	O75915
MYO5A	cytosol	HPA;GO	Q9Y4I1
AKAP13	actinfilaments	GO	Q12802
IGKV2D-40	plasmamembrane	GO	P01614
FAM90A11P	nucleoli	HPA	A0A8V8TNH8
MAP3K13	cytosol	HPA	O43283
LCMT2	cytosol	HPA	O60294
H2BC7	cytosol	HPA	P62807
SDC3	mitochondria	HPA	O75056
LAPTM4A	golgiapparatus	HPA;GO	Q15012
MTX2	mitochondria	HPA;GO	O75431
ZDHHC15	nucleoplasm	HPA	Q96MV8
ASIC5	plasmamembrane	GO	Q9NY37
TTLL13	plasmamembrane	HPA	A6NNM8
ARID4B	mitochondria	HPA	Q4LE39
CHN1	cytosol	HPA;GO	P15882
PRAG1	cytosol	GO	Q86YV5
TRAIP	nucleoli	GO	Q9BWF2
RHOXF1	nucleoplasm	HPA	Q8NHV9
HIPK3	nucleoplasm	HPA	Q9H422
NABP1	cytosol	HPA	Q96AH0
FLNB	actinfilaments	HPA;GO	O75369
SPRR2F	plasmamembrane	GO	Q96RM1
MACIR	primarycilium	HPA;GO	Q96GV9
FBXO38	nucleoplasm	HPA	Q6PIJ6
FBXO21	cytosol	GO	O94952
COPG2	endoplasmicreticulum	GO	Q9UBF2
HSD17B4	cytosol	GO	P51659
MAP3K10	actinfilaments	HPA	Q02779
UCK1	cytosol	GO	Q9HA47
FAM117B	nucleoplasm	HPA	Q6P1L5
STIM2	endoplasmicreticulum	GO	Q9P246
RHOU	cytosol	GO	Q7L0Q8
TPM2	cytosol	GO	P07951
XRCC1	nucleoplasm	HPA;GO	P18887
YBX1	cytosol	HPA;GO	P67809
SETX	nucleoplasm	HPA;GO	Q7Z333
RHOA	cytosol	HPA;GO	P61586
RAB38	cytosol	GO	P57729
ZBTB8A	actinfilaments	HPA	Q96BR9
PI4KB	golgiapparatus	HPA;GO	Q9UBF8
GCKR	cytosol	HPA;GO	Q14397
ATP6V1B2	plasmamembrane	GO	P21281
EPN1	cytosol	HPA;GO	Q9Y6I3
NCOA4	nucleoli	HPA	Q13772
MRGPRF	nuclearmembrane	HPA	Q96AM1
VWA5A	nucleoli	HPA	O00534
PDZD7	nucleoplasm	HPA	Q9H5P4
GALNT16	cytosol	HPA	Q8N428
SC5D	endoplasmicreticulum	HPA;GO	O75845
RRAGA	cytosol	GO	Q7L523
GGT5	nucleoli	HPA	P36269
CLEC12A	plasmamembrane	GO	Q5QGZ9
CNOT10	nucleoplasm	HPA	Q9H9A5
RELB	nucleoplasm	HPA;GO	Q01201
BATF3	nucleoplasm	HPA	Q9NR55
ZNF221	nucleoplasm	HPA	Q9UK13
OR10H2	plasmamembrane	GO	O60403
SNCAIP	plasmamembrane	GO	Q9Y6H5
SESTD1	intermediatefilaments	HPA	Q86VW0
UBR4	nucleoplasm	HPA	Q5T4S7
MLC1	endoplasmicreticulum	GO	P12829
SUPT6H	cytosol	HPA	Q7KZ85
MAU2	nucleoplasm	HPA;GO	Q9Y6X3
GGT7	plasmamembrane	GO	Q9UJ14
GNAI2	centrosome	GO	P04899
LRRK2	plasmamembrane	GO	Q5S007
POLR1F	nucleoplasm	HPA;GO	Q3B726
FER	microtubules	GO	P16591
RANGRF	cytosol	HPA	Q9HD47
DDX10	nucleoli	HPA	Q13206
ARFIP2	golgiapparatus	HPA	P53365
FAM111B	nucleoplasm	HPA	Q6SJ93
GTF2IRD2B	nucleoplasm	HPA	Q6EKJ0
TPM4	cytosol	HPA;GO	P67936
CRIPTO3	plasmamembrane	GO	P51864
TUBGCP4	cytosol	GO	Q9UGJ1
MGAT1	golgiapparatus	GO	P26572
PTPRA	plasmamembrane	GO	P18433
MYH7	actinfilaments	GO	P12883
TMEM39A	endoplasmicreticulum	GO	Q9NV64
MRPL19	mitochondria	HPA;GO	P49406
SSX1	nucleoplasm	HPA	Q16384
DAAM1	actinfilaments	GO	Q9Y4D1
ZBED3	nucleoplasm	HPA	Q96IU2
C7orf50	nucleoplasm	HPA	Q9BRJ6
ZBTB48	nucleoplasm	HPA;GO	P10074
ZNF202	nucleoli	HPA	O95125
RNASE1	nucleoplasm	HPA	P07998
GIT1	plasmamembrane	GO	Q9Y2X7
VIM	cytosol	GO	P08670
OR14A2	plasmamembrane	GO	Q96R54
ACTR1B	centrosome	GO	P42025
GPATCH2	nucleoplasm	HPA	Q9NW75
BMX	plasmamembrane	HPA;GO	P51813
JPT1	cytosol	HPA	Q9UK76
FNTB	cytosol	GO	P49356
MIB1	cytosol	GO	Q86YT6
THSD1	cytosol	HPA	Q9NS62
LST1	plasmamembrane	HPA	O00453
IER5	nucleoli	HPA	Q5VY09
ANAPC7	nucleoplasm	GO	Q9UJX3
ATF6	nucleoplasm	GO	P18850
KDM4A	nucleoplasm	HPA;GO	O75164
ATP5MF	mitochondria	HPA;GO	P56134
PPWD1	nucleoplasm	HPA;GO	Q96BP3
CBFA2T2	nucleoplasm	HPA;GO	O43439
SNX11	plasmamembrane	GO	Q9Y5W9
YIPF5	nucleoplasm	HPA	Q969M3
MYO1F	cytosol	HPA	O00160
STOML2	actinfilaments	GO	Q9UJZ1
SPAG8	microtubules	GO	Q99932
ZBTB7B	nucleoplasm	HPA	O15156
FRMPD3	plasmamembrane	GO	Q5JV73
UTP11	nucleoplasm	GO	Q9Y3A2
GSTT2	nucleoplasm	HPA	P0CG29
SEC24C	endoplasmicreticulum	GO	P53992
GUK1	golgiapparatus	HPA	Q16774
TMEM101	nucleoplasm	HPA	Q96IK0
FABP12	cytosol	GO	A6NFH5
SPRN	plasmamembrane	GO	Q5BIV9
SHISA2	nucleoplasm	HPA	Q6UWI4
COPB2	endoplasmicreticulum	HPA;GO	P35606
ECH1	mitochondria	HPA;GO	Q13011
SMYD3	cytosol	HPA	Q9H7B4
ALDOB	microtubules	GO	P05062
TUBA4A	primarycilium	HPA	P68366
ANKS1B	nucleoplasm	HPA	Q7Z6G8
LGALS8	plasmamembrane	HPA	O00214
TP53	cytosol	HPA;GO	P04637
DDX5	nucleoplasm	HPA;GO	P17844
MYH9	cytosol	HPA;GO	P35579
CDK13	nucleoplasm	HPA;GO	Q14004
IPMK	nucleoplasm	HPA;GO	Q8NFU5
ZFYVE1	endoplasmicreticulum	HPA;GO	Q9HBF4
NSA2	nucleoli	HPA	O95478
POLR3E	nucleoplasm	HPA;GO	Q9NVU0
NR6A1	nucleoplasm	HPA;GO	Q15406
ACOT7	cytosol	HPA;GO	O00154
MFSD1	plasmamembrane	HPA	Q9H3U5
CNTNAP2	golgiapparatus	GO	Q9UHC6
ZBTB10	nucleoplasm	HPA;GO	Q96DT7
COL26A1	endoplasmicreticulum	GO	Q96A83
RTL1	cytosol	HPA	A6NKG5
HLTF	nucleoplasm	HPA;GO	Q14527
AZIN1	nucleoli	HPA	O14977
FTSJ3	nucleoli	HPA	Q8IY81
EPB41L1	plasmamembrane	HPA;GO	Q9H4G0
KLHDC9	nucleoplasm	HPA	Q8NEP7
RPS21	cytosol	HPA;GO	P63220
C1orf35	cytosol	HPA	Q9BU76
FBXL3	nucleoplasm	HPA	Q9UKT7
TRAPPC3	golgiapparatus	HPA	O43617
ESRP1	nucleoplasm	HPA;GO	Q6NXG1
FANCC	nucleoplasm	HPA;GO	Q00597
NPR1	nucleoplasm	HPA	P16066
KCNS3	cytosol	HPA	Q9BQ31
UBAP2	cytosol	HPA	Q5T6F2
UBE2G1	cytosol	HPA;GO	P62253
SH3BGRL2	nucleoplasm	HPA	Q9UJC5
KLRB1	plasmamembrane	GO	Q12918
RFESD	nucleoplasm	HPA	Q8TAC1
STK38L	cytosol	HPA	Q9Y2H1
BPIFB4	cytosol	HPA	P59827
NPDC1	cytosol	HPA	Q9NQX5
LMX1A	nucleoplasm	HPA	Q8TE12
SPOCD1	nucleoplasm	HPA	Q6ZMY3
RPS8	actinfilaments	GO	P62241
RAB2A	cytosol	GO	P61019
AURKAIP1	mitochondria	HPA;GO	Q9NWT8
IL36G	cytosol	HPA	Q9NZH8
RIOK3	centrosome	HPA	O14730
PTPRE	plasmamembrane	GO	P23469
H2AZ1	nucleoplasm	HPA;GO	P0C0S5
TATDN3	golgiapparatus	HPA	Q17R31
CARNS1	cytosol	GO	A5YM72
RAB13	cytosol	HPA;GO	P51153
CYSRT1	plasmamembrane	GO	A8MQ03
ZNF536	nucleoplasm	HPA	O15090
SFR1	nucleoplasm	HPA;GO	Q86XK3
KIFAP3	centrosome	GO	Q92845
C2CD3	cytosol	GO	Q4AC94
RSAD2	endoplasmicreticulum	HPA;GO	Q8WXG1
SYNC	plasmamembrane	HPA	Q9H7C4
KAZN	cytosol	HPA;GO	Q674X7
RBM8A	cytosol	GO	Q9Y5S9
SNAP23	mitochondria	GO	O00161
FYTTD1	nucleoplasm	HPA;GO	Q96QD9
TUBA1A	cytosol	GO	Q71U36
C17orf58	plasmamembrane	HPA	Q2M2W7
KRT75	cytosol	HPA;GO	O95678
ATF7-NPFF	nucleoplasm	HPA	
PAK5	cytosol	HPA;GO	Q9NQU5
PADI1	cytosol	HPA;GO	Q9ULC6
TMEM40	plasmamembrane	HPA	Q8WWA1
PRKCB	plasmamembrane	GO	P05771
TMEM241	golgiapparatus	HPA;GO	Q24JQ0
OR1D2	plasmamembrane	GO	P34982
AMDHD2	nucleoli	HPA	Q9Y303
SLC25A34	mitochondria	HPA	Q6PIV7
ADRA1B	nuclearmembrane	GO	P35368
RMI2	nucleoplasm	HPA;GO	Q96E14
RRP36	nucleoplasm	HPA;GO	Q96EU6
PFKM	plasmamembrane	GO	P08237
CIPC	cytosol	HPA	Q9C0C6
FBLN2	plasmamembrane	HPA	P98095
DDX11	nucleoplasm	HPA;GO	Q96FC9
BLZF1	nucleoplasm	HPA	Q9H2G9
NLRC4	plasmamembrane	HPA	Q9NPP4
INPP4B	cytosol	GO	O15327
RPP38	nucleoplasm	GO	P78345
SLC17A3	endoplasmicreticulum	GO	O00476
UNC13B	cytosol	GO	O14795
XBP1	cytosol	GO	P17861
TTBK2	cytosol	HPA;GO	Q6IQ55
NCLN	endoplasmicreticulum	GO	Q969V3
RNF7	nucleoplasm	HPA	Q9UBF6
ITGA6	plasmamembrane	GO	P23229
DCAF8	cytosol	HPA	Q5TAQ9
TBCA	microtubules	HPA	O75347
ANKRD26	cytosol	HPA	Q9UPS8
CCDC136	plasmamembrane	HPA	Q96JN2
CEBPG	nucleoplasm	HPA	P53567
RAMP1	nucleoplasm	HPA	O60894
TNNT1	actinfilaments	GO	P13805
FBXL2	nucleoli	HPA	Q9UKC9
CLDND1	cytosol	HPA	Q9NY35
SPSB3	mitochondria	HPA	Q6PJ21
PCK1	endoplasmicreticulum	GO	P35558
APOO	mitochondria	HPA;GO	Q9BUR5
BAG1	cytosol	HPA;GO	Q99933
CCDC25	cytosol	HPA	Q86WR0
EIF2S2	cytosol	HPA;GO	P20042
KRTAP13-4	cytosol	GO	Q3LI77
SUGP1	nucleoplasm	HPA;GO	Q8IWZ8
PDE7A	cytosol	GO	Q13946
GJD3	plasmamembrane	GO	Q8N144
ADAT2	cytosol	HPA	Q7Z6V5
ORC4	nucleoli	HPA	O43929
ELL	nucleoplasm	HPA;GO	P55199
ERO1A	endoplasmicreticulum	GO	Q96HE7
RPS9	cytosol	GO	P46781
NPIPA8	nucleoplasm	HPA	P0DM63
MIOS	nucleoplasm	HPA	Q9NXC5
NUAK1	microtubules	HPA	O60285
SCN1A	plasmamembrane	HPA;GO	P35498
VCAN	endoplasmicreticulum	GO	P13611
HYDIN	microtubules	HPA	Q4G0P3
PELI2	primarycilium	HPA	Q9HAT8
EBF2	nucleoplasm	HPA	Q9HAK2
GSTO2	nucleoli	HPA	Q9H4Y5
UBE2Z	nucleoplasm	HPA	Q9H832
CRYGB	cytosol	HPA	P07316
UGT2B17	endoplasmicreticulum	GO	O75795
SLC4A2	actinfilaments	GO	P04920
NLRP11	cytosol	HPA	P59045
ADARB1	cytosol	HPA	P78563
LAS1L	nucleoli	GO	Q9Y4W2
EIF4G1	cytosol	HPA;GO	Q04637
COG4	golgiapparatus	HPA;GO	Q9H9E3
AVIL	actinfilaments	GO	O75366
MRPL57	mitochondria	HPA;GO	Q9BQC6
TMEM132E	golgiapparatus	HPA	Q6IEE7
FAHD1	mitochondria	HPA;GO	Q6P587
BRI3BP	nucleoplasm	HPA	Q8WY22
CPNE3	plasmamembrane	GO	O75131
CAV2	plasmamembrane	GO	P51636
SSX5	nucleoli	HPA	O60225
CMAS	nucleoli	HPA	Q8NFW8
COL6A2	endoplasmicreticulum	GO	P12110
U2SURP	nucleoplasm	HPA;GO	O15042
CAPNS2	cytosol	HPA;GO	Q96L46
SLC25A24	mitochondria	HPA;GO	Q6NUK1
RABL2B	primarycilium	HPA;GO	Q9UNT1
DPYSL3	cytosol	HPA;GO	Q14195
CEP76	microtubules	GO	Q8TAP6
PRKACB	primarycilium	GO	P22694
TMBIM4	golgiapparatus	HPA;GO	Q9HC24
PSD3	nucleoplasm	HPA	Q9NYI0
TAPBP	plasmamembrane	HPA	O15533
UBAC1	plasmamembrane	HPA	Q9BSL1
LIMK1	cytosol	HPA;GO	P53667
GALNT10	plasmamembrane	HPA	Q86SR1
PSMD10	microtubules	HPA	O75832
POGK	nucleoplasm	HPA	Q9P215
PHC1	nucleoplasm	HPA;GO	P78364
SLC25A19	mitochondria	HPA;GO	Q9HC21
NHSL1	nucleoplasm	HPA	Q5SYE7
SPDL1	cytosol	HPA;GO	Q96EA4
ONECUT3	nucleoplasm	HPA	O60422
CENPM	nucleoplasm	GO	Q9NSP4
FBL	nucleoplasm	HPA;GO	P22087
SSH3	actinfilaments	HPA	Q8TE77
UPF3A	cytosol	GO	Q9H1J1
H3C11	nucleoplasm	HPA	P68431
ZNF665	nuclearmembrane	HPA	Q9H7R5
NSMCE3	nucleoplasm	GO	Q96MG7
CREB3L3	golgiapparatus	GO	Q68CJ9
TMEM117	plasmamembrane	GO	Q9H0C3
IGF2R	actinfilaments	GO	P11717
PGK1	cytosol	GO	P00558
HPDL	nucleoplasm	HPA	Q96IR7
NPFFR1	plasmamembrane	GO	Q9GZQ6
LNPEP	cytosol	GO	Q9UIQ6
RPS6KA3	nucleoli	HPA	P51812
NME7	cytosol	HPA;GO	Q9Y5B8
DNAJA4	primarycilium	HPA	Q8WW22
CYP3A5	endoplasmicreticulum	GO	P20815
MT-ND3	mitochondria	GO	P03897
HAUS2	cytosol	HPA;GO	Q9NVX0
PTPN18	cytosol	GO	Q99952
PCYOX1L	nucleoplasm	HPA	Q8NBM8
PPP6R3	cytosol	HPA;GO	Q5H9R7
PTGDR	plasmamembrane	HPA;GO	Q13258
SSX7	nucleoplasm	HPA	Q7RTT5
KIF20B	microtubules	GO	Q96Q89
CDC6	microtubules	HPA;GO	Q99741
PES1	nucleoplasm	HPA;GO	O00541
N6AMT1	cytosol	GO	Q9Y5N5
CAPNS1	plasmamembrane	GO	P04632
DDX39A	nucleoplasm	HPA;GO	O00148
SBNO1	nucleoplasm	HPA	A3KN83
MBNL2	nucleoplasm	HPA	Q5VZF2
PCNP	nucleoplasm	HPA	Q8WW12
SGK2	cytosol	GO	Q9HBY8
TRMT10A	nucleoli	HPA;GO	Q8TBZ6
PRKCA	endoplasmicreticulum	GO	P17252
HELB	cytosol	HPA	Q8NG08
STRN3	plasmamembrane	HPA;GO	Q13033
TMEM141	mitochondria	HPA	Q96I45
MGAT4B	nucleoplasm	HPA	Q9UQ53
SRGN	golgiapparatus	HPA;GO	P10124
CAVIN4	plasmamembrane	HPA;GO	Q5BKX8
TSACC	nucleoplasm	HPA	Q96A04
ANKRD42	nucleoplasm	HPA	Q8N9B4
MLLT3	nucleoplasm	HPA;GO	P42568
LAMTOR2	nucleoplasm	HPA	Q9Y2Q5
DEAF1	nucleoli	HPA	O75398
CCDC85B	plasmamembrane	GO	Q15834
BCL2	endoplasmicreticulum	GO	P10415
CDK16	plasmamembrane	HPA;GO	Q00536
AHCYL2	nucleoplasm	HPA	Q96HN2
FGFR2	plasmamembrane	HPA;GO	P21802
AQP1	plasmamembrane	HPA;GO	P29972
RAB29	golgiapparatus	GO	O14966
NT5DC3	cytosol	HPA	Q86UY8
PCDH10	golgiapparatus	HPA	Q9P2E7
BNC2	nucleoplasm	HPA	Q6ZN30
CEACAM6	plasmamembrane	GO	P40199
ENSG00000256500	cytosol	HPA	
OGFOD1	nucleoplasm	HPA;GO	Q8N543
KLHL5	microtubules	HPA	Q96PQ7
ZNF777	nucleoplasm	HPA	Q9ULD5
SENP7	cytosol	HPA	Q9BQF6
C6orf141	nuclearmembrane	HPA	Q5SZD1
C2orf72	plasmamembrane	HPA	A6NCS6
PPP1R3E	microtubules	HPA	Q9H7J1
PLAAT2	cytosol	GO	Q9NWW9
RASGRF2	plasmamembrane	GO	O14827
SVIL	actinfilaments	HPA;GO	O95425
PABPC1L	nucleoplasm	HPA	Q4VXU2
SLC38A3	microtubules	HPA	Q99624
TRAPPC9	cytosol	GO	Q96Q05
PIERCE2	microtubules	GO	H3BRN8
MPV17	mitochondria	GO	P39210
SWI5	cytosol	HPA	Q1ZZU3
ZDHHC12	golgiapparatus	GO	Q96GR4
MEX3B	nucleoplasm	HPA	Q6ZN04
OR2M7	plasmamembrane	GO	Q8NG81
IPO5	cytosol	HPA	O00410
UBA1	cytosol	HPA;GO	P22314
LEMD2	nucleoplasm	GO	Q8NC56
TMEM254	plasmamembrane	HPA	Q8TBM7
RPL29	endoplasmicreticulum	HPA	P47914
NPIPA7	nucleoplasm	HPA	E9PJI5
MRPL27	mitochondria	GO	Q8IXM3
MKNK1	cytosol	GO	Q9BUB5
APOA1	cytosol	HPA;GO	P02647
CDCA7L	nucleoli	HPA	Q96GN5
TGFA	endoplasmicreticulum	GO	P01135
ARHGAP10	cytosol	HPA;GO	A1A4S6
IGF1R	plasmamembrane	HPA;GO	P08069
TIGD6	nucleoplasm	HPA	Q17RP2
SURF4	plasmamembrane	GO	O15260
TMA7	nucleoplasm	HPA	Q9Y2S6
YIPF3	golgiapparatus	HPA	Q9GZM5
SPATA2	nucleoplasm	HPA	Q9UM82
GFRA1	nucleoplasm	HPA	P56159
ANKEF1	cytosol	HPA	Q9NU02
CEP290	cytosol	GO	O15078
DPP4	plasmamembrane	GO	P27487
CCNB1	nucleoplasm	GO	P14635
RASSF7	centrosome	HPA	Q02833
HSD3B1	mitochondria	GO	P14060
ZC3HAV1	golgiapparatus	HPA	Q7Z2W4
PMVK	cytosol	GO	Q15126
TBC1D31	centrosome	HPA;GO	Q96DN5
IGFBP1	endoplasmicreticulum	GO	P08833
RIBC2	microtubules	GO	Q9H4K1
POM121	nucleoplasm	HPA	Q96HA1
C1GALT1	cytosol	HPA	Q9NS00
DBX2	nucleoplasm	HPA	Q6ZNG2
ST8SIA6	golgiapparatus	GO	P61647
SLC25A30	nucleoplasm	HPA	Q5SVS4
NAT1	cytosol	GO	P18440
IKZF3	nucleoplasm	HPA	Q9UKT9
NRAP	intermediatefilaments	HPA	Q86VF7
UQCC1	actinfilaments	HPA	Q9NVA1
ATG13	plasmamembrane	HPA	O75143
CBLC	cytosol	HPA	Q9ULV8
CCR10	endoplasmicreticulum	HPA	O00590
PARD6A	centrosome	GO	Q9NPB6
LACTB2	mitochondria	GO	Q53H82
RIPOR1	cytosol	HPA	Q6ZS17
TMC6	endoplasmicreticulum	GO	Q7Z403
FKBP1C	cytosol	HPA	Q5VVH2
RUSF1	golgiapparatus	HPA	Q96GQ5
SRSF1	cytosol	HPA	Q07955
HELQ	nucleoplasm	HPA;GO	Q8TDG4
INPP5J	cytosol	HPA;GO	Q15735
ZNF445	nucleoplasm	HPA	P59923
CUL3	nucleoplasm	GO	Q13618
CFAP53	primarycilium	HPA;GO	Q96M91
COL27A1	endoplasmicreticulum	GO	Q8IZC6
POLA1	nucleoli	GO	P09884
EFR3B	cytosol	HPA	Q9Y2G0
SLC22A5	mitochondria	HPA	O76082
FAM47E	cytosol	HPA	Q6ZV65
TOGARAM2	nucleoplasm	HPA	Q6ZUX3
RGP1	golgiapparatus	GO	P0DJD0
MTRES1	mitochondria	GO	Q9P0P8
KCNJ11	plasmamembrane	GO	Q14654
CERKL	cytosol	HPA	Q49MI3
RILPL2	cytosol	HPA	Q969X0
GPR25	plasmamembrane	GO	O00155
GAPDHS	cytosol	GO	O14556
ABCB4	actinfilaments	HPA	P21439
LGR5	primarycilium	HPA	O75473
MOCS1	cytosol	HPA;GO	Q9NZB8
RAET1E	plasmamembrane	GO	Q8TD07
NPTXR	plasmamembrane	HPA;GO	O95502
SLC32A1	plasmamembrane	GO	Q9H598
RFPL4AL1	centrosome	HPA	F8VTS6
RNF146	plasmamembrane	HPA	Q9NTX7
KIF23	microtubules	HPA;GO	Q02241
LDLRAP1	microtubules	HPA	Q5SW96
PRRC2B	cytosol	HPA	Q5JSZ5
SUPT3H	nucleoplasm	HPA;GO	O75486
CFAP96	primarycilium	GO	A7E2U8
NXF1	nucleoplasm	HPA;GO	Q9UBU9
RRP9	nucleoplasm	GO	O43818
POLR1D	nucleoplasm	HPA;GO	P0DPB5
LRRC36	mitochondria	HPA	Q1X8D7
OR10X1	plasmamembrane	GO	Q8NGY0
TRIP6	cytosol	HPA	Q15654
RCHY1	cytosol	HPA	Q96PM5
HSP90AA1	mitochondria	GO	P07900
HOXB9	nucleoplasm	HPA	P17482
DOCK10	cytosol	HPA	Q96BY6
DHH	plasmamembrane	GO	O43323
COPS8	cytosol	HPA;GO	Q99627
NTAN1	nucleoplasm	HPA	Q96AB6
HNRNPU	nucleoplasm	HPA;GO	Q00839
SPRR2A	cytosol	GO	P35326
CADM4	plasmamembrane	HPA;GO	Q8NFZ8
NMNAT2	cytosol	HPA	Q9BZQ4
DCLRE1B	centrosome	GO	Q9H816
RGPD3	nuclearmembrane	HPA	A6NKT7
TUBD1	cytosol	HPA	Q9UJT1
ZNF417	nucleoplasm	HPA	Q8TAU3
GRB7	plasmamembrane	HPA;GO	Q14451
ANXA11	microtubules	GO	P50995
ERCC4	nucleoplasm	HPA;GO	Q92889
TLR7	endoplasmicreticulum	GO	Q9NYK1
B3GNT7	cytosol	HPA	Q8NFL0
ROPN1L	primarycilium	HPA;GO	Q96C74
ZNF287	golgiapparatus	HPA	Q9HBT7
CTNS	plasmamembrane	GO	O60931
AVL9	endoplasmicreticulum	HPA	Q8NBF6
SKA1	microtubules	HPA;GO	Q96BD8
FNBP1	plasmamembrane	HPA	Q96RU3
POLR2E	nucleoplasm	HPA;GO	P19388
S100A14	nucleoplasm	HPA	Q9HCY8
TAF1D	microtubules	HPA	Q9H5J8
SHROOM2	plasmamembrane	HPA	Q13796
PATL1	cytosol	HPA;GO	Q86TB9
POLR1C	nucleoplasm	HPA;GO	O15160
SRGAP3	centrosome	HPA	O43295
SNRNP27	nucleoplasm	HPA;GO	Q8WVK2
SLC29A3	mitochondria	GO	Q9BZD2
SPAST	microtubules	GO	Q9UBP0
SEPTIN9	actinfilaments	HPA;GO	Q9UHD8
ARHGAP23	plasmamembrane	HPA	Q9P227
CNKSR3	cytosol	HPA	Q6P9H4
VAMP5	nucleoplasm	HPA	O95183
GNMT	cytosol	HPA;GO	Q14749
PTRH2	mitochondria	HPA;GO	Q9Y3E5
CERS5	endoplasmicreticulum	HPA;GO	Q8N5B7
PNPLA8	golgiapparatus	HPA	Q9NP80
ZCCHC2	nucleoli	HPA	Q9C0B9
BVES	plasmamembrane	HPA;GO	Q8NE79
EPB41L5	plasmamembrane	HPA	Q9HCM4
CPPED1	cytosol	HPA	Q9BRF8
SEPTIN10	actinfilaments	HPA	Q9P0V9
PANX2	plasmamembrane	HPA;GO	Q96RD6
MYH14	cytosol	GO	Q7Z406
PPTC7	cytosol	HPA	Q8NI37
CEP170	primarycilium	HPA;GO	Q5SW79
ZNF219	nucleoplasm	HPA	Q9P2Y4
SLA	nuclearmembrane	HPA	Q13239
C9orf153	plasmamembrane	HPA	Q5TBE3
IL1RAPL1	plasmamembrane	GO	Q9NZN1
FGFRL1	plasmamembrane	GO	Q8N441
KRT26	cytosol	GO	Q7Z3Y9
MTM1	plasmamembrane	HPA;GO	Q13496
ANKRD13D	mitochondria	HPA	Q6ZTN6
CIZ1	nucleoplasm	HPA	Q9ULV3
HDGFL3	nucleoplasm	HPA	Q9Y3E1
HSFY1	cytosol	HPA	Q96LI6
FAM234A	mitochondria	HPA	Q9H0X4
TUSC2	cytosol	HPA	O75896
KDM6A	nucleoplasm	HPA;GO	O15550
NPIPB12	nucleoplasm	HPA	F8W0I5
CHMP4C	cytosol	GO	Q96CF2
RGL1	cytosol	GO	Q9NZL6
RNF187	cytosol	HPA	Q5TA31
S100A1	nucleoplasm	HPA	P23297
HMGB1	endoplasmicreticulum	GO	P09429
DPYSL4	mitochondria	HPA	O14531
TNFSF18	plasmamembrane	GO	Q9UNG2
MITD1	microtubules	GO	Q8WV92
PRRT3	plasmamembrane	HPA	Q5FWE3
SYNCRIP	cytosol	HPA	O60506
RNF138	nucleoplasm	GO	Q8WVD3
GNRHR	plasmamembrane	GO	P30968
CFAP43	nuclearmembrane	HPA	Q8NDM7
PUM2	cytosol	HPA;GO	Q8TB72
ZNF546	cytosol	HPA	Q86UE3
EIF5A2	cytosol	GO	Q9GZV4
IRF4	cytosol	GO	Q15306
FAM117A	nucleoplasm	HPA	Q9C073
DIP2C	cytosol	HPA	Q9Y2E4
MMP24	plasmamembrane	HPA	Q9Y5R2
RXYLT1	nucleoplasm	HPA	Q9Y2B1
SLC51B	mitochondria	HPA	Q86UW2
IFNLR1	plasmamembrane	GO	Q8IU57
COMMD3-BMI1	nucleoli	HPA	
ERBB3	plasmamembrane	HPA;GO	P21860
HPS3	plasmamembrane	HPA	Q969F9
OBSCN	cytosol	HPA;GO	Q5VST9
TMX2	endoplasmicreticulum	GO	Q9Y320
ALX3	nucleoli	HPA	O95076
SMAP1	cytosol	HPA	Q8IYB5
FKBP1B	golgiapparatus	HPA	P68106
NUP98	cytosol	GO	P52948
FLT4	primarycilium	HPA	P35916
CPNE4	nucleoplasm	HPA	Q96A23
PSMC6	cytosol	HPA;GO	P62333
SBF2	intermediatefilaments	HPA	Q86WG5
MNX1	nucleoplasm	HPA	P50219
DEF6	cytosol	GO	Q01524
TYSND1	cytosol	GO	Q2T9J0
HKDC1	mitochondria	HPA;GO	Q2TB90
CREBZF	mitochondria	HPA	Q9NS37
ATP11B	centrosome	HPA	Q9Y2G3
SLC37A4	mitochondria	HPA	O43826
ANKRD20A1	nucleoplasm	HPA	Q5TYW2
TMIGD1	plasmamembrane	GO	Q6UXZ0
HLA-DRB5	plasmamembrane	GO	Q30154
DHRS4	endoplasmicreticulum	GO	Q9BTZ2
IRGM	cytosol	GO	A1A4Y4
CAD	cytosol	HPA;GO	O76075
LRRC43	golgiapparatus	HPA	Q8N309
KCTD13	nucleoplasm	HPA	Q8WZ19
ZNF677	nucleoplasm	HPA	Q86XU0
BLOC1S1	cytosol	GO	P78537
ANKRD7	nucleoplasm	HPA	Q92527
MPST	cytosol	HPA	P25325
NGRN	mitochondria	HPA;GO	Q9NPE2
HMGA1	plasmamembrane	GO	P17096
TIMMDC1	nucleoplasm	HPA	Q9NPL8
COX10	mitochondria	HPA;GO	Q12887
SLAIN2	cytosol	HPA	Q9P270
GPC5	golgiapparatus	GO	P78333
TRAF2	endoplasmicreticulum	GO	Q12933
ETV3L	cytosol	HPA	Q6ZN32
PTPN3	cytosol	GO	P26045
EPOP	nucleoplasm	HPA	A6NHQ4
NPY2R	plasmamembrane	GO	P49146
TMEM14A	endoplasmicreticulum	HPA;GO	Q9Y6G1
EGFR	nucleoli	HPA	P00533
ENSG00000285920	nucleoplasm	HPA	
NBN	nucleoli	GO	O60934
PDE7B	nucleoplasm	HPA	Q9NP56
PGAM4	nucleoplasm	HPA	Q8N0Y7
CENPA	cytosol	GO	P49450
S100A2	nucleoli	HPA	P29034
ZMYM4	cytosol	HPA	Q5VZL5
PXK	cytosol	HPA	Q7Z7A4
ILRUN	centrosome	HPA	Q9H6K1
TMEM266	plasmamembrane	HPA;GO	Q2M3C6
LASP1	plasmamembrane	HPA;GO	Q14847
C16orf74	plasmamembrane	HPA	Q96GX8
HDGFL1	nucleoli	HPA	Q5TGJ6
IQCG	cytosol	HPA	Q9H095
RNF183	endoplasmicreticulum	GO	Q96D59
ZNF185	plasmamembrane	HPA	O15231
KIF5A	plasmamembrane	HPA	Q12840
ORAI3	cytosol	HPA	Q9BRQ5
SOCS2	endoplasmicreticulum	HPA	O14508
CFLAR	cytosol	HPA;GO	O15519
GCC2	cytosol	GO	Q8IWJ2
RASSF3	cytosol	HPA	Q86WH2
SHTN1	plasmamembrane	HPA	A0MZ66
MORN3	nucleoplasm	HPA	Q6PF18
KCNAB1	nucleoplasm	HPA	Q14722
MPRIP	actinfilaments	HPA;GO	Q6WCQ1
ALPK1	primarycilium	HPA;GO	Q96QP1
FZD6	primarycilium	HPA	O60353
PPIE	nucleoplasm	HPA;GO	Q9UNP9
GNAT1	cytosol	GO	P11488
TRPV6	plasmamembrane	GO	Q9H1D0
MEFV	plasmamembrane	HPA	O15553
ZNF317	nucleoplasm	HPA	Q96PQ6
CENPV	microtubules	HPA;GO	Q7Z7K6
STX5	cytosol	GO	Q13190
B3GALT2	plasmamembrane	HPA	O43825
ATG4C	cytosol	HPA	Q96DT6
PTAR1	centrosome	HPA	Q7Z6K3
MRPS18C	mitochondria	GO	Q9Y3D5
COQ3	nucleoplasm	HPA	Q9NZJ6
MFSD2A	plasmamembrane	HPA;GO	Q8NA29
RSRC2	cytosol	HPA	Q7L4I2
MEIS3	nucleoplasm	HPA	Q99687
DVL3	primarycilium	HPA	Q92997
GGT6	cytosol	HPA	Q6P531
ABHD2	cytosol	HPA	P08910
BTD	mitochondria	GO	P43251
EXOSC5	nucleoplasm	HPA;GO	Q9NQT4
RAB3GAP2	endoplasmicreticulum	GO	Q9H2M9
GPBP1L1	nucleoplasm	HPA	Q9HC44
RAD51C	plasmamembrane	HPA	O43502
CDC42EP1	cytosol	GO	Q00587
HMGCS2	mitochondria	HPA;GO	P54868
GGA2	golgiapparatus	HPA;GO	Q9UJY4
CLCN3	plasmamembrane	GO	P51790
H2BC17	cytosol	HPA	P23527
ADAM10	golgiapparatus	GO	O14672
ZNF670	cytosol	HPA	Q9BS34
RPF2	nucleoplasm	HPA	Q9H7B2
PDE1C	cytosol	HPA;GO	Q14123
CASP2	primarycilium	HPA	P42575
ZNF443	centrosome	HPA	Q9Y2A4
MTMR11	centrosome	HPA	A4FU01
RPL3L	nucleoplasm	HPA	Q92901
EBI3	endoplasmicreticulum	GO	Q14213
MYO5A	centrosome	HPA	Q9Y4I1
ZCWPW2	nucleoplasm	HPA	Q504Y3
NUDC	microtubules	GO	Q9Y266
MDGA2	plasmamembrane	GO	Q7Z553
RNF4	nucleoplasm	HPA;GO	P78317
PRKCD	nucleoplasm	GO	Q05655
BCL6B	nucleoplasm	HPA	Q8N143
GCG	endoplasmicreticulum	HPA;GO	P01275
RS1	plasmamembrane	GO	O15537
SLC23A1	plasmamembrane	GO	Q9UGH3
ZCCHC9	nucleoplasm	HPA	Q8N567
CAST	plasmamembrane	HPA	O15446
ZNF764	cytosol	HPA	Q96H86
FAM171B	nucleoplasm	HPA	Q6P995
SLC9B1	cytosol	HPA	Q4ZJI4
M1AP	nucleoli	HPA	Q8TC57
MAP3K13	centrosome	HPA	O43283
TRIM25	nucleoplasm	GO	Q14258
SMIM1	plasmamembrane	GO	B2RUZ4
B3GNT8	golgiapparatus	GO	Q67FW5
ADD3	cytosol	GO	Q9UEY8
TEAD3	nucleoplasm	GO	Q99594
DZIP1	nucleoplasm	HPA	Q86YF9
LRRC1	cytosol	HPA	Q9BTT6
TMEM221	nucleoplasm	HPA	A6NGB7
ZSCAN32	nucleoplasm	HPA	Q9NX65
BICDL2	cytosol	HPA	A1A5D9
CSTPP1	primarycilium	HPA	Q9H6J7
LIN28B	nucleoli	HPA	Q6ZN17
IRF2	nucleoplasm	HPA;GO	P14316
LUZP2	cytosol	HPA	Q86TE4
PFDN4	mitochondria	GO	Q9NQP4
ZFPM2	nucleoplasm	HPA;GO	Q8WW38
NFKBIB	cytosol	HPA;GO	Q15653
UTP3	nucleoli	HPA	Q9NQZ2
TYMP	cytosol	HPA;GO	P19971
B3GNT5	nucleoli	HPA	Q9BYG0
CCDC87	nucleoli	HPA	Q9NVE4
RPL27	nucleoplasm	HPA	P61353
NPIPB4	nucleoplasm	HPA	C9JG80
NDOR1	nucleoplasm	HPA	Q9UHB4
TFAM	cytosol	GO	Q00059
PRKN	endoplasmicreticulum	GO	O60260
COX6A1	mitochondria	HPA;GO	P12074
EDEM3	endoplasmicreticulum	HPA;GO	Q9BZQ6
MSRA	cytosol	HPA;GO	Q9UJ68
SERF2	nucleoli	HPA	P84101
PGAM2	nucleoplasm	HPA	P15259
CYB5R4	endoplasmicreticulum	GO	Q7L1T6
MTR	cytosol	HPA;GO	Q99707
IGKV1-39	plasmamembrane	GO	P01597
XIRP1	nucleoplasm	HPA	Q702N8
ALDOC	nucleoplasm	HPA	P09972
TMEM126A	cytosol	HPA	Q9H061
ZNF529	nucleoplasm	HPA	Q6P280
SOGA1	cytosol	HPA	O94964
H2BW1	nucleoplasm	GO	Q7Z2G1
MAN1A1	golgiapparatus	HPA;GO	P33908
ZMAT3	nucleoplasm	HPA	Q9HA38
RASSF4	microtubules	HPA	Q8WYP3
RCOR3	cytosol	HPA	Q9P2K3
TFPT	nucleoplasm	HPA;GO	P0C1Z6
HDC	cytosol	GO	P19113
ENKD1	centrosome	HPA;GO	Q9H0I2
DERPC	nucleoplasm	HPA	P0CG12
EDEM2	endoplasmicreticulum	GO	Q9BV94
ATPSCKMT	nucleoplasm	HPA	Q6P4H8
CCDC191	mitochondria	HPA	Q8NCU4
ALMS1	primarycilium	HPA	Q8TCU4
FBXO28	nucleoplasm	HPA;GO	Q9NVF7
ZNF326	golgiapparatus	HPA	Q5BKZ1
HPGD	cytosol	HPA;GO	P15428
ZNF562	nucleoplasm	HPA	Q6V9R5
PBDC1	cytosol	HPA	Q9BVG4
ATF6B	cytosol	GO	Q99941
DXO	cytosol	HPA	O77932
MRPL37	mitochondria	HPA;GO	Q9BZE1
LSM11	nucleoplasm	HPA;GO	P83369
CUL5	nucleoplasm	GO	Q93034
TANGO6	golgiapparatus	HPA	Q9C0B7
TGIF2LX	nucleoplasm	HPA	Q8IUE1
FAM107A	actinfilaments	GO	O95990
ANKRD1	nucleoli	HPA	Q15327
GMPR	cytosol	GO	P36959
SMIM26	nucleoplasm	HPA	A0A096LP01
RNF41	microtubules	HPA	Q9H4P4
ATP8A2	golgiapparatus	GO	Q9NTI2
LALBA	golgiapparatus	GO	P00709
GGN	golgiapparatus	HPA	Q86UU5
PCDHB4	plasmamembrane	HPA	Q9Y5E5
PPIG	nucleoplasm	HPA;GO	Q13427
FOXG1	nucleoplasm	GO	P55316
LXN	cytosol	HPA	Q9BS40
ZNF577	nucleoli	HPA	Q9BSK1
RPL23A	endoplasmicreticulum	HPA	P62750
GPR27	nucleoplasm	HPA	Q9NS67
LSG1	nucleoplasm	HPA;GO	Q9H089
PPP1R3D	nucleoli	HPA	O95685
CDH11	plasmamembrane	GO	P55287
TUBGCP4	centrosome	HPA;GO	Q9UGJ1
USP11	nucleoplasm	HPA	P51784
COPZ1	golgiapparatus	GO	P61923
EPHB4	plasmamembrane	GO	P54760
REXO4	nucleoli	HPA	Q9GZR2
MOAP1	mitochondria	GO	Q96BY2
EGLN3	cytosol	HPA;GO	Q9H6Z9
GPANK1	endoplasmicreticulum	HPA	O95872
CHAC1	mitochondria	HPA	Q9BUX1
H2AC18	nucleoplasm	HPA	Q6FI13
PLA2G6	cytosol	GO	O60733
MAP1S	centrosome	GO	Q66K74
IL20	endoplasmicreticulum	HPA	Q9NYY1
ALDH8A1	nucleoplasm	HPA	Q9H2A2
APH1B	plasmamembrane	GO	Q8WW43
CTDNEP1	endoplasmicreticulum	GO	O95476
AXIN1	nucleoli	HPA	O15169
ODAM	cytosol	HPA	A1E959
VCP	cytosol	HPA;GO	P55072
HSPA8	cytosol	GO	P11142
SLC50A1	plasmamembrane	GO	Q9BRV3
GNA11	plasmamembrane	GO	P29992
BIRC3	cytosol	HPA;GO	Q13489
PRMT2	cytosol	HPA;GO	P55345
PLPPR5	cytosol	HPA	Q32ZL2
DNAH1	microtubules	GO	Q9P2D7
CES3	cytosol	GO	Q6UWW8
CATSPER2	plasmamembrane	GO	Q96P56
TMEM183A	nucleoplasm	HPA	Q8IXX5
LRP8	plasmamembrane	GO	Q14114
GALK2	cytosol	HPA	Q01415
OSBPL2	plasmamembrane	GO	Q9H1P3
FNTB	centrosome	HPA	P49356
HSPA1A	nucleoplasm	GO	P0DMV8
MIB1	centrosome	HPA;GO	Q86YT6
ACBD7	cytosol	HPA	Q8N6N7
ST8SIA5	plasmamembrane	HPA	O15466
DIS3L	primarycilium	HPA	Q8TF46
DRD5	primarycilium	GO	P21918
VASH1	cytosol	HPA	Q7L8A9
DDIAS	plasmamembrane	HPA	Q8IXT1
RBM15B	nucleoplasm	HPA;GO	Q8NDT2
INCENP	microtubules	HPA;GO	Q9NQS7
PTPN2	endoplasmicreticulum	GO	P17706
HSD11B2	endoplasmicreticulum	GO	P80365
SLA2	plasmamembrane	GO	Q9H6Q3
KRTAP21-1	cytosol	GO	Q3LI58
DHDDS	endoplasmicreticulum	GO	Q86SQ9
BLVRA	cytosol	HPA;GO	P53004
SDHAF2	mitochondria	HPA;GO	Q9NX18
EMC6	centrosome	HPA	Q9BV81
DDX42	nucleoplasm	HPA;GO	Q86XP3
SLC12A4	primarycilium	HPA	Q9UP95
CCDC153	cytosol	HPA	Q494R4
CAPRIN2	cytosol	HPA	Q6IMN6
LAP3	cytosol	HPA	P28838
SERPINB13	cytosol	HPA	Q9UIV8
PRKACA	cytosol	GO	P17252
MED10	nucleoplasm	HPA;GO	Q9BTT4
PRKCA	primarycilium	GO	P17252
CBFB	nucleoplasm	HPA;GO	Q13951
DHCR7	nuclearmembrane	GO	Q9UBM7
MAPKAPK5	nucleoplasm	HPA;GO	Q8IW41
RBKS	nucleoplasm	HPA	Q9H477
PRSS21	cytosol	HPA	Q9Y6M0
HTR3D	plasmamembrane	GO	Q70Z44
MPDU1	endoplasmicreticulum	HPA	O75352
SPRR3	golgiapparatus	GO	Q9UBC9
STK24	golgiapparatus	GO	Q9Y6E0
SMARCC1	nucleoplasm	HPA;GO	Q92922
TP53	centrosome	GO	P04637
ANP32B	centrosome	HPA	Q92688
ZBTB8OS	nucleoplasm	GO	Q8IWT0
KRT80	intermediatefilaments	HPA;GO	Q6KB66
TMEM212	endoplasmicreticulum	HPA	A6NML5
ZNF23	cytosol	HPA	P17027
PHKA2	nucleoplasm	HPA	P46019
SGMS1	cytosol	HPA	Q86VZ5
ENPEP	plasmamembrane	GO	Q07075
PEF1	nucleoplasm	HPA	Q9UBV8
NAV3	cytosol	HPA	Q8IVL0
OASL	nucleoplasm	HPA	Q15646
PSMG4	nucleoplasm	HPA	Q5JS54
ZNF160	nucleoplasm	HPA	Q9HCG1
SSX4	nucleoplasm	HPA	O60224
TMCC3	endoplasmicreticulum	HPA	Q9ULS5
IRS2	cytosol	HPA;GO	Q9Y4H2
GPAT3	endoplasmicreticulum	GO	Q53EU6
LGALS14	nucleoplasm	HPA	Q8TCE9
TEAD1	nucleoplasm	HPA;GO	P28347
UCK1	nucleoli	HPA	Q9HA47
CALHM2	mitochondria	HPA	Q9HA72
NT5DC1	nucleoplasm	HPA	Q5TFE4
H2AC21	nucleoplasm	HPA	Q8IUE6
ADAMTS12	mitochondria	HPA	P58397
GUCY1A2	cytosol	GO	P33402
COA3	mitochondria	HPA;GO	Q9Y2R0
ZBTB41	nucleoplasm	HPA	Q5SVQ8
SEH1L	nucleoplasm	GO	Q96EE3
GCKR	nucleoli	HPA	Q14397
RASSF2	nucleoplasm	HPA;GO	P50749
NCL	nucleoplasm	HPA;GO	P19338
GLI1	cytosol	HPA;GO	P08151
INTS15	nucleoplasm	HPA	Q96N11
TTN	cytosol	GO	Q8WZ42
PCMTD1	plasmamembrane	HPA	Q96MG8
COL20A1	endoplasmicreticulum	GO	Q9P218
SDHAF4	nucleoplasm	HPA	Q5VUM1
BRIP1	nucleoplasm	HPA;GO	Q9BX63
FMOD	golgiapparatus	GO	Q06828
FBXO2	cytosol	HPA;GO	Q9UK22
TSR1	cytosol	GO	Q2NL82
CCDC69	actinfilaments	HPA	A6NI79
PSD	plasmamembrane	GO	A5PKW4
ARMCX3	nucleoplasm	HPA	Q9UH62
PTPRC	plasmamembrane	GO	P08575
BAIAP2L2	plasmamembrane	GO	Q6UXY1
HACE1	golgiapparatus	GO	Q8IYU2
ENSG00000288520	cytosol	HPA	
NFATC2	nucleoplasm	HPA;GO	Q13469
PHKG2	cytosol	HPA;GO	P15735
FAM181B	nuclearmembrane	HPA	A6NEQ2
GFPT1	nucleoplasm	HPA	Q06210
KRT6A	cytosol	GO	P02538
RNF10	mitochondria	HPA	Q8N5U6
BRIX1	nucleoli	HPA	Q8TDN6
RNF19A	centrosome	GO	Q9NV58
LPIN1	plasmamembrane	HPA	Q14693
AUNIP	nucleoplasm	GO	Q9H7T9
HMOX1	mitochondria	GO	P09601
NCR2	plasmamembrane	GO	O95944
LSM3	nucleoli	HPA	P62310
PGAP3	plasmamembrane	HPA	Q96FM1
SIN3A	nucleoplasm	HPA;GO	Q96ST3
SLC5A1	plasmamembrane	HPA;GO	P13866
DPP7	golgiapparatus	HPA	Q9UHL4
DPP3	cytosol	HPA	Q9NY33
TDO2	cytosol	HPA;GO	P48775
ZFTA	intermediatefilaments	HPA	C9JLR9
NLRP12	cytosol	GO	P59046
MAN1A2	golgiapparatus	HPA;GO	O60476
C7orf25	cytosol	HPA	Q9BPX7
CAT	plasmamembrane	GO	P04040
SPRY2	plasmamembrane	GO	O43597
OARD1	nucleoli	HPA;GO	Q9Y530
GPAA1	endoplasmicreticulum	HPA;GO	O43292
CD81	plasmamembrane	HPA;GO	P60033
ERF	nucleoplasm	HPA;GO	P50548
GOLM1	endoplasmicreticulum	GO	Q8NBJ4
KNTC1	plasmamembrane	HPA	P50748
PHF3	nucleoplasm	HPA	Q92576
RAB39B	golgiapparatus	GO	Q96DA2
SNAP23	actinfilaments	GO	O00161
WWC1	golgiapparatus	HPA	Q8IX03
MYO3A	plasmamembrane	HPA	Q8NEV4
TMEM219	plasmamembrane	GO	Q86XT9
DND1	nucleoplasm	HPA	Q8IYX4
SERPINF2	golgiapparatus	HPA	P08697
PRRG1	plasmamembrane	HPA	O14668
CLIP1	nucleoplasm	GO	P30622
PIN1	primarycilium	GO	Q13526
WWC2	cytosol	GO	Q6AWC2
NUP42	nucleoplasm	HPA	O15504
TMEM168	nuclearmembrane	GO	Q9H0V1
PCDHAC2	nucleoplasm	HPA	Q9Y5I4
WNT5A	endoplasmicreticulum	GO	P41221
AVPR1B	golgiapparatus	GO	P47901
NFE2L2	cytosol	HPA;GO	Q16236
GLE1	cytosol	HPA	Q53GS7
ATF3	golgiapparatus	HPA	P18847
PEAR1	centrosome	HPA	Q5VY43
TNFRSF17	plasmamembrane	GO	Q02223
MAPKAPK2	cytosol	GO	P49137
ERI1	nucleoli	GO	Q8IV48
SLC4A3	plasmamembrane	GO	P48751
PCBD2	plasmamembrane	HPA	Q9H0N5
FERMT1	plasmamembrane	GO	Q9BQL6
ANKRD26	centrosome	GO	Q9UPS8
NUCB1	golgiapparatus	HPA	Q02818
SEC31A	endoplasmicreticulum	GO	O94979
DLX4	nucleoplasm	HPA	Q92988
FDFT1	endoplasmicreticulum	HPA;GO	P37268
TNNI2	intermediatefilaments	HPA	P48788
PCBP1	nucleoplasm	HPA;GO	Q15365
KCNJ15	plasmamembrane	HPA;GO	Q99712
ZNF541	cytosol	HPA	Q9H0D2
ALDH3B1	plasmamembrane	GO	P43353
PRRT2	plasmamembrane	HPA	Q7Z6L0
NEXN	actinfilaments	HPA;GO	Q0ZGT2
FN1	endoplasmicreticulum	GO	P02751
CENPX	cytosol	GO	A8MT69
ZCCHC8	nucleoli	GO	Q6NZY4
AREL1	cytosol	GO	O15033
PPP1CA	nucleoplasm	HPA;GO	P62136
ZNF283	nucleoplasm	HPA	Q8N7M2
LSM7	nucleoplasm	GO	Q9UK45
CCDC14	centrosome	HPA;GO	Q49A88
FIZ1	nucleoplasm	HPA	Q96SL8
WDR41	cytosol	HPA	Q9HAD4
ALOX5AP	endoplasmicreticulum	GO	P20292
NAT16	nucleoplasm	HPA	Q8N8M0
PTOV1	nucleoplasm	HPA	Q86YD1
ZNF674	nucleoplasm	HPA	Q2M3X9
GSTCD	nucleoplasm	HPA	Q8NEC7
EXTL2	endoplasmicreticulum	GO	Q9UBQ6
PCYT2	endoplasmicreticulum	GO	Q99447
TP53	nucleoli	GO	P04637
HMGN2	nucleoli	HPA	P05204
SLC25A32	nucleoplasm	HPA	Q9H2D1
ZNF556	nucleoplasm	HPA	Q9HAH1
ANP32B	nucleoli	GO	Q92688
AOX1	cytosol	HPA;GO	Q06278
MCRS1	nucleoli	GO	Q96EZ8
RIMS3	mitochondria	HPA	Q9UJD0
MMP14	actinfilaments	GO	P50281
COL1A1	endoplasmicreticulum	HPA;GO	P02452
BIN2	plasmamembrane	HPA;GO	Q9UBW5
ATP8B1	cytosol	HPA	O43520
THBS1	plasmamembrane	HPA;GO	P07996
ENPP7	plasmamembrane	GO	Q6UWV6
ZKSCAN7	nucleoplasm	HPA	Q9P0L1
HTT	golgiapparatus	GO	P31645
ZNF689	nucleoli	HPA	C0HLU2
KICS2	microtubules	HPA	Q96MD2
C4orf54	nucleoplasm	HPA	D6RIA3
SDC4	golgiapparatus	HPA;GO	P31431
MYO1A	nucleoplasm	HPA	Q9UBC5
NXPH3	microtubules	HPA	O95157
ZNF616	centrosome	HPA	Q08AN1
ST3GAL5	golgiapparatus	GO	Q9UNP4
AP1G2	golgiapparatus	GO	O75843
CCDC168	plasmamembrane	HPA	Q8NDH2
STARD7	mitochondria	HPA;GO	Q9NQZ5
PSD2	plasmamembrane	HPA	Q9BQI7
NCK2	endoplasmicreticulum	GO	O43639
CHST11	golgiapparatus	HPA;GO	Q9NPF2
CDC42	endoplasmicreticulum	GO	P60953
KCNK17	nucleoplasm	HPA	Q96T54
TLX3	nucleoplasm	HPA	O43711
PSMD2	nucleoplasm	HPA;GO	Q13200
REXO2	mitochondria	HPA;GO	Q9Y3B8
YY2	nucleoplasm	HPA	O15391
GCLM	cytosol	HPA;GO	P48507
CDKN1C	nucleoplasm	HPA	P49918
PCDHGB4	nucleoplasm	HPA	Q9UN71
ZNF215	nucleoplasm	HPA	Q9UL58
EVA1A	endoplasmicreticulum	GO	Q9H8M9
BBC3	mitochondria	GO	Q96PG8
TATDN1	nucleoplasm	HPA	Q6P1N9
NCOA3	nucleoplasm	HPA;GO	Q9Y6Q9
WDR83	centrosome	HPA	Q9BRX9
VILL	golgiapparatus	HPA	O15195
GOLGA6D	centrosome	HPA	P0CG33
CERS5	primarycilium	HPA	Q8N5B7
LRRK2	endoplasmicreticulum	GO	Q5S007
ACACB	mitochondria	GO	O00763
HDAC7	nucleoplasm	GO	Q8WUI4
HOXD10	cytosol	HPA	P28358
SEC23B	cytosol	HPA	Q15437
H2BC11	plasmamembrane	GO	P06899
LILRB1	plasmamembrane	GO	Q8NHL6
MEOX1	nucleoplasm	HPA	P50221
FEZF2	cytosol	HPA	Q8TBJ5
SUB1	nucleoplasm	HPA	P53999
CLEC4G	plasmamembrane	GO	Q6UXB4
CDC34	nucleoplasm	HPA;GO	P49427
FMNL3	plasmamembrane	HPA	Q8IVF7
ZNF540	nucleoplasm	HPA	Q8NDQ6
SF3B3	nucleoplasm	HPA;GO	Q15393
SUZ12	nucleoplasm	HPA;GO	Q15022
ZNF566	nucleoplasm	HPA	Q969W8
NEFL	cytosol	GO	P07196
BCL2L1	cytosol	GO	Q07817
IL37	nucleoplasm	HPA;GO	Q9NZH6
NANOGP8	nucleoplasm	HPA	Q6NSW7
ATF5	cytosol	HPA	Q9Y2D1
MAFB	cytosol	HPA	Q9Y5Q3
PTHLH	golgiapparatus	HPA	P12272
PTPN6	nucleoli	HPA	P29350
AKAP3	primarycilium	GO	O75969
CIPC	nucleoli	HPA	Q9C0C6
KRT18	microtubules	GO	P05783
MFGE8	cytosol	HPA	Q08431
PTN	endoplasmicreticulum	HPA	P21246
CSTF3	nucleoplasm	HPA;GO	Q12996
KPNA1	nucleoplasm	HPA;GO	P52294
RIMKLB	cytosol	GO	Q9ULI2
MPHOSPH10	nucleoli	HPA;GO	O00566
TENT5C	centrosome	GO	Q5VWP2
ERI3	nucleoplasm	HPA	O43414
SLC31A2	plasmamembrane	HPA;GO	O15432
TRANK1	nucleoplasm	HPA	O15050
IP6K1	nucleoplasm	HPA;GO	Q92551
RCBTB1	nucleoplasm	HPA	Q8NDN9
FHDC1	microtubules	GO	Q9C0D6
SYNGR4	golgiapparatus	HPA	O95473
RADX	nucleoplasm	HPA;GO	Q6NSI4
HIPK1	cytosol	HPA	Q86Z02
NKX2-4	nucleoplasm	HPA	Q9H2Z4
NUBPL	mitochondria	HPA;GO	Q8TB37
BSG	plasmamembrane	GO	P35613
AMER1	cytosol	GO	Q5JTC6
ARHGAP19	cytosol	GO	Q14CB8
ANAPC10	golgiapparatus	HPA	Q9UM13
VWA5B1	cytosol	HPA	Q5TIE3
NAA11	nucleoplasm	HPA	Q9BSU3
ZRANB1	cytosol	HPA;GO	Q9UGI0
MTMR9	actinfilaments	HPA	Q96QG7
FANCA	cytosol	GO	O15360
TRAPPC2	nucleoplasm	HPA	P0DI81
TRNAU1AP	cytosol	HPA	Q9NX07
ANAPC16	cytosol	HPA;GO	Q96DE5
FUT10	golgiapparatus	HPA;GO	Q6P4F1
RPS9	nucleoli	GO	P46781
ASB13	cytosol	GO	Q8WXK3
BBIP1	primarycilium	GO	A8MTZ0
EIF2AK1	cytosol	HPA;GO	Q9BQI3
KRR1	nucleoli	HPA	Q13601
LMTK2	nucleoplasm	HPA	Q8IWU2
SDHB	mitochondria	HPA;GO	P21912
TMEM177	nucleoli	HPA	Q53S58
CGNL1	plasmamembrane	HPA	Q0VF96
GSTM2	cytosol	HPA;GO	P28161
SFT2D1	nucleoplasm	HPA	Q8WV19
FAM124B	nucleoplasm	HPA	Q9H5Z6
TTLL10	cytosol	GO	Q6ZVT0
KIAA0319L	golgiapparatus	HPA	Q8IZA0
PIGY	endoplasmicreticulum	GO	Q3MUY2
CLINT1	cytosol	GO	Q14677
LACTBL1	nucleoplasm	HPA	A8MY62
AKR1B1	nucleoplasm	HPA	P15121
SH3BGRL3	nucleoplasm	HPA	Q9H299
TRMT112	microtubules	HPA	Q9UI30
RPL10A	cytosol	HPA;GO	P62906
ADARB1	nucleoli	GO	P78563
FAM205A	nucleoli	HPA	Q6ZU69
FPGS	mitochondria	GO	Q05932
CALD1	cytosol	GO	Q05682
MTA2	nucleoplasm	HPA;GO	O94776
PTGR3	nucleoplasm	HPA	Q8N4Q0
PCDHA5	plasmamembrane	HPA	Q9Y5H7
RYBP	nucleoplasm	HPA;GO	Q8N488
ANKRD36B	nucleoplasm	HPA	Q8N2N9
PMF1-BGLAP	nucleoplasm	HPA	
R3HCC1	nucleoplasm	HPA	Q9Y3T6
CREB3	golgiapparatus	GO	O43889
TRIM69	cytosol	GO	Q86WT6
BAHCC1	nucleoli	HPA	Q9P281
GINS2	nucleoplasm	HPA;GO	Q9Y248
CORO1A	actinfilaments	GO	P31146
UBD	cytosol	GO	O15205
CEP290	centrosome	HPA;GO	O15078
LCMT1	nucleoplasm	HPA;GO	Q9UIC8
CST6	cytosol	HPA	P04080
ANKLE1	nucleoplasm	HPA	Q8NAG6
COG3	plasmamembrane	HPA	Q96JB2
RBMS2	cytosol	HPA	Q15434
TSEN15	nucleoplasm	HPA;GO	Q8WW01
RPS19	cytosol	GO	P39019
ESYT1	endoplasmicreticulum	HPA;GO	Q9BSJ8
HLA-DRB1	intermediatefilaments	GO	P01911
EGR1	nucleoplasm	HPA;GO	P18146
ENSG00000274944	nucleoplasm	HPA	
CORO1B	cytosol	HPA;GO	Q9BR76
CDC42EP4	cytosol	GO	Q9H3Q1
MOB1B	nucleoplasm	HPA	Q7L9L4
PKN3	cytosol	GO	Q6P5Z2
PNRC1	nucleoplasm	HPA	Q12796
MRPS35	mitochondria	HPA;GO	P82673
AMOTL2	cytosol	GO	Q9Y2J4
PSMD5	primarycilium	HPA	Q16401
OVOL2	cytosol	HPA	Q9BRP0
PNLDC1	endoplasmicreticulum	GO	Q8NA58
MEPCE	nucleoplasm	HPA	Q7L2J0
EWSR1	nucleoli	HPA	Q01844
LRRFIP2	actinfilaments	HPA	Q9Y608
SMURF1	nucleoplasm	GO	Q9HCE7
GPI	plasmamembrane	HPA	P06744
COPA	cytosol	HPA;GO	P53621
MAGIX	nucleoplasm	HPA	Q9H6Y5
WDR82	nucleoli	HPA	Q6UXN9
DEXI	cytosol	HPA	O95424
GAPDHS	centrosome	HPA	O14556
SCAND1	nucleoplasm	HPA	P57086
PDE4C	microtubules	HPA	Q08493
RAE1	nucleoli	HPA	P78406
NCKAP5	golgiapparatus	HPA	O14513
PFKM	endoplasmicreticulum	HPA	P08237
MISP	centrosome	GO	Q8IVT2
ACTR10	plasmamembrane	HPA	Q9NZ32
FCHSD1	nucleoplasm	HPA	Q86WN1
NOL7	nucleoli	HPA	Q9UMY1
RCOR2	microtubules	HPA	Q8IZ40
CCDC112	nucleoplasm	HPA	Q8NEF3
DDAH1	cytosol	HPA;GO	O94760
PTEN	plasmamembrane	GO	P60484
DUSP26	nucleoplasm	HPA	Q9BV47
ANXA8	plasmamembrane	GO	P13928
CPEB3	cytosol	HPA	Q8NE35
HACD3	plasmamembrane	GO	Q9P035
CFAP68	primarycilium	GO	Q9H5F2
AXL	plasmamembrane	HPA;GO	P30530
GAGE2E	cytosol	HPA	Q4V326
MDFI	nucleoplasm	HPA	Q99750
NCAPD2	nucleoplasm	HPA;GO	Q15021
SLC19A3	plasmamembrane	HPA;GO	Q9BZV2
TRAF3	cytosol	GO	Q13114
CCDC57	cytosol	HPA	Q2TAC2
TOX3	nucleoplasm	HPA	O15405
CTNND2	nucleoplasm	HPA	Q9UQB3
RRAS	actinfilaments	GO	P10301
ATP2B4	mitochondria	HPA	P23634
CFAP52	primarycilium	HPA;GO	Q8N1V2
EMX1	nucleoli	HPA	Q04741
FLRT2	plasmamembrane	GO	O43155
PRDX5	mitochondria	HPA;GO	P30044
MAD2L1BP	nucleoplasm	HPA	Q15013
SERP1	cytosol	GO	Q9Y6X1
PNPLA5	cytosol	GO	Q7Z6Z6
EXOSC6	cytosol	GO	Q5RKV6
TLR1	golgiapparatus	GO	Q15399
TACR1	plasmamembrane	HPA;GO	P25103
CCDC138	cytosol	HPA	Q96M89
NAF1	cytosol	HPA	Q15025
DAAM2	nucleoplasm	HPA	Q86T65
ATP7B	plasmamembrane	GO	P35670
TSPAN1	plasmamembrane	GO	O60635
PPP4R3A	nucleoplasm	HPA	Q6IN85
PSEN1	golgiapparatus	HPA;GO	P49768
ZNF18	golgiapparatus	HPA	P17022
SLC34A2	cytosol	HPA	O95436
APC2	cytosol	HPA	O95996
SPRED1	nucleoplasm	HPA	Q7Z699
TRMT2B	mitochondria	GO	Q96GJ1
ETNK2	cytosol	GO	Q9NVF9
RHBDD2	golgiapparatus	HPA	Q6NTF9
EIF2B2	actinfilaments	HPA	P49770
CDC27	nucleoplasm	HPA;GO	P30260
IGLV2-11	plasmamembrane	GO	P01706
SEPTIN11	primarycilium	HPA	Q9NVA2
NCAPG	nucleoplasm	GO	Q9BPX3
TNFRSF11B	golgiapparatus	HPA	O00300
HADHB	endoplasmicreticulum	GO	P55084
IGHD	plasmamembrane	GO	P01880
MVB12A	centrosome	GO	Q96EY5
ZNF717	nucleoplasm	HPA	Q9BY31
RAC3	cytosol	GO	P60763
CBY1	centrosome	HPA	Q9Y3M2
NMT2	golgiapparatus	HPA	O60551
MRPL45	mitochondria	HPA;GO	Q9BRJ2
RNF165	nucleoplasm	HPA	Q6ZSG1
TM6SF2	endoplasmicreticulum	GO	Q9BZW4
SCARB2	plasmamembrane	GO	Q14108
ABCC6	plasmamembrane	HPA;GO	O95255
PROB1	nucleoplasm	HPA	E7EW31
KRTAP9-1	cytosol	GO	A8MXZ3
DISC1	plasmamembrane	GO	Q9NRI5
LRRC23	primarycilium	GO	Q53EV4
NFKBID	nucleoplasm	HPA	Q8NI38
RBM24	nucleoplasm	HPA	Q9BX46
ASMTL	cytosol	HPA	O95671
RYR3	endoplasmicreticulum	GO	Q15413
CCDC186	golgiapparatus	HPA	Q7Z3E2
FSBP	nucleoplasm	HPA	O95073
RFTN2	plasmamembrane	HPA	Q52LD8
SLC9A5	plasmamembrane	HPA;GO	Q14940
DOK3	cytosol	HPA	Q7L591
TECR	endoplasmicreticulum	HPA;GO	Q9NZ01
LPAR1	plasmamembrane	GO	Q92633
ATP6V1G1	cytosol	GO	O75348
ENAM	endoplasmicreticulum	GO	Q9NRM1
HSPA4	cytosol	HPA;GO	P34932
SNRNP48	nucleoplasm	HPA;GO	Q6IEG0
ANKEF1	nucleoli	HPA	Q9NU02
LHPP	cytosol	HPA;GO	Q9H008
POLE3	nucleoli	HPA	Q9NRF9
FOXN2	nucleoplasm	HPA	P32314
BDKRB2	microtubules	HPA	P30411
SORBS1	actinfilaments	HPA	Q9BX66
VHL	endoplasmicreticulum	GO	P40337
MEIS2	nucleoplasm	HPA	O14770
RASAL1	cytosol	HPA;GO	O95294
CIP2A	cytosol	HPA	Q8TCG1
FAM91A1	golgiapparatus	GO	Q658Y4
THAP10	golgiapparatus	HPA	Q9P2Z0
ZNF672	nucleoplasm	HPA	Q499Z4
DNM1	plasmamembrane	GO	Q05193
CDK1	centrosome	GO	P06493
RUVBL1	nucleoplasm	HPA;GO	Q9Y265
WWTR1	cytosol	HPA;GO	Q9GZV5
CFAP57	cytosol	HPA	Q96MR6
ZNF565	nucleoplasm	HPA	Q8N9K5
CD68	golgiapparatus	HPA	P34810
INPP4A	nucleoplasm	HPA	Q96PE3
ADORA1	primarycilium	HPA	P30542
SIGLEC10	cytosol	HPA	Q96LC7
IRF3	cytosol	HPA;GO	Q14653
H2AC14	nucleoplasm	HPA	Q99878
AAAS	microtubules	GO	Q9NRG9
KDR	endoplasmicreticulum	GO	P35968
SLC36A4	plasmamembrane	HPA;GO	Q6YBV0
DENND5A	golgiapparatus	HPA;GO	Q6IQ26
BBS5	cytosol	HPA;GO	Q8N3I7
NPHP4	centrosome	GO	O75161
CBARP	nucleoplasm	HPA	Q8N350
SNX18	cytosol	HPA	Q96RF0
MARCO	plasmamembrane	GO	Q9UEW3
RPS25	plasmamembrane	GO	P62851
DCAF5	mitochondria	HPA	Q96JK2
CCDC51	mitochondria	HPA;GO	Q96ER9
NLRP3	golgiapparatus	GO	Q96P20
NFIB	nucleoli	HPA	O00712
PIK3C2A	cytosol	HPA;GO	O00443
PTK6	plasmamembrane	HPA	Q13882
ATP9B	golgiapparatus	GO	O43861
CHCHD1	nucleoli	HPA	Q96BP2
LDOC1	nucleoplasm	HPA	O95751
STT3B	endoplasmicreticulum	HPA;GO	Q8TCJ2
C18orf21	plasmamembrane	HPA	Q32NC0
MAP7D2	cytosol	HPA	Q96T17
ECSCR	plasmamembrane	HPA	Q19T08
SLC38A6	microtubules	HPA	Q8IZM9
IGSF1	cytosol	HPA	Q8N6C5
SNX30	nucleoli	HPA	Q5VWJ9
GARIN1B	golgiapparatus	HPA	Q96KD3
COL21A1	cytosol	HPA	Q96P44
CERKL	nucleoli	GO	Q49MI3
PLSCR2	nucleoplasm	HPA	Q9NRY7
IQCB1	centrosome	GO	Q15051
NUDCD3	microtubules	GO	Q8IVD9
ARL17A	nucleoplasm	HPA	Q8IVW1
NAE1	cytosol	GO	Q13564
MAP3K6	nucleoplasm	HPA	O95382
SLAIN2	centrosome	HPA;GO	Q9P270
DUSP6	cytosol	HPA;GO	Q16828
ENTREP2	nucleoplasm	HPA	O60320
PDGFC	endoplasmicreticulum	GO	Q9NRA1
SPAG5	cytosol	HPA	Q96R06
DUX4	nucleoli	HPA	Q9UBX2
ARHGAP29	centrosome	HPA	Q52LW3
STAP1	mitochondria	GO	Q9ULZ2
NUCB1	microtubules	HPA	Q02818
DDB2	plasmamembrane	HPA	Q92466
CCDC78	plasmamembrane	GO	A2IDD5
ATP4B	plasmamembrane	HPA;GO	P51164
MED12L	nucleoli	HPA	Q86YW9
REST	nucleoplasm	HPA;GO	Q13127
MOGAT1	endoplasmicreticulum	HPA;GO	Q96PD6
SNX21	centrosome	HPA	Q969T3
FBXW8	cytosol	HPA;GO	Q8N3Y1
ANKRD65	nucleoplasm	HPA	E5RJM6
CCDC74A	cytosol	HPA	Q96AQ1
IRAK4	cytosol	HPA;GO	Q9NWZ3
PACS1	cytosol	GO	Q6VY07
KLHL38	nucleoplasm	HPA	Q2WGJ6
PRKAR1A	cytosol	HPA;GO	P10644
STMN1	cytosol	HPA;GO	P16949
TUBGCP2	microtubules	GO	Q9BSJ2
PSEN2	golgiapparatus	GO	P49810
C19orf54	centrosome	HPA	Q5BKX5
LRP1	plasmamembrane	HPA;GO	Q07954
MGAT4C	golgiapparatus	GO	Q9UBM8
ENDOG	mitochondria	GO	Q14249
TRMT12	nucleoplasm	HPA	Q53H54
SMIM13	nucleoplasm	HPA	P0DJ93
MYO6	actinfilaments	GO	Q9UM54
VPS35	cytosol	GO	Q96QK1
IGKV3D-11	plasmamembrane	HPA	A0A0A0MRZ8
AKR1B15	mitochondria	GO	C9JRZ8
TRIAP1	mitochondria	HPA;GO	O43715
PRIM1	nucleoplasm	GO	P49642
GTF2I	nucleoplasm	HPA	P78347
PCM1	microtubules	HPA	Q15154
ZNF574	nucleoplasm	HPA	Q6ZN55
MED9	microtubules	HPA	Q9NWA0
EDARADD	nucleoplasm	HPA	Q8WWZ3
FBLIM1	cytosol	GO	Q8WUP2
UQCC3	mitochondria	HPA;GO	Q6UW78
BUB1B	microtubules	GO	O60566
ZMIZ2	nucleoplasm	HPA;GO	Q8NF64
SPTBN1	cytosol	GO	Q01082
TBC1D10B	plasmamembrane	GO	Q4KMP7
ARPC1A	plasmamembrane	HPA	Q92747
HTT	microtubules	GO	P31645
PRKD1	plasmamembrane	HPA	Q15139
INS	golgiapparatus	GO	P01308
COBLL1	plasmamembrane	HPA	Q53SF7
NEURL1	plasmamembrane	GO	O76050
EPM2A	cytosol	GO	B3EWF7
FAM50A	nucleoplasm	HPA;GO	Q14320
NAPRT	nucleoplasm	HPA	Q6XQN6
FGF23	golgiapparatus	GO	Q9GZV9
MRPS24	mitochondria	GO	Q96EL2
FUT8	nucleoplasm	HPA	Q9BYC5
IMP4	nucleoli	HPA;GO	Q8TCT7
DENND4A	nucleoli	HPA	Q7Z401
CCNH	nucleoplasm	HPA;GO	P51946
UQCRFS1	mitochondria	HPA;GO	P47985
C15orf39	cytosol	HPA	Q6ZRI6
DEPTOR	nucleoplasm	HPA	Q8TB45
ATG14	endoplasmicreticulum	GO	Q6ZNE5
MARCKS	nucleoplasm	HPA	P29966
SEPTIN5	actinfilaments	HPA	Q99719
TRIM39	cytosol	HPA;GO	Q9HCM9
NLRP7	golgiapparatus	HPA	Q8WX94
AKR1C3	nucleoli	HPA	P42330
CEP68	centrosome	HPA;GO	Q76N32
GPBP1	cytosol	HPA	Q86WP2
GYPC	plasmamembrane	HPA;GO	P04921
ABHD14B	cytosol	HPA;GO	Q96IU4
MMP15	nucleoplasm	HPA	P51511
STK4	nucleoplasm	HPA	Q13043
ITGA8	plasmamembrane	HPA;GO	P53708
NPM3	cytosol	HPA	O75607
VPS53	cytosol	HPA	Q5VIR6
FGFR3	actinfilaments	GO	P22607
SLC39A13	endoplasmicreticulum	GO	Q96H72
ZNF276	nucleoplasm	HPA;GO	Q8N554
CCR6	plasmamembrane	GO	O00421
LGALS12	cytosol	HPA	Q96DT0
GRID2IP	plasmamembrane	HPA	A4D2P6
SRXN1	cytosol	GO	Q9BYN0
ITGB2	plasmamembrane	HPA;GO	P05107
CIB1	endoplasmicreticulum	GO	Q99828
VRK2	mitochondria	GO	Q86Y07
VKORC1L1	endoplasmicreticulum	HPA;GO	Q8N0U8
STAU2	nucleoplasm	HPA	Q9NUL3
ADH1C	cytosol	HPA;GO	P00326
EPB41	nucleoplasm	HPA	P11171
MEGF9	cytosol	HPA	Q9H1U4
TMEM214	cytosol	HPA	Q6NUQ4
GRIN2A	plasmamembrane	GO	Q12879
RANBP10	cytosol	GO	Q6VN20
SCRT2	nucleoplasm	HPA	Q9NQ03
EFHC2	primarycilium	GO	Q5JST6
SNUPN	nucleoplasm	HPA	O95149
STX4	cytosol	GO	Q12846
FCER1G	plasmamembrane	GO	P30273
PPHLN1	nucleoplasm	HPA;GO	Q8NEY8
DHX37	nucleoli	GO	Q8IY37
FEZ2	golgiapparatus	HPA	Q9UHY8
ARID1A	nucleoplasm	HPA;GO	O14497
RSPH1	primarycilium	GO	Q8WYR4
STK40	nucleoplasm	HPA	Q8N2I9
FXYD4	plasmamembrane	GO	P59646
USP17L2	cytosol	GO	Q6R6M4
AP3B2	nucleoplasm	HPA	Q13367
PIR	cytosol	HPA	O00625
DNAJC11	mitochondria	HPA;GO	Q9NVH1
CRTAP	endoplasmicreticulum	GO	O75718
GTSE1	plasmamembrane	HPA	Q9NYZ3
ATL2	endoplasmicreticulum	HPA;GO	Q8NHH9
NME8	microtubules	GO	Q8N427
SLC25A35	mitochondria	HPA	Q3KQZ1
SPTBN4	nucleoli	HPA	Q9H254
TAS2R60	plasmamembrane	GO	P59551
SERPINB3	cytosol	HPA	P29508
PVR	actinfilaments	GO	P15151
TTLL13	primarycilium	HPA	A6NNM8
FKBP4	nucleoplasm	GO	Q02790
KIAA2026	cytosol	HPA	Q5HYC2
SEPHS1	nuclearmembrane	GO	P49903
ELP5	nucleoplasm	HPA	Q8TE02
ETV3L	nucleoli	HPA	Q6ZN32
AHI1	plasmamembrane	GO	Q8N157
CD207	plasmamembrane	GO	Q9UJ71
NAT14	mitochondria	HPA	Q8WUY8
LGALS3	cytosol	HPA	P17931
ZNF444	nucleoplasm	HPA	Q8N0Y2
CD80	plasmamembrane	GO	P33681
XAGE2	plasmamembrane	HPA	Q96GT9
DLG3	plasmamembrane	GO	Q13368
AGO3	nucleoplasm	HPA	Q9H9G7
SMUG1	nucleoli	HPA;GO	Q53HV7
ORC5	nucleoplasm	HPA;GO	O43913
ZMYM4	nucleoli	HPA	Q5VZL5
CLSPN	golgiapparatus	HPA	Q9HAW4
ANAPC15	cytosol	GO	P60006
HIP1R	plasmamembrane	HPA;GO	O75146
ALDH3A1	nucleoplasm	HPA	P30838
PDE1A	cytosol	GO	P54750
TSSC4	nucleoplasm	HPA	Q9Y5U2
SPATA7	primarycilium	HPA;GO	Q9P0W8
CRYL1	nucleoplasm	HPA	Q9Y2S2
ENSG00000264668	nucleoplasm	HPA	
COLEC12	plasmamembrane	HPA;GO	Q5KU26
FKBP11	centrosome	HPA	Q9NYL4
FXN	mitochondria	HPA;GO	Q16595
GUCA1B	primarycilium	HPA;GO	Q9UMX6
HDAC9	nucleoplasm	HPA;GO	Q9UKV0
HAUS1	cytosol	HPA;GO	Q96CS2
TJP2	plasmamembrane	HPA;GO	Q9UDY2
OAS3	cytosol	HPA;GO	Q9Y6K5
OSBPL11	nucleoplasm	HPA	Q9BXB4
PPP1R18	nucleoplasm	HPA	Q6NYC8
UHRF2	nucleoplasm	HPA;GO	Q96PU4
CDC14A	centrosome	GO	Q9UNH5
PITPNC1	cytosol	HPA	Q9UKF7
TMEM126B	mitochondria	HPA;GO	Q8IUX1
MYO9B	plasmamembrane	GO	Q13459
DYNC2H1	primarycilium	GO	Q8NCM8
RMDN3	microtubules	HPA;GO	Q96TC7
ZDHHC15	cytosol	HPA	Q96MV8
ENSG00000285982	mitochondria	HPA	
ACSBG1	endoplasmicreticulum	GO	Q96GR2
TADA1	actinfilaments	HPA	Q96BN2
CLEC6A	plasmamembrane	GO	Q6EIG7
CEACAM3	plasmamembrane	GO	P40198
PPP1R32	cytosol	HPA	Q7Z5V6
RSRC2	nucleoli	HPA	Q7L4I2
HIPK3	cytosol	HPA	Q9H422
GSDMB	plasmamembrane	GO	Q8TAX9
CD44	actinfilaments	GO	P16070
TMEM169	actinfilaments	HPA	Q96HH4
DNTTIP1	nucleoli	HPA	Q9H147
PRR3	nucleoplasm	HPA	P79522
ZFAND4	golgiapparatus	HPA	Q86XD8
TNFRSF25	plasmamembrane	HPA;GO	Q93038
OR9G1	plasmamembrane	GO	Q8NH87
RPN1	cytosol	HPA	P04843
VASH1	centrosome	HPA	Q7L8A9
CLEC5A	plasmamembrane	HPA;GO	Q9NY25
PRCD	golgiapparatus	GO	Q00LT1
SMC1A	microtubules	GO	Q14683
ARSG	endoplasmicreticulum	GO	Q96EG1
SNRNP25	nucleoplasm	HPA;GO	Q9BV90
ZNF521	nucleoplasm	HPA	Q96K83
CAPRIN2	centrosome	HPA	Q6IMN6
PLEKHG6	plasmamembrane	HPA	Q3KR16
LORICRIN	plasmamembrane	GO	P23490
PRKACA	centrosome	GO	P17252
ADGRE5	golgiapparatus	HPA	P48960
MINAR1	golgiapparatus	HPA	Q9UPX6
MTSS1	plasmamembrane	HPA	O43312
SPIRE2	intermediatefilaments	HPA	Q8WWL2
LGALS1	cytosol	HPA	P09382
PCDHA4	cytosol	HPA	Q9UN74
CPT1B	mitochondria	GO	Q92523
GLP2R	plasmamembrane	HPA;GO	O95838
AGTR1	plasmamembrane	GO	P30556
MXRA8	endoplasmicreticulum	GO	Q9BRK3
PRDM15	nucleoplasm	HPA	P57071
EDAR	plasmamembrane	GO	Q9UNE0
NKIRAS2	nucleoli	HPA	Q9NYR9
PPP2R2A	nucleoplasm	GO	P63151
PIGO	nucleoplasm	HPA	Q8TEQ8
RELB	cytosol	GO	Q01201
CD46	actinfilaments	GO	P15529
CD151	cytosol	GO	P48509
OVOL3	cytosol	HPA	O00110
KTI12	nucleoplasm	HPA	Q96EK9
HAUS7	primarycilium	HPA	Q99871
TUBGCP6	cytosol	GO	Q96RT7
ZNF581	nucleoplasm	HPA	Q9P0T4
TXNRD1	nucleoplasm	HPA	Q16881
ZNF148	nucleoplasm	HPA	Q9UQR1
RPL4	actinfilaments	GO	P36578
GPX8	endoplasmicreticulum	GO	Q8TED1
BYSL	cytosol	GO	Q13895
TMEM104	golgiapparatus	HPA	Q8NE00
UBR4	cytosol	HPA	Q5T4S7
CREM	nucleoplasm	HPA	Q03060
RNF25	cytosol	HPA;GO	Q96BH1
DSCAM	golgiapparatus	HPA	O60469
FAM161A	microtubules	GO	Q3B820
SERPINB9	nucleoplasm	HPA	P50453
TMED9	golgiapparatus	GO	Q9BVK6
RXFP1	plasmamembrane	GO	Q9HBX9
ENKUR	primarycilium	GO	Q8TC29
C2CD4C	primarycilium	HPA	Q8TF44
RPLP2	nucleoplasm	HPA	P05387
FAM219B	golgiapparatus	HPA	Q5XKK7
COPRS	nucleoplasm	HPA;GO	Q9NQ92
SLC5A9	plasmamembrane	GO	Q2M3M2
NMUR2	plasmamembrane	HPA;GO	Q9GZQ4
SLC22A15	plasmamembrane	GO	Q8IZD6
PDGFRL	nucleoplasm	HPA	Q15198
SCARF2	plasmamembrane	GO	Q96GP6
SYNGR1	plasmamembrane	GO	O43759
HDAC5	nucleoplasm	HPA;GO	Q9UQL6
TGIF2	centrosome	HPA	Q9GZN2
ZNF383	nucleoplasm	HPA	Q8NA42
VWA8	mitochondria	GO	A3KMH1
HLA-DRB5	endoplasmicreticulum	GO	Q30154
SCLT1	cytosol	GO	Q96NL6
ZC3H15	cytosol	HPA;GO	Q8WU90
STXBP1	plasmamembrane	GO	P61764
ZNF75D	nucleoplasm	HPA	P51815
RPL27A	endoplasmicreticulum	HPA	P46776
CYRIB	mitochondria	GO	Q9NUQ9
PIGT	endoplasmicreticulum	GO	Q969N2
TP53INP1	nucleoplasm	GO	Q96A56
EEF1E1	cytosol	HPA;GO	O43324
ENSG00000265118	cytosol	HPA	
TNIK	cytosol	HPA	Q9UKE5
LAYN	actinfilaments	GO	Q6UX15
PWP2	nucleoli	HPA	Q15269
POGLUT2	nucleoplasm	HPA	Q6UW63
ATF6B	nucleoli	HPA	Q99941
PBDC1	nucleoli	HPA	Q9BVG4
KIZ	centrosome	GO	Q2M2Z5
ZNF425	nucleoplasm	HPA	Q6IV72
HNRNPCL3	nucleoplasm	HPA	B7ZW38
HOMEZ	cytosol	HPA	Q8IX15
MTHFD1L	mitochondria	HPA;GO	Q6UB35
TLE4	nucleoplasm	HPA;GO	Q04727
TRNT1	nucleoplasm	GO	Q96Q11
MED31	nucleoplasm	HPA;GO	Q9Y3C7
PPP1R10	nucleoplasm	HPA;GO	Q96QC0
ADAM22	plasmamembrane	HPA;GO	Q9P0K1
ANKRD55	cytosol	HPA	Q3KP44
LAMC2	golgiapparatus	HPA	Q13753
ANAPC7	cytosol	GO	Q9UJX3
ZC4H2	plasmamembrane	GO	Q9NQZ6
NDEL1	cytosol	GO	Q9GZM8
ATF6	cytosol	GO	P18850
DMD	actinfilaments	GO	P11532
CASD1	golgiapparatus	GO	Q96PB1
ZNF32	nucleoplasm	HPA	P17041
SLC35A2	endoplasmicreticulum	GO	P78381
BAG3	nucleoplasm	HPA	O95817
ARHGEF38	centrosome	HPA	Q9NXL2
POLR2K	nucleoplasm	GO	P53803
LHFPL4	nucleoplasm	HPA	Q7Z7J7
CBX1	microtubules	GO	P83916
TUBG2	cytosol	GO	Q9NRH3
SCAMP5	plasmamembrane	GO	Q8TAC9
GCH1	nuclearmembrane	HPA	P30793
ERCC3	nucleoplasm	HPA;GO	P19447
YLPM1	nucleoplasm	HPA	P49750
TM7SF3	plasmamembrane	GO	Q9NS93
GSTT2	cytosol	HPA;GO	P0CG29
FAM72D	cytosol	HPA	Q6L9T8
KRT24	cytosol	HPA;GO	Q2M2I5
UBA7	nucleoplasm	HPA;GO	P41226
NUBP2	cytosol	HPA	Q9Y5Y2
PGBD1	cytosol	HPA	Q96JS3
UBXN7	endoplasmicreticulum	GO	O94888
SLC25A36	nucleoplasm	HPA	Q96CQ1
GEMIN6	cytosol	GO	Q8WXD5
TAAR1	plasmamembrane	GO	Q96RJ0
ORAI1	plasmamembrane	GO	Q96D31
IDE	plasmamembrane	GO	P14735
CCDC74B	primarycilium	HPA	Q96LY2
INVS	cytosol	HPA	Q9Y283
PPIL3	nucleoplasm	HPA;GO	Q9H2H8
RNMT	nucleoplasm	HPA;GO	O43148
TWF1	cytosol	HPA	Q12792
UGT2B7	endoplasmicreticulum	GO	P16662
CYP51A1	endoplasmicreticulum	HPA;GO	Q16850
SULF1	endoplasmicreticulum	GO	Q8IWU6
KCTD16	centrosome	HPA	Q68DU8
COPG1	golgiapparatus	HPA;GO	Q9Y678
MAPKAPK2	centrosome	HPA	P49137
FAM90A14	nucleoli	HPA	P0C7W9
NR6A1	cytosol	HPA	Q15406
TRMT1	plasmamembrane	HPA	O75648
GLE1	centrosome	GO	Q53GS7
SOD1	mitochondria	GO	P00441
VIM	intermediatefilaments	HPA;GO	P08670
MKKS	centrosome	HPA	Q9NPJ1
SHPK	nucleoplasm	HPA	Q9UHJ6
SIGMAR1	cytosol	GO	Q99720
TRAPPC8	microtubules	HPA	Q9Y2L5
C12orf71	cytosol	HPA	A8MTZ7
SLC38A1	plasmamembrane	GO	Q9H2H9
KCNK4	plasmamembrane	GO	Q9NYG8
CASP4	endoplasmicreticulum	GO	P49662
FABP5	nucleoplasm	GO	Q01469
ZNF319	nucleoplasm	HPA	Q9P2F9
NUB1	nucleoplasm	HPA	Q9Y5A7
DDX31	nucleoli	HPA;GO	Q9H8H2
DENND2B	nucleoplasm	HPA	P78524
MCF2L2	cytosol	HPA	Q86YR7
KYAT3	nucleoli	HPA	Q6YP21
FAM91A1	microtubules	HPA	Q658Y4
CHPF2	cytosol	HPA	Q9P2E5
WNT6	golgiapparatus	GO	Q9Y6F9
FKBP8	mitochondria	HPA	Q14318
CCDC88A	plasmamembrane	HPA;GO	Q3V6T2
CATIP	plasmamembrane	GO	Q7Z7H3
ARL6	microtubules	HPA	Q9H0F7
CHN2	cytosol	GO	P52757
FOXP3	cytosol	HPA	Q9BZS1
NDN	nucleoplasm	HPA;GO	Q99608
CYB5D2	plasmamembrane	HPA	Q8WUJ1
TUBB3	microtubules	HPA;GO	Q13509
HRH2	plasmamembrane	GO	P25021
ENSG00000289346	nucleoplasm	HPA	
CA2	plasmamembrane	GO	P00918
TRIP12	cytosol	GO	Q14669
SGMS1	nucleoli	HPA	Q86VZ5
STX17	endoplasmicreticulum	GO	P56962
NLRP3	microtubules	GO	Q96P20
TMEM87A	golgiapparatus	HPA;GO	Q8NBN3
ARL2	nucleoplasm	HPA	P36404
KIAA1671	primarycilium	HPA	Q9BY89
C1orf127	cytosol	HPA	Q8N9H9
HCFC2	nucleoplasm	HPA;GO	Q9Y5Z7
THEM4	cytosol	GO	Q5T1C6
MOV10	cytosol	HPA;GO	Q9HCE1
PYCR1	mitochondria	GO	P32322
MUTYH	nucleoplasm	HPA;GO	Q9UIF7
PKNOX1	nucleoplasm	HPA	P55347
KIF4A	cytosol	GO	O95239
UCK2	cytosol	HPA;GO	Q9BZX2
COPB1	golgiapparatus	HPA;GO	P53618
CDK19	nucleoplasm	HPA;GO	Q9BWU1
LUZP1	actinfilaments	HPA;GO	Q86V48
AMER3	cytosol	HPA	Q8N944
TLR3	golgiapparatus	GO	O15455
PTCH1	primarycilium	HPA;GO	Q13635
PXMP2	cytosol	GO	Q9NR77
NFXL1	nucleoplasm	HPA	Q6ZNB6
RPL18	plasmamembrane	GO	Q07020
KRTAP11-1	cytosol	GO	Q8IUC1
FOXA2	plasmamembrane	HPA	Q9Y261
TUBG1	cytosol	GO	P23258
INIP	nucleoplasm	HPA;GO	Q9NRY2
BRPF3	mitochondria	HPA	Q9ULD4
ENSG00000288520	nucleoli	HPA	
ATXN7L1	nucleoplasm	HPA	Q9ULK2
REXO2	actinfilaments	HPA	Q9Y3B8
MS4A14	nucleoplasm	HPA	Q96JA4
SFXN1	mitochondria	HPA;GO	Q9H9B4
ENSG00000285458	actinfilaments	HPA	
PRKACG	primarycilium	HPA;GO	P22612
HBA1	cytosol	GO	P69905
MUC20	cytosol	HPA	Q8N307
CEP43	primarycilium	HPA	O95684
SET	nucleoplasm	HPA;GO	Q01105
RNF7	cytosol	HPA;GO	Q9UBF6
ZNF114	nucleoplasm	HPA	Q8NC26
WWP2	cytosol	GO	O00308
ENO3	cytosol	HPA;GO	P13929
ESRRA	nucleoplasm	HPA;GO	P11474
LMNA	nucleoplasm	HPA;GO	P02545
KATNA1	centrosome	HPA	O75449
TAF1C	nucleoli	HPA;GO	Q15572
RELA	cytosol	HPA;GO	Q04206
CYB5R1	plasmamembrane	GO	Q9UHQ9
SCG2	endoplasmicreticulum	GO	O00255
RABL2A	centrosome	HPA	Q9UBK7
CPEB2	cytosol	HPA	Q7Z5Q1
SNRPA1	nucleoplasm	HPA;GO	P09661
KCTD3	cytosol	HPA	Q9Y597
NUDCD1	nucleoplasm	HPA	Q96RS6
GFAP	cytosol	GO	P14136
C15orf61	cytosol	HPA	A6NNL5
ARAP1	golgiapparatus	GO	Q96P48
RETREG3	endoplasmicreticulum	GO	Q86VR2
CYP2C19	endoplasmicreticulum	GO	P33261
VHL	primarycilium	HPA	P40337
DNAJB2	endoplasmicreticulum	GO	P25686
NACC1	nucleoplasm	HPA	Q96RE7
TSC22D1	mitochondria	GO	Q15714
LY6D	plasmamembrane	GO	Q14210
RECQL5	nucleoplasm	HPA;GO	O94762
RPEL1	nucleoplasm	HPA	Q2QD12
RSL1D1	primarycilium	HPA	O76021
BCL2L1	centrosome	GO	Q07817
PEX19	cytosol	GO	P40855
SNIP1	nucleoplasm	HPA;GO	Q8TAD8
ATF5	centrosome	GO	Q9Y2D1
ARSJ	endoplasmicreticulum	GO	Q5FYB0
NBPF6	cytosol	HPA	Q5VWK0
UBE2Z	cytosol	HPA;GO	Q9H832
VAMP3	cytosol	GO	Q15836
GLE1	nucleoli	HPA	Q53GS7
ITM2B	golgiapparatus	HPA	Q9Y287
HOXC6	nucleoplasm	HPA	P09630
THSD7B	cytosol	HPA	Q9C0I4
USP46	nucleoli	HPA	P62068
GCDH	mitochondria	HPA;GO	Q92947
HIPK1	centrosome	HPA	Q86Z02
SRPRB	microtubules	GO	Q9Y5M8
AIFM1	mitochondria	HPA;GO	O95831
ETFDH	mitochondria	HPA;GO	Q16134
CDK7	cytosol	HPA	P50613
TMPRSS2	plasmamembrane	HPA;GO	O15393
PTGER1	plasmamembrane	GO	P34995
ARHGEF2	cytosol	GO	Q92974
JAG1	plasmamembrane	HPA;GO	P78504
RBM20	golgiapparatus	HPA	Q5T481
NPTX2	plasmamembrane	GO	P47972
RINL	nucleoplasm	HPA	Q6ZS11
SDCCAG8	plasmamembrane	GO	Q86SQ7
CRX	nucleoplasm	HPA	O43186
SLC16A9	nucleoplasm	HPA	Q7RTY1
POLD4	nucleoplasm	GO	Q9HCU8
SLC10A7	golgiapparatus	GO	Q0GE19
MFAP3	nucleoplasm	HPA	P55082
RANBP17	nuclearmembrane	HPA	Q9H2T7
ECM1	nucleoplasm	HPA	Q16610
JADE1	centrosome	HPA	Q6IE81
AK4P3	mitochondria	HPA	
GPATCH11	nucleoplasm	HPA;GO	Q8N954
PRMT5	cytosol	HPA;GO	O14744
EDEM1	endoplasmicreticulum	HPA;GO	Q92611
USP47	nucleoplasm	GO	Q96K76
SLC11A2	plasmamembrane	GO	P49281
CENPM	cytosol	GO	Q9NSP4
DNAAF5	primarycilium	GO	Q86Y56
NMNAT3	mitochondria	HPA;GO	Q96T66
OAS1	mitochondria	GO	P00973
TGFB1I1	actinfilaments	HPA;GO	O43294
HOXC10	nucleoplasm	HPA	Q9NYD6
PPP3CA	cytosol	HPA;GO	Q08209
JRKL	nucleoplasm	HPA	Q9Y4A0
BAX	endoplasmicreticulum	GO	Q07812
ACTL6B	nucleoli	HPA	O94805
PLK4	microtubules	GO	O00444
SPPL2B	endoplasmicreticulum	GO	Q8TCT7
BORCS6	golgiapparatus	HPA	Q96GS4
PHAF1	nucleoplasm	HPA	Q9BSU1
TSHZ3	nucleoplasm	HPA	Q63HK5
DDI2	cytosol	HPA	Q5TDH0
HLA-E	plasmamembrane	HPA;GO	P13747
BRME1	nucleoplasm	HPA	Q0VDD7
TRIM62	actinfilaments	HPA	Q9BVG3
IGSF22	mitochondria	HPA	Q8N9C0
NDRG2	centrosome	HPA	Q9UN36
SEPTIN6	cytosol	HPA	Q14141
DDX28	cytosol	HPA	Q9NUL7
TRIM69	centrosome	GO	Q86WT6
OR5AL1	plasmamembrane	GO	P0C617
ABCA6	golgiapparatus	GO	Q8N139
GHITM	mitochondria	HPA	Q9H3K2
ODC1	golgiapparatus	HPA	P11926
CD1B	plasmamembrane	GO	P29016
DFFA	nucleoplasm	GO	O00273
CHSY1	golgiapparatus	GO	Q86X52
CPE	golgiapparatus	GO	P16870
CDC25B	microtubules	GO	P30305
ZNF80	nucleoplasm	HPA	P51504
KLHDC8B	microtubules	GO	Q8IXV7
PCCB	cytosol	GO	P05166
GABRG3	plasmamembrane	HPA;GO	Q99928
LARP7	nucleoplasm	HPA	Q4G0J3
MVB12B	cytosol	GO	Q9H7P6
ADCY3	plasmamembrane	HPA;GO	O60266
GIMAP6	cytosol	GO	Q6P9H5
ZNF774	intermediatefilaments	HPA	Q6NX45
ATG16L1	cytosol	HPA;GO	Q676U5
PDGFB	endoplasmicreticulum	GO	P01127
GPR50	plasmamembrane	HPA	Q13585
THUMPD3	cytosol	HPA	Q9BV44
RIMS4	plasmamembrane	GO	Q9H426
KANK2	nucleoplasm	HPA	Q63ZY3
ATP5MC3	mitochondria	GO	P48201
MYEF2	nucleoplasm	HPA	Q9P2K5
EZR	actinfilaments	GO	P15311
RCOR1	nucleoplasm	HPA;GO	Q9UKL0
CPA4	nucleoplasm	HPA	Q9UI42
DNTTIP2	nucleoplasm	HPA	Q5QJE6
NPIPB13	nucleoplasm	HPA	A6NJU9
LPIN1	endoplasmicreticulum	GO	Q14693
CLASP1	plasmamembrane	GO	Q7Z460
CIMIP2C	microtubules	GO	A6NJV1
TSC22D4	cytosol	HPA	Q9Y3Q8
PGAP3	endoplasmicreticulum	GO	Q96FM1
CNOT6L	cytosol	HPA;GO	Q96LI5
CYB5R2	nucleoplasm	HPA	Q6BCY4
CCDC66	primarycilium	HPA;GO	A2RUB6
PARS2	mitochondria	HPA	Q7L3T8
CIBAR1	primarycilium	GO	A1XBS5
SLC44A4	plasmamembrane	GO	Q53GD3
CCDC90B	mitochondria	HPA	Q9GZT6
SLC5A6	plasmamembrane	HPA;GO	Q9Y289
UCP3	nucleoplasm	HPA	P55916
EFL1	cytosol	HPA	Q7Z2Z2
WIPI2	nucleoplasm	HPA	Q9Y4P8
TM4SF1	plasmamembrane	GO	P30408
MXI1	nucleoplasm	HPA	P50539
SLC5A11	plasmamembrane	GO	Q8WWX8
SLC40A1	plasmamembrane	HPA;GO	Q9NP59
ERVH48-1	plasmamembrane	GO	M5A8F1
TERF2IP	nucleoplasm	HPA;GO	Q9NYB0
TMEM62	nucleoplasm	HPA	Q0P6H9
FAM186A	nucleoplasm	HPA	A6NE01
KRTAP5-7	cytosol	GO	Q6L8G8
PCDH9	nucleoplasm	HPA	Q9HC56
NFIC	nucleoplasm	HPA	P08651
UBA52	nucleoplasm	HPA;GO	P62987
ZNF792	nucleoplasm	HPA	Q3KQV3
NAT10	microtubules	HPA	Q9H0A0
HLA-DOA	plasmamembrane	GO	P06340
NFKBIZ	nucleoplasm	HPA	Q9BYH8
EPHA8	plasmamembrane	GO	P29322
ENSG00000251569	cytosol	HPA	
RPL7	actinfilaments	GO	P18124
ARHGEF11	cytosol	GO	O15085
CELF4	nucleoplasm	HPA	Q9BZC1
ANKRD30B	nucleoli	HPA	Q9BXX2
ZRANB3	nucleoplasm	HPA;GO	Q5FWF4
TAF9B	nucleoplasm	HPA;GO	Q9HBM6
DNAJC18	cytosol	HPA	Q9H819
OR5D14	plasmamembrane	GO	Q8NGL3
CCDC57	centrosome	HPA;GO	Q2TAC2
PLRG1	nucleoli	HPA	O43660
SHARPIN	plasmamembrane	HPA	Q9H0F6
IDH1	cytosol	HPA;GO	O75874
KRT84	intermediatefilaments	GO	Q9NSB2
CYBB	plasmamembrane	GO	P04839
PRR19	nucleoli	HPA	A6NJB7
VPS52	golgiapparatus	GO	Q8N1B4
ENSG00000285947	nucleoplasm	HPA	
EPHA6	plasmamembrane	GO	Q9UF33
COL9A3	nucleoplasm	HPA	Q14050
TSC22D3	nucleoplasm	HPA	Q99576
HMGA2	nucleoplasm	HPA;GO	P52926
ARID5B	nucleoplasm	HPA;GO	Q14865
CCNB1	cytosol	HPA;GO	P14635
PRKAB2	cytosol	HPA;GO	O43741
SLC30A5	golgiapparatus	HPA;GO	Q8TAD4
SUPT20H	nucleoli	HPA	Q8NEM7
ABCB10	mitochondria	GO	Q9NRK6
MAT2B	cytosol	GO	Q9NZL9
NBR1	nucleoplasm	HPA	Q14596
DAPK1	centrosome	HPA	P53355
OR4Q3	plasmamembrane	GO	Q8NH05
ATP5MC2	mitochondria	GO	Q06055
BICD1	centrosome	GO	Q96G01
MC5R	plasmamembrane	HPA;GO	P33032
TEAD2	nucleoplasm	HPA;GO	Q15562
NFATC2IP	nucleoplasm	HPA	Q8NCF5
VPS18	plasmamembrane	GO	Q9P253
ZNF575	nucleoplasm	HPA	Q86XF7
TRIM31	cytosol	GO	Q9BZY9
XAF1	mitochondria	HPA	Q6GPH4
WWP1	golgiapparatus	HPA	Q9H0M0
GPN3	nucleoplasm	HPA	Q9UHW5
ASIC2	plasmamembrane	GO	Q16515
KLHL12	cytosol	GO	Q53G59
ADH1B	cytosol	HPA;GO	P00325
SLC5A7	nucleoplasm	HPA	Q9GZV3
MAPKAP1	mitochondria	GO	Q9BPZ7
SIGLEC15	nucleoplasm	HPA	Q6ZMC9
RNF180	cytosol	HPA	Q86T96
IKZF3	cytosol	HPA	Q9UKT9
AGBL2	primarycilium	HPA;GO	Q5U5Z8
OVGP1	cytosol	GO	Q12889
HSPA2	cytosol	GO	P54652
RPP14	nucleoli	GO	O95059
PNCK	cytosol	HPA	Q6P2M8
MUC13	golgiapparatus	GO	Q9H3R2
IGKV1-17	plasmamembrane	GO	P01599
SREBF2	golgiapparatus	GO	Q12772
CUL3	cytosol	GO	Q13618
LDHB	cytosol	HPA;GO	P07195
PTCD3	mitochondria	HPA;GO	Q96EY7
AAK1	cytosol	GO	Q2M2I8
TAF7	nucleoplasm	HPA;GO	Q15545
THBS1	endoplasmicreticulum	HPA;GO	P07996
CCDC107	nucleoplasm	HPA	Q8WV48
LCP1	actinfilaments	HPA;GO	P13796
PKMYT1	cytosol	GO	Q99640
BOP1	nucleoplasm	HPA;GO	Q14137
PEX6	primarycilium	GO	Q13608
FOXA1	nucleoplasm	HPA;GO	P55317
PCDHA1	endoplasmicreticulum	HPA	Q9Y5I3
RHBDD3	microtubules	HPA	Q9Y3P4
ZBTB43	nucleoplasm	HPA	O43298
DUOXA2	endoplasmicreticulum	GO	Q1HG44
DTNB	golgiapparatus	HPA	O60941
TTC32	nucleoplasm	HPA	Q5I0X7
LSM6	cytosol	GO	P62312
TRIM32	intermediatefilaments	HPA	Q13049
RBMS2	nucleoli	HPA	Q15434
TMX1	nucleoli	HPA	Q9H3N1
CIP2A	centrosome	HPA	Q8TCG1
TAF6	nucleoplasm	HPA;GO	P49848
FAM210B	mitochondria	GO	Q96KR6
GLS2	mitochondria	GO	Q9UI32
RPS19	nucleoli	GO	P39019
HSPA5	cytosol	GO	P11021
ALKBH6	actinfilaments	HPA	Q3KRA9
DRGX	nucleoplasm	HPA	A6NNA5
PRDX3	mitochondria	HPA;GO	P30048
CPSF3	nucleoplasm	GO	Q9UKF6
PSAPL1	cytosol	HPA	Q6NUJ1
CSE1L	cytosol	HPA	P55060
RFC2	golgiapparatus	HPA	P35250
CHRND	plasmamembrane	HPA;GO	Q07001
KCNT1	nucleoplasm	HPA	Q5JUK3
MAD1L1	cytosol	GO	Q9Y6D9
PNPLA6	cytosol	HPA	Q8IY17
ENSG00000260836	cytosol	HPA	
CHST3	cytosol	HPA	Q7LGC8
NXF1	cytosol	GO	Q9UBU9
FKBP14	nucleoplasm	HPA	Q9NWM8
OSMR	nucleoli	HPA	Q99650
BICRA	nucleoplasm	HPA;GO	Q9NZM4
RPRD1B	nucleoplasm	HPA;GO	Q9NQG5
SAMSN1	nucleoplasm	HPA	Q9NSI8
KIAA0753	centrosome	HPA;GO	Q2KHM9
CIB2	actinfilaments	GO	O75838
DRAM2	golgiapparatus	HPA	Q6UX65
ZNF853	nucleoli	HPA	P0CG23
ZAP70	cytosol	GO	P43403
AKAP10	cytosol	HPA;GO	O43572
IL21R	plasmamembrane	HPA;GO	Q9HBE5
MDH2	mitochondria	HPA;GO	P40926
TNIP2	nucleoplasm	HPA	Q8NFZ5
AMPD3	cytosol	GO	Q01432
EFCAB7	primarycilium	HPA;GO	A8K855
ZNF16	nucleoplasm	HPA	P17020
SEM1	nucleoplasm	GO	P60896
LPAR4	plasmamembrane	HPA;GO	Q99677
PLD2	plasmamembrane	GO	O14939
GTF2F2	nucleoplasm	HPA;GO	P13984
RTN4RL1	microtubules	HPA	Q86UN2
ARHGAP28	cytosol	GO	Q9P2N2
RGS14	microtubules	GO	O43566
HIVEP1	cytosol	HPA	P15822
POLR2E	cytosol	GO	P19388
ZDHHC13	endoplasmicreticulum	GO	Q8IUH4
CHMP1B	microtubules	HPA	Q7LBR1
GPR176	plasmamembrane	GO	Q14439
NAE1	centrosome	HPA	Q13564
BOD1	microtubules	GO	Q96IK1
CCR9	plasmamembrane	HPA;GO	P51686
SLC25A5	mitochondria	HPA;GO	P05141
DDAH1	nucleoli	HPA	O94760
LYRM1	nucleoplasm	HPA	O43325
PILRB	plasmamembrane	GO	Q9UKJ0
EFHD1	nucleoli	HPA	Q9BUP0
SGSM2	nucleoplasm	HPA	O43147
TRMT9B	nucleoplasm	HPA	Q9P272
C6orf89	nucleoli	GO	Q6UWU4
DBI	golgiapparatus	GO	P07108
EARS2	mitochondria	HPA;GO	Q5JPH6
EXOSC8	cytosol	HPA;GO	Q96B26
PPFIBP2	mitochondria	HPA	Q8ND30
RTL3	nucleoplasm	HPA	Q8N8U3
FES	plasmamembrane	GO	P07332
VASH2	cytosol	HPA	Q86V25
RELN	golgiapparatus	HPA	P78509
NOXA1	cytosol	GO	Q86UR1
UBA5	endoplasmicreticulum	GO	Q9GZZ9
MCHR1	plasmamembrane	GO	Q99705
STX12	nucleoplasm	HPA	Q86Y82
GNPDA1	golgiapparatus	HPA	P46926
CCDC74A	centrosome	HPA	Q96AQ1
ZNF341	nucleoplasm	HPA	Q9BYN7
BOLA1	mitochondria	GO	Q9Y3E2
SREBF1	endoplasmicreticulum	GO	P36956
NARF	nucleoli	HPA	Q8WVD3
ITGB1	plasmamembrane	HPA;GO	P05556
VAMP4	plasmamembrane	GO	O75379
POGLUT3	nucleoplasm	HPA	Q7Z4H8
CDKN1B	cytosol	HPA;GO	P46527
TSN	endoplasmicreticulum	HPA	Q15631
SNAP29	plasmamembrane	GO	O95721
ARHGAP20	cytosol	GO	Q9P2F6
DACH1	nucleoplasm	HPA	Q9UI36
GJB4	plasmamembrane	HPA	Q9NTQ9
MAP3K7	endoplasmicreticulum	GO	O43318
KRTAP19-1	cytosol	GO	Q8IUB9
TANGO2	mitochondria	GO	Q6ICL3
SLC11A1	plasmamembrane	GO	P49279
NYAP2	cytosol	HPA	Q9P242
BAP1	nucleoplasm	HPA;GO	Q92560
CSF1	endoplasmicreticulum	GO	P09603
RAB3GAP1	cytosol	HPA;GO	Q15042
C10orf67	mitochondria	HPA	Q8IYJ2
SERPINH1	endoplasmicreticulum	HPA;GO	P50454
IGLC6	plasmamembrane	GO	P0CF74
HS3ST2	golgiapparatus	GO	Q9Y278
TUBA1B	primarycilium	HPA	P68363
LRRN1	endoplasmicreticulum	HPA	O75427
NFS1	nucleoplasm	HPA	Q9Y697
PLPPR3	golgiapparatus	HPA	Q6T4P5
KCTD1	nucleoplasm	HPA;GO	Q719H9
ECT2	nucleoplasm	HPA	Q9H8V3
RNF220	nucleoplasm	HPA	Q5VTB9
RRM2B	cytosol	HPA;GO	Q7LG56
SPG11	cytosol	HPA	Q96JI7
PREB	endoplasmicreticulum	HPA;GO	Q9HCU5
PLD3	golgiapparatus	GO	Q8IV08
MAGED2	nucleoplasm	HPA	Q9UNF1
UGP2	mitochondria	HPA	Q16851
EIF4H	cytosol	HPA;GO	Q15056
PLEKHH2	plasmamembrane	HPA;GO	Q8IVE3
UBE2Q1	cytosol	HPA	Q7Z7E8
PLPP3	golgiapparatus	HPA;GO	O14495
CSNK2A1	nucleoplasm	HPA;GO	P68400
HEATR3	nucleoplasm	HPA	Q7Z4Q2
COL16A1	golgiapparatus	HPA	Q07092
CPNE4	cytosol	HPA	Q96A23
POLQ	nucleoplasm	HPA;GO	O75417
RRBP1	endoplasmicreticulum	HPA	Q9P2E9
IRF9	nucleoplasm	GO	Q00978
PWWP2A	nucleoplasm	HPA	Q96N64
ATP6V1G1	nucleoli	HPA	O75348
ASB7	golgiapparatus	HPA	Q9H672
CKS2	mitochondria	HPA	P33552
CCSAP	microtubules	GO	Q6IQ19
RNF185	endoplasmicreticulum	GO	Q96GF1
ARHGAP36	nucleoplasm	HPA	Q6ZRI8
TAX1BP1	cytosol	HPA;GO	Q86VP1
ABCG5	plasmamembrane	GO	Q9H222
PAFAH1B1	nucleoplasm	GO	P43034
FXYD5	endoplasmicreticulum	HPA	Q96DB9
MMP25	plasmamembrane	HPA;GO	Q9H239
GEN1	centrosome	GO	Q17RS7
BRK1	nucleoplasm	HPA	Q8WUW1
RPL9	plasmamembrane	GO	P32969
C8orf88	cytosol	HPA	P0DMB2
FAU	endoplasmicreticulum	HPA	P62861
KCNS1	plasmamembrane	HPA;GO	Q96KK3
KAT6B	nucleoplasm	HPA;GO	Q8WYB5
EPOP	cytosol	HPA	A6NHQ4
TBX3	cytosol	HPA	O15119
MYL3	cytosol	GO	P08590
ELAC2	mitochondria	GO	Q9BQ52
VRK1	cytosol	HPA;GO	Q99986
BRCA1	plasmamembrane	GO	P38398
RALA	plasmamembrane	HPA;GO	P11233
IQCK	cytosol	HPA	Q8N0W5
PIP4K2A	golgiapparatus	HPA	P48426
GPR132	plasmamembrane	GO	Q9UNW8
MAPK3	golgiapparatus	GO	P27361
SOX7	golgiapparatus	HPA	Q9BT81
PLCB2	golgiapparatus	HPA	Q00722
RAB3IL1	cytosol	HPA;GO	Q8TBN0
ZBTB49	nucleoplasm	HPA	Q6ZSB9
IGHV1-46	plasmamembrane	GO	P01743
C19orf44	nucleoplasm	HPA	Q9H6X5
ITGB4	plasmamembrane	HPA;GO	P16144
CHST15	centrosome	HPA	Q7LFX5
RIPOR2	cytosol	HPA	Q9Y4F9
KIF12	nucleoplasm	HPA	Q96FN5
RAD1	nucleoplasm	HPA;GO	O60671
DENND2D	cytosol	HPA	Q9H6A0
RNF126	nucleoplasm	HPA	Q9BV68
TTC33	nucleoplasm	HPA	Q6PID6
AEN	nuclearmembrane	HPA	Q8WTP8
COL4A3	endoplasmicreticulum	HPA;GO	Q01955
CD74	endoplasmicreticulum	GO	P04233
FAM161B	cytosol	HPA	Q96MY7
ABCG1	golgiapparatus	HPA;GO	P45844
DROSHA	nucleoplasm	HPA;GO	Q9NRR4
TEX36	cytosol	HPA	Q5VZQ5
KIF18B	nucleoplasm	HPA	Q86Y91
GPS2	nucleoplasm	HPA;GO	Q13227
KCNAB1	cytosol	GO	Q14722
TICAM1	cytosol	GO	Q8IUC6
AP1S2	cytosol	GO	P56377
KCNG3	endoplasmicreticulum	GO	Q8TAE7
FILIP1	cytosol	GO	Q7Z7B0
NANOG	nucleoplasm	HPA;GO	Q9H9S0
VPS4A	centrosome	GO	Q9UN37
PCMTD2	nucleoplasm	HPA	Q9NV79
EMP2	nucleoplasm	HPA	P54851
CDAN1	plasmamembrane	HPA	Q8IWY9
GJA1	nucleoplasm	HPA	P17302
HYI	cytosol	HPA	Q5T013
R3HDML	cytosol	HPA	Q9H3Y0
RTBDN	endoplasmicreticulum	HPA	Q9BSG5
PSMD14	nucleoplasm	HPA;GO	O00487
MAGEB2	cytosol	HPA	O15479
PPP1CC	nucleoplasm	GO	P36873
RPS18	actinfilaments	GO	P62269
KIR2DS5	plasmamembrane	GO	Q14953
ORC2	nucleoplasm	HPA;GO	Q13416
MSH2	nucleoplasm	HPA;GO	P43246
FAM83G	cytosol	HPA;GO	A6ND36
AKR1B10	plasmamembrane	HPA	O60218
CLCA4	plasmamembrane	HPA;GO	Q14CN2
SIRPG	plasmamembrane	GO	Q9P1W8
NOD1	cytosol	GO	Q9Y239
HDAC6	nucleoplasm	GO	Q9UBN7
DRD1	plasmamembrane	HPA;GO	P21728
YEATS4	nucleoplasm	HPA;GO	O95619
TOMM5	mitochondria	HPA;GO	Q8N4H5
GNAI1	golgiapparatus	HPA	P63096
ORC6	nucleoplasm	HPA;GO	Q9Y5N6
RBM20	microtubules	HPA	Q5T481
YJEFN3	mitochondria	HPA	A6XGL0
ABCB5	plasmamembrane	GO	Q2M3G0
YES1	actinfilaments	GO	P07947
ZNF789	nucleoplasm	HPA	Q5FWF6
PTPN13	primarycilium	HPA	Q12923
MAEA	plasmamembrane	GO	Q7L5Y9
CRBN	cytosol	GO	Q96SW2
ADAMTS5	nucleoplasm	HPA	Q9UNA0
SIM2	nucleoplasm	HPA	Q14190
HAUS1	centrosome	HPA;GO	Q96CS2
FKTN	golgiapparatus	GO	O75072
HECW1	cytosol	HPA;GO	Q76N89
MRPL18	mitochondria	HPA;GO	Q9H0U6
C1GALT1C1	golgiapparatus	GO	Q96EU7
PRKCD	cytosol	HPA;GO	Q05655
NUP160	nucleoplasm	GO	Q12769
TES	plasmamembrane	HPA;GO	Q9UGI8
MRPS17	mitochondria	GO	Q9Y2R5
CEACAM19	nucleoli	HPA	Q7Z692
FAM171B	cytosol	HPA	Q6P995
CSNK1A1	intermediatefilaments	GO	P48729
TUBB2B	microtubules	HPA;GO	Q9BVA1
ZFYVE28	plasmamembrane	HPA	Q9HCC9
CLEC4F	plasmamembrane	HPA	Q8N1N0
POMZP3	nuclearmembrane	HPA	Q6PJE2
SLC30A3	nucleoplasm	HPA	Q99726
HAUS8	cytosol	GO	Q9BT25
DLG1	golgiapparatus	GO	Q12959
PALS1	plasmamembrane	HPA;GO	Q8N3R9
CDIPT	nuclearmembrane	HPA	O14735
ZWILCH	nucleoplasm	GO	Q9H900
HRC	endoplasmicreticulum	HPA;GO	P23327
IQGAP2	cytosol	GO	Q13576
CASK	actinfilaments	GO	O14936
COQ10A	cytosol	HPA	Q96MF6
FBLIM1	nucleoli	HPA	Q8WUP2
ENSG00000284292	plasmamembrane	HPA	
ERICH4	nucleoplasm	HPA	A6NGS2
NACA	cytosol	HPA	E9PAV3
SURF2	nucleoplasm	HPA	Q15527
CNN2	plasmamembrane	GO	Q99439
SPTBN1	nucleoli	GO	Q01082
TPK1	cytosol	GO	Q9H3S4
ATP1A1	primarycilium	GO	P05023
MTPN	plasmamembrane	HPA	P58546
FAM117B	centrosome	HPA	Q6P1L5
IL1RL2	plasmamembrane	GO	Q9HB29
DUS2	cytosol	HPA;GO	Q9NX74
POLR3G	nucleoplasm	HPA;GO	O15318
ADCK5	plasmamembrane	HPA	Q3MIX3
NINJ2	endoplasmicreticulum	HPA	Q9NZG7
RAB11A	cytosol	GO	P62491
GYG2	nucleoplasm	HPA	O15488
ZNF749	nucleoplasm	HPA	O43361
OBI1	cytosol	HPA	Q5W0B1
TBC1D12	nucleoplasm	HPA	O60347
LYPD2	plasmamembrane	GO	Q6UXB3
ULK1	mitochondria	GO	O75385
DPH2	endoplasmicreticulum	HPA	Q9BQC3
DHRS7	nucleoplasm	HPA	Q9Y394
TNKS	cytosol	GO	O95271
PTPDC1	nucleoplasm	HPA	A2A3K4
HSD17B8	mitochondria	GO	Q92506
PGM5	actinfilaments	GO	Q15124
KLC1	nucleoplasm	HPA	Q07866
ABHD14B	nucleoli	HPA	Q96IU4
MRRF	microtubules	HPA	Q96E11
AP1AR	golgiapparatus	HPA	Q63HQ0
METRN	nuclearmembrane	HPA	Q9UJH8
NPM3	nucleoli	HPA	O75607
RPL28	cytosol	HPA;GO	P46779
XPO5	nucleoplasm	HPA;GO	Q9HAV4
MRPL14	mitochondria	HPA;GO	Q6P1L8
CNOT10	centrosome	HPA	Q9H9A5
ZBED9	nucleoplasm	HPA	Q6R2W3
C8orf34	nucleoplasm	HPA	Q49A92
UPP2	intermediatefilaments	GO	O95045
RELB	centrosome	GO	Q01201
CTNNB1	cytosol	GO	P35222
FRMD4B	nucleoplasm	HPA	Q9Y2L6
FAM149B1	microtubules	HPA	Q96BN6
ODF2	cytosol	GO	Q5BJF6
CRP	intermediatefilaments	HPA	P02741
UBR4	centrosome	HPA	Q5T4S7
PAK3	cytosol	GO	O75914
SETD1A	nucleoplasm	HPA;GO	O15047
SART3	nucleoplasm	HPA;GO	Q15020
TNFRSF10D	actinfilaments	HPA	Q9UBN6
ADAMTSL4	endoplasmicreticulum	GO	Q6UY14
TMEM160	mitochondria	GO	Q9NX00
ARL2BP	microtubules	GO	Q9Y2Y0
KIF24	microtubules	GO	Q5T7B8
UXT	primarycilium	HPA	Q9UBK9
NHSL2	plasmamembrane	HPA	Q5HYW2
ADA	plasmamembrane	HPA;GO	P00813
RASGRP1	cytosol	HPA;GO	O95267
UBE2D1	cytosol	HPA;GO	P51668
GAN	microtubules	HPA	Q9H2C0
DLGAP5	cytosol	HPA;GO	Q15398
LSG1	cytosol	HPA	Q9H089
PLCB1	plasmamembrane	HPA	Q9NQ66
RPS25	endoplasmicreticulum	HPA	P62851
URB2	nucleoli	HPA	Q14146
SDHD	mitochondria	GO	O14521
YWHAQ	cytosol	HPA;GO	P27348
USH1G	primarycilium	GO	Q495M9
MYH15	cytosol	HPA	Q9Y2K3
POU4F3	nucleoplasm	HPA	Q15319
SCAF1	nucleoplasm	HPA	O14548
CTDSPL2	nucleoplasm	HPA	Q05D32
NUP54	nucleoplasm	HPA	Q7Z3B4
SIRT3	nucleoplasm	GO	Q9NTG7
ARHGAP22	nucleoplasm	HPA	Q7Z5H3
SMN2	nucleoplasm	HPA	Q16637
CIMIP2A	primarycilium	GO	Q6J272
ZNF398	nuclearmembrane	HPA	Q8TD17
RCC1L	mitochondria	GO	Q96I51
BBS4	cytosol	HPA;GO	Q96RK4
MGAT4A	golgiapparatus	HPA;GO	Q9UM21
THAP11	nucleoplasm	HPA	Q96EK4
RAD54L2	cytosol	HPA	Q9Y4B4
CLP1	nucleoplasm	HPA;GO	O94992
KRT23	cytosol	HPA;GO	Q9C075
COG7	golgiapparatus	HPA;GO	P83436
ZFP41	plasmamembrane	HPA	Q8N8Y5
ACOT1	cytosol	GO	Q86TX2
TASOR	nucleoplasm	HPA;GO	Q9UK61
HSPA1A	cytosol	GO	P0DMV8
TTC9B	nucleoplasm	HPA	Q8N6N2
PGRMC1	nucleoli	HPA	O00264
ZYX	plasmamembrane	GO	Q15942
HLA-DPB1	golgiapparatus	GO	P04440
SLCO4A1	plasmamembrane	HPA;GO	Q96BD0
FLVCR1	mitochondria	GO	Q9Y5Y0
RPL31	cytosol	GO	P62899
CASP3	mitochondria	HPA	P42574
CCDC78	endoplasmicreticulum	GO	A2IDD5
OR2C3	plasmamembrane	HPA	Q8N628
NDUFA1	cytosol	HPA	O15239
CST11	primarycilium	GO	Q9H112
IGLV1-40	plasmamembrane	GO	P01703
RAD51	mitochondria	HPA;GO	Q06609
LAMTOR5	cytosol	HPA;GO	O43504
ASGR2	plasmamembrane	HPA;GO	P07307
IFNGR2	nucleoplasm	HPA	P38484
NOS1	nucleoplasm	HPA	P29475
POLK	nucleoplasm	HPA;GO	Q9UBT6
CSTA	cytosol	HPA;GO	P01040
HTRA2	cytosol	GO	O43464
TUBG2	centrosome	HPA	Q9NRH3
GNA12	actinfilaments	GO	Q03113
GAGE12F	golgiapparatus	HPA	P0CL80
GPN1	mitochondria	HPA	Q9HCN4
IGLC7	plasmamembrane	GO	A0M8Q6
RTN3	plasmamembrane	GO	O95197
FARS2	mitochondria	GO	O95363
CBFB	cytosol	HPA	Q13951
SNX31	golgiapparatus	HPA	Q8N9S9
TPM3	cytosol	HPA;GO	P06753
MAPKAPK5	cytosol	HPA;GO	Q8IW41
DTWD1	nucleoplasm	HPA	Q8N5C7
GOT2	plasmamembrane	GO	P00505
CCDC61	primarycilium	GO	Q9Y6R9
RBKS	cytosol	HPA;GO	Q9H477
MAPKBP1	nucleoplasm	HPA	O60336
HSD3B7	endoplasmicreticulum	GO	Q9H2F3
NUDT1	mitochondria	GO	P36639
JUND	nucleoplasm	HPA;GO	P17535
SPINK9	nucleoplasm	HPA	Q5DT21
TPT1	microtubules	GO	P13693
ZMYND19	golgiapparatus	HPA	Q96E35
INVS	centrosome	HPA	Q9Y283
UBE2N	cytosol	GO	P61088
PEF1	cytosol	HPA	Q9UBV8
RPS6KA4	cytosol	HPA	O75676
ZNF160	cytosol	HPA	Q9HCG1
A4GALT	golgiapparatus	GO	Q9NPC4
NR6A1	centrosome	HPA	Q15406
SCPEP1	golgiapparatus	HPA	Q9HB40
CFAP210	microtubules	GO	Q0VFZ6
SLC7A5	cytosol	HPA	Q01650
AKAP5	golgiapparatus	HPA	P24588
PLS3	cytosol	HPA	P13797
RFX1	nucleoplasm	HPA	P22670
RNF144B	mitochondria	HPA;GO	Q7Z419
VCAM1	plasmamembrane	HPA;GO	P19320
ZBTB41	cytosol	HPA	Q5SVQ8
SARAF	endoplasmicreticulum	HPA;GO	Q96BY9
NCL	cytosol	GO	P19338
INTS15	cytosol	HPA	Q96N11
LAPTM4B	plasmamembrane	GO	Q86VI4
FERMT2	plasmamembrane	GO	Q96AC1
MCF2L2	centrosome	HPA	Q86YR7
TBX5	nucleoplasm	HPA;GO	Q99593
GNB3	golgiapparatus	HPA	P16520
FOXP4	cytosol	HPA	Q8IVH2
PKHD1	centrosome	GO	P08F94
EP300	nucleoplasm	HPA;GO	Q09472
FAS	nucleoplasm	HPA	P25445
PDHA1	mitochondria	HPA;GO	P08559
FAM241A	golgiapparatus	HPA	Q8N8J7
C20orf96	centrosome	HPA	Q9NUD7
KRT76	cytosol	GO	Q01546
ARMCX3	cytosol	HPA	Q9UH62
MALL	plasmamembrane	GO	Q13021
BOK	mitochondria	GO	Q9UMX3
EIF4EBP2	nucleoplasm	HPA	Q13542
SAMD15	nuclearmembrane	HPA	Q9P1V8
KBTBD11	intermediatefilaments	HPA	O94819
RAB14	plasmamembrane	GO	P61106
KCTD7	plasmamembrane	GO	Q96MP8
NFATC2	cytosol	HPA;GO	Q13469
LAG3	plasmamembrane	GO	P18627
BATF3	nucleoli	HPA	Q9NR55
NVL	nucleoli	HPA;GO	O15381
XPO4	nucleoplasm	HPA	Q9C0E2
GFPT1	cytosol	GO	Q06210
CHCHD3	mitochondria	HPA;GO	Q9NX63
CFAP410	plasmamembrane	GO	O43822
CARNMT1	cytosol	GO	Q8N4J0
RPL12	cytosol	GO	P30050
BAIAP2L1	actinfilaments	GO	Q9UHR4
PIK3R6	nucleoplasm	HPA	Q5UE93
ANKIB1	cytosol	HPA	Q9P2G1
POLR1F	nucleoli	HPA;GO	Q3B726
HEPACAM2	centrosome	GO	A8MVW5
BICC1	cytosol	HPA	Q9H694
OR10H5	plasmamembrane	GO	Q8NGA6
WDPCP	nucleoplasm	HPA	O95876
ZIC1	nucleoplasm	HPA	Q15915
CHAF1A	nucleoplasm	HPA;GO	Q13111
COMP	golgiapparatus	HPA	P49747
UROD	nucleoplasm	HPA	P06132
BTN3A2	plasmamembrane	GO	P78410
EPHX1	endoplasmicreticulum	GO	P07099
ZNF79	plasmamembrane	HPA	Q15937
AVPI1	nucleoplasm	HPA	Q5T686
TMEM251	plasmamembrane	HPA	Q8N6I4
RAB11FIP4	golgiapparatus	HPA	Q86YS3
TRIB3	nucleoplasm	HPA;GO	Q96RU7
PLA2G4A	mitochondria	GO	P47712
YKT6	endoplasmicreticulum	GO	O15498
GXYLT2	nucleoplasm	HPA	A0PJZ3
SRC	cytosol	GO	P12931
RMDN1	microtubules	GO	Q96DB5
VAC14	golgiapparatus	GO	Q08AM6
GPT2	mitochondria	HPA;GO	Q8TD30
USP1	nucleoplasm	HPA;GO	O94782
INPP5K	endoplasmicreticulum	GO	Q9BT40
TNS3	plasmamembrane	GO	Q68CZ2
ENSG00000173867	nucleoplasm	HPA	
PITX1	nucleoli	HPA	P78337
DND1	cytosol	HPA	Q8IYX4
SHMT2	mitochondria	HPA;GO	P34897
CYB5RL	endoplasmicreticulum	GO	Q6IPT4
ABRAXAS1	nucleoplasm	HPA;GO	Q6UWZ7
AUP1	nucleoplasm	HPA	Q9Y679
CLIP1	cytosol	HPA;GO	P30622
KIF7	primarycilium	HPA;GO	Q2M1P5
PLSCR1	nucleoplasm	HPA	O15162
RIMBP2	cytosol	HPA	O15034
S100A16	plasmamembrane	HPA	Q96FQ6
SSX1	nucleoli	HPA	Q16384
TUBG1	centrosome	GO	P23258
BEND3	nucleoplasm	HPA;GO	Q5T5X7
TMED7	golgiapparatus	GO	Q9Y3B3
GSTA4	cytosol	GO	O15217
TNRC6A	nucleoplasm	GO	Q8NDV7
NUP42	cytosol	GO	O15504
DDX11	centrosome	GO	Q96FC9
KLF12	nucleoplasm	HPA	Q9Y4X4
IL26	cytosol	GO	Q9NPH9
ZNF791	nucleoplasm	HPA	Q3KP31
ANKRD45	actinfilaments	GO	Q5TZF3
CFTR	plasmamembrane	GO	P13569
PDE1B	cytosol	GO	Q01064
CERS1	endoplasmicreticulum	HPA;GO	P27544
AFG3L2	mitochondria	HPA;GO	Q9Y4W6
CTNND1	cytosol	GO	O60716
EDNRB	plasmamembrane	HPA;GO	P24530
CD27	plasmamembrane	GO	P26842
ZNF589	nucleoplasm	HPA	Q86UQ0
MIX23	nucleoli	HPA	Q4VC31
TMEM176B	golgiapparatus	HPA	Q3YBM2
KRT6A	intermediatefilaments	HPA	P02538
KRBOX1	nucleoplasm	HPA	C9JBD0
MAP2K5	primarycilium	HPA	Q13163
MEAK7	cytosol	HPA	Q6P9B6
ATOH8	nucleoplasm	HPA	Q96SQ7
TBC1D24	plasmamembrane	HPA	Q9ULP9
ZFP37	nucleoplasm	HPA	Q9Y6Q3
CEP55	cytosol	HPA	Q53EZ4
GPRC6A	plasmamembrane	GO	Q5T6X5
PCBP1	cytosol	HPA	Q15365
C15orf40	golgiapparatus	HPA	Q8WUR7
TLR10	plasmamembrane	HPA;GO	Q9BXR5
XKR6	actinfilaments	HPA	Q5GH73
TERT	cytosol	HPA	O14746
PIK3R4	cytosol	GO	Q99570
STAT2	plasmamembrane	HPA	P52630
NDUFV2	mitochondria	HPA;GO	P19404
SHLD2	nucleoplasm	HPA;GO	Q86V20
DHRS7B	plasmamembrane	HPA	Q6IAN0
TMEM168	golgiapparatus	HPA	Q9H0V1
ACSF2	mitochondria	GO	Q96CM8
S100A6	plasmamembrane	HPA;GO	P06703
FAP	plasmamembrane	GO	Q12884
PFDN6	cytosol	HPA	O15212
LSM7	cytosol	GO	Q9UK45
GATA4	nucleoplasm	HPA;GO	P43694
ANO3	plasmamembrane	GO	Q9BYT9
XIRP2	actinfilaments	GO	A4UGR9
ARHGAP33	actinfilaments	HPA	O14559
SRRM1	nucleoplasm	HPA;GO	Q8IYB3
ZNF830	nucleoplasm	HPA;GO	Q96NB3
BTF3	cytosol	HPA	O00478
CABLES2	nucleoli	HPA	Q9BTV7
GTF2B	nucleoplasm	HPA;GO	Q00403
HMGB2	nucleoplasm	HPA;GO	P26583
SGMS2	plasmamembrane	GO	Q8NHU3
CNEP1R1	cytosol	HPA	Q8N9A8
MED17	nucleoplasm	HPA;GO	Q9NVC6
HPSE2	plasmamembrane	GO	Q8WWQ2
UGT1A8	endoplasmicreticulum	GO	Q9HAW9
UBXN4	endoplasmicreticulum	HPA	Q92575
MCAM	actinfilaments	GO	P43121
PDE8A	golgiapparatus	HPA	O60658
MNDA	nucleoplasm	HPA	P41218
RPL26	endoplasmicreticulum	HPA	P61254
CMIP	cytosol	HPA	Q8IY22
DUSP15	cytosol	HPA	Q9H1R2
PSKH1	plasmamembrane	HPA	P11801
CDK3	cytosol	HPA	Q00526
ZKSCAN7	cytosol	HPA	Q9P0L1
SLC26A4	plasmamembrane	GO	O43511
PKN2	microtubules	GO	Q16513
CDH10	nucleoplasm	HPA	Q9Y6N8
C4orf54	cytosol	HPA	D6RIA3
KLHDC9	nucleoli	HPA	Q8NEP7
TAB1	endoplasmicreticulum	GO	Q15750
C2CD4A	nucleoplasm	HPA	Q8NCU7
TAF7L	cytosol	HPA	Q5H9L4
PIEZO2	plasmamembrane	HPA	Q9H5I5
WDR3	nucleoplasm	HPA;GO	Q9UNX4
CSNK2A3	nucleoplasm	HPA	Q8NEV1
VWDE	cytosol	HPA	Q8N2E2
SETBP1	nucleoplasm	HPA	Q9Y6X0
NMRK2	cytosol	GO	Q9NPI5
DDX4	nucleoplasm	HPA	Q9NQI0
EEF1AKMT1	cytosol	HPA;GO	Q8WVE0
GNAI3	cytosol	HPA	P08754
NPR1	nucleoli	HPA	P16066
TMED3	golgiapparatus	HPA;GO	Q9Y3Q3
HEMGN	nucleoplasm	HPA	Q9BXL5
CUBN	plasmamembrane	GO	O60494
ZNF419	nucleoplasm	HPA	Q96HQ0
DST	intermediatefilaments	GO	Q03001
PDZRN3	nucleoplasm	HPA	Q9UPQ7
CPNE1	nuclearmembrane	HPA	Q99829
KCNK17	cytosol	HPA	Q96T54
ATP13A1	endoplasmicreticulum	GO	Q9HD20
PSMD2	cytosol	HPA;GO	Q13200
TARM1	plasmamembrane	GO	B6A8C7
PCDH15	nucleoplasm	HPA	Q96QU1
SNCAIP	cytosol	HPA;GO	Q9Y6H5
ZDHHC8	nucleoplasm	HPA	Q9ULC8
PDXP	microtubules	GO	Q96GD0
TNNC1	cytosol	GO	P19429
JRK	nucleoplasm	HPA	O75564
ZNF576	golgiapparatus	HPA	B3KS81
MAPK3	microtubules	HPA	P27361
ESYT2	endoplasmicreticulum	GO	A0FGR8
PTCHD4	plasmamembrane	HPA	Q6ZW05
FER	nucleoplasm	GO	P16591
CHRM4	plasmamembrane	GO	P08173
C2orf68	nucleoplasm	HPA	Q2NKX9
HEATR5B	nucleoplasm	HPA	Q9P2D3
SLC25A37	mitochondria	HPA	Q9NYZ2
KRTAP1-5	cytosol	GO	Q9BYS1
RAB3D	plasmamembrane	GO	O95716
SFR1	nucleoli	HPA	Q86XK3
ARC	microtubules	HPA	O60936
CRYBB2	nucleoplasm	HPA	P43320
FXYD6-FXYD2	nuclearmembrane	HPA	
HAO2	cytosol	GO	Q9NYQ3
P2RY10	plasmamembrane	GO	O00398
COPS7A	nucleoplasm	HPA;GO	Q9UBW8
MT1E	nucleoplasm	HPA	P04732
MEOX1	cytosol	HPA	P50221
SLC5A12	plasmamembrane	HPA;GO	Q1EHB4
ASIC4	golgiapparatus	HPA	Q96FT7
NCF1	plasmamembrane	GO	P14598
SRA1	cytosol	HPA	Q9H7N4
NAIF1	nucleoplasm	HPA	Q69YI7
NEMF	nucleoplasm	HPA	O60524
HLA-C	golgiapparatus	GO	P10321
CA12	plasmamembrane	GO	O43570
ULBP1	cytosol	HPA	Q9BZM6
KCNH5	plasmamembrane	GO	Q8NCM2
RRP36	nucleoli	HPA;GO	Q96EU6
ZC3H7A	cytosol	HPA	Q8IWR0
HPN	endoplasmicreticulum	GO	P05981
B3GNT2	golgiapparatus	GO	Q9NY97
FAF1	endoplasmicreticulum	GO	Q9UNN5
RPL11	cytosol	GO	P62913
RTF1	nucleoplasm	HPA;GO	Q92541
KPNA1	cytosol	HPA;GO	P52294
DDX11	nucleoli	HPA;GO	Q96FC9
AP3D1	cytosol	HPA	O14617
PDZD8	nucleoli	HPA	Q8NEN9
RASAL3	plasmamembrane	HPA	Q86YV0
ERI3	cytosol	HPA	O43414
H2BC21	nucleoplasm	HPA;GO	Q16778
TRANK1	cytosol	HPA	O15050
IP6K1	cytosol	HPA;GO	Q92551
ZNF620	centrosome	HPA	Q6ZNG0
HLA-H	plasmamembrane	GO	P01893
ENPP5	cytosol	HPA	Q9UJA9
FRYL	cytosol	HPA	O94915
RPL5	plasmamembrane	GO	P46777
CLDN17	plasmamembrane	GO	P56750
PDZD2	cytosol	HPA	O15018
GNAI1	microtubules	GO	P63096
PTPN11	nucleoplasm	HPA;GO	Q06124
UCKL1	endoplasmicreticulum	HPA	Q9NWZ5
SNX33	cytosol	GO	Q8WV41
DPH1	nucleoplasm	HPA	Q9BZG8
CXCR2	microtubules	HPA	P25025
ALOXE3	plasmamembrane	HPA	Q9BYJ1
FOLR2	plasmamembrane	GO	P14207
CBS	cytosol	GO	P35520
PRTN3	plasmamembrane	GO	P24158
KARS1	nucleoplasm	GO	Q15046
MARVELD3	intermediatefilaments	HPA	Q96A59
TFDP1	nuclearmembrane	HPA	Q14186
KCNN3	plasmamembrane	HPA;GO	Q9UGI6
CENPF	microtubules	GO	P49454
NAA11	cytosol	HPA	Q9BSU3
SPINT1	cytosol	HPA	O43278
NFIX	nucleoplasm	HPA	Q14938
TSPAN33	endoplasmicreticulum	GO	Q86UF1
BHMT2	cytosol	GO	Q9H2M3
DDX39B	nucleoplasm	HPA;GO	Q13838
DLG1	microtubules	GO	Q12959
GID4	cytosol	HPA;GO	Q8IVV7
ABITRAM	cytosol	HPA	Q9NX38
CASC3	nucleoplasm	GO	O15234
COX6B2	plasmamembrane	HPA	Q6YFQ2
LMTK2	cytosol	HPA	Q8IWU2
CCL3	cytosol	GO	P10147
INSR	primarycilium	HPA	P06213
NOP9	nucleoplasm	HPA	Q86U38
KIAA1958	cytosol	HPA	Q8N8K9
ERLIN2	endoplasmicreticulum	HPA;GO	O94905
PRRG2	nucleoplasm	HPA	O14669
KIF17	primarycilium	HPA;GO	Q9P2E2
SUMF1	endoplasmicreticulum	GO	Q8NBK3
ARFGEF2	golgiapparatus	HPA;GO	Q9Y6D5
FAM90A19	nucleoplasm	HPA	P0DV76
TCP11	primarycilium	GO	Q8WWU5
TULP2	cytosol	HPA	O00295
ELOB	cytosol	GO	Q15370
WDR26	cytosol	HPA;GO	Q9H7D7
CSTF1	nucleoplasm	HPA;GO	Q05048
SH3BGRL3	cytosol	GO	Q9H299
IRX5	microtubules	HPA	P78411
ZNF728	nucleoli	HPA	P0DKX0
ELOF1	cytosol	HPA	P60002
PINLYP	centrosome	HPA	A6NC86
ICA1	cytosol	HPA	Q05084
ZBTB11	nucleoplasm	HPA	O95625
RPL13A	plasmamembrane	GO	P40429
ZNF397	nucleoli	HPA	Q8NF99
SLC30A8	plasmamembrane	HPA;GO	Q8IWU4
ZXDB	nucleoplasm	HPA	P98169
CDK7	nucleoli	HPA	P50613
IVNS1ABP	cytosol	HPA	Q9Y6Y0
R3HCC1	cytosol	HPA	Q9Y3T6
EFNB2	actinfilaments	GO	P52799
PLEK	plasmamembrane	GO	P08567
TTC31	cytosol	HPA	Q49AM3
IFT140	centrosome	GO	Q96RY7
KMT2D	nucleoplasm	HPA;GO	O14686
COPZ2	endoplasmicreticulum	GO	Q9P299
HNRNPA1	cytosol	GO	P09651
TBL2	endoplasmicreticulum	GO	Q9Y4P3
ANKLE1	cytosol	HPA	Q8NAG6
CCNB1	centrosome	GO	P14635
CCNB2	golgiapparatus	HPA	O95067
SLC6A12	plasmamembrane	GO	P48065
NOMO1	cytosol	GO	Q15155
MGA	nucleoplasm	HPA;GO	O43451
COA6	mitochondria	HPA;GO	Q5JTJ3
CCDC88A	endoplasmicreticulum	GO	Q3V6T2
NPPB	cytosol	HPA	P16860
BTBD6	nucleoplasm	HPA	Q96KE9
EOGT	cytosol	HPA	Q5NDL2
C11orf58	nucleoplasm	HPA	O00193
CHKB	cytosol	HPA;GO	Q9Y259
GLB1L2	nucleoplasm	HPA	Q8IW92
BDNF	endoplasmicreticulum	GO	P23560
RIOX1	nucleoplasm	GO	Q9H6W3
MOB1B	cytosol	HPA;GO	Q7L9L4
KLHL12	centrosome	HPA	Q53G59
KHSRP	cytosol	GO	Q92945
CYB5D2	endoplasmicreticulum	HPA	Q8WUJ1
CPEB1	nucleoplasm	HPA	Q9BZB8
EHD3	primarycilium	HPA;GO	Q9NZN3
ACSS2	cytosol	GO	Q9NR19
APOBEC3H	cytosol	HPA;GO	Q6NTF7
HRCT1	nuclearmembrane	HPA	Q6UXD1
TLN2	plasmamembrane	GO	Q9Y4G6
CUL3	centrosome	GO	Q13618
CNBD2	actinfilaments	HPA	Q96M20
PIGX	plasmamembrane	HPA	Q8TBF5
TEP1	nucleoplasm	HPA	P60484
GLYAT	mitochondria	GO	Q6IB77
RPS27	plasmamembrane	GO	P42677
CHTOP	nucleoplasm	HPA;GO	Q9Y3Y2
SSX7	nucleoli	HPA	Q7RTT5
RAI14	nucleoplasm	HPA	Q9P0K7
TACR1	primarycilium	GO	P25103
NEDD9	plasmamembrane	GO	Q14511
DDX28	nucleoli	HPA	Q9NUL7
POPDC2	plasmamembrane	GO	Q9HBU9
TP73	cytosol	GO	O15350
RGS10	cytosol	GO	O43665
FUT5	golgiapparatus	GO	Q11128
GK5	nucleoplasm	HPA	Q6ZS86
CCDC13	primarycilium	HPA	Q8IYE1
FAR2	nucleoli	HPA	Q96K12
NLRC4	cytosol	HPA;GO	Q9NPP4
LRR1	nucleoplasm	HPA	Q96L50
RPL18	endoplasmicreticulum	HPA	Q07020
DDX3X	cytosol	HPA;GO	O00571
MID1IP1	cytosol	GO	Q9NPA3
HRAS	golgiapparatus	GO	P01112
FCHSD1	cytosol	HPA	Q86WN1
ATXN3	plasmamembrane	HPA	P54252
CLEC4D	plasmamembrane	GO	Q8WXI8
THUMPD3	nucleoli	HPA	Q9BV44
STK16	plasmamembrane	HPA	O75716
RAD54B	nucleoplasm	HPA	Q9Y620
MYO1E	actinfilaments	GO	Q12965
KCNB1	plasmamembrane	GO	Q14721
ACAT1	endoplasmicreticulum	GO	P24752
METTL9	cytosol	HPA	Q9H1A3
SH3YL1	nucleoplasm	HPA	Q96HL8
NCAPD2	cytosol	HPA;GO	Q15021
SFSWAP	cytosol	HPA	Q12872
CD83	golgiapparatus	HPA	Q01151
CHRNA4	plasmamembrane	GO	P43681
DISC1	primarycilium	GO	Q9NRI5
NOMO2	cytosol	GO	Q5JPE7
ABHD15	nucleoplasm	HPA	Q6UXT9
LMO4	microtubules	HPA	P61968
CTNND2	cytosol	HPA	Q9UQB3
DALRD3	nucleoplasm	HPA	Q5D0E6
KPNA6	cytosol	HPA;GO	O60684
ICAM1	plasmamembrane	HPA;GO	P05362
SMAD1	cytosol	HPA;GO	Q15797
KRTAP21-3	cytosol	GO	Q3LHN1
TRIM13	endoplasmicreticulum	GO	O60858
CYB5R1	endoplasmicreticulum	GO	Q9UHQ9
PCDHGB1	actinfilaments	HPA	Q9Y5G3
ORC3	nucleoplasm	HPA;GO	Q9UBD5
HYDIN	nucleoplasm	HPA	Q4G0P3
WDR74	nucleoplasm	HPA	Q6RFH5
HNRNPU	centrosome	GO	Q00839
NPR2	plasmamembrane	GO	P20594
PCP4L1	nucleoplasm	HPA	A6NKN8
MLF1	actinfilaments	HPA	P58340
HAS2	golgiapparatus	GO	Q92819
ABCB6	nucleoplasm	HPA	Q9NP58
FAAP20	cytosol	GO	Q6NZ36
CRYBG2	nucleoplasm	HPA	Q8N1P7
MYMX	cytosol	HPA	A0A1B0GTQ4
ATP8B4	golgiapparatus	GO	Q8TF62
SYNE3	nuclearmembrane	HPA	Q6ZMZ3
RHOXF2B	nucleoplasm	HPA	P0C7M4
AGXT2	mitochondria	GO	Q9BYV1
OXGR1	plasmamembrane	HPA;GO	Q96P68
B3GNT3	golgiapparatus	GO	Q9Y2A9
PLCG1	plasmamembrane	HPA;GO	P19174
CASQ1	nucleoplasm	HPA	P31415
MAT2A	nucleoplasm	HPA	P31153
CDC27	cytosol	GO	P30260
TTYH2	plasmamembrane	GO	Q9BSA4
MELTF	plasmamembrane	GO	P08582
BUD13	nucleoplasm	HPA;GO	Q9BRD0
MTMR2	cytosol	GO	Q13614
PDCL	cytosol	HPA;GO	Q13371
KIR2DS1	plasmamembrane	GO	Q14954
CRY1	nuclearmembrane	HPA	Q16526
CKAP2	centrosome	HPA;GO	Q8WWK9
ECSIT	nucleoplasm	HPA	Q9BQ95
KRT77	cytosol	GO	Q7Z794
SLAMF1	plasmamembrane	GO	Q13291
RPS7	nucleoplasm	GO	P62081
SMG6	cytosol	HPA;GO	Q86US8
SEC16B	actinfilaments	HPA	Q96JE7
MACROD2	nucleoli	HPA	A1Z1Q3
ACTN4	actinfilaments	HPA;GO	O43707
CHST1	nucleoli	HPA	O43916
ESD	endoplasmicreticulum	GO	P10768
CAMSAP2	golgiapparatus	HPA;GO	Q08AD1
HTR1E	plasmamembrane	GO	P28566
TFDP3	nuclearmembrane	HPA	Q5H9I0
CCR5	plasmamembrane	GO	P51681
CMTM3	cytosol	GO	Q96MX0
LCLAT1	cytosol	HPA	Q6UWP7
PSMD10	nucleoplasm	GO	O75832
ERCC1	nucleoplasm	HPA;GO	P07992
ZNG1E	plasmamembrane	HPA	Q5RIA9
TTC28	microtubules	HPA;GO	Q96AY4
ARMH3	golgiapparatus	GO	Q5T2E6
ADAM15	plasmamembrane	GO	Q13444
UBAC1	cytosol	HPA	Q9BSL1
TIRAP	plasmamembrane	GO	P58753
RABEP1	cytosol	HPA	Q15276
PROSER3	golgiapparatus	HPA	Q2NL68
MAMDC2	plasmamembrane	HPA	Q7Z304
ERN1	endoplasmicreticulum	GO	O75460
RIGI	cytosol	HPA;GO	O95786
VPS37C	primarycilium	HPA	A5D8V6
CCDC40	cytosol	HPA	Q4G0X9
RUVBL1	cytosol	HPA	Q9Y265
RPGR	golgiapparatus	HPA	Q92834
KDF1	plasmamembrane	HPA	Q8NAX2
PCBP2	actinfilaments	GO	Q15366
INPP4A	cytosol	GO	Q96PE3
PLD1	endoplasmicreticulum	GO	Q13393
PCDH20	microtubules	HPA	Q8N6Y1
OR8B3	plasmamembrane	GO	Q8NGG8
DOLK	cytosol	HPA	Q9UPQ8
STRN	nucleoplasm	HPA	O43815
ZMYND12	primarycilium	GO	Q9H0C1
RAB11FIP4	microtubules	GO	Q86YS3
STAMBPL1	plasmamembrane	HPA	Q96FJ0
CYTH2	golgiapparatus	HPA;GO	Q99418
IGKC	cytosol	HPA	P01834
KIF20B	nucleoplasm	HPA;GO	Q96Q89
HMCES	nucleoplasm	HPA;GO	Q96FZ2
UBE2Q1	centrosome	HPA	Q7Z7E8
CCDC86	nucleoplasm	HPA	Q9H6F5
L3MBTL2	nucleoplasm	HPA;GO	Q969R5
RASGEF1B	nucleoplasm	HPA	Q0VAM2
POC1B	centrosome	GO	Q8TC44
TMEM192	nucleoplasm	HPA	Q8IY95
DNAJC21	nucleoli	HPA	Q5F1R6
STEEP1	nucleoplasm	HPA;GO	Q9H5V9
SNRPD3	cytosol	HPA;GO	P62318
SRR	cytosol	GO	Q9GZT4
HLA-E	endoplasmicreticulum	GO	P13747
FBF1	primarycilium	HPA	Q8TES7
TTC19	centrosome	GO	Q6DKK2
PKN1	cytosol	GO	Q16512
GPC1	golgiapparatus	GO	P35052
ZBED1	nucleoplasm	HPA;GO	O96006
ZNF677	centrosome	HPA	Q86XU0
NPIPA9	nucleoplasm	HPA	A0A0B4J1W7
MAP3K6	cytosol	HPA	O95382
UEVLD	cytosol	HPA	Q8IX04
DUSP11	microtubules	HPA	O75319
INTS6L	nucleoplasm	HPA	Q5JSJ4
GBA2	nucleoplasm	HPA	Q9HCG7
ELMO3	plasmamembrane	HPA	Q96BJ8
QRFPR	plasmamembrane	GO	Q96P65
ENTREP2	cytosol	HPA	O60320
MYO1C	plasmamembrane	HPA;GO	O00159
NPIPB6	nucleoplasm	HPA	E9PJ23
TAF3	nucleoplasm	HPA;GO	Q5VWG9
TRAIP	plasmamembrane	HPA	Q9BWF2
LIMS2	plasmamembrane	GO	Q7Z4I7
CDK16	cytosol	HPA	Q00536
PRDM11	cytosol	GO	Q9NQV5
SLC38A5	plasmamembrane	HPA;GO	Q8WUX1
JMJD7-PLA2G4B	cytosol	HPA	
PPP3R2	cytosol	HPA	Q96LZ3
YPEL5	cytosol	HPA	P62699
SNRK	plasmamembrane	HPA	Q9NRH2
ENSG00000260836	nucleoli	HPA	
P4HA2	endoplasmicreticulum	HPA;GO	O15460
NAA25	cytosol	HPA	Q14CX7
FBXO33	nucleoplasm	HPA	Q7Z6M2
TRIP4	nucleoplasm	HPA	Q15650
POLR1D	nucleoli	GO	P0DPB5
ATXN7	cytosol	HPA	O15265
SART1	golgiapparatus	HPA	O43290
RAB3IL1	centrosome	HPA	Q8TBN0
UCP2	mitochondria	HPA;GO	P55851
ZNF213	nuclearmembrane	HPA	O14771
RPS2	plasmamembrane	GO	P15880
SKP2	nucleoplasm	HPA;GO	Q13309
ZBTB34	nucleoplasm	HPA	Q8NCN2
PIK3CD	plasmamembrane	GO	O00329
HOXA11	nucleoplasm	HPA	P31270
FAM174B	plasmamembrane	GO	Q3ZCQ3
KLHL38	cytosol	HPA	Q2WGJ6
ADIRF	nucleoplasm	HPA	Q15847
ATP11A	golgiapparatus	HPA	P98196
KLHL11	nuclearmembrane	HPA	Q9NVR0
IMPA2	cytosol	GO	O14732
EMSY	nucleoplasm	HPA	Q7Z589
TUBA3D	primarycilium	HPA	P0DPH8
FCGBP	plasmamembrane	HPA	Q9Y6R7
ZNF417	nucleoli	HPA	Q8TAU3
SUOX	mitochondria	GO	P51687
DHPS	cytosol	HPA;GO	P49366
CYP2B6	endoplasmicreticulum	GO	P20813
ELMOD2	actinfilaments	HPA	Q8IZ81
SEMA3E	nucleoplasm	HPA	O15041
CACNB3	cytosol	GO	P54284
GGT5	plasmamembrane	GO	P36269
PNISR	nucleoplasm	HPA	Q8TF01
P2RX2	plasmamembrane	GO	Q9UBL9
CLASP2	golgiapparatus	HPA;GO	O75122
POLR2E	nucleoli	GO	P19388
MTFR1L	mitochondria	HPA	Q9H019
B4GALT6	golgiapparatus	GO	Q9UBX8
EIF3J	cytosol	HPA;GO	O75822
FAM222B	nucleoplasm	HPA	Q8WU58
DDIT4	cytosol	HPA;GO	Q9NX09
FNBP4	nucleoplasm	HPA	Q8N3X1
PLPP6	nucleoplasm	HPA	Q8IY26
EMD	nuclearmembrane	HPA;GO	P50402
PABPC1	actinfilaments	GO	P11940
HLA-DRA	plasmamembrane	GO	P01903
ABI2	nucleoplasm	HPA	Q9NYB9
CDK5RAP2	primarycilium	HPA	Q96SN8
GTF3C1	nucleoplasm	HPA;GO	Q12789
HNRNPD	nucleoplasm	HPA;GO	Q14103
SLC22A4	plasmamembrane	GO	Q9H015
TAGLN	mitochondria	HPA	Q01995
EXOSC8	nucleoli	HPA	Q96B26
ILK	nucleoplasm	GO	Q13418
FLG	cytosol	HPA;GO	P11362
S100A12	plasmamembrane	GO	P80511
TMX3	plasmamembrane	GO	Q96JJ7
GSTO1	cytosol	GO	P78417
RRAS2	actinfilaments	GO	P62070
ENG	plasmamembrane	HPA;GO	P17813
HECTD1	nucleoplasm	HPA	Q9ULT8
PRNP	mitochondria	GO	F7VJQ1
CYBB	endoplasmicreticulum	GO	P04839
WDR81	golgiapparatus	GO	Q562E7
STAC3	nucleoplasm	HPA	Q96MF2
DOK6	cytosol	HPA;GO	Q6PKX4
MARCKS	cytosol	HPA	P29966
MIEF1	mitochondria	HPA;GO	L0R8F8
MRPS7	mitochondria	HPA;GO	Q9Y2R9
TSC1	plasmamembrane	GO	Q92574
XYLT1	golgiapparatus	GO	Q86Y38
HDAC4	cytosol	HPA	P56524
DHFR2	mitochondria	HPA;GO	Q86XF0
ZNF276	cytosol	HPA	Q8N554
DZIP1	centrosome	HPA;GO	Q86YF9
CD160	plasmamembrane	GO	O95971
CARD16	mitochondria	HPA	Q5EG05
PPP4C	nucleoplasm	HPA;GO	P60510
PPP1R9B	plasmamembrane	GO	Q96SB3
MLST8	golgiapparatus	HPA	Q9BVC4
PLA2G4E	cytosol	HPA;GO	Q3MJ16
RAPGEF6	plasmamembrane	GO	Q8TEU7
CEP350	microtubules	GO	Q5VT06
AP1G1	cytosol	HPA;GO	O43747
CERS3	endoplasmicreticulum	GO	Q8IU89
KDM6A	nucleoli	HPA	O15550
GGTA1	plasmamembrane	HPA	Q4G0N0
PSMD13	cytosol	HPA;GO	Q9UNM6
EPB41	cytosol	HPA;GO	P11171
SDCBP	nucleoplasm	HPA	O00560
SLC16A8	intermediatefilaments	HPA	O95907
TOR1B	endoplasmicreticulum	GO	O14657
SNUPN	cytosol	HPA;GO	O95149
CDCA7	cytosol	HPA	Q9BWT1
ORAI2	nucleoplasm	HPA	Q96SN7
ATXN2L	nucleoplasm	GO	Q8WWM7
RMND5B	cytosol	GO	Q96G75
TUBB4B	cytosol	GO	P68371
MPIG6B	plasmamembrane	GO	O95866
ABCA1	plasmamembrane	HPA;GO	O95477
IGLV2-14	plasmamembrane	GO	P01704
PPIP5K2	cytosol	GO	O43314
PARL	mitochondria	HPA;GO	Q9H300
ACAD9	mitochondria	HPA;GO	Q9H845
RAB11A	centrosome	HPA;GO	P62491
SLC2A13	nuclearmembrane	HPA	Q96QE2
ERG	cytosol	HPA	P11308
STK40	cytosol	HPA	Q8N2I9
MNX1	nucleoli	HPA	P50219
HCRTR1	plasmamembrane	GO	O43613
DEFB119	mitochondria	HPA	Q8N690
NCOA7	golgiapparatus	HPA	Q8NI08
RBMY1J	nucleoplasm	HPA	Q15415
AP3B2	cytosol	HPA	Q13367
LNX2	plasmamembrane	HPA	Q8N448
SUFU	cytosol	GO	Q9UMX1
EVA1B	plasmamembrane	HPA	Q9NVM1
XAGE1B	nucleoplasm	HPA	Q9HD64
TNKS	centrosome	GO	O95271
ANXA7	endoplasmicreticulum	GO	P20073
KIF23	nucleoplasm	HPA;GO	Q02241
WDTC1	golgiapparatus	HPA	Q8N5D0
RFX2	cytosol	HPA	P48378
HNRNPA3	nucleoplasm	HPA;GO	P51991
MSX2	nucleoplasm	HPA	P35548
GSC	nucleoplasm	HPA	P56915
NPTXR	cytosol	HPA	O95502
FKBP4	cytosol	HPA;GO	Q02790
EPC2	nucleoplasm	HPA	Q52LR7
DCTN1	primarycilium	GO	Q14203
CEP164	cytosol	GO	Q9UPV0
ELP5	cytosol	HPA	Q8TE02
CRYAA	nucleoplasm	HPA	P02489
NSUN3	mitochondria	GO	Q9H649
MS4A3	golgiapparatus	HPA	Q96HJ5
TH	plasmamembrane	GO	P07101
TOX	nucleoplasm	HPA	O94900
MYL3	nucleoli	HPA	P08590
TMEM147	nuclearmembrane	GO	Q9BVK8
ACTN2	plasmamembrane	GO	P35609
ENSG00000285920	nucleoli	HPA	
PGLYRP4	plasmamembrane	HPA	Q96LB8
RAB23	cytosol	HPA	Q9ULC3
ODF2	centrosome	HPA;GO	Q5BJF6
NFASC	actinfilaments	GO	O94856
AGO3	cytosol	HPA;GO	Q9H9G7
F11R	plasmamembrane	HPA;GO	Q9Y624
MGST1	plasmamembrane	GO	P10620
SPCS2	endoplasmicreticulum	GO	Q15005
ACOT2	cytosol	GO	P49753
LONRF3	plasmamembrane	HPA	Q496Y0
KRTAP19-4	cytosol	GO	Q3LI73
AK9	nucleoplasm	HPA	Q5TCS8
CKAP5	microtubules	GO	Q14008
DDX53	nucleoplasm	HPA	Q86TM3
CHCHD6	mitochondria	HPA;GO	Q9BRQ6
PDPR	mitochondria	HPA;GO	Q8NCN5
AGMO	endoplasmicreticulum	GO	Q6ZNB7
TSSC4	cytosol	HPA	Q9Y5U2
EMB	plasmamembrane	GO	Q6PCB8
ITGB1BP1	plasmamembrane	GO	O14713
ANXA11	nucleoplasm	HPA;GO	P50995
CRYL1	cytosol	GO	Q9Y2S2
VPS13C	endoplasmicreticulum	GO	Q709C8
FBLN7	actinfilaments	GO	Q53RD9
SOX2	cytosol	GO	P48431
PEA15	cytosol	HPA;GO	Q15121
FAM210A	golgiapparatus	HPA	Q96ND0
FOXR2	nucleoplasm	HPA	Q6PJQ5
DLGAP5	centrosome	GO	Q15398
SKA1	nucleoplasm	GO	Q96BD8
MYPOP	nucleoplasm	HPA	Q86VE0
TAF1D	nucleoplasm	HPA;GO	Q9H5J8
RASA2	cytosol	GO	Q15283
ALDH8A1	centrosome	HPA	Q9H2A2
IGSF9B	plasmamembrane	HPA	Q9UPX0
LRIT3	nucleoplasm	HPA	Q3SXY7
VWA7	cytosol	HPA	Q9Y334
DNAJC8	nucleoplasm	HPA;GO	O75937
SPEF1	plasmamembrane	GO	Q9Y4P9
ARFGEF2	microtubules	GO	Q9Y6D5
POTEKP	cytosol	GO	Q9BYX7
SNAI2	nucleoplasm	HPA;GO	O43623
SPAST	nucleoplasm	HPA	Q9UBP0
BAIAP2	actinfilaments	GO	Q9UQB8
PYGL	plasmamembrane	HPA	P06737
BAG4	plasmamembrane	GO	O95429
CCR9	endoplasmicreticulum	HPA	P51686
EFCAB5	nucleoplasm	HPA	A4FU69
C1orf146	centrosome	HPA	Q5VVC0
RNF123	cytosol	HPA;GO	Q5XPI4
ARHGAP23	cytosol	HPA;GO	Q9P227
HTR6	plasmamembrane	GO	P50406
JDP2	nucleoplasm	HPA	Q8WYK2
GNAI2	plasmamembrane	HPA;GO	P04899
FXYD1	nucleoplasm	HPA	O00168
EXOSC5	nucleoli	HPA	Q9NQT4
NUDT15	nucleoplasm	HPA	Q9NV35
KCNJ5	plasmamembrane	GO	P48544
AURKA	microtubules	GO	O14965
HSPA1A	centrosome	GO	P0DMV8
CHMP3	cytosol	GO	Q9Y3E7
RAD51D	centrosome	GO	O75771
ATOX1	nucleoplasm	HPA	O00244
SPRR2D	plasmamembrane	GO	P22532
CDC123	golgiapparatus	HPA	O75794
FOXN4	cytosol	HPA	Q96NZ1
GTF2H4	nucleoplasm	HPA;GO	Q92759
RPF2	nucleoli	HPA	Q9H7B2
MCOLN1	plasmamembrane	GO	Q9GZU1
MIS18A	nucleoplasm	HPA;GO	Q9NYP9
H3C4	nucleoplasm	HPA	P68431
TATDN3	nucleoplasm	HPA	Q17R31
PDRG1	actinfilaments	HPA	Q9NUG6
EML4	microtubules	HPA;GO	Q9HC35
HECW1	nucleoli	HPA	Q76N89
JPH3	cytosol	HPA	Q8WXH2
WNT3A	golgiapparatus	GO	P56704
ABHD3	nucleoplasm	HPA	Q8WU67
ZCCHC9	nucleoli	HPA	Q8N567
FAM171B	nucleoli	HPA	Q6P995
G3BP1	plasmamembrane	GO	Q13283
KIFC2	nucleoplasm	HPA	Q96AC6
MTM1	cytosol	GO	Q13496
SH2B1	nucleoplasm	HPA	Q9NRF2
SDHA	mitochondria	HPA;GO	P31040
KIN	nucleoplasm	HPA;GO	O60870
NEGR1	plasmamembrane	GO	Q7Z3B1
PRDM2	golgiapparatus	HPA	Q13029
CCDC167	cytosol	HPA	Q9P0B6
SPRY4	plasmamembrane	GO	Q9C004
SLC7A6OS	nucleoplasm	HPA	Q96CW6
MCF2L	plasmamembrane	GO	O15068
LPO	plasmamembrane	GO	P22079
ERMARD	cytosol	HPA	Q5T6L9
NBEAL1	nucleoplasm	HPA	Q6ZS30
MYBBP1A	nucleoplasm	GO	Q9BQG0
CEACAM7	plasmamembrane	HPA;GO	Q14002
IGLL1	endoplasmicreticulum	HPA	P15814
RPL27	nucleoli	HPA	P61353
CNTN3	plasmamembrane	GO	Q9P232
IFNLR1	cytosol	HPA	Q8IU57
DENND4B	golgiapparatus	HPA;GO	O75064
NT5C1B-RDH14	nucleoplasm	HPA	
TNFAIP2	nuclearmembrane	HPA	Q03169
RAP2C	plasmamembrane	GO	Q9Y3L5
TRAPPC2B	nucleoplasm	HPA	P0DI82
GRK2	plasmamembrane	GO	P25098
CDH1	plasmamembrane	HPA;GO	P12830
PITPNM1	cytosol	HPA;GO	O00562
TDRKH	cytosol	HPA	Q9Y2W6
FBXL2	plasmamembrane	HPA	Q9UKC9
PNPT1	mitochondria	HPA;GO	Q8TCS8
MSANTD1	nucleoplasm	HPA	Q6ZTZ1
RNF40	nucleoplasm	HPA;GO	O75150
ALDOC	nucleoli	HPA	P09972
IRAK1	plasmamembrane	GO	P51617
KLHL7	nucleoplasm	HPA	Q8IXQ5
ZFP62	actinfilaments	HPA	Q8NB50
ENSG00000285547	nucleoplasm	HPA	
DYNLL1	microtubules	GO	P63167
EIF3C	cytosol	HPA;GO	Q99613
RILPL1	primarycilium	HPA	Q5EBL4
HDAC5	cytosol	HPA	Q9UQL6
ZIM2	nucleoplasm	HPA	Q9NZV7
DHRS11	golgiapparatus	HPA	Q6UWP2
LRAT	endoplasmicreticulum	HPA;GO	O95237
SCAMP2	golgiapparatus	HPA;GO	O15127
APBB3	cytosol	HPA;GO	O95704
DNAJB9	cytosol	HPA	Q9UBS3
PTPN20	centrosome	HPA	Q4JDL3
CACNA1B	plasmamembrane	GO	Q00975
TENM3	nucleoplasm	HPA	Q9P273
MGLL	plasmamembrane	GO	Q99685
PLSCR3	plasmamembrane	GO	Q9NRY6
MYL5	cytosol	GO	Q02045
CTLA4	plasmamembrane	GO	P16410
STARD3	endoplasmicreticulum	HPA;GO	Q14849
KATNB1	cytosol	HPA	Q9BVA0
RAB35	cytosol	GO	Q15286
IL18	golgiapparatus	HPA	Q14116
LACC1	endoplasmicreticulum	GO	Q8IV20
PEX7	cytosol	GO	O00628
ACSL3	mitochondria	GO	O95573
NIPA2	golgiapparatus	HPA	Q8N8Q9
NSMCE2	nucleoplasm	HPA;GO	Q96MF7
UTP14C	nucleoli	HPA	Q5TAP6
ANO10	plasmamembrane	HPA;GO	Q9NW15
ZDBF2	nucleoplasm	HPA	Q9HCK1
BICC1	centrosome	HPA	Q9H694
AKR7A2	golgiapparatus	HPA	O43488
STX16	plasmamembrane	GO	O14662
PARD3B	plasmamembrane	HPA	Q8TEW8
CT45A6	nucleoplasm	HPA	P0DMU7
CENPV	nucleoplasm	HPA;GO	Q7Z7K6
GRINA	cytosol	HPA	Q7Z429
USP29	plasmamembrane	HPA	Q9HBJ7
BRD3	nucleoplasm	HPA;GO	Q15059
OSBP2	cytosol	HPA	Q969R2
SLN	microtubules	HPA	O00631
AOC3	plasmamembrane	GO	Q16853
MAP1LC3B	cytosol	GO	Q9GZQ8
SEC23A	cytosol	HPA;GO	Q15436
DCUN1D5	nucleoplasm	HPA	Q9BTE7
EHBP1L1	plasmamembrane	HPA	Q8N3D4
ZNF786	nucleoplasm	HPA	Q8N393
CLIP1	centrosome	GO	P30622
DIDO1	nucleoplasm	HPA	Q9BTC0
BCAS4	intermediatefilaments	HPA	Q8TDM0
BCL9L	nucleoplasm	HPA;GO	Q86UU0
RIOK3	plasmamembrane	HPA	O14730
MPL	golgiapparatus	GO	P40238
ZNF438	cytosol	HPA	Q7Z4V0
RPL35	endoplasmicreticulum	HPA	P42766
PER3	cytosol	HPA	P56645
TMEM132E	nucleoplasm	HPA	Q6IEE7
UQCRQ	mitochondria	HPA;GO	O14949
IL18R1	plasmamembrane	GO	Q13478
MAGOH	nucleoplasm	HPA;GO	P61326
CAMK2A	plasmamembrane	GO	Q9UQM7
ATP2C2	actinfilaments	HPA	O75185
EI24	endoplasmicreticulum	HPA	O14681
USP9X	primarycilium	GO	Q93008
SEC16A	endoplasmicreticulum	HPA;GO	O15027
PIBF1	primarycilium	HPA	Q8WXW3
NDUFC2	mitochondria	HPA;GO	O95298
CAMSAP2	microtubules	HPA;GO	Q08AD1
ZNF222	nucleoplasm	HPA	Q9UK12
DDX17	nucleoplasm	HPA;GO	Q92841
SUPT5H	nucleoplasm	HPA;GO	O00267
NUDC	nucleoplasm	GO	Q9Y266
RIMS2	plasmamembrane	HPA;GO	Q9UQ26
FOXK1	nucleoplasm	HPA;GO	P85037
BBS1	primarycilium	GO	Q8NFJ9
IGHV2-5	plasmamembrane	GO	P01817
CAST	cytosol	HPA;GO	O15446
ALPI	plasmamembrane	HPA;GO	P09923
KLHL4	primarycilium	HPA	Q9C0H6
ENY2	mitochondria	HPA	Q9NPA8
SRPK2	nucleoplasm	HPA;GO	P78362
TET2	nucleoplasm	HPA;GO	Q6N021
SLC18B1	cytosol	HPA	Q6NT16
BMAL1	nucleoplasm	HPA;GO	O00327
WDR73	cytosol	GO	Q6P4I2
FSD2	cytosol	HPA	A1L4K1
DIAPH1	plasmamembrane	GO	O60610
BGLAP	golgiapparatus	GO	P02818
CREB3L3	nucleoplasm	GO	Q68CJ9
CHRNA9	plasmamembrane	GO	Q9UGM1
GLYATL2	mitochondria	HPA	Q8WU03
NSMCE1	nucleoplasm	HPA;GO	Q8WV22
ENSG00000225528	nucleoplasm	HPA	
CASP10	golgiapparatus	HPA	Q92851
OSBPL7	plasmamembrane	HPA;GO	Q9BZF2
AAMDC	cytosol	HPA	Q9H7C9
SLC35F6	nucleoplasm	HPA	Q8N357
BRCA2	cytosol	HPA;GO	P51587
TEX15	nucleoplasm	HPA	Q9BXT5
KRT24	intermediatefilaments	HPA	Q2M2I5
PTPN7	plasmamembrane	GO	P35236
UBE2N	nucleoli	HPA	P61088
NLRC3	cytosol	HPA	Q7RTR2
SSX4	nucleoli	HPA	O60224
OASL	nucleoli	GO	Q15646
ADAMTSL1	endoplasmicreticulum	GO	Q8N6G6
HOXD9	nucleoplasm	HPA	P28356
GIMAP4	cytosol	HPA;GO	Q9NUV9
MANBAL	nucleoplasm	HPA	Q9NQG1
RAB3B	plasmamembrane	HPA;GO	P20337
MFAP1	nucleoplasm	HPA;GO	P55081
PTGES2	cytosol	GO	Q9H7Z7
TOM1	golgiapparatus	HPA	O60784
ADAT3	nucleoplasm	HPA;GO	Q96EY9
FRMD8	cytosol	HPA;GO	Q9BZ67
RASSF4	nucleoplasm	HPA	Q8WYP3
ZNF587	nucleoli	HPA	Q96SQ5
ARL14EP	cytosol	HPA	Q8N8R7
ACSF3	mitochondria	HPA;GO	Q4G176
NCL	nucleoli	HPA;GO	P19338
ERP29	endoplasmicreticulum	GO	P30040
CEP78	primarycilium	GO	Q5JTW2
GNAI3	centrosome	HPA;GO	P08754
MTOR	golgiapparatus	HPA	P42345
MEF2D	nucleoplasm	HPA	Q14814
CMTM5	golgiapparatus	HPA	Q96DZ9
SELENOS	plasmamembrane	GO	Q9BQE4
FOXL2NB	nucleoli	HPA	Q6ZUU3
IGKV1D-33	plasmamembrane	GO	P01593
RBMX	nucleoplasm	HPA;GO	P38159
MAD2L2	microtubules	GO	Q9UI95
PTK2	actinfilaments	HPA;GO	Q05397
CYP4F2	plasmamembrane	GO	P78329
CLC	cytosol	GO	Q05315
IGLV3-25	plasmamembrane	GO	P01717
PDLIM3	cytosol	HPA	Q53GG5
TRIR	nucleoplasm	HPA	Q9BQ61
DNAI1	primarycilium	HPA;GO	Q9UI46
PSMD2	centrosome	HPA	Q13200
OCIAD2	mitochondria	HPA	Q56VL3
PCDH10	nucleoplasm	HPA	Q9P2E7
ATXN7L1	cytosol	HPA	Q9ULK2
GFPT1	nucleoli	HPA	Q06210
XK	plasmamembrane	GO	P51811
RNF41	nucleoplasm	HPA	Q9H4P4
ANP32D	centrosome	HPA	O95626
KIF3A	cytosol	GO	Q9Y496
ITGA1	endoplasmicreticulum	HPA	P56199
NME6	mitochondria	GO	O75414
NAV2	nucleoplasm	HPA	Q8IVL1
ABCA9	endoplasmicreticulum	HPA	Q8IUA7
APIP	nucleoplasm	HPA	Q96GX9
CCDC159	nucleoplasm	HPA	P0C7I6
CDK14	cytosol	HPA	O94921
PLCE1	cytosol	HPA;GO	Q9P212
DVL3	intermediatefilaments	HPA	Q92997
CENPC	nucleoplasm	HPA;GO	Q03188
RRM2	cytosol	HPA;GO	P31350
FAM169A	nuclearmembrane	HPA	Q9Y6X4
GPD1L	plasmamembrane	GO	Q8N335
NDUFB4	nucleoplasm	HPA	O95168
MLKL	cytosol	HPA;GO	Q8NB16
CNOT11	nucleoplasm	HPA	Q9UKZ1
ERF	nucleoli	HPA	P50548
BEST1	plasmamembrane	GO	O76090
GUCY1A1	cytosol	GO	Q02108
BACE1	plasmamembrane	HPA;GO	P56817
ZDHHC12	nucleoplasm	HPA	Q96GR4
IL1RAPL2	plasmamembrane	HPA;GO	Q9NP60
SCIN	plasmamembrane	HPA	Q9Y6U3
SUGT1	nucleoplasm	HPA	Q9Y2Z0
WASF2	cytosol	HPA;GO	Q9Y6W5
MCM10	nucleoplasm	HPA;GO	Q7L590
CLASP2	microtubules	GO	O75122
AGR2	endoplasmicreticulum	HPA;GO	O95994
FADS2	nuclearmembrane	HPA	O95864
GCAT	mitochondria	HPA;GO	O75600
ACSL5	mitochondria	HPA;GO	Q9ULC5
KIAA0930	nucleoplasm	HPA	Q6ICG6
REPS2	cytosol	GO	Q8NFH8
AARSD1	nuclearmembrane	HPA	Q9BTE6
ADGRF3	golgiapparatus	HPA	Q8IZF5
BEX1	cytosol	HPA	Q9HBH7
SMAP2	cytosol	HPA	Q8WU79
COQ6	mitochondria	GO	Q9Y2Z9
CYBRD1	plasmamembrane	HPA;GO	Q53TN4
ZNF224	nucleoplasm	HPA	Q9NZL3
CALM3	centrosome	GO	P0DP25
PRKRA	cytosol	HPA;GO	O75569
PSME4	cytosol	GO	Q14997
TREX1	endoplasmicreticulum	GO	Q9NSU2
SGTA	nucleoplasm	HPA	O43765
TAS2R13	plasmamembrane	GO	Q9NYV9
ACVR1B	plasmamembrane	GO	P36896
CARS1	cytosol	HPA;GO	P49589
JAM2	plasmamembrane	HPA;GO	P57087
SLC6A3	plasmamembrane	GO	Q01959
MICU2	mitochondria	HPA;GO	Q8IYU8
YIPF3	nucleoplasm	HPA	Q9GZM5
TUBB4A	cytosol	GO	P04350
OSBPL2	cytosol	HPA;GO	Q9H1P3
KLHL9	cytosol	HPA;GO	Q9P2J3
SLC9A2	plasmamembrane	HPA;GO	Q9UBY0
PPP2R3C	actinfilaments	HPA	Q969Q6
ZFP91	nucleoli	HPA	Q96JP5
LY6G6D	plasmamembrane	GO	O95868
PIGBOS1	mitochondria	GO	A0A0B4J2F0
SH3RF1	intermediatefilaments	HPA	Q7Z6J0
INCENP	nucleoplasm	HPA;GO	Q9NQS7
CEP44	microtubules	GO	Q9C0F1
RPL41	cytosol	GO	P62945
DDIAS	cytosol	HPA	Q8IXT1
NOS2	cytosol	GO	P35228
ACKR2	cytosol	HPA	O00590
RPS4X	actinfilaments	GO	P62701
AMIGO2	golgiapparatus	HPA	Q86SJ2
GTF2F1	nucleoplasm	HPA;GO	P35269
KRTAP5-2	cytosol	GO	Q701N4
CD99	actinfilaments	GO	P14209
QTRT2	mitochondria	GO	Q9H974
AADAT	mitochondria	GO	Q8N5Z0
NAA11	centrosome	HPA	Q9BSU3
TERT	nucleoli	GO	O14746
ASGR2	endoplasmicreticulum	HPA;GO	P07307
CASR	plasmamembrane	GO	P41180
SCAMP4	golgiapparatus	HPA	Q969E2
ACKR3	plasmamembrane	HPA;GO	P25106
NAA50	cytosol	GO	Q9GZZ1
RTN3	endoplasmicreticulum	HPA;GO	O95197
FBXL17	nucleoplasm	HPA;GO	Q9UF56
LSM7	nucleoli	HPA	Q9UK45
CCDC171	nucleoplasm	HPA	Q6TFL3
ADCY3	primarycilium	HPA	O60266
CPA2	golgiapparatus	HPA	P48052
ENSG00000276345	nucleoli	HPA	
FMO4	cytosol	HPA	P31512
INKA2	nucleoplasm	HPA	Q9NTI7
RBM22	nucleoplasm	HPA;GO	Q9NW64
GRHL1	nucleoplasm	HPA;GO	Q9NZI5
LMTK2	centrosome	HPA	Q8IWU2
KRT37	cytosol	GO	O76014
MARCHF9	golgiapparatus	GO	Q86YJ5
DUSP23	nucleoplasm	HPA	Q9BVJ7
RUSF1	nucleoplasm	HPA	Q96GQ5
POMGNT2	endoplasmicreticulum	GO	Q8NAT1
GHRHR	nuclearmembrane	GO	Q02643
SLC39A7	endoplasmicreticulum	HPA;GO	Q92504
SLC31A1	plasmamembrane	GO	O15431
GLIPR1	plasmamembrane	GO	P48060
SHANK3	cytosol	GO	Q9BYB0
UBR1	nucleoplasm	HPA	Q8IWV7
AFTPH	golgiapparatus	HPA;GO	Q6ULP2
TPD52L1	plasmamembrane	HPA	Q16890
RALBP1	nucleoplasm	HPA	Q15311
ACVR2A	cytosol	HPA	P27037
EPS8	plasmamembrane	HPA	Q12929
MACF1	primarycilium	HPA	O94854
MT2A	cytosol	GO	P02795
BANF1	nucleoplasm	HPA;GO	O75531
TRIOBP	plasmamembrane	GO	Q9H2D6
SETMAR	nucleoplasm	GO	Q53H47
SPATS1	nucleoplasm	HPA	Q496A3
SLC22A8	plasmamembrane	GO	Q8TCC7
HIBADH	mitochondria	GO	P31937
ASPH	endoplasmicreticulum	HPA;GO	Q12797
FSTL3	nucleoplasm	HPA	O95633
VCPKMT	cytosol	HPA;GO	Q9H867
TRAV8-4	plasmamembrane	GO	P01737
CARMIL3	plasmamembrane	GO	Q8ND23
LTC4S	nuclearmembrane	GO	Q16873
CPO	plasmamembrane	GO	P36551
SELE	plasmamembrane	GO	P16581
PTPN22	cytosol	GO	Q9Y2R2
BCL2L10	mitochondria	GO	Q9HD36
HNRNPA2B1	nucleoplasm	HPA;GO	P22626
CTTN	golgiapparatus	HPA	Q14247
TIPARP	microtubules	HPA	Q7Z3E1
TGFBI	golgiapparatus	GO	Q15582
SNRPB	nucleoplasm	HPA;GO	P14678
PLCB3	golgiapparatus	HPA	Q01970
TRAPPC13	nucleoplasm	HPA	A5PLN9
ROBO3	plasmamembrane	HPA;GO	Q96MS0
PELI1	nucleoplasm	HPA;GO	Q96FA3
TREML1	golgiapparatus	HPA	Q86YW5
ARHGAP17	plasmamembrane	HPA	Q68EM7
FKBP5	cytosol	HPA;GO	Q13451
RBM15	nucleoplasm	HPA;GO	Q96T37
NPM1	nucleoplasm	HPA;GO	P06748
NLGN2	plasmamembrane	GO	Q8NFZ4
SGCE	golgiapparatus	HPA	O43556
PLAGL1	nucleoplasm	HPA;GO	Q9UM63
UCP3	cytosol	HPA	P55916
KNTC1	cytosol	HPA;GO	P50748
SCLY	golgiapparatus	HPA	Q96I15
MYO3A	cytosol	HPA	Q8NEV4
LENG9	nucleoli	HPA	Q96B70
SPATA2L	mitochondria	HPA	Q8IUW3
ZNF878	nucleoplasm	HPA	C9JN71
TRERF1	nucleoplasm	HPA	Q96PN7
ABRACL	nucleoplasm	HPA	Q9P1F3
PHLPP2	primarycilium	HPA	Q6ZVD8
SUZ12	nucleoli	HPA	Q15022
SSNA1	microtubules	GO	O43805
FARP2	cytosol	HPA;GO	O94887
TMEM62	cytosol	HPA	Q0P6H9
PON3	endoplasmicreticulum	GO	Q15166
USP42	nucleoplasm	HPA;GO	Q9H9J4
ALAS1	mitochondria	HPA;GO	P13196
SHOX	nucleoplasm	HPA	O15266
SMPDL3A	mitochondria	HPA	Q92484
ZMYND10	plasmamembrane	HPA	O75800
CLDN14	plasmamembrane	GO	O95500
NFKBIZ	cytosol	HPA	Q9BYH8
MRPL17	mitochondria	GO	Q9NRX2
PTRHD1	nucleoplasm	HPA	Q6GMV3
RPS26	endoplasmicreticulum	HPA	P62854
RPL11	nucleoli	GO	P62913
DDX3X	centrosome	GO	O00571
LANCL1	microtubules	HPA	O43813
PNPLA8	nucleoplasm	HPA	Q9NP80
CFAP300	primarycilium	HPA	Q9BRQ4
CCDC112	centrosome	GO	Q8NEF3
BMPR2	plasmamembrane	HPA;GO	Q13873
SKIC8	nucleoplasm	HPA;GO	Q9GZS3
C1orf68	plasmamembrane	HPA	Q5T750
ARHGAP4	cytosol	HPA;GO	P98171
IP6K1	nucleoli	HPA	Q92551
RAD23B	nucleoplasm	HPA;GO	P54727
ABCA13	nucleoplasm	HPA	Q86UQ4
TOMM40	cytosol	HPA	O96008
NCAPD2	centrosome	HPA	Q15021
KBTBD7	cytosol	GO	Q8WVZ9
ALG12	endoplasmicreticulum	HPA;GO	Q9BV10
GJB3	plasmamembrane	HPA	O75712
PRR15L	cytosol	HPA	Q9BU68
ATP6V1A	cytosol	HPA;GO	P38606
PARD6A	plasmamembrane	HPA;GO	Q9NPB6
TMEM80	golgiapparatus	HPA	Q96HE8
PRM1	nucleoplasm	HPA	P04553
CBS	nucleoli	HPA	P35520
RHOXF2	plasmamembrane	HPA	Q9BQY4
SYMPK	plasmamembrane	HPA	Q92797
BLTP3A	cytosol	HPA	Q6BDS2
R3HDM4	nucleoplasm	HPA	Q96D70
ENSG00000285947	cytosol	HPA	
KIF3B	primarycilium	HPA;GO	O15066
DHFR	mitochondria	HPA	P00374
NCSTN	plasmamembrane	GO	Q92542
ENSG00000268643	cytosol	HPA	
TSC22D3	cytosol	HPA;GO	Q99576
TTC12	nuclearmembrane	HPA	Q9H892
DHRS2	mitochondria	HPA;GO	Q13268
NHERF2	actinfilaments	GO	Q15599
MORC3	nucleoplasm	HPA;GO	Q14149
PDE4DIP	centrosome	GO	Q5VU43
H2BC4	nucleoplasm	HPA	P62807
SIPA1L1	actinfilaments	HPA	O43166
MUC17	plasmamembrane	GO	Q685J3
DSG3	plasmamembrane	GO	P32926
ABLIM1	cytosol	HPA	O14639
GLUD2	mitochondria	HPA;GO	P49448
ZNF771	nucleoplasm	HPA	Q7L3S4
TCF21	nucleoplasm	HPA	O43680
UBN1	nucleoplasm	HPA;GO	Q9NPG3
MUC3B	golgiapparatus	GO	Q9H195
ADAM8	actinfilaments	GO	P78325
EGFR	plasmamembrane	HPA;GO	P00533
PLEKHG2	nucleoplasm	HPA	Q9H7P9
S100A4	cytosol	HPA	P26447
CCDC137	nucleoplasm	HPA;GO	Q6PK04
NUP93	nuclearmembrane	GO	Q8N1F7
ASB14	cytosol	GO	A6NK59
HMGCLL1	cytosol	GO	Q8TB92
CUL2	nucleoplasm	HPA;GO	Q13617
IPO4	nucleoplasm	GO	Q8TEX9
PLK2	mitochondria	HPA	Q9NYY3
S100A2	plasmamembrane	HPA	P29034
CADM2	plasmamembrane	GO	Q8N3J6
SEPTIN12	microtubules	HPA;GO	Q8IYM1
TNF	plasmamembrane	GO	P01375
CCDC120	microtubules	GO	Q96HB5
PDLIM7	actinfilaments	HPA	Q9NR12
LRIG3	cytosol	HPA	Q6UXM1
ARG2	mitochondria	HPA;GO	P78540
NEK1	cytosol	HPA;GO	Q96PY6
DUSP16	nucleoplasm	HPA	Q9BY84
GPC5	nucleoplasm	HPA	P78333
RIOK1	cytosol	HPA;GO	Q9BRS2
CCND2	nuclearmembrane	GO	P30279
BOLA3	mitochondria	HPA;GO	Q53S33
NDUFV1	mitochondria	HPA;GO	P49821
IKZF5	plasmamembrane	HPA	Q9H5V7
COQ7	nucleoplasm	HPA	Q99807
SLC9A3	plasmamembrane	HPA;GO	P48764
PEX2	nucleoplasm	GO	P28328
CMTM1	nucleoplasm	HPA	Q8IZ96
SPATA18	mitochondria	HPA;GO	Q8TC71
P4HA1	endoplasmicreticulum	HPA;GO	P13674
IL1RL1	cytosol	HPA	Q01638
LMO7	actinfilaments	HPA;GO	Q8WWI1
RPE	nucleoplasm	HPA	Q96AT9
DHX15	nucleoplasm	HPA;GO	O43143
ANKRD52	nucleoplasm	HPA	Q8NB46
FZD2	nucleoplasm	HPA	Q14332
MOB1B	nucleoli	HPA	Q7L9L4
SOX10	nucleoplasm	HPA;GO	P56693
GPX4	cytosol	GO	P36969
HAUS3	cytosol	GO	Q68CZ6
EFCAB2	plasmamembrane	HPA	Q5VUJ9
OTUD6B	cytosol	HPA	Q8N6M0
PNRC1	nucleoli	HPA	Q12796
FKBP14	cytosol	HPA	Q9NWM8
ERGIC2	nucleoli	HPA	Q96RQ1
PRDM4	nucleoplasm	HPA	Q9UKN5
ZIC3	nucleoplasm	HPA;GO	O60481
F12	plasmamembrane	GO	P00748
MBOAT4	golgiapparatus	HPA	Q96T53
PIMREG	nucleoplasm	HPA	Q9BSJ6
PPP1R3C	plasmamembrane	HPA	Q9UQK1
CAMK2B	nucleoplasm	GO	Q13554
LYPLA1	endoplasmicreticulum	GO	O75608
PODXL2	golgiapparatus	HPA;GO	Q9NZ53
ABHD10	mitochondria	HPA;GO	Q9NUJ1
PTK7	actinfilaments	GO	Q13308
MATCAP2	nucleoplasm	HPA	Q8NCT3
ADD1	nucleoplasm	HPA	P35611
IGFBP3	endoplasmicreticulum	GO	P17936
POF1B	actinfilaments	GO	Q8WVV4
ACTG2	cytosol	GO	P63267
PPA1	cytosol	GO	Q15181
ISL1	mitochondria	HPA	P61371
SLC17A5	plasmamembrane	HPA	Q9NRA2
TMOD3	actinfilaments	HPA	Q9NYL9
PRUNE1	cytosol	HPA	Q86TP1
CCDC28B	centrosome	GO	Q9BUN5
ENAH	cytosol	HPA;GO	Q8N8S7
PITPNM3	cytosol	GO	Q9BZ71
ATM	cytosol	GO	Q13315
BRICD5	nucleoplasm	HPA	Q6PL45
MAPK15	golgiapparatus	GO	Q8TD08
DLL1	plasmamembrane	HPA;GO	O00548
MECR	mitochondria	HPA;GO	Q9BV79
RTL4	nucleoplasm	HPA	Q6ZR62
CRPPA	nucleoplasm	HPA	A4D126
IRF7	nucleoplasm	HPA;GO	Q92985
SGSM2	cytosol	HPA	O43147
LYSMD3	cytosol	HPA	Q7Z3D4
NPAT	nucleoplasm	HPA;GO	Q14207
NCAPD2	nucleoli	HPA	Q15021
DYM	golgiapparatus	HPA;GO	Q7RTS9
RGS6	plasmamembrane	GO	P49758
ENDOD1	nuclearmembrane	HPA	O94919
FAIM	cytosol	HPA	Q9NVQ4
LYN	plasmamembrane	HPA;GO	P07948
BPGM	cytosol	GO	P07738
PCED1A	nucleoplasm	HPA	Q9H1Q7
INHA	plasmamembrane	GO	P05111
ADGRG5	nuclearmembrane	HPA	Q8IZF4
BAIAP3	plasmamembrane	GO	O94812
HNRNPUL2	nucleoplasm	HPA	Q1KMD3
STEAP1	plasmamembrane	GO	Q9UHE8
IVD	mitochondria	HPA;GO	P26440
IFT52	microtubules	HPA	Q9Y366
RBAK	nucleoplasm	HPA	Q9NYW8
TYW1	nucleoplasm	HPA	Q9NV66
CCDC81	primarycilium	HPA	Q6ZN84
ATP11B	plasmamembrane	GO	Q9Y2G3
HEXIM1	nucleoplasm	HPA	O94992
PCDHB11	plasmamembrane	HPA	Q9Y5F2
CCSER2	nucleoplasm	HPA	Q9H7U1
LRAT	primarycilium	HPA	O95237
EEF2	cytosol	HPA;GO	P13639
TMEM47	nuclearmembrane	HPA	Q9BQJ4
TRIM61	endoplasmicreticulum	HPA	Q5EBN2
ASB11	cytosol	GO	Q8WXH4
PDZK1	nucleoplasm	HPA	Q5T2W1
GRAMD1A	endoplasmicreticulum	GO	Q96CP6
KLHL14	cytosol	HPA	Q9P2G3
TRMT112	nucleoplasm	HPA;GO	Q9UI30
HNRNPCL4	nucleoplasm	HPA	P0DMR1
VPS28	plasmamembrane	GO	Q9UK41
LIMS1	plasmamembrane	GO	P48059
PIP4P1	nucleoplasm	GO	Q86T03
VEZF1	nucleoplasm	HPA	Q14119
FGF10	plasmamembrane	GO	O15520
NFS1	cytosol	HPA;GO	Q9Y697
CASP14	mitochondria	HPA	P31944
SMG6	nucleoli	HPA;GO	Q86US8
MAGED2	cytosol	HPA	Q9UNF1
COX17	mitochondria	HPA;GO	Q14061
HEATR3	cytosol	HPA	Q7Z4Q2
FAAP100	nucleoplasm	HPA;GO	Q0VG06
IRF9	cytosol	HPA;GO	Q00978
MMACHC	plasmamembrane	HPA	Q9Y4U1
PAXX	nucleoplasm	HPA;GO	Q9BUH6
EPHB1	plasmamembrane	HPA;GO	P54762
DNALI1	microtubules	HPA	O14645
RDH13	mitochondria	HPA;GO	Q8NBN7
ZNF326	nucleoplasm	HPA	Q5BKZ1
DUOX2	plasmamembrane	GO	Q9NRD8
TPO	plasmamembrane	GO	P07202
WIPF3	cytosol	GO	A6NGB9
AJM1	golgiapparatus	HPA	C9J069
SF3B1	nucleoplasm	HPA;GO	O75533
COG3	cytosol	HPA	Q96JB2
OTUD3	nucleoplasm	HPA	Q5T2D3
CLU	cytosol	HPA;GO	P10909
OR6C6	plasmamembrane	HPA	A6NF89
PIP5K1A	actinfilaments	GO	Q99755
CDC23	nucleoplasm	GO	Q9UJX2
BRK1	cytosol	GO	Q8WUW1
SRRT	nucleoplasm	HPA;GO	Q9BXP5
ATP8A2	nucleoplasm	HPA	Q9NTI2
KDM4E	nucleoplasm	GO	B2RXH2
MOCS3	cytosol	GO	O95396
USP4	nucleoplasm	HPA	Q13107
OTOA	plasmamembrane	GO	Q7RTW8
GNG5	plasmamembrane	GO	P63218
SLC35F3	golgiapparatus	HPA	Q8IY50
NETO1	golgiapparatus	HPA	Q8TDF5
SPTBN5	cytosol	GO	Q9NRC6
RPS6KA2	nucleoplasm	HPA;GO	Q15349
ZNF266	cytosol	HPA	Q14584
MED21	nucleoplasm	HPA;GO	Q13503
USP21	nucleoplasm	HPA;GO	Q9UHP3
ATAD1	cytosol	GO	Q8NBU5
MYH6	cytosol	GO	P13533
MECOM	nucleoplasm	HPA;GO	Q03112
PON1	endoplasmicreticulum	GO	P27169
ARHGDIB	cytosol	HPA;GO	P52566
NOC3L	nucleoplasm	HPA	Q8WTT2
CNOT8	cytosol	GO	Q9UFF9
ZIC4	nucleoplasm	HPA	Q8N9L1
PI4K2A	golgiapparatus	GO	Q9BTU6
PIGX	endoplasmicreticulum	GO	Q8TBF5
GMEB2	nucleoplasm	HPA	Q9UKD1
FCN1	plasmamembrane	GO	O00602
RPS27	endoplasmicreticulum	HPA	P42677
GDF6	nucleoplasm	HPA	Q6KF10
BLTP2	cytosol	HPA	Q14667
EPGN	cytosol	HPA	Q6UW88
RCOR2	nucleoplasm	HPA	Q8IZ40
HMGXB3	nucleoli	HPA	Q12766
PARP9	mitochondria	HPA	Q8IXQ6
TTI1	nucleoplasm	HPA	O43156
NPL	cytosol	GO	Q9BXD5
RNASEH2C	nucleoplasm	HPA	Q8TDP1
EEF1D	cytosol	GO	P29692
CEP164	centrosome	HPA;GO	Q9UPV0
PSMD14	cytosol	GO	O00487
PROCR	actinfilaments	GO	Q9UNN8
CEP170B	microtubules	HPA	Q9Y4F5
C16orf46	nucleoplasm	HPA	Q6P387
RAB23	centrosome	HPA	Q9ULC3
FGFR1	microtubules	HPA	P11362
ADAM33	plasmamembrane	HPA	Q9BZ11
KCNMB3	nucleoplasm	HPA	Q9NPA1
NEUROG3	nucleoplasm	HPA	Q9Y4Z2
RAD50	nucleoplasm	HPA;GO	Q92878
NOP2	nucleoli	HPA;GO	P46087
KRCC1	cytosol	HPA	Q9NPI7
WDR48	cytosol	GO	Q8TAF3
FTMT	mitochondria	GO	Q8N4E7
NOTCH4	cytosol	GO	Q99466
PDXK	cytosol	GO	O00764
PMF1	cytosol	GO	Q6P1K2
DUSP22	nucleoplasm	HPA	Q9NRW4
CLMP	plasmamembrane	GO	Q9H6B4
EPN1	plasmamembrane	HPA;GO	Q9Y6I3
STK24	nucleoplasm	GO	Q9Y6E0
HSPA1B	microtubules	GO	P0DMV9
ADGRV1	primarycilium	HPA	Q8WXG9
NUP160	cytosol	GO	Q12769
GATD3	mitochondria	HPA	P0DPI2
UPF1	nucleoplasm	HPA;GO	Q92900
EID3	nucleoplasm	HPA;GO	Q8N140
GPATCH4	nucleoplasm	HPA	Q5T3I0
SPECC1	cytosol	HPA	Q5M775
ACO1	mitochondria	HPA	P21399
ACP1	nucleoplasm	HPA	P24666
KAT7	cytosol	HPA	O95251
RHCG	plasmamembrane	GO	Q9UBD6
TMBIM6	endoplasmicreticulum	GO	P55061
PIP5K1C	actinfilaments	GO	O60331
GSTM4	microtubules	HPA	Q03013
ERICH4	cytosol	HPA	A6NGS2
P3H4	endoplasmicreticulum	HPA;GO	Q92791
USP45	cytosol	HPA	Q70EL2
MED18	nucleoplasm	HPA;GO	Q9BUE0
SASS6	primarycilium	HPA	Q6UVJ0
ZNF26	mitochondria	HPA	P17031
SUPT6H	plasmamembrane	HPA	Q7KZ85
MELTF	endoplasmicreticulum	GO	P08582
TRAPPC11	golgiapparatus	GO	Q7Z392
MCUB	mitochondria	HPA;GO	Q9NWR8
HUS1	nucleoplasm	HPA;GO	O60921
TBC1D30	plasmamembrane	HPA	Q9Y2I9
RFC3	nucleoplasm	HPA;GO	P40938
STXBP2	cytosol	HPA;GO	Q15833
NCF2	plasmamembrane	GO	P19878
TRIM41	nucleoplasm	HPA	Q8WV44
RANGRF	plasmamembrane	GO	Q9HD47
POLR3G	cytosol	GO	O15318
SPICE1	primarycilium	HPA	Q8N0Z3
NFKBIE	nucleoplasm	HPA	O00221
SLC9A5	cytosol	HPA	Q14940
ADRA2A	plasmamembrane	GO	P08913
ZNF121	nucleoplasm	HPA	P58317
GATAD1	nucleoplasm	HPA	Q8WUU5
ENSG00000285130	plasmamembrane	HPA	
VWA3B	nucleoplasm	HPA	Q502W6
UBE2Q2	cytosol	GO	Q8WVN8
ZNF131	intermediatefilaments	HPA	P52739
CBLB	nucleoplasm	HPA	Q13191
CCDC102A	nucleoplasm	HPA	Q96A19
AIFM2	mitochondria	GO	Q9BRQ8
MRPL36	mitochondria	HPA;GO	Q9P0J6
BNIP3L	nucleoplasm	HPA	O60238
ZNF276	nucleoli	HPA	Q8N554
AAAS	nucleoplasm	HPA	Q9NRG9
CPT2	mitochondria	HPA;GO	P23786
CCDC149	nucleoli	HPA	Q6ZUS6
KMT5B	microtubules	HPA	Q4FZB7
CREBL2	nucleoplasm	HPA	O60519
BET1L	golgiapparatus	HPA;GO	Q9NYM9
FGF1	nucleoplasm	HPA	P05230
H1-0	nucleoplasm	HPA;GO	P07305
C4orf36	actinfilaments	HPA	Q96KX1
ZNF302	nucleoplasm	HPA	Q9NR11
ELK3	nucleoplasm	HPA	P41970
FZD3	plasmamembrane	GO	O00144
H3C7	nucleoplasm	HPA	P68431
MPDZ	centrosome	HPA	O75970
ZNF487	nucleoplasm	HPA	B1APH4
PHACTR3	nucleoplasm	HPA	Q96KR7
THSD1	plasmamembrane	GO	Q9NS62
PAX4	nucleoplasm	GO	O43316
GNB2	actinfilaments	GO	P62879
YTHDF2	cytosol	HPA;GO	Q9Y5A9
CATSPER1	primarycilium	GO	Q8NEC5
CDCA8	cytosol	GO	Q53HL2
HTR2A	plasmamembrane	GO	P28223
HOXA7	nuclearmembrane	HPA	P31268
TDRKH	centrosome	HPA	Q9Y2W6
DIXDC1	cytosol	HPA;GO	Q155Q3
GSAP	golgiapparatus	GO	A4D1B5
ARHGEF9	cytosol	HPA;GO	O43307
CCNY	nucleoplasm	HPA	Q8ND76
BCORL1	nucleoplasm	HPA	Q5H9F3
DDOST	endoplasmicreticulum	HPA;GO	P39656
ARFGAP1	nuclearmembrane	HPA	Q8N6T3
VARS1	cytosol	HPA;GO	P26640
ZNF407	plasmamembrane	HPA	Q9C0G0
KAT6A	nucleoplasm	HPA;GO	Q92794
SCAF1	cytosol	HPA	O14548
ARMC5	nucleoplasm	HPA	Q96C12
MED27	nucleoplasm	HPA;GO	Q6P2C8
KPNA2	nuclearmembrane	GO	P52292
ATF3	nucleoplasm	HPA;GO	P18847
KRTAP10-7	cytosol	GO	P60409
RAD52	nucleoplasm	HPA;GO	P43351
KRTAP13-3	cytosol	GO	Q3SY46
ARHGAP22	cytosol	HPA;GO	Q7Z5H3
SERPINB4	cytosol	HPA	P48594
MCC	nucleoplasm	HPA	P23508
GPR62	plasmamembrane	GO	Q9BZJ7
DPF3	nucleoplasm	HPA;GO	Q92784
CSPG5	cytosol	HPA	O95196
PHYHIPL	cytosol	HPA	Q96FC7
PAK1	nucleoplasm	GO	Q13153
NKTR	nucleoplasm	HPA	P30414
ZNRF2	cytosol	GO	Q8NHG8
MYH9	plasmamembrane	HPA;GO	P35579
SAPCD1	plasmamembrane	HPA	Q5SSQ6
MRPL43	mitochondria	HPA;GO	Q8N983
WDR44	golgiapparatus	HPA	Q5JSH3
ZNF444	nucleoli	HPA	Q8N0Y2
LIMS3	actinfilaments	HPA	P0CW19
CKAP4	plasmamembrane	GO	Q07065
SIGLEC1	plasmamembrane	GO	Q9BZZ2
IQCE	nucleoplasm	HPA	Q6IPM2
HSP90AB1	nucleoplasm	GO	P08238
HOGA1	mitochondria	GO	Q86XE5
H2AB2	nucleoplasm	GO	P0C5Z0
AIPL1	nucleoplasm	HPA	Q9NZN9
DLGAP3	plasmamembrane	HPA;GO	O95886
GJC2	cytosol	HPA	Q5T442
ZCRB1	nucleoplasm	GO	Q8TBF4
CRYL1	nucleoli	HPA	Q9Y2S2
C1orf35	plasmamembrane	HPA	Q9BU76
ACCSL	cytosol	HPA	Q4AC99
STON1-GTF2A1L	nucleoplasm	HPA	
KRTAP2-2	cytosol	GO	Q9BYT5
TSPAN2	nucleoplasm	HPA	O60636
KCNS3	plasmamembrane	HPA;GO	Q9BQ31
TAF1L	nucleoplasm	GO	Q8IZX4
ZNF277	plasmamembrane	HPA	Q9NRM2
PNMA1	nucleoli	GO	Q8ND90
MTFP1	mitochondria	HPA;GO	Q9UDX5
STAT5A	nucleoplasm	HPA;GO	P42229
HSPG2	golgiapparatus	GO	P98160
NPDC1	plasmamembrane	GO	Q9NQX5
SH3BGR	plasmamembrane	HPA	P55822
MED9	nucleoplasm	HPA;GO	Q9NWA0
ELOVL2	endoplasmicreticulum	GO	Q9NXB9
ITGAX	plasmamembrane	HPA;GO	P20702
SYT16	cytosol	HPA	Q17RD7
BUB1B	nucleoplasm	GO	O60566
SLCO2B1	plasmamembrane	GO	O94956
MPLKIP	microtubules	GO	Q8TAP9
RBMY1E	nucleoplasm	HPA	A6NEQ0
HTT	nucleoplasm	HPA	P31645
XRCC5	cytosol	GO	P13010
THNSL1	cytosol	HPA	Q8IYQ7
TACC1	cytosol	HPA	O75410
RAB13	plasmamembrane	HPA;GO	P51153
SLC35A4	mitochondria	GO	L0R6Q1
ARPC1A	cytosol	HPA;GO	Q92747
CFAP410	primarycilium	HPA;GO	O43822
TMCO6	mitochondria	HPA	Q96DC7
OMA1	nucleoplasm	HPA	Q96E52
FUBP3	nucleoplasm	HPA	Q96I24
FABP4	cytosol	HPA;GO	P15090
PLCXD1	cytosol	HPA	Q9NUJ7
ETV6	cytosol	HPA;GO	P41212
IGSF3	cytosol	HPA	O75054
CTSB	nucleoli	HPA	P07858
PTTG2	cytosol	HPA	Q9NZH5
HLA-DRA	endoplasmicreticulum	GO	P01903
RBM7	nucleoplasm	HPA;GO	Q9Y580
CEP41	microtubules	GO	Q9BYV8
OSR2	plasmamembrane	HPA	Q8N2R0
KRT75	plasmamembrane	HPA	O95678
HK3	cytosol	GO	P52790
FGFR3	golgiapparatus	GO	P22607
ABHD17B	plasmamembrane	GO	Q5VST6
SIX3	nucleoplasm	HPA	O95343
EPHA5	golgiapparatus	HPA	P54756
ARMCX6	nuclearmembrane	HPA	Q7L4S7
ZNF155	nucleoplasm	HPA	Q12901
FAS	cytosol	HPA	P25445
MYOM2	mitochondria	HPA;GO	P54296
PTPN6	plasmamembrane	GO	P29350
SPIN2A	nucleoplasm	HPA	Q99865
EXT2	endoplasmicreticulum	GO	Q93063
CAPN5	nucleoplasm	HPA	O15484
SLC30A9	mitochondria	GO	Q6PML9
ATP6V0A4	plasmamembrane	GO	Q9HBG4
UNC13B	plasmamembrane	GO	O14795
SLC44A5	plasmamembrane	GO	Q8NCS7
TULP4	cytosol	GO	Q9NRJ4
RAD17	nucleoplasm	HPA;GO	O75943
SNX29	golgiapparatus	HPA	Q8TEQ0
PEAR1	plasmamembrane	HPA	Q5VY43
PRICKLE4	centrosome	HPA	Q2TBC4
RPS15	cytosol	HPA;GO	P62841
ARMH1	plasmamembrane	HPA	Q6PIY5
SLC6A20	plasmamembrane	GO	Q9NP91
CUTC	nucleoplasm	HPA	Q9NTM9
DUSP9	endoplasmicreticulum	HPA	Q99956
IFT81	primarycilium	HPA;GO	Q8WYA0
PTHLH	nucleoplasm	HPA	P12272
SPC24	nucleoplasm	HPA;GO	Q8NBT2
ARL2	centrosome	GO	P36404
CEPT1	endoplasmicreticulum	GO	Q9Y6K0
NHERF4	cytosol	GO	Q86UT5
CSKMT	mitochondria	GO	A8MUP2
CHMP2B	plasmamembrane	GO	Q9UQN3
LRCH4	actinfilaments	HPA	O75427
ERICH1	nucleoplasm	HPA	Q86X53
NMBR	cytosol	HPA	P28336
ZBTB18	nucleoplasm	HPA;GO	Q99592
TRIB3	cytosol	GO	Q96RU7
ABCA1	endoplasmicreticulum	GO	O95477
CCDC25	plasmamembrane	GO	Q86WR0
SLC25A18	mitochondria	HPA;GO	Q9H1K4
PITPNM2	cytosol	GO	Q9BZ72
PDGFRL	nucleoli	HPA	Q15198
KRT6C	intermediatefilaments	HPA	P48668
GREB1L	mitochondria	HPA	Q9C091
RPS9	plasmamembrane	GO	P46781
MAPK15	microtubules	GO	Q8TD08
GEMIN5	cytosol	HPA;GO	Q8TEQ6
SLC4A4	cytosol	HPA	Q9Y6R1
PLSCR1	cytosol	GO	O15162
ITGA3	plasmamembrane	HPA;GO	P26006
FBXO30	cytosol	GO	Q8TB52
ARHGAP42	nucleoplasm	HPA	A6NI28
RPS27A	nucleoplasm	GO	P62979
TRMO	nucleoplasm	HPA	Q9BU70
TNRC6A	cytosol	GO	Q8NDV7
MYH3	cytosol	GO	P11055
MAP3K20	cytosol	HPA	Q9NYL2
ZNF136	nucleoli	HPA	P52737
RAB1B	endoplasmicreticulum	HPA;GO	Q9H0U4
PBRM1	nucleoplasm	HPA;GO	Q86U86
ANAPC10	nucleoplasm	HPA;GO	Q9UM13
IL12B	endoplasmicreticulum	GO	P29460
RASAL2	cytosol	GO	Q9UJF2
BECN1	endoplasmicreticulum	GO	Q14457
ALG3	endoplasmicreticulum	GO	Q92685
RNF215	microtubules	HPA	Q9Y6U7
STARD10	cytosol	HPA;GO	Q9Y365
PSRC1	microtubules	GO	Q6PGN9
KLF8	nucleoplasm	HPA	O95600
XRCC6	cytosol	GO	P12956
KIF3A	centrosome	GO	Q9Y496
KRT12	cytosol	GO	Q99456
FAM205A	plasmamembrane	HPA	Q6ZU69
KRIT1	plasmamembrane	GO	O00522
CUL4A	nucleoplasm	HPA;GO	Q13619
FAM90A24P	nucleoplasm	HPA	P0C7X0
FUT10	nucleoplasm	HPA	Q6P4F1
UQCRC1	mitochondria	HPA;GO	P31930
TNS4	actinfilaments	GO	Q8IZW8
UBE2G2	endoplasmicreticulum	GO	P60604
PPDPF	microtubules	HPA	Q9H3Y8
DNAAF9	cytosol	HPA	Q5TEA3
TJP2	cytosol	GO	Q9UDY2
RAB7A	mitochondria	GO	P51149
IGKV3-11	cytosol	HPA	P04433
PGM1	cytosol	HPA;GO	P36871
GRINA	nucleoli	HPA	Q7Z429
GOLPH3	golgiapparatus	HPA;GO	Q9H4A6
BBLN	microtubules	HPA;GO	Q9BUW7
SOX9	nucleoplasm	HPA;GO	P48436
MICB	golgiapparatus	HPA	Q29980
COPS9	cytosol	HPA	Q8WXC6
CDC42EP3	actinfilaments	HPA	Q9UKI2
ZBTB47	nucleoplasm	HPA	Q9UFB7
PLAAT4	cytosol	GO	Q9UL19
CAPNS2	plasmamembrane	GO	Q96L46
PGR	nucleoplasm	GO	P06401
MAP9	centrosome	HPA	Q49MG5
FHIP2B	nucleoplasm	HPA	Q86V87
P2RY11	plasmamembrane	GO	Q96G91
LIMK1	plasmamembrane	GO	P53667
UMOD	plasmamembrane	GO	P07911
FNDC11	cytosol	HPA	Q9BVV2
TENT4A	nuclearmembrane	HPA	Q5XG87
CAMK1D	cytosol	HPA	Q8IU85
KIF2C	microtubules	HPA;GO	Q99661
FYB2	plasmamembrane	GO	Q5VWT5
CCNJ	cytosol	HPA	Q5T5M9
TAP1	endoplasmicreticulum	HPA;GO	Q03518
CREB3	nucleoplasm	GO	O43889
UPF3A	plasmamembrane	HPA	Q9H1J1
PPIL3	nucleoli	HPA	Q9H2H8
NME5	primarycilium	HPA	P56597
COX7A2L	nucleoli	HPA	O14548
RNMT	nucleoli	HPA	O43148
PDSS1	mitochondria	GO	Q5T2R2
MNDA	cytosol	HPA	P41218
AIMP2	cytosol	HPA;GO	Q13155
STK32A	centrosome	HPA	Q8WU08
TIMM29	mitochondria	HPA;GO	Q9BSF4
SMC1A	nucleoplasm	HPA;GO	Q14683
SSBP2	nucleoplasm	HPA	P81877
TAS2R1	plasmamembrane	GO	Q9NYW7
LNPEP	plasmamembrane	GO	Q9UIQ6
CCHCR1	microtubules	GO	Q8TD31
CHMP4B	microtubules	GO	Q9H444
FIGNL1	nucleoplasm	GO	Q6PIW4
HIVEP3	nucleoplasm	HPA	Q5T1R4
NT5C3A	endoplasmicreticulum	HPA;GO	Q9H0P0
PPP6R3	plasmamembrane	HPA	Q5H9R7
VNN1	plasmamembrane	GO	O95497
CELSR1	nucleoplasm	HPA	Q9NYQ6
MTSS1	cytosol	HPA	O43312
HNRNPF	plasmamembrane	GO	P52597
RPE65	plasmamembrane	GO	Q16518
ZNF394	nucleoplasm	HPA	Q53GI3
CACNG3	plasmamembrane	GO	O60359
POLD4	centrosome	HPA	Q9HCU8
PALD1	cytosol	HPA	Q9ULE6
PROSER1	cytosol	HPA	Q86XN7
NCK1	plasmamembrane	GO	P16333
PHB1	nucleoplasm	GO	P35232
ENSG00000255835	cytosol	HPA	
FAM90A13P	nucleoplasm	HPA	P0C7W8
NANS	nucleoplasm	HPA	Q9NR45
EXO1	nucleoplasm	HPA;GO	Q9UQ84
KLB	plasmamembrane	GO	Q86Z14
OXLD1	cytosol	HPA	Q5BKU9
OR13C2	plasmamembrane	HPA	Q8NGS9
SRSF10	nucleoplasm	HPA;GO	O75494
ANKRD11	nucleoplasm	HPA	Q6UB99
DGKA	mitochondria	HPA	P23743
GPR173	cytosol	HPA	Q9NS66
IL16	cytosol	HPA;GO	Q14005
SNAP25	cytosol	GO	P60880
MTMR14	cytosol	GO	Q8NCE2
ANK2	cytosol	GO	Q01484
NDUFA3	mitochondria	GO	O95167
TIMP1	endoplasmicreticulum	GO	P01033
SYNE2	mitochondria	GO	Q8WXH0
PDE2A	mitochondria	GO	O00408
N4BP2	nucleoplasm	HPA	Q86UW6
MAP2K6	nucleoplasm	HPA;GO	P52564
ARL2	nucleoli	HPA	P36404
C2orf42	nucleoplasm	HPA	Q9NWW7
ARL3	golgiapparatus	GO	P36405
SERTAD2	nucleoplasm	HPA	Q14140
POFUT1	centrosome	HPA	Q9H488
SHLD3	nucleoplasm	HPA;GO	Q6ZNX1
DEGS1	plasmamembrane	GO	O15121
GRAP	cytosol	GO	Q13588
ADRA2B	cytosol	HPA	P18089
GOLGA8A	cytosol	HPA	A7E2F4
IGHV3-53	plasmamembrane	GO	P01767
RAB6C	primarycilium	HPA	Q9H0N0
PTPRK	plasmamembrane	HPA;GO	Q15262
SYNGR1	cytosol	HPA	O43759
ENSG00000256500	plasmamembrane	HPA	
NEMF	cytosol	HPA;GO	O60524
TRMT5	mitochondria	GO	Q32P41
SLC7A8	plasmamembrane	GO	Q9UHI5
BLVRB	plasmamembrane	HPA	P30043
MYRIP	golgiapparatus	HPA	Q8NFW9
PHF2	nucleoplasm	HPA;GO	O75151
TAB3	plasmamembrane	GO	Q8N5C8
TCTN2	golgiapparatus	HPA	Q96GX1
SYCE3	golgiapparatus	HPA	A1L190
C11orf42	plasmamembrane	HPA	Q8N5U0
CIDEB	golgiapparatus	HPA	Q9UHD4
TRIP10	nucleoplasm	HPA	Q15642
LRRC45	primarycilium	HPA	Q96CN5
ZNF608	mitochondria	HPA	Q9ULD9
NUTM2F	nucleoplasm	HPA	A1L443
MGLL	endoplasmicreticulum	GO	Q99685
MTMR4	cytosol	GO	Q9NYA4
H2BC21	cytosol	HPA	Q16778
UBA1	plasmamembrane	GO	P22314
H2AX	nucleoplasm	HPA;GO	P16104
TRIM27	cytosol	GO	P14373
NEDD8-MDP1	nucleoplasm	HPA	
SELENOH	nucleoli	HPA	Q8IZQ5
UTP6	nucleoplasm	HPA;GO	Q9NYH9
RPS20	endoplasmicreticulum	HPA	P60866
CPA4	centrosome	HPA	Q9UI42
PTPN11	cytosol	HPA;GO	Q06124
SMU1	nucleoplasm	GO	Q2TAY7
ERN2	endoplasmicreticulum	HPA	Q76MJ5
ADPGK	endoplasmicreticulum	GO	Q9BRR6
DPH1	cytosol	GO	Q9BZG8
ZNF18	nucleoplasm	HPA	P17022
PSEN1	nucleoplasm	GO	P49768
CBX1	nucleoplasm	HPA;GO	P83916
TOM1L2	primarycilium	HPA	Q6ZVM7
APOA1	plasmamembrane	GO	P02647
SOS2	cytosol	GO	Q07890
GUCY1B2	cytosol	GO	O75343
ACTR8	nucleoplasm	HPA;GO	Q9H981
CDC37L1	cytosol	HPA	Q7L3B6
LRRC8E	endoplasmicreticulum	GO	Q6NSJ5
SPIN2B	nucleoplasm	HPA	Q9BPZ2
STX16	endoplasmicreticulum	GO	O14662
CFAP263	primarycilium	GO	Q9H0I3
OTOP1	plasmamembrane	GO	Q7RTM1
GPS1	nucleoplasm	HPA;GO	Q13098
PIAS3	nucleoplasm	HPA;GO	Q9Y6X2
ANKEF1	plasmamembrane	HPA	Q9NU02
ANKRD36C	nucleoplasm	HPA	Q5JPF3
CALCR	centrosome	HPA	P30988
FBRS	nucleoplasm	HPA	Q9HAH7
HOXB3	nucleoplasm	HPA	P14651
MAP3K4	cytosol	HPA	Q9Y6R4
PCDH9	centrosome	HPA	Q9HC56
CACNG5	plasmamembrane	GO	Q9UF02
AOC3	endoplasmicreticulum	GO	Q16853
KRT4	intermediatefilaments	HPA;GO	P19013
NUDT7	golgiapparatus	HPA	P0C024
ZNF773	nucleoli	HPA	Q6PK81
BIRC5	microtubules	HPA;GO	O15392
MRPS14	mitochondria	HPA;GO	O60783
LSS	endoplasmicreticulum	GO	P48449
CUEDC2	nucleoplasm	HPA	Q9H467
VTN	endoplasmicreticulum	HPA	P04004
KIAA1210	golgiapparatus	HPA	Q9ULL0
STXBP3	nucleoplasm	HPA	O00186
GNB1	plasmamembrane	HPA;GO	P62873
CDKAL1	endoplasmicreticulum	GO	Q5VV42
TMEM186	mitochondria	GO	Q96B77
FAM90A15P	nucleoplasm	HPA	P0C7V4
MRPS6	mitochondria	HPA;GO	P82932
NET1	nucleoplasm	HPA	P23975
DCTN2	nucleoplasm	GO	Q13561
DDB1	nucleoli	GO	Q16531
NFU1	cytosol	HPA;GO	Q9UMS0
HLA-DMB	plasmamembrane	GO	P28068
SORD	cytosol	HPA;GO	Q00796
CCT2	microtubules	GO	P78371
FAM91A1	nucleoplasm	HPA	Q658Y4
CDH15	plasmamembrane	HPA;GO	P55291
SLC28A2	plasmamembrane	GO	O43868
THAP10	nucleoplasm	HPA	Q9P2Z0
GAD2	plasmamembrane	GO	Q05329
PLEKHA7	cytosol	HPA	Q6IQ23
EPS8L1	cytosol	HPA	Q8TE68
EFR3B	plasmamembrane	HPA;GO	Q9Y2G0
NEDD9	primarycilium	GO	Q14511
TTC27	nucleoli	HPA	Q6P3X3
GTF3C3	nuclearmembrane	HPA	Q9Y5Q9
PACSIN2	primarycilium	HPA	Q9UNF0
AASDHPPT	cytosol	GO	Q9NRN7
PGAM1	nucleoplasm	HPA	P18669
CRX	nucleoli	HPA	O43186
CYP2E1	mitochondria	HPA	P05181
MISP	plasmamembrane	HPA;GO	Q8IVT2
PLPP7	nucleoplasm	HPA	Q8NBV4
CASP5	cytosol	GO	P51878
TLK2	intermediatefilaments	GO	Q86UE8
TOPBP1	nucleoplasm	HPA;GO	Q92547
FNDC4	cytosol	HPA	Q9H6D8
NPRL3	cytosol	HPA	Q12980
PERP	plasmamembrane	GO	Q96FX8
CSPP1	primarycilium	HPA	Q1MSJ5
YWHAE	cytosol	HPA;GO	P62258
SFN	cytosol	HPA;GO	P31947
PLAA	plasmamembrane	HPA	Q9Y263
KRT19	plasmamembrane	GO	P08727
RUFY1	cytosol	HPA;GO	Q96T51
VPS9D1	cytosol	HPA	Q9Y2B5
GARIN1B	nucleoplasm	HPA	Q96KD3
P4HA3	cytosol	HPA	Q7Z4N8
TRIP6	plasmamembrane	GO	Q15654
TMEM218	cytosol	HPA	A2RU14
XPC	plasmamembrane	HPA	Q01831
TCF7L1	nucleoplasm	HPA;GO	Q9HCS4
C11orf96	actinfilaments	HPA	Q7Z7L8
NEK1	centrosome	HPA;GO	Q96PY6
HSPE1	mitochondria	GO	P61604
SPRR2A	plasmamembrane	GO	P35326
TAS2R43	primarycilium	GO	P59537
PGLYRP2	plasmamembrane	HPA	Q96PD5
ENTPD6	golgiapparatus	HPA	O75354
HPF1	cytosol	HPA	Q9NWY4
KLHL29	cytosol	HPA	Q96CT2
FHOD1	actinfilaments	GO	Q9Y613
ZNF80	nucleoli	HPA	P51504
FHL1	plasmamembrane	HPA;GO	Q13642
ADH4	cytosol	GO	P08319
LDLR	golgiapparatus	GO	P01130
MATN3	golgiapparatus	HPA	O15232
TGFB1	primarycilium	HPA	P01137
LRR1	cytosol	GO	Q96L50
ABCD1	endoplasmicreticulum	GO	P33897
HAUS3	centrosome	GO	Q68CZ6
EPN3	nucleoplasm	HPA	Q9H201
PTPRE	intermediatefilaments	HPA	P23469
STK33	nucleoplasm	HPA	Q9BYT3
DNTTIP2	nucleoli	HPA	Q5QJE6
RAB8A	golgiapparatus	HPA;GO	P61006
MRC2	actinfilaments	GO	Q9UBG0
ZNF607	nucleoplasm	HPA	Q96SK3
TMEM268	cytosol	HPA	Q5VZI3
KLC2	mitochondria	HPA	Q6P597
TMEM130	golgiapparatus	HPA	Q8N3G9
PSEN2	nucleoplasm	GO	P49810
CTPS2	cytosol	HPA;GO	Q9NRF8
HCN4	plasmamembrane	GO	Q9Y3Q4
EIF4A2	cytosol	HPA;GO	Q14240
IRF8	cytosol	GO	Q02556
CACNG6	plasmamembrane	GO	Q8WXS5
RANGAP1	nuclearmembrane	HPA	P46060
DYNLT2B	primarycilium	HPA;GO	Q8WW35
HS2ST1	mitochondria	HPA	Q7LGA3
CALCRL	endoplasmicreticulum	GO	Q16602
RIMOC1	nucleoplasm	HPA	A6NDU8
DHRS1	nucleoplasm	HPA	Q96LJ7
P3H1	nucleoli	HPA	Q32P28
CPPED1	plasmamembrane	HPA	Q9BRF8
BACE1	endoplasmicreticulum	GO	P56817
HLA-DRB1	endoplasmicreticulum	GO	P01911
C17orf107	nucleoplasm	HPA	Q6ZR85
IL13RA2	plasmamembrane	HPA;GO	Q14627
PPTC7	plasmamembrane	HPA	Q8NI37
TMEM62	nucleoli	HPA	Q0P6H9
PGM2	cytosol	HPA;GO	Q96G03
FOXF2	nucleoplasm	HPA	Q12947
ATP6V1H	actinfilaments	HPA	Q9UI12
ARHGDIA	cytosol	HPA;GO	P52565
HERPUD2	nucleoli	HPA	Q9BSE4
PARK7	mitochondria	GO	Q99497
TRIM65	nucleoplasm	HPA	Q6PJ69
TSR3	cytosol	HPA;GO	Q9UJK0
ADAM20	plasmamembrane	GO	O43506
DELE1	mitochondria	GO	Q14154
FABP3	golgiapparatus	HPA	P05413
KRTAP5-5	cytosol	GO	Q701N2
GPAT2	mitochondria	HPA;GO	Q6NUI2
FZD9	plasmamembrane	GO	O00144
LRRC14B	cytosol	HPA	A6NHZ5
SOX13	nucleoplasm	HPA;GO	Q9UN79
MTO1	cytosol	HPA	Q9Y2Z2
OBSCN	plasmamembrane	HPA	Q5VST9
ENDOU	plasmamembrane	GO	P21128
SMAP1	plasmamembrane	HPA	Q8IYB5
MYADM	plasmamembrane	GO	Q96S97
PRDM16	nucleoplasm	HPA	Q9HAZ2
PSMC6	plasmamembrane	HPA	P62333
B3GALT4	golgiapparatus	GO	O96024
NECAB1	nucleoplasm	HPA	Q8N987
HMGA2	nucleoli	HPA	P52926
C8orf76	nucleoplasm	HPA	Q96EF9
GRK4	primarycilium	GO	P32298
ASAP1	golgiapparatus	HPA;GO	Q9ULH1
NUP188	nucleoplasm	HPA	Q5SRE5
LRP6	golgiapparatus	GO	O75581
DGKQ	cytosol	GO	P52824
FBXW7-AS1	plasmamembrane	GO	B0L3A2
ZNF34	nucleoplasm	HPA	Q8IZ26
CSGALNACT2	endoplasmicreticulum	HPA	Q8N6G5
GSTT2B	cytosol	HPA;GO	P0CG30
STRADA	nucleoplasm	HPA	Q7RTN6
PTPN3	plasmamembrane	GO	P26045
ZNF575	nucleoli	HPA	Q86XF7
ARHGAP29	plasmamembrane	HPA	Q52LW3
BUB1	cytosol	GO	O43683
DPAGT1	endoplasmicreticulum	GO	Q9H3H5
DUSP19	nucleoplasm	HPA	Q8WTR2
VEPH1	cytosol	HPA	Q14D04
HYCC2	plasmamembrane	HPA	Q8IXS8
TASOR2	cytosol	HPA	Q5VWN6
UNC79	nucleoplasm	HPA	Q9P2D8
NFS1	centrosome	GO	Q9Y697
SMAD7	primarycilium	HPA	O15105
KCTD1	centrosome	HPA	Q719H9
HFM1	golgiapparatus	HPA	A2PYH4
CDC6	cytosol	HPA;GO	Q99741
GPR137	actinfilaments	HPA	Q96N19
SLC16A11	plasmamembrane	GO	Q8NCK7
IGFBP2	endoplasmicreticulum	HPA	P18065
AGPAT4	golgiapparatus	HPA	Q9NRZ5
CDC25B	nucleoplasm	GO	P30305
RORA	nucleoli	HPA	P35398
ORAI3	plasmamembrane	GO	Q9BRQ5
SERPINE2	golgiapparatus	HPA	P07093
CFLAR	plasmamembrane	HPA;GO	O15519
CD1B	cytosol	HPA	P29016
LY6H	plasmamembrane	GO	O94772
TMEM94	endoplasmicreticulum	GO	Q12767
FOXA1	nucleoli	HPA	P55317
PLAC8L1	nucleoplasm	HPA	A1L4L8
LRRC9	plasmamembrane	HPA	Q6ZRR7
ECRG4	plasmamembrane	GO	Q9H1Z8
ZBTB43	nucleoli	HPA	O43298
PRMT9	cytosol	HPA	Q6P2P2
LGALS2	nucleoplasm	HPA	P05162
B2M	cytosol	HPA	P61769
STARD4	plasmamembrane	HPA	Q96DR4
AGFG1	cytosol	GO	P52594
PAFAH1B1	centrosome	HPA;GO	P43034
METTL8	mitochondria	GO	Q9H825
CLSPN	nucleoplasm	HPA;GO	Q9HAW4
ZCCHC4	golgiapparatus	HPA	Q9H5U6
RCAN2	mitochondria	HPA	Q14206
ZNF106	nucleoplasm	HPA	Q9H2Y7
DRGX	nucleoli	HPA	A6NNA5
PGM2L1	mitochondria	HPA	Q6PCE3
CBLL1	nucleoplasm	HPA	Q75N03
COL22A1	endoplasmicreticulum	HPA;GO	Q8NFW1
TUBB	cytosol	GO	P07437
SLC2A4RG	nucleoplasm	HPA	Q9NR83
P3H3	cytosol	HPA	Q8IVL6
RPS6KL1	cytosol	HPA	Q9Y6S9
IRF5	nucleoplasm	GO	Q13568
DCAF10	nucleoplasm	GO	Q5QP82
GHR	cytosol	HPA	P10912
PTGES3	nucleoplasm	HPA;GO	Q15185
APOBEC3B	nucleoplasm	HPA	Q9UH17
IGFN1	microtubules	HPA	Q86VF2
ASCC3	golgiapparatus	HPA	Q8N3C0
KLHL5	cytosol	GO	Q96PQ7
OGFOD2	nucleoplasm	HPA	Q6N063
DNAH14	cytosol	HPA	Q0VDD8
NHLRC2	cytosol	GO	Q8NBF2
FSD1L	golgiapparatus	HPA	Q9BXM9
ZNF3	nucleoplasm	HPA	P17036
COA7	mitochondria	HPA;GO	Q96BR5
NAT10	nucleoplasm	GO	Q9H0A0
CLDN18	plasmamembrane	HPA	P56856
TAF5L	nucleoplasm	HPA;GO	O75529
ZNF16	nucleoli	HPA	P17020
CSNK2A2	nucleoplasm	GO	P19784
SLC9B1	plasmamembrane	GO	Q4ZJI4
CEP68	plasmamembrane	HPA	Q76N32
CEACAM18	microtubules	HPA	A8MTB9
H2BC3	nucleoplasm	HPA;GO	P33778
ADD3	plasmamembrane	HPA	Q9UEY8
AKAP12	actinfilaments	GO	Q02952
PNISR	cytosol	HPA	Q8TF01
CLDN3	plasmamembrane	HPA;GO	O15551
ATM	nucleoli	GO	Q13315
APOBEC3G	cytosol	GO	Q9HC16
LUZP2	plasmamembrane	HPA	Q86TE4
RASD1	nucleoplasm	HPA	Q9Y272
PLPP6	cytosol	HPA	Q8IY26
PI4KB	cytosol	GO	Q9UBF8
ATP9A	golgiapparatus	GO	O75110
AP1M2	cytosol	GO	Q9Y6Q5
APOM	golgiapparatus	HPA	O95445
AKR1C2	cytosol	HPA	P52895
VARS2	mitochondria	HPA	P26640
PAH	cytosol	GO	P00439
USP5	cytosol	HPA;GO	P45974
ABI2	cytosol	HPA;GO	Q9NYB9
EGLN1	cytosol	HPA;GO	Q9GZT9
CBX6	nucleoplasm	HPA;GO	O95503
HNRNPD	cytosol	GO	Q14103
UBR5	nucleoplasm	HPA;GO	O95071
SHARPIN	cytosol	HPA;GO	Q9H0F6
GSTM3	cytosol	HPA;GO	P21266
P3H2	endoplasmicreticulum	GO	Q8IVL5
ILK	cytosol	HPA;GO	Q13418
BPGM	nucleoli	HPA	P07738
HDAC6	centrosome	HPA;GO	Q9UBN7
RPS10	nucleoplasm	GO	P46783
C4orf33	golgiapparatus	HPA	Q8N1A6
ZC3H4	nucleoplasm	HPA	Q9UPT8
ENSG00000283886	nucleoplasm	HPA	
SHMT1	cytosol	HPA;GO	P34896
GRB14	cytosol	HPA;GO	Q14449
REPIN1	nucleoplasm	HPA	Q9BWE0
STAC3	cytosol	HPA	Q96MF2
PAGE4	mitochondria	GO	O60829
SEMA3C	plasmamembrane	HPA	Q99985
ZAR1L	nucleoplasm	HPA	A6NP61
TMEM104	nucleoplasm	HPA	Q8NE00
TCOF1	nucleoli	HPA	Q13428
TP53I11	endoplasmicreticulum	HPA	O14683
SRI	plasmamembrane	GO	P30626
C3orf38	nucleoplasm	HPA	Q5JPI3
ELAVL2	cytosol	HPA	Q12926
PSME3	cytosol	GO	P61289
CSF2RB	golgiapparatus	HPA	P32927
MRGPRF	nucleoplasm	HPA	Q96AM1
EBF3	nucleoplasm	HPA	Q9H4W6
ZNF780A	nucleoplasm	HPA	O75290
ZNF641	nucleoplasm	HPA	Q96N77
IFI27L2	nucleoli	HPA	Q9H2X8
ALKBH2	nucleoli	GO	Q6NS38
SIK2	nucleoplasm	HPA	Q9H0K1
PDCD5	nucleoplasm	HPA	O14737
FAM219B	nucleoplasm	HPA	Q5XKK7
NSDHL	endoplasmicreticulum	HPA;GO	Q15738
ITPR3	endoplasmicreticulum	GO	Q14573
TRIM21	nucleoplasm	HPA	P19474
ACTN2	primarycilium	HPA	P35609
ARFIP2	cytosol	GO	P53365
KCNG4	plasmamembrane	HPA;GO	Q8TDN1
CYP7A1	endoplasmicreticulum	GO	P22680
ARL3	microtubules	GO	P36405
AIF1	cytosol	GO	P55008
SDCBP	cytosol	HPA;GO	O00560
CYP2A13	endoplasmicreticulum	GO	Q16696
EXTL3	endoplasmicreticulum	GO	O43909
TSPAN9	golgiapparatus	HPA	O75954
PRIMPOL	mitochondria	GO	Q96LW4
ATXN2L	cytosol	HPA;GO	Q8WWM7
KRTAP5-11	cytosol	GO	Q6L8G4
CEBPD	nucleoplasm	HPA;GO	P49716
ILF2	nucleoplasm	HPA	Q12905
MAGED2	nucleoli	HPA	Q9UNF1
MGST3	nucleoplasm	HPA	O14880
FEZ1	golgiapparatus	GO	Q99689
PLIN3	cytosol	GO	O60664
TCTN2	microtubules	HPA	Q96GX1
FER1L5	plasmamembrane	HPA	A0AVI2
KRTAP19-6	cytosol	GO	Q3LI70
FAM172A	cytosol	HPA	Q8WUF8
PLA2G6	plasmamembrane	HPA	O60733
CNPY3	plasmamembrane	HPA	Q9BT09
ODAD3	primarycilium	GO	A5D8V7
STRADB	cytosol	GO	Q9C0K7
KDELR2	golgiapparatus	GO	P33947
OPA3	cytosol	HPA	Q9H6K4
RNF207	cytosol	HPA	Q6ZRF8
FCGR2B	plasmamembrane	GO	P31994
DSTN	plasmamembrane	HPA	P60981
UNC13D	cytosol	HPA	Q70J99
CRYAA	cytosol	HPA	P02489
PLPPR5	plasmamembrane	HPA	Q32ZL2
FRMD4B	centrosome	HPA	Q9Y2L6
CASD1	nucleoplasm	HPA	Q96PB1
SUPT4H1	nucleoplasm	HPA;GO	P63272
ANXA10	nucleoplasm	HPA	Q9UJ72
ZNF212	nucleoplasm	HPA	Q9UDV6
TMEM120A	endoplasmicreticulum	GO	Q9BXJ8
GATA5	cytosol	HPA	Q9BWX5
KCNA2	plasmamembrane	GO	P16389
PPP2R2C	cytosol	HPA	Q9Y2T4
CALY	plasmamembrane	GO	Q9NYX4
ARMCX1	mitochondria	HPA	Q9P291
ATAD1	nucleoli	HPA	Q8NBU5
DDX53	cytosol	HPA	Q86TM3
GNG2	plasmamembrane	HPA;GO	P59768
CERS4	nucleoplasm	HPA	Q9HA82
GDAP1	cytosol	HPA;GO	Q8TB36
ANXA11	cytosol	HPA	P50995
RTN4RL1	nucleoplasm	HPA	Q86UN2
RGS14	nucleoplasm	HPA	O43566
ZDHHC21	golgiapparatus	HPA;GO	Q8IVQ6
LANCL2	nucleoplasm	HPA	Q9NS86
SLC39A9	golgiapparatus	GO	Q9NUM3
MICAL3	cytosol	HPA	Q7RTP6
SKA1	cytosol	GO	Q96BD8
RGS18	plasmamembrane	GO	Q9NS28
LAP3	plasmamembrane	GO	P28838
ANP32A	nucleoplasm	HPA;GO	P39687
PRKACA	plasmamembrane	GO	P17252
BOD1	nucleoplasm	GO	Q96IK1
EPOR	plasmamembrane	HPA;GO	P19235
MED1	nucleoplasm	HPA;GO	O95243
COPG1	nucleoplasm	HPA	Q9Y678
RPS6KB1	cytosol	GO	P23443
RIN2	golgiapparatus	HPA	Q8WYP3
TTC9	nucleoplasm	HPA	Q92623
ATRNL1	nucleoplasm	HPA	Q5VV63
IL4R	plasmamembrane	HPA;GO	P24394
KRTAP27-1	cytosol	GO	Q3LI81
RAB6D	golgiapparatus	HPA	Q53S08
PRSS21	plasmamembrane	GO	Q9Y6M0
TCL1A	cytosol	HPA	P56279
CSNK1A1L	cytosol	HPA	Q8N752
ARHGAP26	mitochondria	GO	Q9UNA1
GABRA6	plasmamembrane	GO	Q16445
BAZ2A	nucleoplasm	HPA	Q9UIF9
H2AC8	nucleoplasm	HPA	P04908
CLDN25	plasmamembrane	GO	C9JDP6
DUOXA1	plasmamembrane	GO	Q1HG43
ACTB	actinfilaments	GO	P60709
FHIP1B	mitochondria	HPA	Q8N612
CCDC127	nucleoplasm	HPA	Q96BQ5
CRY2	cytosol	HPA	Q49AN0
SGMS1	plasmamembrane	GO	Q86VZ5
DGAT2	endoplasmicreticulum	GO	Q96PD7
NUDT15	cytosol	GO	Q9NV35
ANKRD34A	cytosol	HPA	Q69YU3
PDGFA	golgiapparatus	HPA;GO	P04085
POP5	nucleoli	HPA;GO	Q969H6
PSMA5	cytosol	HPA;GO	P28066
KRCC1	nucleoli	HPA	Q9NPI7
OFD1	primarycilium	GO	O75665
DAG1	endoplasmicreticulum	GO	Q14118
AKAP9	golgiapparatus	HPA;GO	Q99996
ORC6	nucleoli	HPA	Q9Y5N6
IRF6	cytosol	HPA;GO	O14896
MAN2A2	golgiapparatus	GO	P49641
MARCHF5	mitochondria	HPA;GO	Q9NX47
MYOCD	nucleoplasm	HPA	Q8IZQ8
ZNF263	microtubules	HPA	O14978
MCM7	primarycilium	HPA	P33993
CYP2D6	mitochondria	GO	P10635
SGIP1	cytosol	GO	Q9BQI5
GLI1	plasmamembrane	HPA	P08151
LPXN	cytosol	HPA	O60711
TDH	mitochondria	GO	Q8IZJ6
SLC25A21	mitochondria	GO	Q9BQT8
DLGAP4	nucleoplasm	HPA	Q9Y2H0
PTMS	nucleoplasm	HPA	P20962
FBXL6	nucleoplasm	HPA	Q8N531
HSPB1	cytosol	HPA;GO	P04792
SMAD4	nucleoplasm	HPA;GO	Q13485
ARAF	plasmamembrane	HPA	P10398
SNAP29	cytosol	HPA	O95721
ACBD3	golgiapparatus	HPA;GO	Q9H3P7
KIFC2	cytosol	HPA	Q96AC6
TMEM41A	golgiapparatus	HPA	Q96HV5
SLC30A3	nucleoli	HPA	Q99726
NXF3	nucleoplasm	HPA	Q9H4D5
SPECC1	nucleoli	HPA	Q5M775
MFSD2B	plasmamembrane	GO	A6NFX1
SLC7A6OS	cytosol	HPA	Q96CW6
PDK1	mitochondria	GO	O15530
ENSG00000288520	plasmamembrane	HPA	
NBEAL1	cytosol	HPA	Q6ZS30
MLF2	nucleoplasm	HPA	Q15773
PTPRH	cytosol	HPA	Q9HD43
KAT2B	nucleoplasm	HPA;GO	Q92831
EDNRA	plasmamembrane	HPA;GO	P25101
LRRC46	plasmamembrane	HPA	Q96FV0
ASPG	cytosol	GO	Q86U10
SPPL2C	endoplasmicreticulum	GO	Q8IUH8
SURF2	nucleoli	HPA	Q15527
F8	golgiapparatus	GO	P00451
PCDHAC1	nucleoplasm	HPA	Q9H158
TDO2	plasmamembrane	HPA	P48775
ANO10	primarycilium	HPA	Q9NW15
MANEAL	golgiapparatus	HPA	Q5VSG8
HPS4	plasmamembrane	HPA	Q9NQG7
SDC1	actinfilaments	HPA	P18827
SERTAD4	nucleoplasm	HPA	Q9NUC0
FCMR	golgiapparatus	HPA;GO	O60667
SLC6A17	mitochondria	HPA	Q9H1V8
MSANTD1	cytosol	HPA	Q6ZTZ1
SLC9A3R2	plasmamembrane	HPA	Q15599
LRIF1	nucleoplasm	HPA;GO	Q5T3J3
ZNF554	nucleoli	HPA	Q86TJ5
MORN1	mitochondria	HPA	Q5T089
PRPF18	nucleoplasm	HPA;GO	Q99633
KCNU1	primarycilium	GO	A8MYU2
EPHB1	endoplasmicreticulum	HPA	P54762
EFNB3	plasmamembrane	GO	Q15768
ZIM2	cytosol	HPA	Q9NZV7
SIX5	cytosol	HPA	Q8N196
PPP1R1C	golgiapparatus	HPA	Q8WVI7
MAD2L1	cytosol	GO	Q13257
ENSG00000285304	cytosol	HPA	
NDUFAF2	mitochondria	HPA;GO	Q8N183
RPLP0	plasmamembrane	GO	P05388
MINK1	cytosol	GO	Q8N4C8
RPL9	cytosol	HPA;GO	P32969
CCNQ	nucleoplasm	HPA	Q8N1B3
TTC5	nucleoplasm	HPA;GO	Q8N0Z6
ZBED9	nucleoli	HPA	Q6R2W3
PROC	golgiapparatus	GO	P04070
RAB8A	microtubules	GO	P61006
ITGB3BP	nucleoplasm	HPA;GO	Q13352
CD59	actinfilaments	GO	P13987
ASIC1	plasmamembrane	HPA;GO	P78348
ZNF207	nucleoplasm	HPA;GO	O43670
ARAP1	nucleoplasm	HPA	Q96P48
TAS2R14	plasmamembrane	GO	Q9NYV8
MZF1	nucleoplasm	HPA	P28698
EFNA5	cytosol	HPA	P52803
TPTE	cytosol	HPA	P56180
EPB41L4A	plasmamembrane	HPA	Q9HCS5
PTPN23	primarycilium	HPA;GO	Q9H3S7
AKR1A1	nucleoplasm	HPA	P14550
NFE2L1	endoplasmicreticulum	GO	Q14494
BCL2L11	microtubules	GO	O43521
HOMER1	cytosol	HPA;GO	Q86YM7
AMOT	actinfilaments	GO	Q4VCS5
CDKN2D	cytosol	HPA;GO	P55273
CDCA8	nucleoli	HPA	Q53HL2
ACOT9	cytosol	HPA	Q9Y305
PLA2G3	endoplasmicreticulum	HPA	Q9NZ20
SH3TC2	nucleoplasm	HPA	Q8TF17
CRACR2A	golgiapparatus	GO	Q9BSW2
CLIC2	plasmamembrane	HPA	O15247
FAM114A1	golgiapparatus	HPA	Q8IWE2
EIF2S1	mitochondria	GO	P05198
NDFIP2	endoplasmicreticulum	GO	Q9NV92
CAMSAP1	microtubules	HPA;GO	Q5T5Y3
TOR4A	nucleoplasm	HPA	Q9NXH8
PTPN21	cytosol	HPA	Q16825
OSBPL1A	cytosol	HPA;GO	Q9BXW6
CDAN1	cytosol	HPA	Q8IWY9
UGT8	endoplasmicreticulum	GO	Q16880
TMUB1	nucleoplasm	HPA	Q9BVT8
USP20	nucleoplasm	HPA	Q9Y2K6
RBM23	nucleoplasm	HPA	Q86U06
TMEM132E	cytosol	HPA	Q6IEE7
PLAUR	endoplasmicreticulum	GO	Q03405
ZZEF1	nucleoplasm	HPA	O43149
DNAH7	primarycilium	GO	Q8WXX0
GREB1	cytosol	HPA	Q4ZG55
PCDH7	plasmamembrane	HPA;GO	O60245
CLCA4	cytosol	HPA	Q14CN2
RBM20	nucleoplasm	HPA	Q5T481
P4HB	cytosol	GO	P07237
HNRNPK	nucleoplasm	HPA;GO	P61978
RHEX	plasmamembrane	HPA;GO	Q6ZWK4
NUDC	cytosol	GO	Q9Y266
ZNF879	nucleoplasm	HPA	B4DU55
MTMR10	nucleoplasm	HPA	Q9NXD2
ANG	nucleoli	HPA	P03950
YBX1	endoplasmicreticulum	HPA	P67809
RHOA	endoplasmicreticulum	GO	P61586
XRCC3	mitochondria	GO	O43542
TMEM63C	centrosome	HPA	Q9P1W3
MED7	nucleoplasm	HPA;GO	O43513
CRY1	microtubules	HPA	Q16526
NFKBIL1	nucleoplasm	HPA	Q9UBC1
SCARA3	endoplasmicreticulum	HPA	Q6AZY7
NAT9	nucleoplasm	HPA	Q9BTE0
C1S	cytosol	HPA	P09871
CREB3L3	cytosol	GO	Q68CJ9
GTF2H3	nucleoplasm	HPA;GO	Q13889
IPO9	nucleoplasm	HPA	Q96P70
IQUB	nucleoplasm	HPA	Q8NA54
DTWD1	nucleoli	HPA	Q8N5C7
PYURF	endoplasmicreticulum	GO	Q96I23
C2orf16	nucleoplasm	HPA	Q68DN1
MAPKBP1	nucleoli	HPA	O60336
OR7C1	plasmamembrane	GO	O76099
XRCC5	nucleoli	GO	P13010
DAGLA	plasmamembrane	GO	Q9Y4D2
GCLM	plasmamembrane	HPA	P48507
SLC35F6	cytosol	HPA	Q8N357
SRD5A3	cytosol	HPA	Q9H8P0
MRI1	cytosol	HPA;GO	Q9BV20
PRDM6	nucleoplasm	HPA	Q9NQX0
ZNF557	nucleoplasm	HPA	Q8N988
APC	golgiapparatus	HPA	P25054
RELCH	golgiapparatus	GO	Q9P260
KBTBD4	nucleoplasm	HPA	Q9NVX7
NCOR2	nucleoplasm	HPA;GO	Q9Y618
ABCA6	nucleoplasm	HPA	Q8N139
FANCG	nucleoplasm	HPA;GO	O15287
ETV6	nucleoli	HPA	P41212
TENM1	plasmamembrane	HPA	Q9UKZ4
PTTG2	nucleoli	HPA	Q9NZH5
BICRAL	nucleoplasm	HPA;GO	Q6AI39
FARSA	cytosol	HPA;GO	Q9Y285
SLC1A6	plasmamembrane	HPA;GO	P48664
ADCK5	cytosol	HPA	Q3MIX3
ODR4	nucleoplasm	HPA	Q5SWX8
BAZ1A	nucleoplasm	GO	Q9NRL2
RUBCNL	cytosol	HPA	Q9H714
SSPN	nuclearmembrane	HPA	Q14714
NLGN3	plasmamembrane	HPA;GO	Q9NZ94
OR2W3	plasmamembrane	GO	Q7Z3T1
KIR3DS1	plasmamembrane	GO	Q14943
LARP1B	cytosol	HPA	Q659C4
MRPL44	mitochondria	HPA;GO	Q9H9J2
ZC3H18	nucleoplasm	HPA	Q86VM9
RANGRF	endoplasmicreticulum	GO	Q9HD47
CLEC2D	plasmamembrane	GO	Q9UHP7
NMD3	nucleoplasm	HPA;GO	Q96D46
AMELX	endoplasmicreticulum	GO	Q99217
PCDHGA12	plasmamembrane	HPA	O60330
ZNF594	nucleoplasm	HPA	Q96JF6
RHOT1	mitochondria	GO	Q8IXI2
WDR62	microtubules	GO	O43379
BLNK	cytosol	GO	Q8WV28
GPR35	plasmamembrane	GO	Q9HC97
PDE6D	cytosol	GO	O43924
SOCS6	nucleoplasm	HPA	O14512
MRPS11	mitochondria	HPA;GO	P82912
TGFB3	plasmamembrane	GO	P10600
TCP11L2	nucleoplasm	HPA	Q8N4U5
PLPP1	plasmamembrane	HPA;GO	O14494
ALKBH5	nucleoplasm	HPA;GO	Q6P6C2
PNP	cytosol	HPA;GO	P00491
LBX1	nucleoplasm	HPA	P52954
LPIN3	endoplasmicreticulum	GO	Q9BQK8
SH3GLB2	nucleoplasm	HPA	Q9NR46
ALKBH7	mitochondria	HPA;GO	Q9BT30
LIN52	nucleoplasm	HPA;GO	Q52LA3
ALDH3A2	cytosol	HPA;GO	P51648
MFSD6	cytosol	HPA	Q6ZSS7
PMS1	nucleoplasm	HPA	P54277
RNF41	cytosol	GO	Q9H4P4
ARL2BP	nucleoplasm	HPA	Q9Y2Y0
REXO5	nucleoli	HPA	Q96IC2
APIP	cytosol	HPA;GO	Q96GX9
RHOF	golgiapparatus	HPA	Q9HBH0
SYNE2	actinfilaments	GO	Q8WXH0
DOHH	nucleoplasm	HPA	Q9BU89
SPRR4	nuclearmembrane	HPA	Q96PI1
PLCB1	cytosol	GO	Q9NQ66
RPL19	actinfilaments	GO	P84098
GRAP	centrosome	HPA	Q13588
AMER1	plasmamembrane	HPA;GO	Q5JTC6
MAGEA9	golgiapparatus	HPA	P43362
MUC12	plasmamembrane	GO	Q9UKN1
TMX4	nuclearmembrane	HPA	Q9H1E5
VWA5B1	plasmamembrane	HPA	Q5TIE3
WNT7A	plasmamembrane	GO	O00755
GAS2L1	actinfilaments	GO	Q99501
CLCN5	plasmamembrane	HPA	P51795
SH3D21	primarycilium	HPA	A4FU49
PLSCR1	nucleoli	GO	O15162
ABCC12	endoplasmicreticulum	GO	Q96J65
BEND3	nucleoli	GO	Q5T5X7
SGTA	cytosol	GO	O43765
AMT	nucleoplasm	HPA	P48728
ARF4	golgiapparatus	GO	P18085
MAP2K3	cytosol	HPA;GO	P46734
TRIM29	cytosol	HPA	Q14134
TPR	microtubules	GO	P12270
NOL9	nucleoli	HPA;GO	Q5SY16
OGFR	nucleoplasm	HPA	Q9NZT2
HMBS	cytosol	GO	P08397
UGGT1	endoplasmicreticulum	GO	Q9NYU2
PLXNA1	nucleoplasm	HPA	Q9UIW2
HS1BP3	cytosol	HPA	Q53T59
BSND	plasmamembrane	GO	Q8WZ55
MTHFS	mitochondria	GO	P49914
PDCD6IP	microtubules	GO	Q8WUM4
SLC30A5	nucleoplasm	HPA	Q8TAD4
ENSG00000284057	nucleoplasm	HPA	
PAK2	cytosol	HPA;GO	Q13177
LMCD1	plasmamembrane	HPA	Q9NZU5
XRCC6	nucleoli	GO	P12956
CKAP4	endoplasmicreticulum	HPA;GO	Q07065
TIAM1	nuclearmembrane	HPA	Q13009
ABCA2	plasmamembrane	GO	Q9BZC7
NRXN1	plasmamembrane	HPA;GO	P58400
DNAAF9	nucleoli	HPA	Q5TEA3
DLGAP3	endoplasmicreticulum	HPA	O95886
RPS21	endoplasmicreticulum	HPA	P63220
MEX3A	cytosol	HPA;GO	A1L020
SULT1E1	cytosol	GO	P49888
CACNA1D	plasmamembrane	GO	Q01668
SEPTIN7	primarycilium	HPA;GO	Q16181
NUTM2E	nucleoplasm	HPA	B1AL46
CST6	plasmamembrane	HPA	P04080
ALDOB	centrosome	GO	P05062
WDR83OS	cytosol	GO	Q9Y284
HMGN3	nucleoplasm	HPA	Q15651
RPS19	plasmamembrane	GO	P39019
GCNT1	golgiapparatus	GO	Q02742
LRRIQ3	nucleoplasm	HPA	A6PVS8
ENSG00000290317	golgiapparatus	HPA	
MVK	cytosol	HPA;GO	Q03426
SREBF2	nucleoplasm	HPA;GO	Q12772
HAS1	golgiapparatus	GO	Q92839
PYDC2	nucleoplasm	HPA	Q56P42
MKRN2	nucleoplasm	HPA	Q9H000
TRAF4	nucleoplasm	HPA	Q9BUZ4
C3orf18	cytosol	HPA	Q9UK00
CDC42EP4	plasmamembrane	HPA;GO	Q9H3Q1
HOXC8	nucleoplasm	HPA;GO	P31273
ZNF586	nucleoli	HPA	Q9NXT0
TSPAN31	golgiapparatus	HPA	Q12999
RALBP1	cytosol	GO	Q15311
ERO1B	endoplasmicreticulum	GO	Q86YB8
STK3	intermediatefilaments	HPA	Q13188
AMOTL2	plasmamembrane	HPA	Q9Y2J4
MNDA	nucleoli	HPA	P41218
OSMR	plasmamembrane	GO	Q99650
ZC3H14	nucleoplasm	HPA	Q6PJT7
FEZ1	microtubules	HPA	Q99689
RSRP1	nucleoplasm	HPA	Q9BUV0
CRIP1	cytosol	HPA	P50238
ACTL10	plasmamembrane	HPA	Q5JWF8
GTPBP8	mitochondria	HPA	Q8N3Z3
ACTN1	primarycilium	HPA	P12814
GEM	plasmamembrane	GO	P55040
PDCD10	cytosol	GO	Q9BUL8
C2CD4A	nucleoli	HPA	Q8NCU7
CRACDL	microtubules	HPA	Q6NV74
ADAM12	plasmamembrane	HPA;GO	O43184
FERMT2	cytosol	HPA;GO	Q96AC1
WDR3	nucleoli	HPA	Q9UNX4
CALHM1	plasmamembrane	GO	Q8IU99
ATG9A	mitochondria	GO	Q7Z3C6
RFC2	nucleoplasm	HPA;GO	P35250
BCKDHA	mitochondria	GO	P12694
LOXL2	endoplasmicreticulum	GO	Q9Y4K0
MSTO1	mitochondria	GO	Q9BUK6
ZNF223	mitochondria	HPA	Q9UK11
GRIPAP1	cytosol	HPA	Q4V328
CHMP4A	plasmamembrane	GO	Q9BY43
RALGAPA1	cytosol	HPA	Q6GYQ0
FOCAD	actinfilaments	GO	Q5VW36
RPL36A	cytosol	HPA;GO	P83881
CLDN10	plasmamembrane	GO	P78369
ZSCAN26	nucleoli	HPA	Q16670
KCTD7	cytosol	GO	Q96MP8
ZIC2	nucleoplasm	HPA	O95409
KATNAL1	mitochondria	HPA	Q9BW62
UBE2V1	nucleoplasm	HPA	Q13404
MZT2B	microtubules	GO	Q6NZ67
ZNF829	nucleoplasm	HPA	Q3KNS6
NCKAP1	actinfilaments	GO	Q9Y2A7
DDAH1	plasmamembrane	HPA	O94760
JRK	nucleoli	HPA	O75564
SNRPB	cytosol	GO	P14678
C6orf89	plasmamembrane	GO	Q6UWU4
CAPZA2	cytosol	HPA;GO	P47755
PDHB	mitochondria	HPA;GO	P11177
GAGE2E	plasmamembrane	HPA	Q4V326
TMEM116	microtubules	HPA	Q8NCL8
NR3C2	cytosol	GO	P08235
XBP1	endoplasmicreticulum	GO	P17861
SH2D5	cytosol	HPA	Q6ZV89
NOTCH2	plasmamembrane	HPA;GO	Q04721
GARS1	cytosol	HPA;GO	P41250
PTK2B	cytosol	HPA;GO	Q14289
QTRT1	mitochondria	HPA;GO	Q9BXR0
ZNF304	cytosol	HPA	Q9HCX3
VPS37B	microtubules	GO	Q9H9H4
AARS1	cytosol	HPA;GO	P49588
EHD1	plasmamembrane	GO	Q9H4M9
NRBP2	cytosol	HPA	Q9NSY0
ANKH	plasmamembrane	GO	Q9HCJ1
GABRB3	plasmamembrane	GO	P28472
NOTO	cytosol	HPA	A8MTQ0
SPATA21	cytosol	HPA	Q7Z572
GAPDH	nuclearmembrane	HPA	P04406
SDF4	golgiapparatus	HPA	Q9BRK5
S100A16	cytosol	HPA;GO	Q96FQ6
UTY	nucleoplasm	HPA;GO	O14607
DAPK1	plasmamembrane	GO	P53355
EEPD1	plasmamembrane	GO	Q7L9B9
ITGB6	plasmamembrane	HPA;GO	P18564
SEPTIN8	actinfilaments	HPA	Q92599
SLC34A2	plasmamembrane	HPA;GO	O95436
GUF1	nucleoplasm	HPA	Q8N442
OGN	endoplasmicreticulum	HPA	P20774
APC2	plasmamembrane	GO	O95996
TOMM34	mitochondria	HPA;GO	Q15785
ZNF799	nucleoplasm	HPA	Q96GE5
CFTR	cytosol	GO	P13569
APLNR	plasmamembrane	GO	P35414
SKIC8	cytosol	HPA;GO	Q9GZS3
STBD1	plasmamembrane	GO	O95210
POLE2	nucleoplasm	HPA;GO	P56282
GRIA3	plasmamembrane	GO	P42263
STAT4	nucleoplasm	HPA;GO	Q14765
TRIM27	nucleoli	HPA	P14373
FRS3	plasmamembrane	GO	O43559
ABCA13	cytosol	HPA	Q86UQ4
RAC3	plasmamembrane	GO	P60763
PTPN11	nucleoli	HPA	Q06124
PRAME	nucleoplasm	HPA;GO	P78395
PCNA	nucleoplasm	HPA;GO	P12004
PIGQ	golgiapparatus	HPA	Q9BRB3
SCAF11	nucleoplasm	HPA	Q99590
STING1	mitochondria	GO	Q86WV6
GFRA3	plasmamembrane	HPA;GO	O60609
R3HDM4	cytosol	HPA	Q96D70
SLC6A15	nucleoli	HPA	Q9H2J7
PLA2G2F	cytosol	GO	Q9BZM2
CD163L1	nucleoplasm	HPA	Q9NR16
POU1F1	cytosol	HPA	P28069
UBE2NL	nucleoli	HPA	Q5JXB2
DOK3	plasmamembrane	HPA;GO	Q7L591
SLC35C1	golgiapparatus	HPA;GO	Q96A29
SPTA1	plasmamembrane	GO	P02549
CAMK2G	primarycilium	HPA	Q13555
ENSG00000272772	nucleoplasm	HPA	
BCL11A	nucleoplasm	HPA;GO	Q9H165
KIF9	cytosol	HPA	Q9HAQ2
RASAL1	plasmamembrane	HPA;GO	O95294
CIP2A	plasmamembrane	HPA	Q8TCG1
H2BC4	cytosol	HPA	P62807
PLPPR3	nucleoplasm	HPA	Q6T4P5
LONP1	nucleoplasm	HPA	P36776
PAPOLG	nucleoplasm	HPA	Q9BWT3
COPS3	cytosol	HPA;GO	Q9UNS2
EBNA1BP2	nucleoli	HPA;GO	Q99848
POLR3D	cytosol	GO	P05423
SFXN3	mitochondria	HPA;GO	Q9BWM7
NOP9	nucleoli	HPA	Q86U38
WBP1	cytosol	HPA	Q96G27
FKBP1B	cytosol	HPA	P68106
RPIA	cytosol	GO	P49247
FAM90A19	nucleoli	HPA	P0DV76
WDR76	nucleoli	HPA	Q9H967
TF	plasmamembrane	GO	P02787
MCM8	nucleoplasm	HPA;GO	Q9UJA3
PKN2	nucleoplasm	HPA	Q16513
ASB7	nucleoplasm	HPA	Q9H672
ALB	endoplasmicreticulum	HPA;GO	P02768
KLHL36	cytosol	HPA	Q8N4N3
ZBTB37	nucleoplasm	HPA	Q5TC79
RPL7A	nucleoli	HPA;GO	P62424
SNX3	cytosol	GO	O60493
IFT22	cytosol	HPA	Q9H7X7
SIVA1	nucleoplasm	HPA;GO	O15304
LDAF1	endoplasmicreticulum	GO	Q96B96
NOS3	golgiapparatus	GO	P29474
RPS7	centrosome	GO	P62081
SIPA1L3	actinfilaments	GO	O60292
PPP1R2B	nucleoplasm	HPA	Q6NXS1
SNX18	plasmamembrane	GO	Q96RF0
CFAP43	nucleoplasm	HPA	Q8NDM7
PIEZO2	cytosol	HPA	Q9H5I5
DUSP16	cytosol	GO	Q9BY84
ATXN10	plasmamembrane	HPA	Q9UBB4
SIN3B	nucleoplasm	HPA;GO	O75182
LYZ	golgiapparatus	HPA	P61626
C19orf67	nucleoplasm	HPA	A6NJJ6
PPT1	golgiapparatus	HPA;GO	P50897
CEP76	centrosome	GO	Q8TAP6
ACTR6	cytosol	HPA	Q9GZN1
WASF1	cytosol	GO	Q92558
GUCA1C	primarycilium	GO	O95843
KANK1	plasmamembrane	HPA;GO	Q14678
RPE65	endoplasmicreticulum	GO	Q16518
NASP	nucleoplasm	HPA;GO	P49321
PIP4K2A	nucleoplasm	GO	P48426
LDHA	cytosol	HPA;GO	P00338
MAPK3	nucleoplasm	HPA;GO	P27361
TSPY3	cytosol	HPA	P0CV98
SOX7	nucleoplasm	HPA;GO	Q9BT81
RPS28	nucleoplasm	GO	P62857
DTNBP1	microtubules	HPA	Q96EV8
RTTN	primarycilium	HPA;GO	Q86VV8
AGO4	cytosol	HPA;GO	Q9HCK5
ANXA6	cytosol	HPA	P08133
TRIM26	cytosol	HPA;GO	Q12899
PTCHD4	cytosol	HPA	Q6ZW05
VPS29	cytosol	HPA;GO	Q9UBQ0
FABP7	golgiapparatus	HPA	O15540
BIRC7	cytosol	HPA;GO	Q96CA5
RIOX1	nucleoli	HPA	Q9H6W3
FAM241B	nucleoplasm	HPA	Q96D05
IFT20	primarycilium	HPA;GO	Q8IY31
SLC52A1	plasmamembrane	GO	Q9NWF4
XRCC4	nucleoplasm	HPA;GO	Q13426
CCT4	microtubules	GO	P50991
CORO2A	primarycilium	HPA	Q92828
ZNF404	nucleoli	HPA	Q494X3
RIC8A	plasmamembrane	HPA	Q9NPQ8
CRACR2A	microtubules	GO	Q9BSW2
KLHL32	nucleoplasm	HPA	Q96NJ5
HSD17B1	cytosol	HPA;GO	P14061
RBBP4	nucleoplasm	HPA;GO	Q09028
OPRL1	plasmamembrane	GO	P41146
KCNA4	plasmamembrane	GO	P22459
BGN	golgiapparatus	HPA;GO	P21810
ADCY7	cytosol	HPA	P51828
KIF20B	centrosome	HPA;GO	Q96Q89
ENSG00000289700	nucleoplasm	HPA	
ACADVL	mitochondria	HPA;GO	P49748
PLXNC1	mitochondria	HPA	O60486
NES	intermediatefilaments	HPA	P48681
DEGS1	endoplasmicreticulum	GO	O15121
IRAK4	plasmamembrane	GO	Q9NWZ3
MBTPS2	cytosol	HPA	O43462
ATP8A1	endoplasmicreticulum	GO	Q9Y2Q0
PRKAR1A	plasmamembrane	GO	P10644
STEEP1	centrosome	HPA	Q9H5V9
ZNF280D	golgiapparatus	HPA	Q6N043
SORBS3	plasmamembrane	GO	O60504
YAF2	nucleoplasm	HPA;GO	Q8IY57
ENSG00000197991	microtubules	HPA	
DHX38	nucleoplasm	HPA;GO	Q92620
NME2	cytosol	HPA;GO	P22392
FRK	nucleoplasm	HPA	P42685
TNFSF8	plasmamembrane	GO	P32971
TAS2R16	endoplasmicreticulum	GO	Q9NYV7
INTS6L	centrosome	HPA	Q5JSJ4
RABEPK	cytosol	GO	Q7Z6M1
PYDC1	cytosol	GO	Q8WXC3
CXCR2	nucleoplasm	HPA	P25025
FBLIM1	plasmamembrane	HPA;GO	Q8WUP2
RPL5	cytosol	HPA;GO	P46777
CRPPA	cytosol	GO	A4D126
C4A	plasmamembrane	GO	P0C0L4
SPTBN1	plasmamembrane	GO	Q01082
TWSG1	cytosol	HPA	Q9GZX9
CYTH3	cytosol	HPA;GO	O43739
CENPF	nucleoplasm	HPA;GO	P49454
PCED1A	cytosol	HPA	Q9H1Q7
TRIP4	centrosome	GO	Q15650
NDST2	golgiapparatus	GO	P52849
KCNN3	cytosol	HPA	Q9UGI6
ZNF793	cytosol	HPA	Q6ZN11
GSTK1	cytosol	GO	Q9Y2Q3
NFRKB	nucleoplasm	HPA;GO	Q6P4R8
APOA1	endoplasmicreticulum	GO	P02647
KCTD6	mitochondria	HPA	Q8NC69
MYO18B	nucleoplasm	HPA	Q8IUG5
ABHD17C	plasmamembrane	GO	Q6PCB6
FFAR2	plasmamembrane	GO	O15552
DNAH14	centrosome	HPA	Q0VDD8
ALOX5	nuclearmembrane	GO	P09917
NUAK1	nucleoli	HPA	O60285
PCCA	cytosol	GO	P05165
AAMP	microtubules	HPA	Q13685
RPL22L1	nucleoplasm	HPA	Q6P5R6
WDR74	nucleoli	HPA;GO	Q6RFH5
MUC3A	golgiapparatus	GO	Q02505
MRAP2	endoplasmicreticulum	GO	Q96G30
CCSER2	cytosol	HPA	Q9H7U1
DGKD	cytosol	HPA;GO	Q16760
TAF11	nucleoplasm	HPA;GO	Q15544
CENPK	nucleoplasm	GO	Q9BS16
ZFYVE1	mitochondria	GO	Q9HBF4
MYPN	nucleoplasm	HPA	Q86TC9
DNA2	mitochondria	HPA;GO	P51530
AK7	cytosol	HPA;GO	Q96M32
PCDHB5	plasmamembrane	HPA	Q9Y5E4
TMEM98	plasmamembrane	GO	Q9Y2Y6
TOP3A	nucleoplasm	GO	Q13472
RNPS1	cytosol	GO	Q15287
LIAS	nucleoplasm	HPA	O43766
KRTAP24-1	cytosol	GO	Q3LI83
TRMT112	cytosol	GO	Q9UI30
PLEKHN1	plasmamembrane	HPA	Q494U1
IRX5	nucleoplasm	HPA	P78411
PHTF1	nucleoli	HPA	Q9UMS5
CCT7	microtubules	GO	Q99832
AUH	mitochondria	GO	Q13825
KCNA3	plasmamembrane	GO	P22001
NOP14	nucleoplasm	HPA;GO	P78316
SENP2	nucleoplasm	GO	Q9HC62
SCFD2	nucleoplasm	HPA	Q8WU76
PRCP	plasmamembrane	GO	P42785
CEP57	golgiapparatus	GO	Q86XR8
ILK	centrosome	GO	Q13418
CORO2B	actinfilaments	HPA	Q9UQ03
RPL13A	cytosol	HPA;GO	P40429
PRKAR2A	actinfilaments	GO	P13861
NOX5	plasmamembrane	GO	Q96PH1
DLC1	endoplasmicreticulum	HPA	P63167
DAGLB	plasmamembrane	HPA;GO	Q8NCG7
TAS1R3	plasmamembrane	HPA;GO	Q7RTX0
DCTN3	cytosol	HPA;GO	O75935
ARMCX2	mitochondria	HPA	Q7L311
SIGLEC5	plasmamembrane	GO	O15389
UFSP1	cytosol	GO	Q6NVU6
IFNL1	plasmamembrane	GO	Q8IU54
CDKN2C	cytosol	HPA;GO	P42773
OR11H6	plasmamembrane	GO	Q8NGC7
MAK	primarycilium	HPA	P20794
OTUD3	cytosol	HPA;GO	Q5T2D3
VPS4A	plasmamembrane	GO	Q9UN37
H3C8	nucleoplasm	HPA	P68431
PARM1	plasmamembrane	GO	Q6UWI2
GCNT4	golgiapparatus	HPA;GO	Q9P109
TRMT10C	mitochondria	HPA;GO	Q7L0Y3
CDC23	cytosol	GO	Q9UJX2
DGKQ	nucleoli	HPA	P52824
PDK2	mitochondria	HPA;GO	Q15119
GGN	cytosol	HPA	Q86UU5
TPD52	cytosol	HPA	P55327
USP4	cytosol	HPA;GO	Q13107
OAZ2	cytosol	GO	O95190
RSAD2	mitochondria	GO	Q8WXG1
MAPRE1	actinfilaments	GO	Q15691
LGALS3	plasmamembrane	GO	P17931
RPS5	actinfilaments	GO	P46782
RBM5	nucleoplasm	HPA;GO	P52756
YAP1	nucleoplasm	HPA;GO	P46937
TAS2R20	plasmamembrane	GO	P59543
ACADM	mitochondria	HPA;GO	P11310
HLA-DPA1	plasmamembrane	GO	P20036
TPRN	nucleoplasm	GO	Q4KMQ1
MSH6	nucleoplasm	HPA;GO	P52701
PGRMC1	plasmamembrane	GO	O00264
CREB3L4	nuclearmembrane	HPA	Q8TEY5
B4GALT3	golgiapparatus	HPA;GO	O60512
VEPH1	nucleoli	HPA	Q14D04
CDK8	nucleoplasm	HPA;GO	P49336
KIF20B	nucleoli	GO	Q96Q89
TCEAL8	nucleoplasm	HPA	Q8IYN2
M6PR	plasmamembrane	GO	P20645
ERCC5	nucleoplasm	HPA;GO	P28715
NAA80	cytosol	GO	Q93015
TMEM170B	centrosome	HPA	Q5T4T1
CDC6	nucleoli	GO	Q99741
CCDC86	nucleoli	HPA	Q9H6F5
SLC26A11	plasmamembrane	GO	Q86WA9
ZNF804A	microtubules	GO	Q7Z570
DMRT2	nucleoplasm	HPA	Q9Y5R5
PDE4C	cytosol	HPA;GO	Q08493
NUP155	cytosol	GO	O75694
GMEB2	cytosol	HPA	Q9UKD1
IRF2BP1	nucleoplasm	HPA	Q8IU81
PKM	cytosol	HPA;GO	P14618
HLA-DPB1	nucleoplasm	HPA	P04440
UNG	mitochondria	HPA	P13051
RPS14	nucleoplasm	GO	P62263
ALG14	nucleoplasm	HPA	Q96F25
ERCC2	cytosol	HPA	P18074
ATXN7L3	nucleoplasm	HPA;GO	Q14CW9
OR5P3	plasmamembrane	GO	Q8WZ94
TRMT10B	plasmamembrane	HPA	Q6PF06
ENO1	nuclearmembrane	GO	P06733
MACIR	actinfilaments	HPA	Q96GV9
PPP1R32	plasmamembrane	HPA	Q7Z5V6
DBF4B	nucleoplasm	HPA;GO	Q8NFT6
CSTF2	nucleoplasm	HPA;GO	P33240
LMO4	nucleoplasm	HPA	P61968
C16orf46	cytosol	HPA	Q6P387
PUS1	mitochondria	HPA;GO	Q9Y606
KRTAP12-2	cytosol	GO	P59991
FBXO38	plasmamembrane	HPA	Q6PIJ6
LAMTOR1	plasmamembrane	HPA;GO	Q6IAA8
P3H3	nucleoli	HPA	Q8IVL6
MCM6	nucleoplasm	HPA;GO	Q14566
TNFSF9	plasmamembrane	GO	P41273
SIMC1	nucleoplasm	HPA;GO	Q8NDZ2
UPRT	nucleoplasm	HPA	Q96BW1
UFL1	endoplasmicreticulum	HPA;GO	O94874
PTTG1	nucleoli	HPA	O95997
DPYSL2	microtubules	HPA;GO	Q16555
ATF1	nucleoplasm	HPA;GO	P18846
ICAM1	cytosol	HPA	P05362
RBM45	nucleoplasm	HPA	Q8IUH3
RNF216	cytosol	HPA;GO	Q9NWF9
SNX31	nucleoplasm	HPA	Q8N9S9
FZD4	primarycilium	HPA	Q9ULV1
USP22	nucleoplasm	HPA;GO	Q9UPT9
ZBTB22	nucleoplasm	HPA	O15209
COL28A1	endoplasmicreticulum	GO	Q2UY09
HYKK	mitochondria	GO	A2RU49
COQ10B	cytosol	HPA	Q9H8M1
PRKAR2B	golgiapparatus	HPA	P31323
GIPC3	golgiapparatus	HPA	Q8TF64
GSDMA	cytosol	HPA	Q96QA5
SKP2	nucleoli	HPA	Q13309
SPRR3	cytosol	GO	Q9UBC9
WNT3	endoplasmicreticulum	GO	P56703
ARPP19	nucleoplasm	GO	P56211
CNTD1	nucleoplasm	HPA	Q8N815
LLPH	nucleoplasm	HPA;GO	Q9BRT6
TMEM238L	endoplasmicreticulum	GO	A6NJY4
DAZAP1	nucleoplasm	HPA	Q96EP5
SKA1	centrosome	HPA;GO	Q96BD8
STK19	nucleoplasm	HPA	P49842
TGFBR2	cytosol	GO	P37173
SKP1	nucleoplasm	HPA;GO	P63208
SCNN1G	plasmamembrane	HPA;GO	P51170
ALMS1	mitochondria	HPA	Q8TCU4
TAF1D	centrosome	HPA	Q9H5J8
ZNF433	nucleoplasm	HPA	Q8N7K0
CENPQ	nucleoplasm	HPA;GO	Q7L2Z9
PCDHA4	plasmamembrane	HPA	Q9UN74
UPF1	cytosol	HPA;GO	Q92900
USP6NL	golgiapparatus	GO	Q92738
CHST10	cytosol	HPA	O43529
FN3KRP	cytosol	GO	Q9HA64
LYPD3	plasmamembrane	GO	O95274
TSPAN31	microtubules	HPA	Q12999
SLITRK5	plasmamembrane	GO	O94991
SCN9A	plasmamembrane	HPA;GO	Q15858
C1orf43	mitochondria	HPA;GO	Q9BWL3
GAS2L3	microtubules	GO	Q86XJ1
UBR4	plasmamembrane	GO	Q5T4S7
METTL25B	nucleoli	HPA	Q96FB5
MICOS13	mitochondria	HPA;GO	Q5XKP0
HOOK2	cytosol	HPA	Q96ED9
ALDH5A1	mitochondria	HPA;GO	P51649
TRIM41	cytosol	HPA	Q8WV44
DNAJC28	nucleoplasm	HPA	Q9NX36
MBP	plasmamembrane	HPA	P02686
GRID2	plasmamembrane	GO	O43424
ENSG00000286235	cytosol	HPA	
OPHN1	nucleoplasm	HPA	O60890
TCEANC2	nucleoplasm	HPA	Q96MN5
AMBRA1	mitochondria	HPA;GO	Q9C0C7
SHLD1	endoplasmicreticulum	HPA	Q8IYI0
TRIM52	cytosol	GO	Q96A61
CLHC1	nucleoli	HPA	Q8NHS4
HTR7	golgiapparatus	GO	P34969
NOVA1	nucleoplasm	HPA	P51513
NAT8B	endoplasmicreticulum	HPA;GO	Q9UHF3
CT45A1	nucleoli	HPA	Q5HYN5
ZMYM2	nucleoplasm	HPA;GO	Q9UBW7
CFAP61	cytosol	HPA	Q8NHU2
SLC26A9	plasmamembrane	GO	Q7LBE3
SNTB2	plasmamembrane	HPA;GO	Q13425
LDHD	mitochondria	GO	Q86WU2
SP110	nucleoplasm	HPA	Q9HB58
MDFIC	golgiapparatus	HPA	Q9P1T7
GUCD1	nucleoplasm	HPA	Q96NT3
BICDL1	nucleoplasm	HPA	Q6ZP65
ASB9	cytosol	GO	Q96DX5
CADPS2	centrosome	GO	Q86UW7
CENPS	nucleoplasm	GO	Q8N2Z9
ZFHX3	nucleoplasm	HPA;GO	Q15911
HSP90B1	plasmamembrane	GO	P14625
CDC42BPB	cytosol	GO	Q9Y5S2
PFDN2	mitochondria	HPA;GO	Q9UHV9
JAZF1	nucleoli	HPA	Q86VZ6
DEFA4	golgiapparatus	GO	P12838
ENSG00000265118	plasmamembrane	HPA	
ZFP64	nucleoplasm	HPA	Q9NTW7
COL2A1	endoplasmicreticulum	GO	P02458
ABR	cytosol	HPA;GO	Q12979
TKFC	nucleoplasm	HPA	Q3LXA3
NDUFA8	mitochondria	HPA;GO	P51970
FRMD6	plasmamembrane	GO	Q96NE9
DYNC1LI1	microtubules	GO	Q9Y6G9
FKBP1A	golgiapparatus	HPA	P62942
AGA	endoplasmicreticulum	GO	P20933
FASN	cytosol	HPA;GO	P49327
PRKCA	mitochondria	GO	P17252
H2BC10	nucleoplasm	HPA;GO	P62807
SLC16A11	endoplasmicreticulum	GO	Q8NCK7
DISC1	intermediatefilaments	HPA	Q9NRI5
STARD5	cytosol	HPA;GO	Q9NSY2
TNPO1	nucleoplasm	HPA	Q92973
FAM167A	mitochondria	HPA	Q96KS9
ANKRD49	golgiapparatus	HPA	Q8WVL7
SLC35G2	plasmamembrane	HPA;GO	Q8TBE7
NACAD	nucleoplasm	HPA	O15069
ATP10D	nucleoplasm	HPA	Q9P241
ADAM28	plasmamembrane	HPA	Q9UKQ2
DUSP11	nucleoplasm	HPA;GO	O75319
FAM72D	plasmamembrane	HPA	Q6L9T8
MSMO1	endoplasmicreticulum	HPA;GO	Q15800
PSMG2	nucleoplasm	HPA	Q969U7
SMPD4	nuclearmembrane	HPA;GO	Q9NXE4
ATPAF1	mitochondria	HPA	Q5TC12
BCAR1	cytosol	HPA;GO	P56945
XAB2	nucleoplasm	HPA;GO	Q9HCS7
TMEM101	plasmamembrane	HPA	Q96IK0
BCL2	mitochondria	HPA;GO	P10415
ZNF630	nucleoplasm	HPA	Q2M218
PSMA7	nucleoplasm	GO	O14818
ZNF142	nucleoplasm	HPA	P52746
TMEM176B	nucleoplasm	HPA	Q3YBM2
MYO1C	cytosol	GO	O00159
NLRX1	mitochondria	HPA;GO	Q86UT6
OPRD1	plasmamembrane	GO	P41143
PSMA2	cytosol	GO	P25787
TOX	nucleoli	HPA	O94900
NKTR	cytosol	HPA	P30414
C15orf40	nucleoplasm	HPA	Q8WUR7
TOP1	nucleoplasm	HPA;GO	P11387
EXOSC2	nucleoplasm	HPA;GO	Q13868
TWF1	plasmamembrane	GO	Q12792
HSP90AB1	cytosol	HPA;GO	P08238
ANKLE2	endoplasmicreticulum	HPA;GO	Q86XL3
CCDC170	golgiapparatus	HPA;GO	Q8IYT3
MSR1	plasmamembrane	GO	P21757
C2CD3	primarycilium	HPA	Q4AC94
UGT1A1	endoplasmicreticulum	GO	P22309
PRDM13	cytosol	HPA	Q9H4Q3
RPS2	cytosol	HPA;GO	P15880
TAF13	nucleoplasm	HPA;GO	Q15543
DDX53	nucleoli	HPA	Q86TM3
TEDC2	nucleoplasm	HPA	Q7L2K0
AIPL1	cytosol	HPA	Q9NZN9
TAT	cytosol	GO	P17735
ZCRB1	cytosol	GO	Q8TBF4
CSRP2	plasmamembrane	GO	Q16527
REEP4	endoplasmicreticulum	HPA;GO	Q9H6H4
BRSK2	golgiapparatus	HPA	Q8IWQ3
NCOA4	cytosol	HPA	Q13772
TUBGCP2	cytosol	GO	Q9BSJ2
ADAM19	plasmamembrane	GO	Q9H013
PRKAR1B	cytosol	GO	P31321
WRNIP1	nucleoplasm	HPA;GO	Q96S55
NPR1	plasmamembrane	HPA;GO	P16066
COA1	mitochondria	HPA;GO	Q9GZY4
FBXL18	nucleoplasm	HPA	Q96ME1
TRPM7	plasmamembrane	HPA;GO	Q96QT4
HNRNPCL1	nucleoplasm	HPA	O60812
UBE2J2	cytosol	GO	Q8N2K1
IL10RB	plasmamembrane	GO	Q08334
TAF1D	nucleoli	HPA	Q9H5J8
TLN1	cytosol	HPA;GO	Q9Y490
ARNT	nucleoplasm	HPA;GO	P27540
RBMY1B	nucleoplasm	HPA	A6NDE4
DDHD2	centrosome	HPA	O94830
PCM1	cytosol	HPA;GO	Q15154
LRFN2	plasmamembrane	HPA;GO	Q9ULH4
CASP7	cytosol	GO	P55210
TOLLIP	cytosol	HPA;GO	Q9H0E2
NEPRO	nucleoplasm	HPA	Q6NW34
BIRC2	cytosol	HPA;GO	Q13490
PPIL6	nucleoli	HPA	Q8IXY8
HYOU1	endoplasmicreticulum	GO	Q9Y4L1
INO80C	nucleoplasm	HPA;GO	Q6PI98
APOBEC1	nucleoplasm	GO	P41238
JPH2	endoplasmicreticulum	GO	Q9BR39
ACY1	cytosol	GO	Q03154
ZNF536	plasmamembrane	HPA	O15090
TTBK2	primarycilium	HPA;GO	Q6IQ55
MED13	nucleoplasm	HPA;GO	Q9UHV7
CIAPIN1	nucleoplasm	HPA	Q6FI81
USP27X	nucleoplasm	HPA	A6NNY8
WWC3	actinfilaments	HPA	Q9ULE0
EPB41L3	cytosol	GO	Q9Y2J2
GSTM5	cytosol	HPA;GO	P46439
PIGS	endoplasmicreticulum	GO	Q96S52
NLRC5	centrosome	HPA	Q86WI3
NOP16	nucleoli	HPA	Q9Y3C1
THEM4	plasmamembrane	GO	Q5T1C6
JAM3	plasmamembrane	GO	Q9BX67
HERC4	cytosol	HPA	Q5GLZ8
SORT1	golgiapparatus	HPA;GO	Q99523
ENSG00000272980	centrosome	HPA	
FAM234B	endoplasmicreticulum	HPA	A2RU67
MANBA	plasmamembrane	GO	O00462
CLEC18A	golgiapparatus	GO	A5D8T8
RNF2	nucleoplasm	HPA;GO	Q99496
APLF	nucleoplasm	HPA;GO	Q8IW19
ZKSCAN1	mitochondria	HPA	P17029
ZNF576	nucleoplasm	HPA	B3KS81
MTDH	endoplasmicreticulum	HPA;GO	Q86UE4
NADK2	mitochondria	HPA;GO	Q4G0N4
ZNF155	cytosol	HPA	Q12901
PPP5C	nucleoplasm	GO	P53041
ATP1A4	primarycilium	GO	Q13733
ASNSD1	cytosol	HPA	Q9NWL6
MYL6	actinfilaments	GO	P60660
CEP350	nucleoplasm	HPA	Q5VT06
FASTKD1	mitochondria	HPA;GO	Q53R41
AGBL4	primarycilium	GO	Q5VU57
STX6	plasmamembrane	GO	O43752
MT-ATP6	mitochondria	GO	P00846
ANO9	plasmamembrane	GO	A1A5B4
TUBGCP5	microtubules	GO	Q96RT8
RHO	golgiapparatus	GO	P08100
CCL15	golgiapparatus	HPA	Q16663
NCR1	plasmamembrane	GO	O76036
CRYAB	nucleoplasm	GO	P02511
ULBP3	golgiapparatus	HPA	Q9BZM4
SLC46A2	plasmamembrane	GO	Q9BY10
SCAP	golgiapparatus	GO	Q12770
C9orf131	mitochondria	HPA	Q5VYM1
CSNK1D	cytosol	HPA;GO	P48730
EHBP1	cytosol	HPA	Q8NDI1
MYBBP1A	nucleoli	HPA;GO	Q9BQG0
NCOA5	nucleoplasm	HPA	Q9HCD5
PDZD8	plasmamembrane	HPA	Q8NEN9
ANXA5	actinfilaments	GO	P08758
TRAF5	cytosol	HPA;GO	O00463
ADAM21	plasmamembrane	GO	Q9UKJ8
DDX54	golgiapparatus	HPA	Q8TDD1
RPS17	actinfilaments	GO	P08708
MUC20	plasmamembrane	HPA;GO	Q8N307
PSMG1	endoplasmicreticulum	GO	O95456
RPS6KA6	mitochondria	HPA	Q9UK32
ENO3	plasmamembrane	HPA	P13929
ZC3H12B	golgiapparatus	HPA	Q5HYM0
NT5C1B-RDH14	nucleoli	HPA	
NR1I3	nucleoplasm	HPA;GO	Q14994
RAMP1	plasmamembrane	GO	O60894
FASTKD3	mitochondria	HPA;GO	Q14CZ7
NUCB2	golgiapparatus	HPA	P80303
APOBEC3F	cytosol	GO	Q8IUX4
FIP1L1	cytosol	GO	Q6UN15
TCHP	centrosome	HPA;GO	Q9BT92
RSU1	cytosol	GO	Q15404
TMSB4X	cytosol	HPA	P62328
S100A3	plasmamembrane	HPA	P33764
CD47	plasmamembrane	HPA;GO	Q08722
SLC7A3	plasmamembrane	GO	Q8WY07
PCYT1A	endoplasmicreticulum	GO	P49585
FUNDC2	mitochondria	GO	Q9BWH2
FBH1	nucleoplasm	GO	Q8NFZ0
C1D	nucleoplasm	HPA;GO	Q13901
SLC25A48	intermediatefilaments	HPA	Q6ZT89
C18orf25	cytosol	HPA	Q96B23
CNPY3	endoplasmicreticulum	HPA;GO	Q9BT09
RPS27A	cytosol	HPA;GO	P62979
RTN4RL2	plasmamembrane	GO	Q86UN3
COMTD1	golgiapparatus	HPA	Q86VU5
DLEC1	cytosol	HPA	Q9Y238
TRBC1	plasmamembrane	GO	P01850
CCDC59	nucleoplasm	HPA;GO	Q9P031
ZNF92	nucleoplasm	HPA	Q03936
CITED1	nucleoplasm	HPA;GO	Q99966
ANAPC10	cytosol	GO	Q9UM13
OSBPL6	nuclearmembrane	GO	Q9BZF3
RENBP	cytosol	GO	P51606
RRP1B	cytosol	GO	Q14684
CKAP5	nucleoplasm	GO	Q14008
CES3	endoplasmicreticulum	HPA	Q6UWW8
VASN	mitochondria	HPA	Q6EMK4
NUP35	nuclearmembrane	HPA	Q8NFH5
SH3GLB1	microtubules	GO	Q9Y371
GABARAPL2	golgiapparatus	GO	P60520
TTBK1	microtubules	GO	Q5TCY1
CCDC22	nucleoplasm	GO	O60826
METAP1D	mitochondria	GO	Q6UB28
AZIN1	cytosol	GO	O14977
C2CD5	cytosol	HPA	Q86YS7
CHRNB4	endoplasmicreticulum	HPA	P30926
PITPNB	endoplasmicreticulum	GO	P48739
NME7	primarycilium	GO	Q9Y5B8
CYFIP1	plasmamembrane	GO	Q7L576
NME3	mitochondria	GO	Q13232
ZNF397	plasmamembrane	HPA	Q8NF99
KIAA2013	cytosol	HPA	Q8IYS2
MOGAT2	endoplasmicreticulum	GO	Q3SYC2
VASH1	endoplasmicreticulum	GO	Q7L8A9
AKAP1	mitochondria	HPA	Q92667
ZWINT	nucleoplasm	HPA;GO	O95229
C8orf48	nucleoplasm	HPA	Q96LL4
PINX1	golgiapparatus	HPA	Q96BK5
ARHGEF2	plasmamembrane	GO	Q92974
SMYD2	nucleoplasm	GO	Q9NRG4
CSGALNACT1	golgiapparatus	HPA;GO	Q8TDX6
NBEA	cytosol	HPA	Q8NFP9
GRHPR	cytosol	HPA	Q9UBQ7
GTPBP6	nucleoplasm	HPA	O43824
NDUFA12	mitochondria	HPA;GO	Q9UI09
SLC34A1	plasmamembrane	HPA;GO	Q06495
LEP	plasmamembrane	HPA	P41159
MBTD1	nucleoplasm	HPA;GO	Q05BQ5
WNT2B	nucleoplasm	HPA	Q93097
FHIP2B	cytosol	HPA	Q86V87
PFKP	cytosol	HPA;GO	Q01813
FOXO3	nucleoplasm	HPA;GO	O43524
CANT1	golgiapparatus	HPA	Q8WVQ1
CNBP	nucleoplasm	HPA	P62633
TMEM258	plasmamembrane	HPA	P61165
TNFRSF1A	golgiapparatus	GO	P19438
AURKA	nucleoplasm	GO	O14965
UBE3A	cytosol	HPA	Q05086
ACOX2	cytosol	HPA;GO	Q99424
CEP57	microtubules	GO	Q86XR8
RABEP2	golgiapparatus	HPA	Q9H5N1
DUOXA1	endoplasmicreticulum	GO	Q1HG43
ARF6	microtubules	GO	P62330
CAVIN1	mitochondria	GO	Q6NZI2
SMC1A	cytosol	HPA;GO	Q14683
AMHR2	nucleoplasm	HPA	Q16671
PCP4	nucleoplasm	HPA	P48539
TMEM150C	plasmamembrane	GO	B9EJG8
GPRIN2	microtubules	HPA	O60269
OR4D2	plasmamembrane	GO	P58180
ALG5	cytosol	HPA	Q9Y673
ASXL1	nucleoplasm	HPA;GO	Q8IXJ9
CAVIN3	plasmamembrane	HPA;GO	Q969G5
JRKL	microtubules	HPA	Q9Y4A0
TP53I3	cytosol	GO	Q53FA7
FOXK1	nucleoli	HPA	P85037
TENT4A	golgiapparatus	HPA	Q5XG87
PDS5A	nucleoplasm	HPA;GO	Q29RF7
TRIM5	cytosol	HPA;GO	Q9C035
GDI2	plasmamembrane	GO	P50395
TTLL9	microtubules	HPA	Q3SXZ7
MCF2L	cytosol	GO	O15068
IGBP1P2	microtubules	HPA	A0A1W2PR95
SLC25A44	mitochondria	HPA	Q96H78
FICD	endoplasmicreticulum	GO	Q9BVA6
SUMF2	endoplasmicreticulum	GO	Q8NBJ7
MVB12B	plasmamembrane	GO	Q9H7P6
PSMD6	nucleoplasm	GO	Q15008
ETV3	nucleoplasm	HPA	P41162
UBE2H	cytosol	GO	P62256
C4orf48	cytosol	HPA	Q5BLP8
TRMT2A	cytosol	HPA;GO	Q8IZ69
NANS	cytosol	GO	Q9NR45
SOCS1	cytosol	GO	O15524
RBM6	cytosol	HPA	P78332
WDFY4	nucleoplasm	HPA	Q6ZS81
TMX2	mitochondria	GO	Q9Y320
PDE12	mitochondria	GO	Q6L8Q7
MRI1	nucleoli	HPA	Q9BV20
ZNF768	nucleoplasm	HPA	Q9H5H4
MYLK2	endoplasmicreticulum	HPA	Q9H1R3
SIX4	nucleoplasm	HPA	Q9UIU6
N4BP2	cytosol	HPA	Q86UW6
SAMM50	mitochondria	HPA;GO	Q9Y512
KERA	golgiapparatus	GO	O60938
HOXD9	nucleoli	HPA	P28356
MAP2K6	cytosol	HPA;GO	P52564
KCNH1	plasmamembrane	GO	O95259
GPR180	primarycilium	HPA	Q86V85
PIK3R2	golgiapparatus	HPA	O00459
DYNLL1	nucleoplasm	HPA;GO	P63167
PXDC1	plasmamembrane	HPA	Q5TGL8
CRIP1	centrosome	HPA	P50238
BRAP	nuclearmembrane	HPA	Q6UWU4
ZNF528	nucleoplasm	HPA	Q3MIS6
SLC12A3	plasmamembrane	GO	P55017
RPL38	actinfilaments	GO	P63173
ABCB11	plasmamembrane	GO	O95342
NCKAP5	cytosol	HPA	O14513
KCND2	plasmamembrane	GO	Q9NZV8
HRAS	nucleoplasm	HPA	P01112
OSBPL3	nuclearmembrane	GO	Q9H4L5
CD248	plasmamembrane	HPA	Q9HCU0
TSC2	golgiapparatus	GO	P49815
HIF3A	cytosol	HPA;GO	Q9Y2N7
KNDC1	cytosol	HPA	Q76NI1
GRIA1	plasmamembrane	GO	P42261
C9orf72	cytosol	HPA;GO	Q96LT7
TMEM14A	mitochondria	GO	Q9Y6G1
ALDH7A1	mitochondria	HPA;GO	P49419
APEX2	nucleoplasm	HPA	Q9UBZ4
CACNA1B	cytosol	HPA	Q00975
CMSS1	mitochondria	HPA	Q9BQ75
SECISBP2L	nucleoplasm	HPA	Q93073
PNMA6A	mitochondria	HPA	P0CW24
ARHGEF11	plasmamembrane	HPA	O15085
METTL4	mitochondria	HPA;GO	Q8N3J2
CEP250	microtubules	GO	Q9BV73
KRT33B	cytosol	HPA;GO	Q14525
DNAJC18	plasmamembrane	HPA	Q9H819
ACTN3	cytosol	HPA;GO	Q08043
ST7	nucleoplasm	HPA	Q9NRC1
GLI3	cytosol	GO	P10071
COA4	mitochondria	HPA;GO	Q9NYJ1
CLEC4C	plasmamembrane	GO	Q8WTT0
SLC25A31	mitochondria	HPA	Q9H0C2
AFG2A	microtubules	GO	Q8NB90
COBL	plasmamembrane	HPA	O75128
TEX9	centrosome	HPA;GO	Q8N6V9
H2BC6	nucleoplasm	HPA	P62807
RPS13	cytosol	GO	P62277
PRKCG	cytosol	GO	P05129
RRP15	nucleoplasm	HPA	Q9Y3B9
ZCCHC10	nucleoplasm	HPA	Q8TBK6
PSEN1	cytosol	GO	P49768
RBM46	nucleoli	HPA	Q8TBY0
NPM1	centrosome	GO	P06748
ATP6V1G3	cytosol	GO	Q96LB4
CA4	plasmamembrane	GO	P22748
FTCD	golgiapparatus	GO	O95954
PLCD3	plasmamembrane	HPA;GO	Q8N3E9
PRMT6	nucleoli	HPA	Q96LA8
GFRA1	plasmamembrane	GO	P56159
GPS1	cytosol	HPA;GO	Q13098
DEFA1	golgiapparatus	GO	P59665
RAB21	golgiapparatus	GO	Q9UL25
C18orf32	nucleoplasm	HPA	Q8TCD1
ANKRD36C	cytosol	HPA	Q5JPF3
CLDN5	actinfilaments	GO	O00501
RILPL2	primarycilium	HPA	Q969X0
LRRTM2	plasmamembrane	GO	O43300
RAB43	plasmamembrane	HPA	Q86YS6
RIOK3	cytosol	HPA;GO	O14730
GCSH	mitochondria	GO	P23434
SYAP1	golgiapparatus	HPA	Q96A49
CHERP	nucleoplasm	GO	Q8IWX8
OSCAR	nucleoplasm	HPA	Q8IYS5
MAPK10	nucleoplasm	HPA;GO	P53779
YTHDC2	nucleoplasm	HPA	Q9H6S0
FANCB	cytosol	GO	Q8NB91
PPP2R5C	cytosol	GO	Q13362
HS1BP3	nucleoli	HPA	Q53T59
KIFAP3	cytosol	GO	Q92845
PRR5	cytosol	GO	P85299
TRAPPC8	cytosol	HPA;GO	Q9Y2L5
CA5B	mitochondria	HPA;GO	Q8WTZ4
ABCA13	centrosome	HPA	Q86UQ4
RHOD	golgiapparatus	GO	O00212
RGS22	cytosol	HPA	Q8NE09
RAET1L	plasmamembrane	HPA;GO	Q5VY80
UBTD1	cytosol	HPA	Q9HAC8
RPL8	actinfilaments	GO	P62917
DCTN2	cytosol	GO	Q13561
SNX9	golgiapparatus	GO	Q9Y5X1
NET1	cytosol	GO	P23975
GPR65	cytosol	HPA	Q8IYL9
SUCLG2	plasmamembrane	HPA	Q96I99
CUL3	plasmamembrane	GO	Q13618
ATP8B1	endoplasmicreticulum	GO	O43520
PIGP	endoplasmicreticulum	GO	P57054
TCERG1	nucleoplasm	HPA;GO	O14776
CACNA1A	plasmamembrane	GO	O00555
RGS7BP	cytosol	HPA	Q6MZT1
TOGARAM2	plasmamembrane	HPA	Q6ZUX3
CFAP20	microtubules	GO	Q9Y6A4
PLEKHO2	nucleoplasm	HPA	Q8TD55
STX3	nuclearmembrane	HPA	Q13277
GCHFR	cytosol	GO	P30047
CCDC171	nucleoli	HPA	Q6TFL3
INKA2	nucleoli	HPA	Q9NTI7
OSBPL7	cytosol	HPA;GO	Q9BZF2
TOR1A	plasmamembrane	GO	O14656
IRS4	plasmamembrane	GO	O14654
HSPA5	plasmamembrane	GO	P11021
PRKN	mitochondria	GO	O60260
EIF6	nucleoplasm	HPA	P56537
POU2F1	endoplasmicreticulum	HPA	P14859
HLA-A	plasmamembrane	HPA;GO	P04439
KIFBP	mitochondria	GO	Q96EK5
PRKDC	nucleoplasm	HPA;GO	P78527
NUP107	cytosol	GO	P57740
CDKL5	primarycilium	GO	O76039
GARIN1B	cytosol	HPA	Q96KD3
KLC3	nucleoplasm	HPA	Q6P597
NENF	endoplasmicreticulum	GO	Q9UMX5
PPP2R3A	golgiapparatus	HPA	Q06190
SPTBN2	plasmamembrane	HPA	O15020
TCF7L1	cytosol	HPA	Q9HCS4
ZAP70	plasmamembrane	GO	P43403
AKAP10	plasmamembrane	HPA	O43572
DUS1L	plasmamembrane	HPA	Q6P1R4
FEM1A	cytosol	HPA;GO	Q9BSK4
SETMAR	nucleoli	HPA	Q53H47
MAD2L2	nucleoplasm	HPA;GO	Q9UI95
CDH2	plasmamembrane	HPA;GO	P19022
CHD1L	nucleoplasm	HPA;GO	Q86WJ1
CEP135	microtubules	GO	Q66GS9
RDX	actinfilaments	GO	P35241
CFAP221	primarycilium	HPA	Q4G0U5
RFPL3	nucleoplasm	HPA	O75679
GRIN2D	plasmamembrane	GO	O15399
FMN2	actinfilaments	HPA;GO	Q9NZ56
WASHC4	nucleoplasm	HPA	Q2M389
KIFC3	centrosome	GO	Q9BVG8
ARHGAP28	plasmamembrane	HPA	Q9P2N2
BMT2	cytosol	HPA;GO	Q1RMZ1
ESCO2	plasmamembrane	HPA	Q56NI9
ARFRP1	golgiapparatus	HPA;GO	Q13795
WDCP	cytosol	HPA	Q9H6R7
OR1A1	plasmamembrane	GO	Q9P1Q5
SSX2	nucleoli	HPA	Q16385
CEP83	golgiapparatus	HPA	Q9Y592
EXT1	endoplasmicreticulum	GO	Q16394
AFF3	nucleoplasm	HPA	P51826
SART1	nucleoplasm	HPA;GO	O43290
NEUROG1	nucleoplasm	HPA	Q92886
RPS11	endoplasmicreticulum	HPA	P62280
MFGE8	endoplasmicreticulum	GO	Q08431
LBR	nucleoli	HPA	Q14739
MTX1	mitochondria	HPA;GO	Q13505
ARHGAP30	cytosol	GO	Q7Z6I6
BBS2	cytosol	GO	Q9BXC9
NOXA1	plasmamembrane	GO	Q86UR1
ASB18	cytosol	GO	Q6ZVZ8
CLASP2	nucleoplasm	GO	O75122
IER5L	nucleoplasm	HPA	Q5T953
ATAT1	golgiapparatus	HPA	Q5SQI0
DHRS1	cytosol	HPA	Q96LJ7
ATP1A3	plasmamembrane	GO	P13637
KRT78	cytosol	GO	Q8N1N4
INTS5	nucleoplasm	HPA;GO	Q6P9B9
HSPB9	nucleoplasm	HPA	Q9BQS6
ZNF878	nucleoli	HPA	C9JN71
TRERF1	nucleoli	HPA	Q96PN7
RAB5IF	cytosol	GO	Q9BUV8
BMP15	endoplasmicreticulum	GO	O95972
KRT18	centrosome	GO	P05783
RTCA	nucleoplasm	HPA;GO	O00442
RBP2	cytosol	GO	O15034
ANO6	plasmamembrane	HPA;GO	Q4KMQ2
CA14	plasmamembrane	HPA;GO	Q9ULX7
USP42	nucleoli	HPA	Q9H9J4
HOXB7	nucleoplasm	HPA	P09629
WNT7A	endoplasmicreticulum	GO	O00755
DNAI2	microtubules	GO	Q9GZS0
NCDN	cytosol	HPA;GO	Q9UBB6
ZSWIM5	nucleoplasm	HPA	Q9P217
ARMCX4	nucleoplasm	HPA	Q5H9R4
SERPINA10	cytosol	HPA	Q9UK55
F2R	plasmamembrane	GO	P25116
PYCR3	cytosol	HPA;GO	Q53H96
IGKV3OR2-268	cytosol	HPA	
PHLDB2	cytosol	HPA	Q86SQ0
CEP162	microtubules	GO	Q5TB80
GSTM2	endoplasmicreticulum	GO	P28161
RTL6	nucleoplasm	HPA	Q6ICC9
ABCA3	nucleoplasm	HPA	Q99758
DPM2	endoplasmicreticulum	GO	O94777
WDR81	nucleoplasm	HPA	Q562E7
GASK1B	golgiapparatus	HPA	Q6UWH4
PBX1	nucleoplasm	HPA;GO	P40424
FBXL20	microtubules	HPA	Q96IG2
NRSN1	cytosol	HPA	Q8IZ57
SLC17A8	plasmamembrane	GO	Q8NDX2
CD99	golgiapparatus	HPA	P14209
FBXO10	nucleoplasm	HPA	Q9UK96
LGALSL	nucleoplasm	HPA	Q3ZCW2
RPL10A	endoplasmicreticulum	HPA	P62906
LRRC10B	nucleoplasm	HPA	A6NIK2
RHEB	plasmamembrane	GO	Q15382
PROX1	nucleoplasm	HPA	Q92786
MED22	nucleoplasm	HPA;GO	Q15528
AMMECR1	nucleoplasm	HPA	Q9Y4X0
MLST8	nucleoplasm	HPA;GO	Q9BVC4
RHOBTB2	plasmamembrane	HPA	Q9BYZ6
SLC8A1	nucleoplasm	HPA	P32418
GNAT1	primarycilium	GO	P11488
TMEM250	nucleoplasm	HPA	H0YL14
FKBP9	golgiapparatus	HPA	O95302
PTPN12	cytosol	HPA;GO	Q05209
HSPD1	primarycilium	GO	P10809
CADM3	plasmamembrane	GO	Q8N126
INMT	golgiapparatus	HPA	O95050
RGN	cytosol	HPA	Q15493
TNPO2	nucleoplasm	HPA	O14787
ZNF34	cytosol	HPA	Q8IZ26
CENPL	nucleoplasm	GO	Q8N0S6
ZNF771	nucleoli	HPA	Q7L3S4
DENND1B	cytosol	HPA;GO	Q6P3S1
FHL3	nucleoplasm	HPA	Q13643
DRD3	plasmamembrane	GO	P35462
MTRFR	cytosol	HPA	Q9H3J6
CCDC137	nucleoli	HPA	Q6PK04
ABHD2	primarycilium	GO	P08910
COPE	golgiapparatus	HPA;GO	O14579
NCOA7	nucleoplasm	HPA	Q8NI08
NUTM2D	nucleoplasm	HPA	Q5VT03
KCNJ13	nuclearmembrane	HPA	O60928
ZNF143	nucleoplasm	HPA;GO	P52747
RNF144A	golgiapparatus	GO	P50876
RLBP1	cytosol	HPA;GO	P12271
QSOX1	golgiapparatus	HPA;GO	O00391
WDTC1	nucleoplasm	GO	Q8N5D0
SLC6A4	golgiapparatus	HPA	P31645
ELOVL4	endoplasmicreticulum	GO	Q9GZR5
NUDT17	nucleoplasm	HPA	P0C025
RIIAD1	cytosol	HPA	A6NNX1
DCLRE1A	nucleoplasm	HPA;GO	Q6PJP8
KLHDC8B	cytosol	HPA	Q8IXV7
SCD	endoplasmicreticulum	HPA;GO	O00767
CDC25B	cytosol	GO	P30305
NPBWR1	plasmamembrane	GO	P48145
EIF4A3	cytosol	GO	P38919
TMEM174	endoplasmicreticulum	GO	Q8WUU8
ADPRM	nucleoplasm	HPA	Q3LIE5
ACTR6	nucleoli	GO	Q9GZN1
CFAP161	primarycilium	GO	Q6P656
SESN3	cytosol	HPA	P58005
MORN3	plasmamembrane	HPA	Q6PF18
KCNAB1	plasmamembrane	HPA;GO	Q14722
IPO11	nucleoplasm	HPA	Q9UI26
SS18L2	mitochondria	HPA	Q9UHA2
TBX2	cytosol	HPA	Q13207
PAGE1	nucleoplasm	HPA	O75459
FH	cytosol	GO	P07954
ZNF93	nucleoplasm	GO	P35789
EFNB1	plasmamembrane	HPA;GO	P98172
MON2	nucleoplasm	HPA	Q7Z3U7
BEX4	microtubules	GO	Q9NWD9
ARSB	golgiapparatus	HPA	P15848
COPA	endoplasmicreticulum	GO	P53621
GLIPR2	golgiapparatus	GO	Q9H4G4
TBRG1	nucleoplasm	HPA	Q3YBR2
VTCN1	plasmamembrane	HPA;GO	Q7Z7D3
KCNH4	plasmamembrane	GO	Q9UQ05
ARF1	actinfilaments	GO	P84077
PRF1	cytosol	HPA	P14222
CLCA3P	plasmamembrane	GO	
KRT27	cytosol	GO	Q7Z3Y8
CFAP95	plasmamembrane	GO	Q5VTT2
CBLL1	cytosol	GO	Q75N03
FAM210A	nucleoplasm	HPA	Q96ND0
IGFBP7	endoplasmicreticulum	GO	Q16270
SFXN5	nucleoplasm	HPA	Q8TD22
USP40	actinfilaments	HPA	Q9NVE5
NOD1	plasmamembrane	GO	Q9Y239
METTL18	cytosol	HPA;GO	O95568
AP1B1	cytosol	HPA;GO	Q10567
OTUD5	cytosol	HPA;GO	Q96G74
OMG	plasmamembrane	GO	P23515
ITPK1	cytosol	GO	Q13572
G6PC2	endoplasmicreticulum	GO	Q9NQR9
NPEPPS	cytosol	HPA;GO	P55786
PINX1	microtubules	GO	Q96BK5
INSYN1	nucleoplasm	HPA	Q2T9L4
AMFR	endoplasmicreticulum	HPA;GO	Q9UKV5
HELLS	golgiapparatus	HPA	Q9NRZ9
ZNF639	nucleoplasm	HPA	Q9UID6
FBXO40	cytosol	GO	Q9UH90
CRELD1	cytosol	HPA	Q96HD1
SLC5A2	plasmamembrane	GO	P31639
NUGGC	nucleoplasm	HPA	Q68CJ6
FAM90A8	nucleoli	HPA	A6NJQ4
CHIC1	nucleoplasm	HPA	Q5VXU3
PDE4C	centrosome	HPA	Q08493
TMEM45B	nucleoplasm	HPA	Q96B21
GPHN	cytosol	HPA	Q9NQX3
PRKCD	plasmamembrane	GO	Q05655
TEKT1	microtubules	GO	Q969V4
CSNK2A2	cytosol	GO	P19784
ARHGEF10L	cytosol	HPA;GO	Q9HCE6
BCKDHB	mitochondria	HPA;GO	P21953
ZMYND10	cytosol	HPA	O75800
DPY30	golgiapparatus	HPA;GO	Q9C005
PWP1	golgiapparatus	HPA	Q13610
MRPS31	mitochondria	HPA;GO	Q92665
H2BC3	cytosol	HPA	P33778
USP37	nucleoli	HPA	Q86T82
PRKAB1	nucleoplasm	HPA;GO	Q9Y478
SLC15A1	nucleoplasm	HPA	P46059
CDC123	nucleoplasm	HPA	O75794
KLK7	nuclearmembrane	HPA	P49862
C11orf24	golgiapparatus	HPA	Q96F05
ARHGAP21	actinfilaments	HPA	Q5T5U3
RSRC1	nucleoplasm	HPA	Q96IZ7
C2orf49	nucleoplasm	HPA;GO	Q9BVC5
ALG10B	plasmamembrane	GO	Q5I7T1
WAPL	nucleoplasm	HPA;GO	Q7Z5K2
CRPPA	nucleoli	HPA	A4D126
STBD1	endoplasmicreticulum	HPA;GO	O95210
PUDP	nucleoplasm	HPA	Q08623
RPL27	plasmamembrane	GO	P61353
SAMHD1	nucleoplasm	HPA;GO	Q9Y3Z3
HOXC9	nucleoplasm	HPA	P31274
PARD6A	cytosol	HPA;GO	Q9NPB6
CACNB4	cytosol	GO	O00305
RAC3	endoplasmicreticulum	GO	P60763
ZFYVE27	cytosol	HPA	Q5T4F4
MEIOSIN	nucleoplasm	HPA	C9JSJ3
ATXN7L2	nucleoli	HPA	Q5T6C5
CRMP1	cytosol	HPA;GO	Q14194
ZNF793	nucleoli	HPA	Q6ZN11
PRDM2	nucleoplasm	HPA	Q13029
NCSTN	cytosol	HPA	Q92542
RPS10	cytosol	HPA;GO	P46783
ZC3H4	cytosol	HPA	Q9UPT8
ENSG00000283886	cytosol	HPA	
PRSS3	endoplasmicreticulum	HPA	P35030
XIRP1	plasmamembrane	GO	Q702N8
EPG5	nucleoplasm	HPA	Q9HCE0
C5orf63	mitochondria	HPA	A6NC05
RAB11A	plasmamembrane	GO	P62491
FGFR4	plasmamembrane	GO	P22455
IYD	plasmamembrane	HPA;GO	Q6PHW0
CCDC126	golgiapparatus	HPA	Q96EE4
CNGB3	plasmamembrane	GO	Q9NQW8
APP	golgiapparatus	HPA;GO	P05067
RPS15A	nucleoplasm	GO	P62244
CYP2W1	endoplasmicreticulum	GO	Q8TAV3
NIM1K	cytosol	HPA	Q8IY84
RDH12	plasmamembrane	GO	Q96NR8
PDCD5	cytosol	HPA	O14737
KNL1	cytosol	GO	Q8NG31
SLC27A2	plasmamembrane	GO	O14975
TRIM21	cytosol	GO	P19474
NCBP1	nucleoplasm	HPA;GO	Q09161
PAK3	plasmamembrane	GO	O75914
TF	endoplasmicreticulum	GO	P02787
FAM149A	golgiapparatus	HPA	A5PLN7
HSD17B2	endoplasmicreticulum	HPA;GO	P37059
UGT1A9	endoplasmicreticulum	GO	O60656
UBE2D3	cytosol	GO	P61077
FAM131B	nucleoplasm	HPA	Q86XD5
STXBP5	cytosol	HPA	Q5T5C0
HES1	nucleoplasm	HPA;GO	Q14469
RASGRP1	plasmamembrane	HPA;GO	O95267
TREM1	golgiapparatus	HPA	Q9NP99
FSTL1	endoplasmicreticulum	GO	Q12841
MED29	nucleoplasm	HPA;GO	Q9NX70
UBE2A	nucleoplasm	HPA;GO	P49459
AP2M1	cytosol	GO	Q96CW1
RCC1	nucleoplasm	HPA;GO	P18754
CCDC34	nuclearmembrane	HPA	Q96HJ3
DYNC2H1	mitochondria	HPA	Q8NCM8
IKZF5	cytosol	HPA	Q9H5V7
YWHAQ	plasmamembrane	GO	P27348
LZTR1	golgiapparatus	GO	Q8N653
MAT1A	nucleoplasm	HPA	Q00266
MMP10	cytosol	HPA	P09238
LYSMD2	nucleoplasm	HPA	Q8IV50
IL5RA	plasmamembrane	GO	Q01344
RNH1	nucleoplasm	HPA	O60930
NCCRP1	cytosol	HPA	Q6ZVX7
LRRC31	nucleoplasm	HPA	Q6UY01
COL21A1	endoplasmicreticulum	GO	Q96P44
SOS1	cytosol	HPA;GO	Q07889
ZNF835	microtubules	HPA	Q9Y2P0
KLHDC7B	plasmamembrane	HPA	Q96G42
RAPGEF5	nucleoplasm	HPA	Q92565
SRGAP3	cytosol	HPA;GO	O43295
LRRK2	mitochondria	GO	Q5S007
PWWP2B	nucleoplasm	HPA	Q6NUJ5
ALG2	golgiapparatus	HPA	O75340
NUP62	nuclearmembrane	HPA	P37198
HSPB8	nucleoplasm	HPA;GO	Q9UJY1
FAM81A	cytosol	HPA	Q8TBF8
TMEM183A	plasmamembrane	HPA	Q8IXX5
PML	nuclearmembrane	GO	P29590
OR2B11	plasmamembrane	GO	Q5JQS5
MED21	nucleoli	HPA	Q13503
HSPA1A	plasmamembrane	GO	P0DMV8
OXCT2	mitochondria	GO	Q9BYC2
MGAT3	golgiapparatus	GO	Q09327
LYPD6	cytosol	HPA	Q86Y78
MCOLN3	plasmamembrane	GO	Q8TDD5
TTC3	nucleoplasm	HPA	P53804
ACSM2B	mitochondria	GO	Q68CK6
SHMT2	microtubules	HPA	P34897
CPT1A	mitochondria	HPA;GO	P50416
KPNA3	cytosol	GO	O00505
NOC3L	nucleoli	HPA	Q8WTT2
FGR	cytosol	HPA;GO	P09769
FAM13C	nucleoplasm	HPA	Q8NE31
SMARCD3	nucleoplasm	HPA;GO	Q6STE5
APOE	plasmamembrane	GO	P02649
SLC35B4	golgiapparatus	GO	Q969S0
RHOB	actinfilaments	GO	P62745
ANP32A	cytosol	HPA	P39687
SOX3	nucleoplasm	HPA;GO	P41225
RAD51B	nucleoplasm	HPA;GO	O15315
CDX2	nucleoplasm	HPA	Q99626
COPG1	cytosol	HPA;GO	Q9Y678
ATF3	centrosome	HPA	P18847
MTX3	mitochondria	HPA;GO	Q5HYI7
RNASEH1	cytosol	HPA	O60930
SDCBP2	nucleoplasm	HPA;GO	Q9H190
SH2B2	plasmamembrane	GO	O14492
GCC1	plasmamembrane	HPA	Q96CN9
GCH1	nucleoplasm	HPA	P30793
PLP1	plasmamembrane	GO	P60201
GABPB2	cytosol	HPA	Q06547
IL1R1	nucleoplasm	HPA	P14778
AKT1	cytosol	GO	P31749
UBR2	nucleoplasm	HPA	Q8IWV8
ADAMTS4	nucleoplasm	HPA	O75173
SNF8	nucleoplasm	HPA	Q96H20
LRRC46	primarycilium	HPA	Q96FV0
FSIP2	primarycilium	HPA;GO	Q5CZC0
RGS6	cytosol	GO	P49758
ARMC7	cytosol	HPA	Q9H6L4
C4A	endoplasmicreticulum	GO	P0C0L4
TMEM52B	actinfilaments	HPA	Q4KMG9
SH3KBP1	cytosol	HPA;GO	Q96B97
BORA	cytosol	HPA;GO	Q6PGQ7
GABRA3	plasmamembrane	HPA;GO	P34903
RIPK1	plasmamembrane	HPA;GO	Q13546
CIMIP1	primarycilium	GO	Q9H1P6
WDFY1	cytosol	GO	Q8IWB7
EPM2A	endoplasmicreticulum	GO	B3EWF7
SAP30	nucleoplasm	HPA;GO	O75446
LANCL3	mitochondria	HPA	Q6ZV70
BDKRB1	plasmamembrane	GO	P46663
SLC7A5	plasmamembrane	HPA;GO	Q01650
RBBP6	cytosol	GO	Q7Z6E9
OR2A4	plasmamembrane	GO	O95047
WRAP53	nucleoplasm	HPA;GO	Q9BUR4
ISL2	cytosol	HPA	Q96A47
ORC1	nucleoplasm	HPA;GO	Q13415
TUBGCP2	centrosome	HPA;GO	Q9BSJ2
GSN	cytosol	GO	P06396
UTP4	nucleoplasm	GO	Q969X6
TSPO	mitochondria	HPA;GO	B1AH88
NCL	plasmamembrane	GO	P19338
TECPR2	nucleoplasm	HPA	O15040
STK24	nucleoli	HPA	Q9Y6E0
FAM174A	golgiapparatus	HPA	Q8TBP5
TNS2	actinfilaments	GO	Q63HR2
MYOM3	golgiapparatus	HPA	Q5VTT5
ZNF524	nucleoplasm	HPA	Q96C55
TLN1	centrosome	HPA	Q9Y490
DAOA	golgiapparatus	GO	P59103
KNG1	plasmamembrane	GO	P01042
PCM1	centrosome	HPA;GO	Q15154
RANBP9	nucleoplasm	HPA	Q96P70
MUC15	plasmamembrane	GO	Q8N387
ILF3	mitochondria	HPA	Q12906
SMC6	nucleoplasm	HPA;GO	Q96SB8
LIMS1	cytosol	HPA;GO	P48059
LRRC47	nucleoli	HPA	Q8N1G4
VPS50	primarycilium	HPA	Q96JG6
KRTAP10-3	cytosol	GO	P60369
PTDSS1	nucleoplasm	HPA	P48651
SRXN1	endoplasmicreticulum	GO	Q9BYN0
CACNA1S	plasmamembrane	GO	Q13698
ILRUN	cytosol	HPA	Q9H6K1
CASP8AP2	mitochondria	GO	Q9UKL3
RPL12	plasmamembrane	GO	P30050
ADAM17	cytosol	HPA	P78536
GPRC5B	nucleoplasm	HPA	Q9NZH0
SETDB1	nucleoplasm	HPA;GO	Q15047
TMEM214	endoplasmicreticulum	HPA	Q6NUQ4
MTOR	nucleoplasm	GO	P42345
WNT5B	endoplasmicreticulum	GO	Q9H1J7
ANKIB1	plasmamembrane	HPA	Q9P2G1
TRIM41	nucleoli	HPA	Q8WV44
SNRNP35	nucleoplasm	GO	Q16560
OSTM1	cytosol	HPA	Q86WC4
GANC	cytosol	HPA	Q8TET4
DUOX2	cytosol	GO	Q9NRD8
NFKBIE	nucleoli	HPA	O00221
SHC3	nucleoplasm	HPA	Q92529
PANK3	golgiapparatus	HPA	Q9H999
PTPN4	nucleoplasm	HPA;GO	P29074
SRC	plasmamembrane	HPA;GO	P12931
TERF2	nucleoplasm	HPA;GO	Q15554
PDE6G	plasmamembrane	GO	P18545
FUCA2	endoplasmicreticulum	GO	Q9BTY2
CCT8	cytosol	HPA;GO	P50990
AQP8	mitochondria	GO	O94778
CEP83	microtubules	GO	Q9Y592
GALNT8	golgiapparatus	HPA;GO	Q9NY28
USP17L2	endoplasmicreticulum	GO	Q6R6M4
AXIN1	cytosol	GO	O15169
KCNAB3	plasmamembrane	GO	O43448
CPSF1	nucleoplasm	HPA;GO	Q10570
MRPL10	mitochondria	HPA;GO	Q7Z7H8
BUD31	nucleoplasm	HPA;GO	P41223
PTAR1	cytosol	HPA	Q7Z6K3
DNAJC3	cytosol	GO	Q13217
CLIP1	plasmamembrane	GO	P30622
CDH19	plasmamembrane	GO	Q96JQ0
RBM48	nucleoplasm	HPA	Q5RL73
ST3GAL6	golgiapparatus	GO	Q9Y274
ISY1	nucleoplasm	HPA;GO	Q9ULR0
MAB21L4	golgiapparatus	HPA	Q08AI8
TTC5	cytosol	GO	Q8N0Z6
CHPF	golgiapparatus	GO	Q8IZ52
NME1-NME2	cytosol	HPA	
KATNBL1	microtubules	HPA;GO	Q9H079
MFHAS1	mitochondria	GO	Q9Y4C4
CSNK1D	centrosome	GO	P48730
TRAF5	centrosome	GO	O00463
MOXD1	cytosol	HPA	Q6UVY6
GJB2	plasmamembrane	GO	P29033
CTNND1	plasmamembrane	HPA;GO	O60716
CLTC	plasmamembrane	GO	Q00610
TUBB6	microtubules	HPA;GO	Q9BUF5
ARG1	cytosol	GO	P05089
CITED2	nucleoplasm	HPA;GO	Q99967
ATPAF2	cytosol	HPA	Q8N5M1
DLGAP1	cytosol	HPA	O14490
IL17RD	golgiapparatus	HPA;GO	Q8NFM7
SH3TC2	cytosol	HPA	Q8TF17
ACD	nucleoplasm	HPA;GO	Q96AP0
CTIF	cytosol	HPA	O43310
SYTL4	plasmamembrane	GO	Q96C24
PKD1	plasmamembrane	GO	P98161
LMBR1	cytosol	HPA	Q8WVP7
SLC26A11	endoplasmicreticulum	GO	Q86WA9
DSE	endoplasmicreticulum	GO	Q9UL01
MRPL54	mitochondria	HPA;GO	Q6P161
CT45A7	nucleoplasm	HPA	P0DMV0
PPP1CA	plasmamembrane	GO	P62136
ATF3	nucleoli	HPA	P18847
BCAR1	nucleoli	HPA	P56945
LYPD5	nucleoplasm	HPA	Q6UWN5
TRBV12-3	plasmamembrane	GO	P01733
DDT	mitochondria	HPA	P30046
IDO1	cytosol	GO	P14902
USP20	cytosol	HPA;GO	Q9Y2K6
TRDN	plasmamembrane	HPA	Q13061
NXN	cytosol	HPA	Q6DKJ4
TPH2	cytosol	GO	Q8IWU9
XAGE5	nucleoplasm	HPA	Q8WWM1
RBM20	cytosol	GO	Q5T481
PAN3	cytosol	GO	Q58A45
NPEPL1	cytosol	HPA	Q8NDH3
SLC6A7	plasmamembrane	HPA;GO	Q99884
PARP11	nucleoplasm	HPA	Q9NR21
DUSP15	plasmamembrane	HPA	Q9H1R2
TM7SF2	endoplasmicreticulum	HPA;GO	O76062
RPS2	nucleoli	GO	P15880
HSPA1B	nucleoplasm	GO	P0DMV9
NARS1	cytosol	HPA;GO	O43776
RDH8	cytosol	HPA	Q9NYR8
PAM16	mitochondria	HPA;GO	Q9Y3D7
MYO1A	plasmamembrane	GO	Q9UBC5
LRRC18	cytosol	HPA	Q8N456
RPN1	endoplasmicreticulum	HPA;GO	P04843
SMC1B	nucleoplasm	HPA;GO	Q8NDV3
PLA2G4F	nucleoplasm	HPA	Q68DD2
PRMT1	cytosol	GO	Q99873
GRN	plasmamembrane	GO	P28799
EEF1AKMT1	plasmamembrane	HPA	Q8WVE0
GNAI3	plasmamembrane	GO	P08754
RRP7A	nucleoplasm	GO	Q9Y3A4
LMBR1L	plasmamembrane	GO	Q6UX01
IPO9	cytosol	HPA	Q96P70
LGALS1	endoplasmicreticulum	GO	P09382
CASP7	nucleoli	HPA	P55210
KCNK17	plasmamembrane	HPA;GO	Q96T54
SDR39U1	nucleoplasm	HPA	Q9NRG7
HNF4G	microtubules	HPA	Q14541
ADAMTS20	golgiapparatus	HPA	P59510
ATG4D	mitochondria	HPA	Q86TL0
BIRC2	nucleoli	HPA	Q13490
HDGFL2	mitochondria	HPA	Q7Z4V5
RBMY1E	nucleoli	HPA	A6NEQ0
S100P	nucleoplasm	HPA	P25815
TRMT13	nucleoplasm	HPA	Q9NUP7
RANBP17	nucleoplasm	HPA	Q9H2T7
CCDC97	nucleoplasm	HPA	Q96F63
LSM3	cytosol	GO	P62310
NCF2	cytosol	HPA;GO	P19878
VTA1	nucleoplasm	HPA	Q9NP79
PPP1R35	microtubules	GO	Q8TAP8
TXNDC16	endoplasmicreticulum	GO	Q9P2K2
ODC1	cytosol	HPA;GO	P11926
RBM7	nucleoli	GO	Q9Y580
C19orf73	cytosol	HPA	Q9NVV2
SPHK1	primarycilium	HPA	Q9NYA1
MS4A6A	golgiapparatus	GO	Q9H2W1
TCEAL7	nucleoplasm	HPA	Q9BRU2
HERC4	nucleoli	HPA	Q5GLZ8
KRT28	cytosol	GO	Q7Z3Y7
ARL1	cytosol	GO	P40616
CLDN11	plasmamembrane	HPA;GO	O75508
MAP1S	cytosol	HPA;GO	Q66K74
NKX2-2	nucleoplasm	GO	O95096
YWHAZ	actinfilaments	GO	P63104
ANKRD34C	mitochondria	HPA	P0C6C1
TXLNA	nucleoplasm	HPA	P40222
C1orf159	nucleoplasm	HPA	Q96HA4
PLCB3	nucleoplasm	HPA	Q01970
KMT5B	nucleoplasm	HPA;GO	Q4FZB7
SRM	nucleoplasm	HPA	P19623
SLC26A9	endoplasmicreticulum	GO	Q7LBE3
PCGF5	nucleoplasm	HPA	Q86SE9
POU2F2	nucleoplasm	HPA;GO	P09086
TMC5	nucleoplasm	HPA	Q6UXY8
ULBP1	plasmamembrane	HPA;GO	Q9BZM6
GNG3	plasmamembrane	GO	P63215
SOCS6	cytosol	HPA;GO	O14512
RABGEF1	cytosol	HPA;GO	Q9UJ41
HSPA12B	nucleoplasm	HPA	Q96MM6
KRTAP2-1	cytosol	GO	Q9BYU5
SGCE	nucleoplasm	HPA	O43556
DOCK7	actinfilaments	GO	Q96N67
CHRNA3	plasmamembrane	HPA;GO	P32297
FAM53A	nucleoplasm	HPA	Q6NSI3
FAM161A	centrosome	HPA;GO	Q3B820
SLC13A3	plasmamembrane	HPA;GO	Q8WWT9
PAPPA2	endoplasmicreticulum	HPA	Q9BXP8
KPNB1	cytosol	HPA;GO	Q14974
LIN37	nucleoplasm	HPA;GO	Q96GY3
SH3GLB2	cytosol	HPA	Q9NR46
SH3PXD2B	nucleoplasm	HPA	A1X283
CCDC174	nucleoplasm	HPA	Q6PII3
TRIM66	nucleoplasm	HPA	O15016
RAD17	nucleoli	GO	O75943
PDZD2	plasmamembrane	HPA	O15018
GAN	cytosol	GO	Q9H2C0
SPTB	actinfilaments	GO	P11277
SLC35B3	golgiapparatus	GO	Q9H1N7
DOHH	cytosol	HPA;GO	Q9BU89
TDG	nucleoplasm	HPA;GO	Q13569
ERICH1	nucleoli	HPA	Q86X53
TUBB1	primarycilium	HPA	Q9H4B7
FOXQ1	nucleoplasm	HPA	Q9C009
PRR13	nucleoplasm	HPA	Q9NZ81
EFTUD2	nucleoplasm	HPA;GO	Q15029
SPINT1	plasmamembrane	HPA	O43278
RAC1	cytosol	HPA;GO	P63000
TBX10	nucleoplasm	HPA	O75333
TBXA2R	nucleoplasm	HPA	P21731
SEC24A	nucleoli	HPA	O95486
ACVRL1	plasmamembrane	GO	P37023
IMPDH1	cytosol	HPA;GO	P20839
ARPC2	nucleoplasm	HPA	O15144
COQ9	mitochondria	HPA;GO	O75208
CASTOR2	cytosol	GO	A6NHX0
FAT4	cytosol	HPA	Q6V0I7
ZNF30	cytosol	HPA	P17039
TLE2	nucleoplasm	HPA;GO	Q04725
CDK2	nucleoplasm	HPA;GO	P24941
ZNF367	nucleoplasm	HPA	Q7RTV3
LMTK2	plasmamembrane	HPA	Q8IWU2
KLF6	nucleoplasm	HPA	Q99612
PSMD11	golgiapparatus	HPA	O00231
RPS27A	nucleoli	HPA;GO	P62979
PPM1K	mitochondria	HPA;GO	Q8N3J5
ANP32B	cytosol	HPA	Q92688
KIAA1958	plasmamembrane	HPA	Q8N8K9
KEAP1	microtubules	GO	Q14145
GEMIN7	nucleoplasm	HPA;GO	Q9H840
PLXNA1	cytosol	HPA	Q9UIW2
RRP1B	nucleoli	HPA;GO	Q14684
H2AX	centrosome	GO	P16104
RPS12	cytosol	HPA;GO	P25398
ENSG00000284057	cytosol	HPA	
SH3BGRL3	plasmamembrane	GO	Q9H299
LRRC14	nucleoplasm	HPA	Q15048
PRDX4	cytosol	HPA	Q13162
LUC7L	mitochondria	HPA	Q9NQ29
RNF115	cytosol	GO	Q9Y4L5
HSBP1	nucleoplasm	GO	O75506
FAM90A24P	nucleoli	HPA	P0C7X0
PSEN1	centrosome	GO	P49768
FBXO3	cytosol	HPA	Q9UK99
SLC35E1	golgiapparatus	HPA	Q96K37
SIGMAR1	endoplasmicreticulum	GO	Q99720
MDM2	nucleoplasm	HPA;GO	Q00987
RHOQ	cytosol	HPA	P17081
ACTR8	centrosome	HPA	Q9H981
KIAA0319L	nucleoli	HPA	Q8IZA0
WWP1	cytosol	HPA;GO	Q9H0M0
RDH11	endoplasmicreticulum	GO	Q8TC12
IRGC	primarycilium	GO	Q6NXR0
E2F7	nucleoplasm	HPA;GO	Q96AV8
MPLKIP	nucleoplasm	HPA	Q8TAP9
CEP19	microtubules	GO	Q96LK0
DNLZ	mitochondria	HPA	Q5SXM8
PHC2	nucleoplasm	HPA;GO	Q8IXK0
SH3BGR	cytosol	HPA	P55822
MYH10	microtubules	GO	P35580
SLC25A13	mitochondria	HPA;GO	Q9UJS0
HIF1AN	nucleoplasm	HPA	Q9NWT6
MTMR3	cytosol	HPA;GO	Q13615
NAA38	nucleoplasm	HPA	Q9BRA0
TTC9C	nucleoplasm	HPA	Q8N5M4
ASAH2	golgiapparatus	GO	Q9NR71
HMOX2	cytosol	HPA	P30519
RNF19A	cytosol	GO	Q9NV58
SSX2B	nucleoplasm	HPA	Q16385
SAE1	nucleoplasm	HPA;GO	Q9UBE0
MC1R	plasmamembrane	GO	Q01726
NOSTRIN	cytosol	HPA	Q8IVI9
MTERF4	cytosol	HPA	Q7Z6M4
OR11H4	plasmamembrane	GO	Q8NGC9
ANKMY1	nucleoplasm	HPA	Q9P2S6
UBR3	nucleoli	HPA	Q6ZT12
CIBAR1	mitochondria	HPA;GO	A1XBS5
DIMT1	nucleoplasm	HPA;GO	Q9UNQ2
CHD1	nucleoli	HPA	O14646
CNN1	plasmamembrane	GO	P51911
AFP	endoplasmicreticulum	GO	P02771
KRTAP12-1	cytosol	GO	P59990
ILDR2	plasmamembrane	HPA	Q71H61
E4F1	nucleoplasm	HPA	Q66K89
DCTN2	centrosome	HPA;GO	Q13561
SPATA12	nucleoplasm	HPA	Q7Z6I5
LARP4	cytosol	HPA;GO	Q71RC2
HS3ST6	golgiapparatus	GO	Q96QI5
ATP4A	plasmamembrane	GO	P20648
CCR2	plasmamembrane	HPA;GO	P41597
GLS	mitochondria	HPA;GO	O94925
IRF1	cytosol	HPA;GO	P10914
FLOT2	plasmamembrane	HPA;GO	Q14254
CRAT	golgiapparatus	HPA	P43155
SLK	cytosol	HPA;GO	Q9H2G2
BANK1	nucleoplasm	HPA	Q8NDB2
CFAP298	primarycilium	HPA	P57076
EHD1	primarycilium	HPA;GO	Q9H4M9
CCNE1	cytosol	GO	P24864
GALNT12	golgiapparatus	GO	Q8IXK2
CBY3	nucleoplasm	HPA	A6NI87
PAXIP1	nucleoplasm	HPA;GO	Q6ZW49
PINK1	cytosol	GO	Q9BXM7
SMPD2	plasmamembrane	HPA;GO	O60906
RGS10	plasmamembrane	GO	O43665
TP73	plasmamembrane	HPA	O15350
PTPN6	cytosol	GO	P29350
TMEM132C	cytosol	HPA	Q8N3T6
RPS6KB2	nucleoplasm	GO	Q9UBS0
HSF1	microtubules	GO	Q00613
GADD45GIP1	nucleoplasm	HPA	Q8TAE8
DDX3X	plasmamembrane	GO	O00571
ANO9	endoplasmicreticulum	GO	A1A5B4
CLEC16A	cytosol	GO	Q2KHT3
FAM90A13P	nucleoli	HPA	P0C7W8
CCDC112	plasmamembrane	HPA	Q8NEF3
SLC44A5	cytosol	HPA	Q8NCS7
ARMH1	cytosol	HPA	Q6PIY5
METTL9	plasmamembrane	HPA	Q9H1A3
CBL	golgiapparatus	GO	P22681
SFSWAP	plasmamembrane	HPA	Q12872
TNRC6B	cytosol	GO	Q9UPQ9
PPP1R13B	cytosol	HPA	Q96KQ4
CFAP69	primarycilium	GO	A5D8W1
CTNND2	plasmamembrane	HPA	Q9UQB3
TMEM18	endoplasmicreticulum	HPA	Q96B42
CHMP2B	cytosol	HPA;GO	Q9UQN3
FAM110B	mitochondria	HPA	Q8TC76
SLC35D2	golgiapparatus	HPA;GO	Q76EJ3
MT-CYB	mitochondria	HPA;GO	P00156
ERBB4	cytosol	GO	Q15303
FCGR2C	plasmamembrane	HPA	P31995
GPR143	plasmamembrane	HPA;GO	P51810
OPN4	plasmamembrane	GO	Q9UHM6
SHLD3	nucleoli	HPA	Q6ZNX1
NCKAP5	nucleoli	HPA	O14513
APBB2	endoplasmicreticulum	GO	Q92870
MAPK15	nucleoplasm	HPA	Q8TD08
RGPD2	nuclearmembrane	HPA	P0DJD1
MCUR1	mitochondria	GO	Q96AQ8
PRRC2C	cytosol	HPA	Q9Y520
TNNC2	cytosol	GO	P02585
GALNT9	golgiapparatus	GO	Q9HCQ5
ZEB1	nucleoli	HPA	P37275
GGCX	endoplasmicreticulum	GO	P38435
FNDC1	nucleoplasm	HPA	Q4ZHG4
INTU	cytosol	HPA	Q9ULD6
AMOTL1	cytosol	HPA;GO	Q8IY63
DHX9	actinfilaments	GO	Q08211
MS4A2	plasmamembrane	GO	Q01362
INPPL1	cytosol	HPA;GO	O15357
ZNF343	nucleoplasm	HPA	Q6P1L6
PHF2	nucleoli	HPA;GO	O75151
GTF2E2	cytosol	HPA	P29084
PDP1	mitochondria	HPA;GO	Q8IY26
PSRC1	nucleoplasm	HPA	Q6PGN9
BAMBI	nucleoli	HPA	Q13145
DDX59	primarycilium	HPA	Q5T1V6
NR4A1	mitochondria	GO	P22736
SEPTIN11	actinfilaments	GO	Q9NVA2
C19orf53	nucleoplasm	HPA	Q9UNZ5
FBXO46	nucleoplasm	HPA	Q6PJ61
RAPSN	centrosome	HPA	Q13702
PALM3	nucleoplasm	HPA	A6NDB9
ARRB2	nucleoplasm	HPA	P32121
PAX6	nucleoplasm	HPA;GO	P26367
GLI3	nucleoli	HPA	P10071
IFIH1	mitochondria	GO	Q9BYX4
PPDPF	nucleoplasm	HPA	Q9H3Y8
FOXD4	nucleoplasm	HPA	Q12950
ZNF717	plasmamembrane	HPA	Q9BY31
CCR8	plasmamembrane	GO	P51685
IGLC2	plasmamembrane	GO	P0DOY2
PEAK1	plasmamembrane	GO	Q9H792
KRT77	plasmamembrane	HPA	Q7Z794
BBS5	primarycilium	HPA;GO	Q8N3I7
KIAA0753	primarycilium	HPA	Q2KHM9
RNF165	plasmamembrane	HPA	Q6ZSG1
SUMO1	nuclearmembrane	HPA	P63165
SMG6	plasmamembrane	HPA	Q86US8
MIA3	endoplasmicreticulum	GO	Q5JRA6
RPS13	nucleoli	GO	P62277
KIR2DL4	plasmamembrane	GO	Q99706
FBXL19	cytosol	GO	Q6PCT2
DNM1L	microtubules	GO	O00429
CREB3L1	nucleoplasm	HPA;GO	Q96BA8
DNAJA4	nuclearmembrane	HPA	Q8WW22
MGAT4C	centrosome	HPA	Q9UBM8
MYOM3	microtubules	HPA	Q5VTT5
BOC	nucleoplasm	HPA	Q9BWV1
F7	golgiapparatus	GO	P08709
CHD7	nucleoplasm	HPA	Q9P2D1
DHRS1	centrosome	HPA	Q96LJ7
USP25	cytosol	HPA;GO	Q9UHP3
KRT3	cytosol	GO	P12035
OLFM4	nucleoplasm	HPA	Q6UX06
SNX19	mitochondria	HPA	Q92543
HMGB1P1	nucleoplasm	HPA	B2RPK0
SLC16A3	nuclearmembrane	HPA	O15427
SELENOK	cytosol	HPA	Q9Y6D0
GAPVD1	cytosol	GO	Q14C86
SHROOM4	nucleoplasm	HPA	Q9ULL8
KIF2C	nucleoplasm	GO	Q99661
CHAT	cytosol	GO	P28329
CDH17	plasmamembrane	HPA;GO	Q12864
CYP2C8	endoplasmicreticulum	GO	P10632
GPNMB	plasmamembrane	GO	Q14956
RIGI	plasmamembrane	HPA;GO	O95786
ZNF442	nuclearmembrane	HPA	Q9H7R0
SLA	cytosol	HPA;GO	Q13239
CALML4	golgiapparatus	HPA	Q96GE6
PPM1E	nucleoplasm	HPA	Q8WY54
AMY1A	golgiapparatus	HPA	P0DUB6
PGS1	plasmamembrane	HPA	Q32NB8
SLC6A14	primarycilium	HPA	Q9UN76
WDR83	cytosol	HPA	Q9BRX9
FNIP1	cytosol	GO	Q8TF40
PPP1R12B	actinfilaments	HPA	O60237
ARHGAP31	cytosol	GO	Q2M1Z3
DPH5	golgiapparatus	HPA	Q9H2P9
RGS22	nucleoli	HPA	Q8NE09
FAM90A15P	nucleoli	HPA	P0C7V4
CTDP1	microtubules	GO	Q9Y5B0
DDX49	mitochondria	HPA	Q9Y6V7
MERTK	plasmamembrane	HPA;GO	Q12866
QKI	nucleoplasm	HPA	Q96PU8
ATF4	nucleoplasm	HPA;GO	P18848
IGKC	plasmamembrane	GO	P01834
GPR65	nucleoli	HPA	Q8IYL9
SYNPO	actinfilaments	HPA	Q8N3V7
IQGAP1	microtubules	GO	P46940
RAB15	primarycilium	GO	P59190
JMY	nucleoplasm	GO	Q8N9B5
ZNF165	microtubules	HPA	P49910
GK2	primarycilium	GO	Q01415
C19orf67	cytosol	HPA	A6NJJ6
MAP3K7CL	nucleoplasm	HPA	P57077
GRSF1	mitochondria	HPA;GO	Q12849
ZDHHC9	golgiapparatus	HPA;GO	Q9Y397
ZNF324	nuclearmembrane	HPA	O75467
FABP2	cytosol	HPA;GO	P12104
CCNT2	nucleoplasm	HPA;GO	O60583
POM121C	nuclearmembrane	HPA	A8CG34
PKN1	plasmamembrane	HPA;GO	Q16512
CCNK	nucleoplasm	HPA;GO	O75909
PIP4K2A	cytosol	HPA;GO	P48426
POLH	nucleoplasm	HPA;GO	O75417
NCK1	cytosol	HPA;GO	P16333
SKIC2	cytosol	HPA;GO	Q15477
DDX18	nucleoplasm	HPA;GO	Q9NVP1
GNL3	nucleoli	HPA;GO	Q9BVP2
CACNA1H	nucleoplasm	HPA	O95180
MAP3K6	plasmamembrane	HPA	O95382
SNRNP70	nucleoplasm	HPA;GO	P08621
CACNA2D1	plasmamembrane	GO	P54289
C1QTNF1	cytosol	HPA	Q9BXJ1
DHX33	cytosol	GO	Q9H6R0
FAM241B	cytosol	HPA	Q96D05
NXPE3	nucleoplasm	HPA	Q969Y0
ARC	cytosol	GO	O60936
WDR1	cytosol	HPA;GO	O75083
L3MBTL4	nucleoplasm	HPA	Q8NA19
PPP3R2	plasmamembrane	HPA	Q96LZ3
CAPN13	nucleoplasm	HPA	Q6MZZ7
PLK4	centrosome	HPA;GO	O00444
IST1	microtubules	GO	P53990
KLHL32	cytosol	HPA	Q96NJ5
DMAC2	mitochondria	HPA	Q9NW81
NKAP	nucleoplasm	HPA;GO	Q8N5F7
ALX1	nucleoplasm	HPA	Q15699
HGD	golgiapparatus	HPA	Q93099
RLBP1	centrosome	HPA	P12271
GPRASP3	cytosol	HPA	Q6PI77
TRIM24	nucleoplasm	HPA	O15164
DNAJB1	cytosol	HPA;GO	P25685
TMIGD1	mitochondria	HPA	Q6UXZ0
ENSG00000289700	cytosol	HPA	
YEATS2	nucleoplasm	HPA;GO	Q9ULM3
IL22RA1	plasmamembrane	GO	Q8N6P7
CDC25B	centrosome	GO	P30305
PIGL	cytosol	HPA	Q9Y2B2
RBP1	nucleoplasm	HPA	O95153
BLVRB	cytosol	HPA;GO	P30043
INTS6	actinfilaments	HPA	Q9UL03
GRM4	plasmamembrane	GO	Q14833
GRIA1	endoplasmicreticulum	GO	P42261
PPP1R7	nucleoli	HPA	Q15435
TAB3	cytosol	HPA;GO	Q8N5C8
ABCC5	nucleoplasm	HPA	O15440
AMD1	cytosol	GO	P17707
NSUN2	nucleoli	GO	Q08J23
UBE2D2	nucleoplasm	GO	P62837
WDCP	nucleoli	HPA	Q9H6R7
CACNB3	plasmamembrane	GO	P54284
HSP90AA1	nucleoplasm	HPA;GO	P07900
C12orf40	golgiapparatus	HPA	Q86WS4
FRK	cytosol	HPA;GO	P42685
CCDC68	golgiapparatus	HPA	Q9H2F9
ZNF337	nucleoplasm	HPA	Q9Y3M9
SRGAP2B	cytosol	HPA	P0DMP2
SMO	plasmamembrane	GO	Q99835
GMPPA	nucleoplasm	HPA	Q96IJ6
ARMC1	cytosol	GO	Q9NVT9
ENSG00000289258	actinfilaments	HPA	
PCGF6	nucleoplasm	GO	Q9BYE7
THRA	cytosol	GO	P10827
ABL2	actinfilaments	GO	P42684
SAR1A	endoplasmicreticulum	HPA;GO	Q9NR31
GRK7	primarycilium	GO	Q8WTQ7
DNAJC18	endoplasmicreticulum	GO	Q9H819
NDUFB2	mitochondria	HPA;GO	O95178
MSI1	nucleoplasm	HPA	O43347
ZSCAN18	primarycilium	HPA	Q8TBC5
CPB1	endoplasmicreticulum	HPA	P15086
CENPF	cytosol	GO	P49454
STIMATE	cytosol	HPA	Q86TL2
ASB18	nucleoli	HPA	Q6ZVZ8
EIF2B2	nucleoplasm	HPA	P49770
PACSIN1	nucleoplasm	HPA	Q9BY11
TSPAN14	plasmamembrane	GO	Q8NG11
POLE3	cytosol	HPA	Q9NRF9
CDCA4	nucleoplasm	HPA	Q9BXL8
NPIPA2	nucleoplasm	HPA	E9PIF3
MARCKS	plasmamembrane	HPA;GO	P29966
INO80	nucleoplasm	HPA;GO	Q9ULG1
PEPD	nucleoplasm	HPA	P12955
MTURN	cytosol	HPA	Q8N3F0
BIRC5	nucleoplasm	GO	O15392
HK1	cytosol	GO	P19367
HIPK2	nucleoplasm	HPA;GO	Q9H2X6
ADAMTS20	microtubules	HPA	P59510
EVI5	golgiapparatus	HPA	O60447
SLC6A16	golgiapparatus	HPA	Q9GZN6
EXOSC3	nucleoplasm	HPA;GO	Q9NQT5
CENPK	cytosol	GO	Q9BS16
MYPN	cytosol	HPA	Q86TC9
GBP1	cytosol	GO	P32455
MMP15	plasmamembrane	HPA;GO	P51511
SP4	nucleoplasm	HPA	Q02446
SLC13A2	plasmamembrane	GO	Q13183
NDUFAF7	mitochondria	GO	Q7L592
LATS2	cytosol	HPA;GO	Q9NRM7
SENP1	actinfilaments	HPA	Q9P0U3
ZNF276	plasmamembrane	HPA	Q8N554
ZDHHC1	golgiapparatus	GO	Q8WTX9
HSCB	nucleoplasm	HPA	Q8IWL3
FOXB1	mitochondria	HPA	Q99853
PLEKHG3	cytosol	GO	A1L390
ACYP1	nucleoplasm	HPA	P07311
FABP1	nucleoplasm	GO	P07148
RAD51C	mitochondria	HPA;GO	O43502
CDSN	plasmamembrane	GO	Q15517
POMZP3	nucleoplasm	HPA	Q6PJE2
AP1S1	golgiapparatus	HPA;GO	P61966
GNB1	cytosol	GO	P62873
CNKSR2	golgiapparatus	HPA	Q8WXI2
EPB41	plasmamembrane	HPA	P11171
GRM6	plasmamembrane	GO	O15303
CASP4	mitochondria	GO	P49662
CDIPT	nucleoplasm	HPA	O14735
GABRA2	nucleoplasm	HPA	P47869
ACAA2	primarycilium	HPA	P42765
RBM42	nucleoplasm	HPA;GO	Q9BTD8
RITA1	nucleoplasm	HPA	Q96K30
DSCAML1	plasmamembrane	GO	Q8TD84
TCTA	cytosol	HPA	P57738
OCA2	cytosol	HPA	Q04671
POLN	nucleoplasm	HPA;GO	Q7Z5Q5
ST8SIA1	golgiapparatus	GO	Q92185
IBSP	nucleoplasm	HPA	P21815
CDC42EP2	microtubules	HPA	O14613
ATP5MK	mitochondria	HPA;GO	Q96IX5
SAXO1	microtubules	GO	Q8IYX7
CRMP1	centrosome	HPA	Q14194
DPCD	plasmamembrane	HPA	Q9BVM2
BET1L	nucleoplasm	HPA	Q9NYM9
PPP1R15A	golgiapparatus	GO	O75807
SERBP1	cytosol	HPA	Q8NC51
SEMA6A	intermediatefilaments	HPA	Q9H2E6
SNX30	cytosol	HPA	Q5VWJ9
TAAR6	plasmamembrane	GO	Q96RI8
TECTB	plasmamembrane	GO	Q96PL2
ZDHHC20	golgiapparatus	GO	Q5W0Z9
HOPX	nucleoplasm	HPA	Q9BPY8
KRAS	golgiapparatus	GO	P01116
GRM2	plasmamembrane	GO	Q14416
ZNF780A	centrosome	HPA	O75290
IRF2BPL	nucleoplasm	HPA	Q9H1B7
STX17	mitochondria	GO	P56962
SLC6A18	plasmamembrane	GO	Q96N87
TMEM68	endoplasmicreticulum	GO	Q96MH6
HES6	cytosol	HPA	Q96HZ4
TMEM71	mitochondria	HPA	Q6P5X7
TRIO	cytosol	HPA;GO	O75962
MZT1	cytosol	GO	Q08AG7
DENND2A	cytosol	GO	Q9ULE3
REEP2	endoplasmicreticulum	HPA;GO	Q9BRK0
NIPA1	plasmamembrane	GO	Q7RTP0
ALG8	nucleoplasm	HPA	Q9BVK2
XIAP	cytosol	HPA;GO	P98170
PLAA	cytosol	HPA	Q9Y263
KLF11	nucleoplasm	HPA	O14901
RAB23	plasmamembrane	HPA;GO	Q9ULC3
YAP1	cytosol	HPA;GO	P46937
KRT19	cytosol	GO	P08727
HLA-A	endoplasmicreticulum	GO	P04439
MAP2K1	mitochondria	GO	Q02750
CEP20	primarycilium	HPA	Q96NB1
BPNT2	cytosol	HPA	Q9NX62
HEY2	cytosol	HPA	Q9UBP5
PNPLA6	endoplasmicreticulum	HPA;GO	Q8IY17
ENSG00000260836	endoplasmicreticulum	HPA	
KBTBD8	cytosol	GO	Q8NFY9
MINPP1	endoplasmicreticulum	GO	Q9UNW1
HILPDA	cytosol	GO	Q9Y5L2
NEK3	microtubules	HPA	P51956
COMMD1	nucleoplasm	HPA;GO	Q8N668
POC1B-GALNT4	golgiapparatus	HPA	
IQGAP3	nucleoplasm	HPA	Q86VI3
ZNF226	nucleoplasm	HPA	Q9NYT6
ZNF451	nucleoplasm	HPA;GO	Q9Y4E5
CRYL1	plasmamembrane	HPA	Q9Y2S2
OR4C12	plasmamembrane	GO	Q96R67
SEPTIN4	primarycilium	GO	O43236
DYSF	plasmamembrane	HPA;GO	O75923
TMED10	plasmamembrane	GO	P49755
PPP1R18	plasmamembrane	HPA	Q6NYC8
TRIM71	actinfilaments	HPA	Q2Q1W2
CDC42	actinfilaments	GO	P60953
MAP3K5	cytosol	HPA;GO	Q99683
GRIN2D	endoplasmicreticulum	GO	O15399
MAP1LC3A	cytosol	GO	Q9H492
VWA7	plasmamembrane	HPA	Q9Y334
HCFC1R1	nucleoplasm	HPA	Q9NWW0
MANF	cytosol	GO	P55145
RPS14	cytosol	HPA;GO	P62263
STX8	cytosol	HPA	Q9UNK0
INTS7	nucleoplasm	HPA;GO	Q9NVH2
CREB3L4	golgiapparatus	GO	Q8TEY5
HERC2	cytosol	HPA	O95714
PLVAP	centrosome	HPA	Q9BX97
TRMT44	nucleoplasm	HPA	Q8IYL2
DVL1	cytosol	GO	O14640
CORO6	golgiapparatus	HPA	Q6QEF8
MVB12A	cytosol	GO	Q96EY5
IL23A	endoplasmicreticulum	GO	Q9NPF7
CBY1	cytosol	GO	Q9Y3M2
ZNF398	nucleoplasm	HPA	Q8TD17
CCDC9B	nucleoplasm	HPA	Q6ZUT6
GPR171	plasmamembrane	HPA	O14626
XPOT	nucleoplasm	HPA;GO	O43592
CHMP3	plasmamembrane	GO	Q9Y3E7
METTL18	nucleoli	GO	O95568
DCAF10	nucleoli	HPA	Q5QP82
CACNG6	cytosol	HPA	Q8WXS5
OTUD5	nucleoli	HPA	Q96G74
DENND4A	cytosol	GO	Q7Z401
FSIP1	nucleoplasm	HPA	Q8NA03
PER1	cytosol	HPA	O15534
NPM2	nucleoplasm	HPA;GO	Q86SE8
C1orf109	nucleoplasm	HPA	Q9NX04
ITGA2	plasmamembrane	GO	P17301
CRELD1	nucleoli	HPA	Q96HD1
ARPP19	cytosol	HPA	P56211
CAPSL	primarycilium	HPA	Q8WWF8
TAF6L	nucleoplasm	HPA;GO	Q9Y6J9
SBK3	mitochondria	HPA	P0C264
AKR1C3	cytosol	HPA;GO	P42330
TNC	endoplasmicreticulum	GO	P24821
ZC3H11C	nucleoplasm	HPA	P0DQW0
ANP32A	centrosome	HPA	P39687
DIAPH3	microtubules	HPA	Q9NSV4
SLC13A5	plasmamembrane	HPA;GO	Q86YT5
FBXL5	cytosol	GO	Q9UKA1
BOD1	centrosome	GO	Q96IK1
PRND	plasmamembrane	GO	Q9UKY0
BTG4	golgiapparatus	HPA	Q9NY30
SCLT1	primarycilium	HPA	Q96NL6
TIAM1	microtubules	HPA	Q13009
KIAA1143	microtubules	HPA	Q96AT1
CDK1	cytosol	HPA;GO	P06493
MCL1	cytosol	GO	Q07820
PAQR8	golgiapparatus	HPA	Q8TEZ7
RTKN2	mitochondria	HPA	Q8IZC4
ENSG00000265118	primarycilium	HPA	
METTL7B	microtubules	HPA	Q6UX53
BTLA	plasmamembrane	GO	Q7Z6A9
MPDZ	plasmamembrane	GO	O75970
NPHP4	cytosol	HPA;GO	O75161
MTG2	mitochondria	GO	Q9H4K7
OS9	endoplasmicreticulum	HPA;GO	Q13438
GNB3	cytosol	GO	P16520
RAB3GAP1	endoplasmicreticulum	GO	Q15042
GSTA3	cytosol	HPA;GO	Q16772
DNAJC28	cytosol	HPA	Q9NX36
FYB1	nucleoplasm	HPA	O15117
RPLP2	plasmamembrane	GO	P05387
RBBP6	centrosome	GO	Q7Z6E9
ARL8A	microtubules	GO	Q96BM9
PAWR	actinfilaments	HPA	Q96IZ0
RPS10	nucleoli	GO	P46783
TMEM131L	plasmamembrane	GO	A2VDJ0
PLEKHH3	golgiapparatus	HPA	Q7Z736
GLUL	cytosol	HPA;GO	P15104
ARVCF	plasmamembrane	HPA;GO	O00192
KREMEN2	plasmamembrane	GO	Q8NCW0
IQCD	primarycilium	GO	Q96DY2
SPRR2B	cytosol	GO	P35325
UPF2	cytosol	HPA;GO	Q9HAU5
IQCB1	cytosol	GO	Q15051
KRT82	cytosol	GO	Q9NSB4
SMAD4	centrosome	HPA	Q13485
SPTBN4	cytosol	GO	Q9H254
PCDH17	cytosol	HPA	O14917
PCDH11Y	primarycilium	GO	Q9BZA8
NEUROD1	nucleoplasm	GO	Q13562
SSX2IP	primarycilium	HPA;GO	Q9Y2D8
CFDP1	nucleoplasm	HPA	Q9UEE9
ARHGAP29	cytosol	HPA;GO	Q52LW3
BAX	mitochondria	GO	Q07812
KAT2B	centrosome	GO	Q92831
RAB35	plasmamembrane	GO	Q15286
TKFC	cytosol	HPA;GO	Q3LXA3
SAMD15	nucleoplasm	HPA	Q9P1V8
APEX1	endoplasmicreticulum	GO	P27695
GALT	golgiapparatus	GO	P07902
USP26	nucleoplasm	HPA;GO	Q9BXU7
THRSP	cytosol	GO	Q92748
GORASP1	golgiapparatus	HPA;GO	Q9BQQ3
KATNIP	centrosome	HPA	O60303
TMEM237	primarycilium	HPA;GO	Q96Q45
FAM98C	cytosol	HPA	Q17RN3
SBDS	microtubules	GO	Q9Y3A5
BCL10	microtubules	GO	O95999
CCSAP	centrosome	GO	Q6IQ19
CDC20	cytosol	HPA;GO	Q12834
AP5S1	cytosol	HPA	Q9NUS5
CAMKMT	nucleoplasm	HPA	Q7Z624
ICAM3	nuclearmembrane	HPA	P32942
PDE4B	cytosol	HPA;GO	Q07343
OR2C1	plasmamembrane	GO	O95371
ZNF671	nucleoplasm	HPA	Q8TAW3
ELP6	nucleoplasm	HPA	Q0PNE2
FBXO7	nucleoplasm	HPA	Q9Y3I1
TRIM52	intermediatefilaments	HPA	Q96A61
NIN	microtubules	GO	Q8N4C6
CCDC50	cytosol	HPA	Q8IVM0
SAXO4	primarycilium	GO	Q7Z5V6
DCUN1D5	microtubules	GO	Q9BTE7
POLR3GL	nucleoplasm	GO	Q9BT43
RNFT2	cytosol	HPA	Q96EX2
GNAL	nucleoplasm	HPA	P38405
TPST1	golgiapparatus	HPA;GO	O60507
SKIC3	cytosol	HPA;GO	Q6PGP7
ANXA10	nucleoli	HPA	Q9UJ72
OLR1	plasmamembrane	HPA;GO	P78380
CSF3R	plasmamembrane	GO	Q99062
EXOSC2	cytosol	GO	Q13868
MICB	nucleoplasm	HPA	Q29980
CFAP20DC	golgiapparatus	HPA	Q6ZVT6
FAM90A17	nucleoli	HPA	P0DV74
NT5C2	cytosol	GO	P49902
AVP	cytosol	GO	P01185
ZDHHC17	golgiapparatus	HPA;GO	Q8IUH5
SMPD4	golgiapparatus	GO	Q9NXE4
TRIM33	nucleoplasm	HPA;GO	Q9UPN9
NOL3	nucleoplasm	HPA	O60936
DMTN	actinfilaments	GO	Q08495
MGRN1	endoplasmicreticulum	HPA	O60291
FABP5	plasmamembrane	HPA;GO	Q01469
EEF2K	nucleoplasm	HPA	O00418
MYCBP2	nucleoplasm	HPA	O75592
ZNF846	actinfilaments	HPA	Q147U1
GET3	nucleoplasm	HPA	O43681
CEP68	cytosol	HPA	Q76N32
WDR73	plasmamembrane	GO	Q6P4I2
RGS5	cytosol	HPA	O15539
PHTF2	cytosol	HPA	Q8N3S3
PGM3	nucleoplasm	HPA	O95394
NOP10	nucleoli	GO	Q9NPE3
MED1	nucleoli	GO	O95243
PARP16	cytosol	GO	Q8N5Y8
NECAB2	plasmamembrane	GO	Q7Z6G3
TSFM	mitochondria	HPA	P43897
SMIM22	nucleoplasm	HPA	K7EJ46
CSRNP3	nucleoli	HPA	Q8WYN3
CERT1	golgiapparatus	HPA;GO	Q9Y5P4
USP20	centrosome	GO	Q9Y2K6
TMEM223	nuclearmembrane	HPA	A0PJW6
NPY4R	plasmamembrane	GO	P50391
PPME1	nucleoplasm	HPA;GO	Q9Y570
IPPK	nucleoplasm	GO	Q9H8X2
RANBP2	cytosol	GO	P49792
CCDC127	nucleoli	HPA	Q96BQ5
COQ10A	endoplasmicreticulum	HPA	Q96MF6
TTLL4	cytosol	GO	Q14679
DRC1	primarycilium	HPA	Q96MC2
MRPL38	mitochondria	HPA;GO	Q96DV4
PSD4	plasmamembrane	GO	Q8NDX1
BORA	nucleoli	HPA	Q6PGQ7
PDCD1	plasmamembrane	GO	Q15116
USP2	nucleoplasm	GO	O75604
TNRC18	nuclearmembrane	HPA	O15417
VASP	actinfilaments	HPA;GO	P50552
CEP97	microtubules	GO	Q8IW35
AACS	cytosol	GO	Q86V21
FRMD8	plasmamembrane	HPA;GO	Q9BZ67
BTNL9	plasmamembrane	GO	Q6UXG8
NMRK1	nucleoplasm	HPA	Q9NWW6
FAAP24	nucleoplasm	HPA;GO	Q9BTP7
SEMA3C	cytosol	HPA	Q99985
ARHGEF26	cytosol	HPA;GO	Q96DR7
SLC2A11	plasmamembrane	GO	Q9BYW1
LEKR1	nucleoplasm	HPA	Q6ZMV7
STAT6	cytosol	HPA;GO	P42226
SRI	cytosol	HPA;GO	P30626
HCK	actinfilaments	GO	P08631
GALK1	golgiapparatus	HPA	P51570
BCAN	golgiapparatus	GO	Q96GW7
KCNJ9	plasmamembrane	GO	Q92806
FAM174B	intermediatefilaments	HPA	Q3ZCQ3
RP9	nucleoplasm	HPA	Q8TA86
HLA-DQB2	golgiapparatus	GO	P05538
ARL3	nucleoplasm	HPA	P36405
BRMS1L	nucleoplasm	HPA	Q5PSV4
ZDHHC23	nucleoplasm	HPA	Q8IYP9
USP51	cytosol	HPA	Q70EK9
TNS1	plasmamembrane	GO	Q9HBL0
OXTR	plasmamembrane	GO	P30559
CRYAB	cytosol	HPA	P02511
EPC1	nucleoplasm	HPA;GO	Q9H2F5
RPL28	endoplasmicreticulum	HPA	P46779
TLCD3A	plasmamembrane	GO	Q8TBR7
PWP2	cytosol	HPA	Q15269
CPNE1	nucleoplasm	HPA	Q99829
WSB1	cytosol	GO	Q9Y6I7
DDX55	nucleoplasm	HPA	Q8NHQ9
LEUTX	nucleoplasm	HPA;GO	A8MZ59
PSME2	nucleoplasm	HPA;GO	Q9UL46
TMEM205	endoplasmicreticulum	HPA	Q6UW68
AMBP	golgiapparatus	HPA	P02760
TTLL5	cytosol	HPA;GO	Q6EMB2
WARS1	cytosol	HPA;GO	P23381
HSF5	nucleoplasm	HPA	Q4G112
MC4R	plasmamembrane	GO	P32245
CPE	centrosome	HPA	P16870
TSPOAP1	cytosol	GO	O95153
ANTXR2	plasmamembrane	GO	P58335
GPR107	golgiapparatus	HPA	Q5VW38
FPR2	plasmamembrane	GO	P25090
RPS16	actinfilaments	GO	P62249
METTL3	cytosol	HPA	Q86U44
MYRIP	nucleoplasm	HPA	Q8NFW9
CDK14	plasmamembrane	GO	O94921
PLCE1	plasmamembrane	GO	Q9P212
UBE2L6	nucleoplasm	GO	O14933
CPNE3	actinfilaments	GO	O75131
CAV2	actinfilaments	GO	P51636
PAFAH2	endoplasmicreticulum	GO	Q99487
DNAJB14	endoplasmicreticulum	GO	Q8TBM8
CFAP99	microtubules	HPA	D6REC4
DNMT1	nucleoplasm	HPA;GO	P26358
MLKL	plasmamembrane	HPA;GO	Q8NB16
SYCE3	nucleoplasm	HPA	A1L190
NUTF2	cytosol	GO	P61970
SLFN12	cytosol	GO	Q8IYM2
CT45A10	nucleoplasm	HPA	P0DMU9
C1orf216	cytosol	HPA	Q8TAB5
RACK1	mitochondria	GO	P63244
WASF2	plasmamembrane	HPA	Q9Y6W5
CCDC68	microtubules	GO	Q9H2F9
SCAPER	nucleoplasm	HPA	Q9BY12
LSMEM1	cytosol	HPA	Q8N8F7
VPS54	golgiapparatus	HPA;GO	Q9P1Q0
TBC1D10C	plasmamembrane	GO	Q8IV04
TLR9	golgiapparatus	GO	Q9NR96
PPM1M	nucleoplasm	HPA	Q96MI6
CITED1	cytosol	HPA;GO	Q99966
MZB1	golgiapparatus	HPA	Q8WU39
ACSS3	mitochondria	HPA;GO	Q9H6R3
TFAP2C	nucleoplasm	HPA;GO	Q92754
FAM228A	nucleoplasm	HPA	Q86W67
KIF24	centrosome	GO	Q5T7B8
SMIM30	endoplasmicreticulum	GO	A4D0T7
AHCTF1	nuclearmembrane	HPA	Q8WYP5
AQP2	plasmamembrane	GO	P41181
GSKIP	golgiapparatus	HPA	Q9P0R6
RBM18	microtubules	HPA	Q96H35
CCDC22	cytosol	GO	O60826
NUP85	nucleoplasm	HPA;GO	Q9BW27
PRAC1	nucleoplasm	HPA	Q96KF2
ARSI	endoplasmicreticulum	GO	Q5FYB1
NUDT7	nucleoplasm	HPA	P0C024
ACKR2	plasmamembrane	GO	O00590
EDC3	cytosol	HPA;GO	Q96F86
STARD9	microtubules	GO	Q9P2P6
THAP9	mitochondria	HPA	Q9H5L6
KYAT3	cytosol	HPA	Q6YP21
IFRD1	endoplasmicreticulum	HPA	O00458
NEMP1	nucleoplasm	HPA	O14524
MINAR2	endoplasmicreticulum	GO	P59773
CELA3B	cytosol	HPA	P08861
CFAP298-TCP10L	cytosol	HPA	
C8orf48	cytosol	HPA	Q96LL4
SEPTIN6	primarycilium	HPA;GO	Q14141
ATP1B3	primarycilium	GO	P54709
TFDP1	nucleoplasm	HPA;GO	Q14186
HTRA2	endoplasmicreticulum	GO	O43464
ARHGAP11B	mitochondria	GO	Q3KRB8
MBTD1	cytosol	HPA	Q05BQ5
COL5A3	plasmamembrane	HPA	P25940
PTGIS	cytosol	HPA	Q16647
DDX56	nucleoplasm	HPA	Q9NY93
NUP37	nucleoplasm	HPA;GO	Q8NFH4
TLE5	nucleoplasm	HPA	Q08117
DPY19L2	nucleoplasm	HPA	Q6NUT2
SHANK3	plasmamembrane	HPA	Q9BYB0
CYP2D7	mitochondria	GO	A0A087X1C5
AP2A2	nucleoplasm	HPA	O94973
FAM186B	nucleoplasm	HPA	Q8IYM0
SH3RF3	nucleoplasm	HPA	Q8TEJ3
RBM20	nucleoli	HPA	Q5T481
ARHGEF19	nucleoplasm	HPA	Q8IW93
TGM2	nucleoplasm	GO	P21980
ACVR2A	plasmamembrane	GO	P27037
ADAMTS17	nucleoplasm	HPA	Q8TE56
ZNF263	nucleoplasm	HPA	O14978
EML4	cytosol	HPA;GO	Q9HC35
AMHR2	cytosol	HPA	Q16671
FAN1	nucleoplasm	HPA;GO	Q16658
PCP4	cytosol	GO	P48539
DOK5	cytosol	GO	Q9P104
UROC1	cytosol	GO	Q96N76
MAP3K11	cytosol	HPA;GO	Q16584
PSMB6	mitochondria	HPA	P28072
S100A7	endoplasmicreticulum	GO	P31151
C2orf69	mitochondria	GO	Q8N8R5
NUDT8	cytosol	HPA	Q8WV74
IMMT	mitochondria	HPA;GO	Q16891
SPON1	endoplasmicreticulum	GO	Q9HCB6
EN2	nucleoplasm	HPA	P19622
ARAF	cytosol	GO	P10398
TRPA1	plasmamembrane	GO	O75762
BCL9	nucleoplasm	HPA;GO	O00512
ARPC4	actinfilaments	GO	P59998
DFFA	plasmamembrane	HPA	O00273
NUDT13	mitochondria	GO	Q86X67
MASTL	actinfilaments	GO	Q96GX5
KCNA5	golgiapparatus	GO	P22460
OGDHL	mitochondria	GO	Q9ULD0
THBS2	centrosome	HPA	P35442
CCDC71L	cytosol	HPA	Q8N9Z2
ENSG00000251569	primarycilium	HPA	
FOXD4L1	cytosol	HPA	Q9NU39
SLC4A7	plasmamembrane	HPA;GO	Q9Y6M7
CBLIF	plasmamembrane	GO	P27352
SSTR3	cytosol	HPA	P32745
B3GNT9	golgiapparatus	HPA	Q6UX72
CLCF1	nucleoplasm	HPA	Q9UBD9
PTPN22	plasmamembrane	HPA;GO	Q9Y2R2
PRXL2B	cytosol	HPA	Q8TBF2
UBIAD1	golgiapparatus	GO	Q9Y5Z9
CPA4	plasmamembrane	HPA	Q9UI42
FBXO6	cytosol	GO	Q9NRD1
SIX4	cytosol	HPA	Q9UIU6
CRNKL1	nucleoplasm	GO	Q9BZJ0
TRAPPC6B	endoplasmicreticulum	HPA	Q86SZ2
ZNF518A	nucleoplasm	HPA	Q6AHZ1
CSRP1	actinfilaments	GO	P21291
PINLYP	primarycilium	HPA	A6NC86
ARMC12	mitochondria	HPA	Q5T9G4
MAGEB16	nucleoplasm	HPA	A2A368
HPS4	cytosol	GO	Q9NQG7
PPL	plasmamembrane	GO	O60437
HS6ST3	actinfilaments	HPA	Q8IZP7
PLXNA3	golgiapparatus	HPA	P51805
GAS8	primarycilium	HPA;GO	O95995
POU2AF2	nucleoplasm	HPA	Q8IXP5
DYNLL1	cytosol	GO	P63167
NPBWR2	plasmamembrane	GO	P48146
GSK3B	cytosol	HPA;GO	P49841
UCP3	plasmamembrane	HPA	P55916
ASCC2	nucleoplasm	HPA;GO	Q9H1I8
RHD	plasmamembrane	HPA;GO	Q02161
HRAS	cytosol	HPA;GO	P01112
NMD3	nucleoli	HPA;GO	Q96D46
RXFP3	plasmamembrane	GO	Q9NSD7
B3GNT4	mitochondria	HPA	Q9C0J1
FABP6	cytosol	GO	P51161
PRIM2	nucleoplasm	HPA;GO	P49643
OVCA2	cytosol	HPA	Q8WZ82
MAP1S	nucleoli	HPA	Q66K74
GORAB	cytosol	HPA	Q5T7V8
FAM90A12P	nucleoli	HPA	A8MX19
CALCR	plasmamembrane	HPA;GO	P30988
SAMD9	cytosol	HPA	Q5K651
FAM186A	plasmamembrane	HPA	A6NE01
GOLGA2	golgiapparatus	HPA;GO	Q08379
PFN1	cytosol	HPA;GO	P07737
RPLP0	cytosol	HPA;GO	P05388
TMEM132C	centrosome	HPA	Q8N3T6
UBA52	plasmamembrane	HPA;GO	P62987
ZNF827	nucleoplasm	HPA;GO	Q17R98
LCOR	nucleoplasm	HPA	Q96JN0
RABGEF1	nucleoli	HPA	Q9UJ41
TXNRD2	mitochondria	HPA;GO	Q9NNW7
SYNJ2BP-COX16	mitochondria	HPA	
MIS18BP1	nucleoplasm	GO	Q6P0N0
FSCN1	actinfilaments	GO	Q16658
GEMIN8	nucleoplasm	HPA;GO	Q9NWZ8
FLRT1	plasmamembrane	GO	Q9NZU1
MPP4	actinfilaments	HPA	Q96JB8
INO80E	nucleoli	HPA	Q8NBZ0
PLA2G4B	mitochondria	GO	P0C869
ST7	cytosol	HPA	Q9NRC1
CRYZ	cytosol	HPA;GO	Q08257
MUC16	plasmamembrane	GO	Q8WXI7
ZSCAN30	nucleoplasm	HPA	Q86W11
ITGA5	plasmamembrane	GO	P08648
RNF167	cytosol	HPA;GO	Q9H6Y7
TRAPPC3L	golgiapparatus	HPA	Q5T215
EPHA2	actinfilaments	GO	P29317
ATP6V1A	plasmamembrane	GO	P38606
CD7	plasmamembrane	GO	P09564
CLIC2	cytosol	HPA	O15247
RMDN1	centrosome	HPA	Q96DB5
KIRREL1	plasmamembrane	GO	Q96J84
YWHAG	actinfilaments	GO	P61981
DOHH	nucleoli	HPA	Q9BU89
FITM2	endoplasmicreticulum	GO	Q8N6M3
COQ8A	mitochondria	HPA;GO	Q8NI60
CDC14B	nucleoli	GO	O60729
PROZ	golgiapparatus	GO	P22891
ENSG00000285947	plasmamembrane	HPA	
CRTAP	actinfilaments	HPA	O75718
ABCC1	plasmamembrane	HPA;GO	P33527
NFATC4	nucleoplasm	HPA	Q14934
FXR1	cytosol	HPA;GO	P51114
POLDIP3	cytosol	HPA;GO	Q9BY77
TMEM201	nucleoplasm	HPA	Q5SNT2
RAC1	nucleoli	HPA	P63000
CDK5R1	nucleoplasm	HPA;GO	Q15078
ZDHHC5	golgiapparatus	GO	Q9C0B5
FGD4	cytosol	GO	Q96M96
DNAJC25	nucleoplasm	HPA	Q9H1X3
ADAM9	plasmamembrane	GO	Q13443
PLK1	microtubules	GO	P53350
GRB2	primarycilium	HPA	P62993
SEL1L	endoplasmicreticulum	GO	Q9UBV2
MIGA2	cytosol	HPA	Q7L4E1
NR2F1	cytosol	HPA	P10589
C14orf93	nucleoplasm	HPA	Q9H972
FGD3	nucleoplasm	HPA	Q5JSP0
NLRP4	mitochondria	HPA	Q96MN2
YTHDC2	cytosol	HPA	Q9H6S0
TRDN	endoplasmicreticulum	GO	Q13061
GOLGA6A	centrosome	HPA	Q9NYA3
TEKT2	primarycilium	GO	Q9UIF3
CACNA1E	actinfilaments	HPA	Q15878
HLA-DRB3	golgiapparatus	GO	P79483
ZSWIM1	cytosol	HPA	Q9BR11
TARS2	nucleoplasm	HPA	Q9BW92
RASA1	primarycilium	HPA	P20936
SERINC1	cytosol	HPA	Q9NRX5
SIGLEC15	plasmamembrane	GO	Q6ZMC9
ARMH3	cytosol	GO	Q5T2E6
GAS2L2	microtubules	GO	Q8NHY3
RNF115	nucleoli	HPA	Q9Y4L5
BRD8	nucleoplasm	HPA;GO	Q9H0E9
TIMM50	mitochondria	HPA;GO	Q3ZCQ8
CA3	cytosol	GO	P07451
RXRA	cytosol	GO	P19793
TRAPPC14	golgiapparatus	GO	Q8WVR3
CRY1	nucleoplasm	HPA	Q16526
ZFTRAF1	nucleoplasm	HPA	P0DTL6
HACL1	cytosol	GO	Q9UJ83
CYBA	plasmamembrane	GO	P13498
ENSG00000255639	mitochondria	HPA	
FAM90A3P	nucleoplasm	HPA	A0A8V8TPE2
CD163L1	centrosome	HPA	Q9NR16
COL4A6	endoplasmicreticulum	HPA;GO	Q14031
PQBP1	primarycilium	HPA	O60828
GRB7	actinfilaments	GO	Q14451
LRRC58	nucleoplasm	HPA	Q96CX6
MYO5C	cytosol	HPA	Q9NQX4
G6PD	centrosome	HPA	P11413
GRN	endoplasmicreticulum	GO	P28799
LRRC25	endoplasmicreticulum	HPA	Q8N386
POT1	nucleoplasm	HPA;GO	Q9NUX5
ZSCAN21	endoplasmicreticulum	HPA	Q9Y5A6
SYCP2	nucleoplasm	HPA	Q9BX26
IL1RL1	plasmamembrane	HPA;GO	Q01638
SHROOM2	actinfilaments	GO	Q13796
IFT57	primarycilium	HPA;GO	Q9NWB7
WDR55	nucleoplasm	HPA	Q9H6Y2
MRPL21	nucleoplasm	HPA	Q7Z2W9
RERGL	nucleoplasm	HPA	Q9H628
URGCP	cytosol	HPA	Q8TCY9
PMM2	microtubules	HPA	O15305
LRRC15	plasmamembrane	HPA;GO	Q8TF66
PPP2R2D	cytosol	HPA	Q66LE6
BET1	golgiapparatus	GO	O15155
CEP152	primarycilium	HPA	O94986
CKAP2	primarycilium	HPA	Q8WWK9
PKN2	centrosome	HPA	Q16513
SAMSN1	plasmamembrane	HPA	Q9NSI8
LARP4	nucleoli	HPA	Q71RC2
ERVMER34-1	nucleoplasm	HPA	Q9H9K5
SMPD1	plasmamembrane	GO	P17405
KLC3	cytosol	HPA	Q6P597
ZCCHC4	nucleoplasm	HPA	Q9H5U6
ZNF461	golgiapparatus	HPA	Q8TAF7
KCNMB4	cytosol	HPA	Q86W47
DCAF16	nucleoplasm	GO	Q9NXF7
BROX	cytosol	HPA	Q5VW32
MTNAP1	mitochondria	GO	Q9BSJ5
TRAF1	nucleoplasm	HPA	Q13077
MYCN	nucleoplasm	HPA;GO	P04198
HOXB8	nucleoplasm	HPA	P17481
GAL3ST1	golgiapparatus	GO	Q99999
UBE2V2	nucleoplasm	HPA;GO	Q15819
FAM104A	cytosol	HPA	Q969W3
RPS6	nucleoplasm	GO	P62753
FECH	mitochondria	GO	P22830
LRP2	plasmamembrane	GO	P98164
ENAH	plasmamembrane	HPA;GO	Q8N8S7
GSTZ1	cytosol	HPA;GO	O43708
GPX8	actinfilaments	HPA	Q8TED1
PITPNM3	plasmamembrane	HPA	Q9BZ71
ASCC3	nucleoplasm	GO	Q8N3C0
NYAP2	primarycilium	HPA	Q9P242
FXYD7	plasmamembrane	GO	P58549
APOBR	plasmamembrane	HPA;GO	Q0VD83
FAM241B	centrosome	HPA	Q96D05
HOXC11	nucleoplasm	HPA	O43248
ABL1	actinfilaments	GO	P00519
VGLL3	cytosol	HPA	A8MV65
LYSMD3	plasmamembrane	GO	Q7Z3D4
MAGEA11	cytosol	HPA	P43364
WDR93	actinfilaments	HPA	Q6P2C0
RTL3	plasmamembrane	HPA	Q8N8U3
ASTE1	endoplasmicreticulum	HPA	Q2TB18
FAIM	plasmamembrane	HPA	Q9NVQ4
MTCP1	nucleoplasm	HPA	P56277
ARF3	golgiapparatus	GO	P61204
RNF214	golgiapparatus	HPA	Q8ND24
SKA3	microtubules	GO	Q8IX90
MYO19	cytosol	HPA	Q96H55
SH2D3C	cytosol	HPA	Q8N5H7
PLXNB3	plasmamembrane	GO	Q9ULL4
POC1B	primarycilium	GO	Q8TC44
E2F1	nucleoplasm	HPA;GO	Q01094
ATXN2	cytosol	HPA;GO	Q99700
ZNF862	mitochondria	HPA	O60290
NTHL1	nucleoplasm	GO	P78549
SNX11	endoplasmicreticulum	HPA	Q9Y5W9
GNAT3	primarycilium	HPA	A8MTJ3
ZNF213	nucleoplasm	HPA	O14771
POLR1A	nucleoplasm	HPA;GO	O95602
HNRNPH2	nucleoplasm	HPA;GO	P55795
CCNI2	golgiapparatus	HPA	Q6ZMN8
ZNF385A	cytosol	HPA	Q96PM9
RAB6A	golgiapparatus	HPA;GO	P20340
BTN3A3	nucleoplasm	HPA	O00478
TPR	nucleoplasm	GO	P12270
JADE1	cytosol	GO	Q6IE81
CD36	plasmamembrane	GO	P16671
UGDH	nucleoplasm	HPA	O60701
STK39	nucleoplasm	HPA	Q9UEW8
DMWD	actinfilaments	HPA	Q09019
PANK4	cytosol	HPA;GO	Q9NVE7
ERICH5	golgiapparatus	HPA	Q6P6B1
SERAC1	endoplasmicreticulum	GO	Q96JX3
GNAI1	centrosome	HPA;GO	P63096
GRHL2	nucleoplasm	HPA	Q6ISB3
SRGAP2B	centrosome	HPA	P0DMP2
C4orf33	nucleoplasm	HPA	Q8N1A6
DNAJC7	nucleoplasm	HPA;GO	Q99615
RTL6	cytosol	HPA	Q6ICC9
SLC22A2	plasmamembrane	GO	O15244
CCN5	plasmamembrane	HPA	O76076
LMCD1	cytosol	HPA	Q9NZU5
RPP14	cytosol	HPA	O95059
CALR	cytosol	GO	P27797
UNC45A	nucleoplasm	HPA	Q9H3U1
TTC21B	cytosol	HPA	Q7Z4L5
CDC45	primarycilium	GO	O75419
ZNF185	actinfilaments	HPA	O15231
ECT2	plasmamembrane	GO	Q9H8V3
PROX1	cytosol	HPA	Q92786
TMEM199	endoplasmicreticulum	GO	Q8N511
NDRG2	cytosol	HPA	Q9UN36
MED30	nucleoplasm	HPA;GO	Q96HR3
MYO18B	centrosome	HPA	Q8IUG5
MLST8	cytosol	GO	Q9BVC4
KRTAP10-2	cytosol	GO	P60368
KDELR3	golgiapparatus	GO	O43731
TOPORS	microtubules	GO	Q9NS56
TEK	actinfilaments	GO	Q02763
RASGRP3	plasmamembrane	GO	Q8IV61
CYP11B1	mitochondria	HPA;GO	P15538
TMEM252	primarycilium	HPA	Q8N6L7
PRODH2	cytosol	HPA	O43272
TSPAN9	nucleoplasm	HPA	O75954
PSMC2	nucleoplasm	GO	P35998
BRK1	plasmamembrane	HPA	Q8WUW1
LATS2	centrosome	HPA	Q9NRM7
GRK3	nucleoplasm	HPA	P35626
USP35	nucleoplasm	HPA	Q9P2H5
CYCS	cytosol	GO	P99999
SSBP4	nucleoplasm	HPA	Q9BWG4
NRCAM	cytosol	HPA	Q92823
DTX2	nuclearmembrane	HPA	Q86UW9
RSPH10B2	plasmamembrane	HPA	B2RC85
KRTAP10-12	cytosol	GO	P60413
MEN1	cytosol	GO	O00255
AGO2	cytosol	HPA;GO	Q9UKV8
RBM28	nucleoli	HPA	Q9NW13
SLU7	nucleoplasm	HPA;GO	O95391
ENSG00000285526	plasmamembrane	HPA	
C19orf67	nucleoli	HPA	A6NJJ6
ANKFN1	nucleoplasm	HPA	Q8N957
CHMP4A	cytosol	GO	Q9BY43
ZNF76	nucleoplasm	HPA	P36508
ZNF622	golgiapparatus	HPA	Q969S3
ZNF787	nucleoli	HPA	Q6DD87
CHP1	actinfilaments	GO	Q99653
EPGN	plasmamembrane	GO	Q6UW88
EMP2	plasmamembrane	GO	P54851
NPL	plasmamembrane	HPA	Q9BXD5
STK35	nucleoplasm	HPA	Q8TDR2
SP140L	nucleoplasm	HPA	Q9H930
GJA1	plasmamembrane	HPA;GO	P17302
TIGD4	nucleoplasm	HPA	Q8IY51
TMEM116	nucleoplasm	HPA	Q8NCL8
MSH4	nucleoplasm	HPA	O15457
ZNF75A	nucleoli	HPA	Q96N20
FAM13B	nucleoplasm	HPA	Q9NYF5
HLA-F	golgiapparatus	GO	P30511
CAPN10	mitochondria	HPA;GO	Q9HC96
DHX33	nucleoli	HPA;GO	Q9H6R0
MZT1	centrosome	GO	Q08AG7
LZIC	cytosol	HPA	Q8WZA0
IL6ST	plasmamembrane	HPA;GO	P40189
YKT6	mitochondria	HPA	O15498
METTL9	endoplasmicreticulum	GO	Q9H1A3
NYNRIN	golgiapparatus	HPA	Q9P2P1
ISLR	golgiapparatus	HPA	O14498
MAP2K1	actinfilaments	GO	Q02750
RNF125	endoplasmicreticulum	GO	Q96EQ8
PGC	nucleoplasm	HPA	P20142
HDAC6	plasmamembrane	GO	Q9UBN7
NOMO2	endoplasmicreticulum	GO	Q5JPE7
TOMM22	mitochondria	HPA;GO	Q9NS69
INSYN1	cytosol	HPA	Q2T9L4
GPR174	plasmamembrane	HPA	Q9BXC1
SLC30A1	nuclearmembrane	GO	Q9Y6M5
XXYLT1	endoplasmicreticulum	GO	Q8NBI6
NOTCH4	plasmamembrane	GO	Q99466
C17orf97	cytosol	HPA	Q6ZQX7
MICAL1	cytosol	HPA;GO	Q8TDZ2
ZMAT1	nucleoplasm	HPA	Q5H9K5
ZNF706	plasmamembrane	HPA	Q9Y5V0
ELMO1	cytosol	GO	Q92556
BICD1	cytosol	GO	Q96G01
MAP1LC3A	centrosome	HPA	Q9H492
SLC30A3	plasmamembrane	GO	Q99726
ZDHHC4	golgiapparatus	GO	Q9NPG8
PROS1	golgiapparatus	GO	P07225
GAR1	nucleoplasm	GO	Q9NY12
SLC4A11	plasmamembrane	GO	Q8NBS3
LDB1	nucleoplasm	HPA;GO	Q86U70
CTNNB1	primarycilium	HPA	P35222
SWAP70	cytosol	GO	Q9UH65
CD99L2	actinfilaments	GO	Q8TCZ2
TIMM10B	mitochondria	GO	Q9Y5J6
MRPL41	mitochondria	HPA;GO	Q8IXM3
PAPSS1	nucleoplasm	HPA	O43252
LRRN2	endoplasmicreticulum	HPA	O43300
PUDP	cytosol	HPA;GO	Q08623
ZFP30	cytosol	HPA	Q9Y2G7
NPSR1	plasmamembrane	GO	Q6W5P4
PYCARD	cytosol	HPA;GO	Q9ULZ3
STXBP2	plasmamembrane	GO	Q15833
TMPPE	nucleoplasm	HPA	Q6ZT21
AGBL5	microtubules	HPA;GO	Q8NDL9
TMEM41A	nucleoplasm	HPA	Q96HV5
SLC6A2	plasmamembrane	GO	P23975
ZNF282	cytosol	HPA	Q9UDV7
TBC1D8	plasmamembrane	HPA	O95759
CSTF2T	nucleoplasm	HPA;GO	Q9H0L4
AR	cytosol	HPA;GO	P10275
SLF2	nucleoplasm	HPA;GO	Q8IX21
PLET1	plasmamembrane	GO	Q6UQ28
SPTA1	cytosol	GO	P02549
SPR	nucleoplasm	HPA	P35270
LYSMD4	cytosol	HPA	Q5XG99
SLC7A11	plasmamembrane	GO	Q9UPY5
GPX2	cytosol	HPA;GO	P18283
POLR3A	nucleoplasm	HPA;GO	O14802
RPL22L1	nucleoli	HPA	Q6P5R6
CDH9	plasmamembrane	GO	Q9ULB4
BTN2A2	plasmamembrane	GO	Q8WVV5
LITAF	golgiapparatus	HPA;GO	Q99732
ANKMY2	cytosol	HPA	Q8IV38
IDO2	cytosol	HPA;GO	Q6ZQW0
KANSL3	nucleoplasm	HPA;GO	Q9P2N6
C12orf73	centrosome	HPA	Q69YU5
CCNA2	cytosol	HPA	P20248
DNAJC9	nucleoplasm	HPA	Q8WXX5
KLC1	plasmamembrane	HPA	Q07866
RPS15A	cytosol	GO	P62244
TAPBP	endoplasmicreticulum	GO	O15533
BBS4	primarycilium	GO	Q96RK4
MUC19	plasmamembrane	GO	Q7Z5P9
ACP6	mitochondria	GO	Q9NPH0
ZNF646	nucleoplasm	HPA	O15015
CS	mitochondria	HPA;GO	O75390
SLC30A6	golgiapparatus	HPA;GO	Q6NXT4
NOP14	nucleoli	HPA	P78316
PPP1R1C	nucleoplasm	HPA	Q8WVI7
RAD18	centrosome	GO	Q9NS91
RPL30	plasmamembrane	GO	P62888
ZBTB6	nucleoplasm	HPA	Q15916
DHRS11	cytosol	HPA	Q6UWP2
DNAJC28	centrosome	HPA	Q9NX36
HIKESHI	nucleoplasm	HPA;GO	Q53FT3
CFAP126	primarycilium	HPA;GO	Q5VTH2
DOLK	endoplasmicreticulum	GO	Q9UPQ8
ATXN10	cytosol	HPA	Q9UBB4
WRAP73	primarycilium	GO	Q9P2S5
KRT1	cytosol	GO	P04264
PYGO1	cytosol	HPA	Q9Y3Y4
CD300LB	plasmamembrane	HPA;GO	A8K4G0
SPATA24	nucleoplasm	HPA	Q86W54
GOLGA2	microtubules	GO	Q08379
USP7	nucleoplasm	HPA;GO	Q93009
PDK4	mitochondria	GO	Q16654
RAN	cytosol	GO	P62826
FBXO17	cytosol	GO	Q96EF6
MAT1A	cytosol	HPA;GO	Q00266
IL18	cytosol	HPA;GO	Q14116
CENPI	nucleoplasm	HPA;GO	Q92674
MT-ND4L	cytosol	HPA	P03901
ZNF267	nucleoplasm	HPA	Q14586
NUP88	cytosol	GO	Q99567
VCPIP1	cytosol	HPA	Q96JH7
IDH3B	mitochondria	HPA;GO	O43837
MYB	nucleoplasm	HPA;GO	P10242
ICOS	plasmamembrane	HPA;GO	Q9Y6W8
LRRC31	cytosol	HPA	Q6UY01
ARHGAP22	plasmamembrane	HPA;GO	Q7Z5H3
CDPF1	cytosol	HPA	Q6NVV7
OTUD6A	cytosol	HPA	Q7L8S5
AKR7A2	cytosol	HPA;GO	O43488
FAM114A1	nucleoplasm	HPA	Q8IWE2
CSPG5	plasmamembrane	HPA	O95196
MAN1B1	endoplasmicreticulum	GO	Q9UKM7
AKR7L	cytosol	HPA;GO	Q8NHP1
RIC8A	cytosol	HPA	Q9NPQ8
EXOSC1	nucleoplasm	HPA;GO	Q9Y3B2
YAP1	nucleoli	HPA	P46937
KIAA1522	nucleoplasm	HPA	Q9P206
PRR23C	cytosol	HPA	Q6ZRP0
SNRPG	cytosol	GO	P62308
FBN1	endoplasmicreticulum	GO	P35555
GJC2	plasmamembrane	HPA;GO	Q5T442
ERCC6	nucleoli	GO	P0DP91
PTPRCAP	plasmamembrane	HPA	Q14761
AUTS2	cytosol	HPA	Q8WXX7
ATP5MC1	mitochondria	GO	P05496
SLC30A10	plasmamembrane	GO	Q6XR72
FAM13C	cytosol	HPA	Q8NE31
MAPT	mitochondria	GO	P10636
SORBS3	cytosol	GO	O60504
DMRT2	nucleoli	HPA	Q9Y5R5
IFNGR2	plasmamembrane	GO	P38484
ING1	nucleoplasm	HPA	Q9UK53
CYBC1	endoplasmicreticulum	GO	Q9BQA9
OTULIN	mitochondria	HPA	Q96BN8
TTC21A	nucleoplasm	HPA	Q8NDW8
ZMYND15	nucleoplasm	HPA	Q9H091
SDCBP2	cytosol	HPA	Q9H190
PSD	actinfilaments	GO	A5PKW4
NDUFAF6	mitochondria	GO	Q330K2
MAL	golgiapparatus	HPA	P01732
ZNF280C	nucleoplasm	HPA	Q8ND82
RPS14	nucleoli	GO	P62263
RASGRF2	endoplasmicreticulum	HPA	O14827
RHOH	golgiapparatus	HPA	Q15669
KCMF1	cytosol	HPA	Q9P0J7
UBR2	cytosol	GO	Q8IWV8
GPR156	plasmamembrane	HPA	Q8NFN8
MORC2	nucleoplasm	HPA;GO	Q9Y6X9
UQCC2	mitochondria	HPA;GO	Q9BRT2
MANEA	golgiapparatus	HPA;GO	Q5SRI9
PGGHG	cytosol	HPA	Q32M88
EVPL	cytosol	HPA;GO	Q92817
ZBTB25	nucleoplasm	HPA	P24278
ANAPC1	nucleoplasm	GO	Q9H1A4
PRKD3	cytosol	HPA;GO	O94806
CDRT15	plasmamembrane	HPA	Q96T59
EXOC6	cytosol	GO	Q8TAG9
TERB1	cytosol	HPA	Q8NA31
ANXA1	nucleoplasm	HPA	P04083
CYP2A6	microtubules	GO	P11509
NIPBL	nucleoplasm	HPA;GO	Q6KC79
ETV6	plasmamembrane	GO	P41212
EMG1	nucleoplasm	HPA;GO	Q92979
RAB39A	cytosol	GO	Q14964
TOP2A	microtubules	GO	P11388
TRAPPC14	microtubules	GO	Q8WVR3
SIMC1	nucleoli	HPA	Q8NDZ2
TMEM86A	golgiapparatus	HPA	Q8N2M4
SYS1	golgiapparatus	GO	Q8N2H4
CD81	actinfilaments	GO	P60033
CACNG6	nucleoli	HPA	Q8WXS5
OTUD1	cytosol	HPA	Q5VV17
MAML2	nucleoplasm	HPA;GO	Q8IZL2
ENSG00000250424	plasmamembrane	HPA	
COMMD5	cytosol	HPA	Q9GZQ3
CASP10	cytosol	GO	Q92851
ZFC3H1	nucleoplasm	HPA	O60293
SURF4	endoplasmicreticulum	HPA;GO	O15260
MOB2	nucleoplasm	HPA	Q70IA6
CDO1	cytosol	HPA;GO	Q16878
PEDS1	endoplasmicreticulum	HPA;GO	A5PLL7
PYGB	cytosol	HPA	P11216
TRPM4	golgiapparatus	GO	Q8TD43
PDE6G	primarycilium	GO	P18545
ARPP19	nucleoli	HPA	P56211
FAM185A	cytosol	HPA	Q8N0U4
LLPH	nucleoli	HPA	Q9BRT6
GRAMD2A	nucleoplasm	HPA	Q8IUY3
RFWD3	cytosol	HPA	Q6PCD5
TSPAN14	endoplasmicreticulum	GO	Q8NG11
EDF1	nucleoplasm	HPA	O60869
APC	nucleoplasm	GO	P25054
MARCKS	endoplasmicreticulum	HPA	P29966
OR2AT4	plasmamembrane	GO	A6NND4
HLA-B	golgiapparatus	GO	P01889
FAS	plasmamembrane	HPA;GO	P25445
TONSL	nucleoplasm	HPA;GO	Q96HA7
UVSSA	nucleoplasm	HPA;GO	Q2YD98
CD1A	plasmamembrane	GO	P06126
FLT1	actinfilaments	HPA;GO	P17948
NSRP1	nucleoplasm	HPA;GO	Q9H0G5
RPL32	endoplasmicreticulum	HPA	P62910
IDE	mitochondria	GO	P14735
RANBP9	cytosol	HPA;GO	Q96P70
RASD2	cytosol	HPA	Q96D21
DISP2	plasmamembrane	GO	A7MBM2
RPL36	cytosol	HPA;GO	Q9Y3U8
CEP85	microtubules	GO	Q6P2H3
RNF44	nucleoplasm	HPA	Q7L0R7
UPK1A	plasmamembrane	GO	O00322
LGR4	centrosome	HPA	Q9BXB1
CTNND1	primarycilium	HPA	O60716
MAGEE1	microtubules	HPA	Q96JG8
RPS15	plasmamembrane	GO	P62841
PIK3R6	plasmamembrane	HPA	Q5UE93
SOHLH1	nucleoplasm	HPA	Q5JUK2
RAB33A	golgiapparatus	GO	Q14088
EPHA3	cytosol	HPA	P29320
ATG13	endoplasmicreticulum	GO	O75143
CHST15	cytosol	HPA	Q7LFX5
MAPK1	golgiapparatus	GO	P28482
NHERF4	plasmamembrane	GO	Q86UT5
NMBR	plasmamembrane	HPA;GO	P28336
MARVELD2	plasmamembrane	HPA;GO	Q8N4S9
NOVA1	nucleoli	HPA	P51513
PAGE4	golgiapparatus	HPA	O60829
ZNF292	nuclearmembrane	HPA	O60281
TRIB3	plasmamembrane	GO	Q96RU7
DNER	plasmamembrane	GO	Q8NFT8
PDLIM4	actinfilaments	HPA;GO	P50479
PHEX	plasmamembrane	HPA	P78562
VPS4A	cytosol	GO	Q9UN37
UBTF	nucleoli	HPA;GO	P17480
AGK	cytosol	GO	Q53H12
MAMDC4	nucleoplasm	HPA	Q6UXC1
CEP350	centrosome	HPA;GO	Q5VT06
LCTL	plasmamembrane	HPA	Q6UWM7
PLSCR1	plasmamembrane	HPA;GO	O15162
SLC4A4	plasmamembrane	HPA;GO	Q9Y6R1
ZFAND6	nucleoplasm	HPA	Q6FIF0
GALNT1	endoplasmicreticulum	GO	Q10472
PARD6G	cytosol	GO	Q9BYG4
CNPY2	cytosol	HPA	Q9Y2B0
FHIP2A	cytosol	HPA	Q5W0V3
RHOF	nucleoplasm	HPA	Q9HBH0
LYPLA2	cytosol	HPA;GO	O95372
FBXO5	microtubules	GO	Q9UKT4
KYNU	mitochondria	GO	Q16719
MAGEA9	nucleoplasm	HPA	P43362
FOXS1	nucleoplasm	HPA	O43638
PODXL	plasmamembrane	HPA;GO	O00592
TBL1X	nucleoli	HPA	O60907
RASAL2	plasmamembrane	HPA	Q9UJF2
SYVN1	plasmamembrane	HPA	Q86TM6
TTLL5	centrosome	GO	Q6EMB2
ESX1	nucleoplasm	HPA	Q8N693
CELF2	microtubules	HPA	O95319
PNKP	nucleoplasm	HPA;GO	Q96T60
CFAP107	microtubules	GO	Q8N1D5
TRO	cytosol	HPA	Q12816
HHAT	endoplasmicreticulum	GO	Q5VTY9
COL4A1	endoplasmicreticulum	GO	P02462
FAM98C	nucleoli	HPA	Q17RN3
TMED5	endoplasmicreticulum	GO	Q9Y3A6
IGKV3-11	plasmamembrane	HPA;GO	P04433
GPR89A	endoplasmicreticulum	HPA	B7ZAQ6
TNPO1	nucleoli	HPA	Q92973
CCDC85A	plasmamembrane	GO	Q96PX6
XPO1	nuclearmembrane	HPA	O14980
SLC28A3	plasmamembrane	GO	Q9HAS3
FTH1	cytosol	GO	P02794
PMEPA1	plasmamembrane	GO	Q969W9
DUSP11	nucleoli	HPA	O75319
CEP170B	cytosol	HPA	Q9Y4F5
GLDC	mitochondria	HPA;GO	P23378
MAIP1	mitochondria	HPA;GO	Q8WWC4
TMEM61	plasmamembrane	HPA	Q8N0U2
CDK5	nucleoplasm	HPA;GO	Q00535
KAT8	nucleoplasm	HPA;GO	Q9H7Z6
MCAT	mitochondria	HPA;GO	Q8IVS2
FGFR1	cytosol	HPA	P11362
DET1	microtubules	HPA	Q7L5Y6
MRPL22	mitochondria	HPA;GO	Q9NWU5
NTNG2	plasmamembrane	HPA;GO	Q96CW9
SLITRK3	plasmamembrane	GO	O94933
CT45A2	nucleoplasm	HPA	Q5DJT8
KIAA1191	nucleoplasm	HPA	Q96A73
PTP4A2	cytosol	GO	Q12974
USP16	nucleoplasm	HPA;GO	Q9Y5T5
SESN1	nucleoplasm	HPA	Q9Y6P5
ELL2	nucleoplasm	HPA;GO	O00472
EEF1G	golgiapparatus	HPA	P26641
CKAP5	centrosome	HPA;GO	Q14008
EXOSC2	nucleoli	HPA	Q13868
HUNK	plasmamembrane	HPA	P57058
DHX58	golgiapparatus	HPA	Q96C10
ANTKMT	mitochondria	GO	Q9BQD7
CCDC22	centrosome	GO	O60826
CD1D	plasmamembrane	GO	P15813
KCNK2	plasmamembrane	GO	O95069
TAF13	nucleoli	HPA	Q15543
RPS29	nucleoplasm	GO	P62273
GCNT1	nucleoplasm	HPA	Q02742
IGKV1D-12	plasmamembrane	GO	P01611
CDH10	plasmamembrane	HPA;GO	Q9Y6N8
ENSG00000290317	nucleoplasm	HPA	
MBNL3	nucleoplasm	HPA	Q9NUK0
INTS4	nucleoplasm	GO	Q96HW7
HAS1	nucleoplasm	HPA	Q92839
ASZ1	nucleoplasm	HPA	Q8WWH4
TRIM55	golgiapparatus	HPA	Q9BYV6
OR2M2	plasmamembrane	GO	Q96R28
PLA2G4F	cytosol	GO	Q68DD2
TEX26	golgiapparatus	HPA	Q8N6G2
KRTAP5-3	cytosol	GO	Q6L8H2
RAB22A	golgiapparatus	HPA	Q9UL26
TSPAN31	nucleoplasm	HPA	Q12999
IL6	plasmamembrane	GO	P05231
JPH3	endoplasmicreticulum	GO	Q8WXH2
ATP6V1B1	nucleoplasm	HPA	P15313
IGKV1-33	plasmamembrane	GO	P01594
CNOT10	cytosol	HPA;GO	Q9H9A5
RBMY1B	nucleoli	HPA	A6NDE4
GSTM4	cytosol	HPA;GO	Q03013
CCDC8	nucleoplasm	HPA	Q9H0W5
ZNF598	cytosol	HPA;GO	Q86UK7
CTSC	endoplasmicreticulum	GO	P53634
RESF1	nucleoli	HPA	Q9HCM1
PCDH15	plasmamembrane	HPA;GO	Q96QU1
RPL22	cytosol	GO	P35268
KIF15	cytosol	GO	Q9NS87
NANP	nuclearmembrane	HPA	Q8TBE9
AURKA	centrosome	HPA;GO	O14965
KIAA1549L	nucleoplasm	HPA	Q6ZVL6
TNNT2	actinfilaments	GO	P45379
INO80C	nucleoli	HPA	Q6PI98
GAB3	nucleoplasm	HPA	Q8WWW8
GPR173	plasmamembrane	HPA	Q9NS66
SNAP25	plasmamembrane	HPA;GO	P60880
CIAO1	microtubules	GO	O76071
ANK2	plasmamembrane	HPA;GO	Q01484
PRDM14	nucleoplasm	HPA;GO	Q9GZV8
CIAPIN1	nucleoli	GO	Q6FI81
MBP	cytosol	GO	P02686
RPS3A	nucleoplasm	GO	P61247
THSD7A	plasmamembrane	GO	Q9UPZ6
ABHD4	endoplasmicreticulum	GO	Q8TB40
GPC3	golgiapparatus	GO	P51654
RND2	plasmamembrane	GO	P52198
HOXD13	nucleoplasm	HPA	P35453
MZT2A	cytosol	HPA;GO	Q6P582
FAM111B	cytosol	HPA	Q6SJ93
ZW10	microtubules	GO	O43264
ADRA2B	plasmamembrane	GO	P18089
MAP3K11	centrosome	HPA;GO	Q16584
PARP8	microtubules	HPA	Q8N3A8
ACLY	nucleoplasm	HPA	P53396
CTTN	cytosol	GO	Q14247
ABITRAM	primarycilium	HPA	Q9NX38
NDUFS8	mitochondria	HPA;GO	O00217
RAB34	golgiapparatus	GO	P0DI83
FADD	nucleoplasm	HPA	Q13158
HSP90B1	cytosol	GO	P14625
SLC11A2	mitochondria	HPA	P49281
GPC6	golgiapparatus	HPA;GO	Q9Y625
DCAF7	nucleoplasm	HPA;GO	P61962
NFX1	nucleoplasm	HPA	Q12986
OR2L13	plasmamembrane	GO	Q8N349
USP54	mitochondria	HPA	Q70EL1
MTPAP	mitochondria	HPA	Q9NVV4
USP51	nucleoli	HPA	Q70EK9
HTR5A	plasmamembrane	GO	P47898
SH3PXD2B	cytosol	HPA	A1X283
DYNC1LI1	nucleoplasm	GO	Q9Y6G9
NCAPD3	nucleoplasm	HPA;GO	P42695
LGALS13	nucleoplasm	HPA	Q9UHV8
SCLY	cytosol	GO	Q96I15
MIB2	cytosol	GO	Q96AX9
FBXW2	nucleoplasm	HPA	Q9UKT8
HNRNPM	nucleoplasm	HPA;GO	P52272
AKR1E2	golgiapparatus	HPA	Q96JD6
PTGS1	endoplasmicreticulum	GO	P23219
EBP	nuclearmembrane	HPA	Q15125
KCNJ1	plasmamembrane	GO	P48048
DYNLL1	centrosome	GO	P63167
PTGFR	plasmamembrane	GO	P43088
PRRT4	plasmamembrane	HPA	C9JH25
KARS1	plasmamembrane	HPA	Q15046
ZSCAN20	nucleoplasm	HPA	P17040
SLC6A15	plasmamembrane	GO	Q9H2J7
GSK3B	centrosome	GO	P49841
IGHV3-11	plasmamembrane	GO	P01762
WEE1	nucleoplasm	GO	P30291
ARL13B	cytosol	GO	Q3SXY8
YJU2	nucleoplasm	HPA;GO	Q9BW85
SEC23IP	cytosol	GO	Q9Y6Y8
NDUFB3	mitochondria	GO	O43676
CD2BP2	nucleoplasm	HPA;GO	O95400
NRIP2	nucleoplasm	HPA	Q9BQI9
DYNLRB1	primarycilium	GO	Q9NP97
C1D	nucleoli	HPA	Q13901
PIGQ	nucleoplasm	HPA	Q9BRB3
SEC23A	endoplasmicreticulum	HPA;GO	Q15436
G2E3	golgiapparatus	HPA	Q7L622
ZNF865	nucleoplasm	HPA	P0CJ78
AK1	cytosol	HPA;GO	P00568
RAB31	golgiapparatus	HPA;GO	Q13636
DDX5	cytosol	GO	P17844
RAB10	golgiapparatus	GO	P61026
WLS	golgiapparatus	GO	Q5T9L3
OPRM1	plasmamembrane	GO	P35372
IKBIP	nucleoli	HPA	Q70UQ0
CCDC59	nucleoli	HPA	Q9P031
RBM33	nucleoplasm	HPA	Q96EV2
TRAF6	cytosol	GO	Q9Y4K3
ASB16	cytosol	GO	Q96NS5
POLR3E	cytosol	GO	Q9NVU0
DCP1A	cytosol	HPA;GO	Q9NPI6
RBMY1A1	nucleoplasm	HPA	P0DJD3
ATF7	nucleoplasm	HPA;GO	P17544
TSC22D1	nucleoplasm	HPA	Q15714
VNN2	plasmamembrane	GO	O95498
ZNF680	nucleoplasm	HPA	Q8NEM1
RPL7A	plasmamembrane	GO	P62424
LRRC14	cytosol	HPA;GO	Q15048
KLRF2	plasmamembrane	GO	D3W0D1
DYNLT1	microtubules	GO	P63172
RNF167	centrosome	HPA	Q9H6Y7
DSP	plasmamembrane	HPA;GO	P15924
LONRF1	cytosol	HPA;GO	Q17RB8
RFPL4A	cytosol	HPA	A6NLU0
PFDN5	cytosol	HPA	Q99471
CLDN2	nucleoli	HPA	P57739
TXNDC9	cytosol	HPA	O14530
FBXL3	cytosol	GO	Q9UKT7
SLBP	nucleoplasm	HPA;GO	Q14493
PLEKHA7	plasmamembrane	HPA;GO	Q6IQ23
PCBP4	cytosol	HPA;GO	P57723
FANCC	cytosol	GO	Q00597
ODAD1	microtubules	GO	Q96M63
EPS8L1	plasmamembrane	GO	Q8TE68
IL10RB	cytosol	HPA	Q08334
PKHD1	cytosol	HPA	P08F94
TRBV19	plasmamembrane	GO	A0A075B6N1
LDHC	cytosol	HPA;GO	P07864
TP73	primarycilium	HPA	O15350
AK4	mitochondria	HPA;GO	P27144
CAST	endoplasmicreticulum	HPA	O15446
SPOCD1	cytosol	HPA	Q6ZMY3
LSM2	nucleoplasm	HPA;GO	Q9Y333
IFNAR2	plasmamembrane	GO	P48551
NMRAL1	nucleoplasm	HPA	Q9HBL8
RAPGEF4	actinfilaments	HPA	Q8WZA2
FAM184A	centrosome	HPA;GO	Q8NB25
HSPA12A	cytosol	HPA	O43301
ODAD2	primarycilium	GO	Q5T2S8
PTPRF	plasmamembrane	GO	P10586
HLA-DQA1	plasmamembrane	GO	P01909
NR1D2	nucleoplasm	HPA;GO	Q14995
DNAJC24	cytosol	HPA	Q6P3W2
ARPC1B	cytosol	HPA;GO	O15143
AXL	actinfilaments	HPA	P30530
EHD3	actinfilaments	GO	Q9NZN3
ANXA3	plasmamembrane	HPA;GO	P12429
ANKMY1	cytosol	HPA	Q9P2S6
YWHAE	plasmamembrane	GO	P62258
SPARCL1	endoplasmicreticulum	GO	Q14515
SP5	nucleoplasm	HPA	Q6BEB4
KCNRG	endoplasmicreticulum	GO	Q8N5I3
FLRT2	actinfilaments	GO	O43155
ETV7	nucleoplasm	HPA	Q9Y603
COG8	golgiapparatus	HPA;GO	Q96MW5
KAT2A	nucleoplasm	GO	Q92830
HARBI1	cytosol	HPA	Q96MB7
ATP11C	plasmamembrane	GO	Q8NB49
PCP4	nucleoli	HPA	P48539
NECAP1	cytosol	HPA;GO	Q8NC96
IFT43	microtubules	HPA	Q96FT9
ATF7-NPFF	cytosol	HPA	
PROSER3	centrosome	GO	Q2NL68
TMEM218	plasmamembrane	HPA	A2RU14
SBF1	nucleoplasm	HPA	O95248
ARSA	endoplasmicreticulum	GO	O43681
ASXL1	nucleoli	HPA	Q8IXJ9
BANK1	cytosol	HPA	Q8NDB2
NUDT8	nucleoli	HPA	Q8WV74
NPNT	nucleoplasm	HPA	Q6UXI9
FABP7	nucleoplasm	HPA	O15540
BASP1	nucleoplasm	GO	P80723
PANK1	cytosol	GO	Q8TE04
SUSD2	plasmamembrane	HPA;GO	Q9UGT4
CCND2	nucleoplasm	HPA;GO	P30279
DCDC2	cytosol	HPA	Q9UHG0
LDHAL6B	cytosol	HPA	Q9BYZ2
SGTB	microtubules	HPA	Q96EQ0
CCDC154	plasmamembrane	HPA	A6NI56
FAM90A26	nucleoplasm	HPA	D6RGX4
TMTC2	plasmamembrane	HPA	Q8N394
HDAC10	nucleoplasm	HPA;GO	Q969S8
TMPRSS13	nucleoplasm	HPA	Q9BYE2
ELOC	nucleoplasm	GO	Q15369
OR10G4	plasmamembrane	GO	Q8NGN3
CNST	golgiapparatus	GO	Q6PJW8
WDFY3	nucleoplasm	GO	Q8IZQ1
SLC26A1	microtubules	HPA	Q9H2B4
CA13	nucleoplasm	HPA	Q8N1Q1
ZNF280D	nucleoplasm	HPA	Q6N043
MUC21	golgiapparatus	GO	Q5SSG8
FMO2	endoplasmicreticulum	GO	P31512
PISD	mitochondria	GO	Q9UG56
SMG6	primarycilium	HPA	Q86US8
SEPTIN2	actinfilaments	HPA	Q15019
TMEM268	plasmamembrane	HPA	Q5VZI3
AKAP8	nucleoli	GO	O43823
DOC2A	nucleoplasm	HPA	Q14183
TADA2A	nucleoplasm	HPA;GO	O75478
CCN1	endoplasmicreticulum	GO	O00622
KLC3	centrosome	HPA	Q6P597
XYLT2	golgiapparatus	GO	Q9H1B5
CETN3	primarycilium	HPA	O15182
S100A3	cytosol	HPA	P33764
IQSEC3	nucleoplasm	HPA	Q9UPP2
A4GNT	golgiapparatus	GO	Q9UNA3
CHIC2	plasmamembrane	HPA	Q9UKJ5
OPLAH	cytosol	GO	O14841
NUP62	microtubules	GO	P37198
XNDC1N	nucleoli	HPA	Q6ZNB5
SPACA9	microtubules	GO	Q96E40
AQP3	plasmamembrane	HPA;GO	Q92482
GORAB	nucleoli	HPA	Q5T7V8
MIOS	cytosol	HPA	Q9NXC5
SDK1	cytosol	HPA	Q7Z5N4
ITM2A	plasmamembrane	HPA	O43736
SH3GL2	golgiapparatus	GO	Q99962
KRT75	intermediatefilaments	GO	O95678
FAM90A20P	nucleoli	HPA	A6NIJ5
BTN2A1	plasmamembrane	HPA;GO	Q7KYR7
PDIA6	endoplasmicreticulum	HPA;GO	Q15084
EGLN2	nucleoplasm	HPA;GO	Q96KS0
PSRC1	cytosol	HPA;GO	Q6PGN9
WDR20	nucleoplasm	GO	Q8TBZ3
MAST3	nucleoplasm	HPA	O60307
CCDC40	primarycilium	HPA;GO	Q4G0X9
SYTL1	plasmamembrane	GO	Q8IYJ3
GNG10	plasmamembrane	GO	P50151
CFAP90	primarycilium	GO	A4QMS7
MRPL47	mitochondria	HPA;GO	Q9HD33
DCTPP1	mitochondria	GO	Q9H773
OXSM	mitochondria	HPA;GO	Q9NWU1
C6orf132	golgiapparatus	HPA	Q5T0Z8
RARB	nucleoplasm	HPA;GO	P10826
CCT6A	cytosol	HPA;GO	P40227
TTLL7	cytosol	GO	Q6ZT98
CYFIP1	cytosol	GO	Q7L576
RRP15	nucleoli	HPA	Q9Y3B9
RARA	actinfilaments	HPA	P10276
KIAA0586	centrosome	GO	Q9BVV6
ZNF397	cytosol	HPA	Q8NF99
WDR33	nucleoplasm	HPA;GO	Q9C0J8
TAPT1	primarycilium	HPA;GO	Q6NXT6
ZC3H8	nucleoplasm	HPA;GO	Q8N5P1
CAPN12	actinfilaments	HPA	Q6ZSI9
PIF1	nucleoplasm	HPA;GO	Q9H611
SLC35B2	golgiapparatus	GO	Q8TB61
ADGRG5	nucleoplasm	HPA	Q8IZF4
BTBD17	cytosol	HPA	A6NE02
PSD3	cytosol	HPA	Q9NYI0
GLIS3	primarycilium	HPA	Q8NEA6
SLC25A23	mitochondria	HPA;GO	Q9BV35
SLC38A10	golgiapparatus	HPA	Q9HBR0
STRN3	primarycilium	HPA	Q13033
DGKQ	plasmamembrane	GO	P52824
ESR2	nucleoplasm	HPA;GO	Q92731
TMEM258	cytosol	HPA	P61165
ARRB1	golgiapparatus	GO	P49407
ANPEP	plasmamembrane	HPA;GO	P15144
S1PR3	plasmamembrane	GO	Q99500
TBL1XR1	nucleoplasm	HPA;GO	Q9BZK7
CEP44	centrosome	GO	Q9C0F1
RREB1	nucleoplasm	HPA;GO	Q92766
DEPDC1	nucleoplasm	HPA	Q5TB30
ZFYVE19	microtubules	GO	Q96K21
PPP3R2	primarycilium	HPA	Q96LZ3
MAGEA4	nucleoplasm	HPA	P43358
CCHCR1	cytosol	HPA	Q8TD31
MAPK1	microtubules	HPA	P28482
MEAF6	nucleoplasm	HPA;GO	Q9HAF1
PGAM5	mitochondria	HPA;GO	Q96HS1
CHMP4B	cytosol	GO	Q9H444
GC	cytosol	GO	P02774
CFAP77	primarycilium	GO	Q6ZQR2
TTC21B	centrosome	HPA	Q7Z4L5
GCNT4	nucleoplasm	HPA	Q9P109
ECT2L	nucleoplasm	HPA	Q008S8
ATF4	cytosol	GO	P18848
LAT	golgiapparatus	HPA	O43561
AP4B1	cytosol	GO	Q9Y6B7
GAS1	nucleoplasm	HPA	P54826
TTLL9	nucleoplasm	HPA	Q3SXZ7
UCP1	mitochondria	GO	P25874
MAP3K7CL	cytosol	GO	P57077
TMEM192	plasmamembrane	GO	Q8IY95
MAP3K21	cytosol	HPA	Q5TCX8
GSDMC	plasmamembrane	GO	Q9BYG8
DEPDC7	nucleoplasm	HPA	Q96QD5
GDI2	cytosol	HPA;GO	P50395
ROR1	plasmamembrane	GO	Q01973
KRT40	cytosol	GO	Q6A162
SORL1	plasmamembrane	GO	Q92673
SLC11A1	mitochondria	HPA	P49279
ATP6V1E1	cytosol	GO	P36543
B2M	plasmamembrane	HPA;GO	P61769
PBX3	nucleoplasm	HPA	P40426
TNFSF13B	plasmamembrane	HPA	Q9Y275
MGAT4B	cytosol	HPA	Q9UQ53
CNIH1	endoplasmicreticulum	GO	O95406
NUDT2	nucleoplasm	HPA	P50583
CPNE2	nucleoplasm	HPA	Q96FN4
ANKRD42	cytosol	HPA	Q8N9B4
GP9	cytosol	HPA	P14770
KRT3	intermediatefilaments	GO	P12035
CLN5	endoplasmicreticulum	GO	O75503
AHCYL2	cytosol	HPA	Q96HN2
DNAH12	cytosol	HPA	Q6ZR08
P3H3	plasmamembrane	HPA	Q8IVL6
CCDC184	cytosol	HPA	Q52MB2
CELA3A	cytosol	HPA	P09093
GHR	plasmamembrane	HPA;GO	P10912
HMGCS1	nucleoplasm	HPA	Q01581
LURAP1	cytosol	HPA	Q96LR2
TRIP4	plasmamembrane	GO	Q15650
KIF13A	microtubules	GO	Q9H1H9
OR4F17	plasmamembrane	GO	Q8NGA8
AP1S3	golgiapparatus	GO	Q96PC3
ENPP2	golgiapparatus	HPA	Q13822
LAPTM4A	plasmamembrane	HPA	Q15012
TRIM24	cytosol	GO	O15164
POLR1G	nucleoplasm	HPA;GO	O15446
ARHGAP32	golgiapparatus	HPA	A7KAX9
CHRNA2	plasmamembrane	HPA;GO	Q15822
DENND11	golgiapparatus	HPA	A4D1U4
OGFOD1	cytosol	HPA;GO	Q8N543
SMIM12	mitochondria	HPA	Q96EX1
SPANXC	nucleoplasm	HPA	Q9NY87
ARHGAP18	microtubules	GO	Q8N392
CHRNA5	actinfilaments	HPA	P30532
ODF2L	primarycilium	GO	Q9ULJ1
MRPL53	mitochondria	HPA;GO	Q96EL3
PCIF1	microtubules	HPA	Q9H4Z3
UBE2D2	cytosol	HPA;GO	P62837
PTPN18	intermediatefilaments	HPA	Q99952
PRR22	nucleoplasm	HPA	Q8IZ63
PNISR	plasmamembrane	HPA	Q8TF01
PABPC1L	cytosol	HPA	Q4VXU2
RAB3IP	golgiapparatus	GO	Q96QF0
ENSG00000241690	plasmamembrane	HPA	
MRPS36	mitochondria	HPA	P82909
CCDC190	cytosol	HPA	Q86UF4
DOP1A	nucleoplasm	HPA	Q5JWR5
MEX3B	cytosol	HPA;GO	Q6ZN04
PLPP6	plasmamembrane	GO	Q8IY26
GIPC3	nucleoplasm	HPA	Q8TF64
BUB3	nucleoplasm	HPA;GO	O43684
ACIN1	nucleoplasm	HPA;GO	Q9UKV3
CEP70	primarycilium	HPA	Q8NHQ1
ANXA4	plasmamembrane	GO	P09525
NOB1	nucleoplasm	GO	Q9ULX3
CARMIL2	actinfilaments	GO	Q6F5E8
MSI1	cytosol	HPA	O43347
VGLL3	nucleoli	HPA	A8MV65
ABI2	plasmamembrane	GO	Q9NYB9
RNF135	cytosol	GO	Q8IUD6
ILK	plasmamembrane	GO	Q13418
DAO	mitochondria	GO	P14920
KCNIP3	plasmamembrane	GO	Q9Y2W7
ABCB9	endoplasmicreticulum	GO	Q9NP78
SSNA1	centrosome	GO	O43805
PHF7	nucleoplasm	HPA	Q9BWX1
HNMT	cytosol	HPA;GO	P50135
SGO2	nucleoplasm	HPA;GO	Q562F6
HTR1D	plasmamembrane	GO	P28221
SPATA2	cytosol	GO	Q9UM82
TCEANC	nucleoplasm	HPA	Q8N8B7
GRB14	plasmamembrane	GO	Q14449
MDC1	nucleoplasm	HPA;GO	Q14676
PGRMC2	nucleoplasm	HPA;GO	O15173
HTR3A	actinfilaments	GO	P46098
KCNF1	golgiapparatus	HPA	Q9H3M0
SUFU	primarycilium	GO	Q9UMX1
SLC8A2	plasmamembrane	GO	Q9UPR5
SLC2A7	plasmamembrane	GO	Q6PXP3
RFX2	primarycilium	HPA	P48378
SP4	cytosol	HPA	Q02446
ATP8B2	golgiapparatus	GO	P98198
TTPAL	cytosol	HPA	Q9BTX7
CTNNBL1	nucleoplasm	HPA;GO	Q8WYA6
ABCD2	cytosol	GO	Q9UBJ2
HTR7	nucleoplasm	HPA	P34969
SLC27A1	cytosol	HPA	Q6PCB7
ZNF776	nucleoplasm	HPA	Q68DI1
ARFIP2	plasmamembrane	GO	P53365
LSMEM2	plasmamembrane	HPA	Q8N112
FLOT1	microtubules	GO	O75955
LRRC8A	plasmamembrane	GO	Q8IWT6
AIF1	plasmamembrane	GO	P55008
CT45A5	nucleoplasm	HPA	P0DMU8
CHRM2	golgiapparatus	HPA	P08172
MDFIC	nucleoplasm	HPA	Q9P1T7
UBE2O	nucleoplasm	HPA	Q9C0C9
DBH	endoplasmicreticulum	HPA	P09172
HMGCLL1	endoplasmicreticulum	GO	Q8TB92
SDCBP	plasmamembrane	GO	O00560
CNTN5	plasmamembrane	GO	O94779
STING1	golgiapparatus	GO	Q86WV6
GRM8	plasmamembrane	GO	O00222
GRK1	primarycilium	GO	Q15835
STAG3	nucleoplasm	HPA;GO	Q9UJ98
ZNF445	cytosol	HPA	P59923
SNRPF	nucleoplasm	GO	P62306
SRP19	cytosol	HPA;GO	P09132
LRRC10B	nucleoli	HPA	A6NIK2
TMEM170B	plasmamembrane	GO	Q5T4T1
USP49	nucleoplasm	GO	Q70CQ1
DNAJC21	cytosol	HPA	Q5F1R6
KMT2B	nucleoplasm	HPA;GO	Q9UMN6
CFAP20	nucleoplasm	HPA	Q9Y6A4
ABCB1	plasmamembrane	HPA;GO	P08183
KDELR1	cytosol	HPA	P24390
NOXRED1	plasmamembrane	HPA	Q6NXP6
POLR2F	nucleoplasm	HPA;GO	P61218
QSER1	nucleoplasm	HPA	Q2KHR3
TDRD3	golgiapparatus	HPA	Q9H7E2
E2F4	nucleoplasm	HPA;GO	Q16254
PARVA	actinfilaments	HPA;GO	Q9NVD7
RAB34	microtubules	GO	P0DI83
SRSF9	nucleoplasm	HPA;GO	Q13242
SLC29A4	microtubules	HPA	Q7RTT9
SAP30BP	nucleoplasm	HPA	Q9UHR5
AKTIP	golgiapparatus	HPA	Q9H8T0
DAPK3	primarycilium	HPA	O43293
PRDX6	cytosol	HPA;GO	P30041
MYO9B	actinfilaments	GO	Q13459
HOPX	cytosol	HPA	Q9BPY8
ZBTB9	nucleoplasm	HPA	Q96C00
TOR1A	cytosol	GO	O14656
SLC30A2	mitochondria	GO	Q9BRI3
KCNN2	plasmamembrane	GO	Q9H2S1
NAXE	nucleoplasm	HPA	Q8NCW5
TNPO2	nucleoli	HPA	O14787
TMEM208	endoplasmicreticulum	GO	Q9BTX3
SH3PXD2A	cytosol	HPA;GO	Q5TCZ1
PIP5K1B	nucleoplasm	HPA	O14986
CCDC183	nucleoplasm	HPA	Q5T5S1
NSMCE4A	nucleoplasm	HPA;GO	Q9NXX6
NTMT1	nucleoplasm	HPA	Q9BV86
ZNF701	nucleoplasm	HPA	Q9NV72
EEF1A1	nucleoli	GO	P68104
ANKRD49	nucleoplasm	HPA	Q8WVL7
CREB5	plasmamembrane	HPA	Q02930
RBM26	nucleoplasm	HPA	Q5T8P6
HAO1	cytosol	GO	Q9UJM8
TARS3	cytosol	HPA	A2RTX5
ASB8	cytosol	GO	Q9H765
POLR1D	cytosol	GO	P0DPB5
CDKN1A	nucleoplasm	HPA;GO	P38936
CNGA1	plasmamembrane	HPA;GO	P29973
ANKRD13C	endoplasmicreticulum	GO	Q8N6S4
TSPAN4	actinfilaments	GO	O14817
SPTBN2	cytosol	HPA;GO	O15020
FKBP14	endoplasmicreticulum	GO	Q9NWM8
PI4K2B	golgiapparatus	GO	Q8TCG2
COMMD1	cytosol	HPA;GO	Q8N668
CPNE9	cytosol	HPA	Q8IYJ1
CLN8	endoplasmicreticulum	GO	Q9UBY8
HNRNPU	cytosol	GO	Q00839
CTNNA1	cytosol	GO	P35221
HOXA7	nucleoplasm	HPA	P31268
MS4A15	cytosol	HPA	Q8N5U1
CEP126	microtubules	GO	Q9P2H0
MT-ND4L	centrosome	HPA	P03901
PTGER4	plasmamembrane	GO	P35408
LAX1	golgiapparatus	HPA	Q8IWV1
S100A14	cytosol	HPA	Q9HCY8
MON2	nucleoli	HPA	Q7Z3U7
VCPIP1	centrosome	HPA	Q96JH7
RABGAP1	cytosol	HPA;GO	Q9Y3P9
KPNA2	nucleoplasm	HPA;GO	P52292
SZT2	nucleoplasm	HPA	Q5T011
LPGAT1	endoplasmicreticulum	GO	Q92604
PTGS2	endoplasmicreticulum	GO	P35354
TRMT44	cytosol	HPA	Q8IYL2
GLG1	golgiapparatus	HPA	Q92896
POLR1C	cytosol	GO	O15160
C6orf226	nucleoplasm	HPA	Q5I0X4
ZNF280B	nucleoplasm	HPA	Q86YH2
ABCF3	cytosol	HPA	Q9NUQ8
KIAA1549	nuclearmembrane	HPA	Q9HCM3
NRDE2	nucleoplasm	HPA;GO	Q9H7Z3
CEACAM5	plasmamembrane	HPA;GO	P06731
GGNBP2	endoplasmicreticulum	HPA	Q9H3C7
COL9A1	endoplasmicreticulum	GO	P20849
H1-2	nucleoplasm	HPA;GO	P16403
ATOX1	plasmamembrane	HPA	O00244
ENOX2	cytosol	HPA	Q16206
RPL7L1	nucleoli	HPA	Q6DKI1
SAMD9L	cytosol	HPA	Q8IVG5
HNF1B	nucleoplasm	HPA	P35680
BSG	endoplasmicreticulum	GO	P35613
ITGAV	actinfilaments	HPA;GO	P06756
KRT19	intermediatefilaments	HPA	P08727
ARHGAP25	plasmamembrane	GO	P42331
C1orf109	cytosol	HPA	Q9NX04
CAPS	cytosol	HPA	Q13938
RNF168	nucleoplasm	HPA;GO	Q8IYW5
MMAA	mitochondria	GO	Q8IVH4
C17orf97	nucleoli	HPA	Q6ZQX7
MTUS2	microtubules	HPA;GO	Q5JR59
SGIP1	plasmamembrane	GO	Q9BQI5
LPXN	plasmamembrane	GO	O60711
LYPLAL1	cytosol	HPA	Q5VWZ2
GYS2	cytosol	GO	P54840
ZNF335	nucleoplasm	HPA;GO	Q9H4Z2
HPSE	nucleoplasm	HPA	Q9Y251
HSPB1	plasmamembrane	HPA;GO	P04792
PRKCH	cytosol	HPA;GO	C0HM02
MED16	nucleoplasm	GO	Q9Y2X0
COX5B	mitochondria	HPA;GO	P10606
FAT1	plasmamembrane	GO	Q14517
CAMKV	microtubules	HPA	Q8NCB2
DPY19L3	microtubules	HPA	Q6ZPD9
ACOT13	cytosol	GO	Q9NPJ3
CEP162	nucleoplasm	HPA	Q5TB80
IGHM	plasmamembrane	GO	P01871
KIAA0232	cytosol	HPA	Q92628
ALKBH3	nucleoplasm	HPA;GO	Q96Q83
NCS1	plasmamembrane	HPA;GO	P62166
SLC27A6	nucleoplasm	HPA	Q9Y2P4
WHAMM	golgiapparatus	GO	Q8TF30
RNF43	plasmamembrane	GO	Q68DV7
CCP110	microtubules	GO	O43303
PTPRH	plasmamembrane	HPA	Q9HD43
S100A1	cytosol	HPA	P23297
NADK	nucleoplasm	HPA	O95544
TMT1A	endoplasmicreticulum	GO	Q9H8H3
SLC6A11	plasmamembrane	GO	P48066
CREG1	microtubules	HPA	O75629
PHGDH	nucleoplasm	HPA	O43175
RASSF10	cytosol	HPA	A6NK89
STMN3	cytosol	HPA	Q9NZ72
SYCE1L	intermediatefilaments	HPA	A8MT33
CPA3	golgiapparatus	HPA	P15088
NT5C1B-RDH14	plasmamembrane	HPA	
VDAC1	mitochondria	GO	P21796
PYCARD	nucleoli	HPA	Q9ULZ3
H2AC4	nucleoplasm	HPA	P04908
HPRT1	cytosol	HPA;GO	P00492
AATK	mitochondria	HPA	Q6ZMQ8
MRTFA	nucleoplasm	HPA;GO	Q969V6
ZNF583	cytosol	HPA	Q96ND8
SMPDL3B	cytosol	HPA	Q92485
MECP2	nucleoplasm	HPA;GO	P51608
MEF2A	nucleoplasm	HPA;GO	Q02078
MNX1	cytosol	HPA	P50219
EAF2	nucleoplasm	GO	Q96CJ1
CD3G	cytosol	HPA	P09693
COMMD8	nucleoplasm	HPA	Q9NX08
SHTN1	primarycilium	HPA	A0MZ66
LTBR	golgiapparatus	HPA	P36941
SRBD1	cytosol	HPA	Q8N5C6
FAM20C	endoplasmicreticulum	GO	Q8IXL6
DDX54	nucleoplasm	HPA	Q8TDD1
PTPRZ1	cytosol	HPA	P23471
SNX29	cytosol	HPA	Q8TEQ0
KCTD13	cytosol	GO	Q8WZ19
ITGA11	plasmamembrane	GO	Q9UKX5
EGFL8	nucleoplasm	HPA	Q99944
PIM3	cytosol	HPA	Q86V86
IPCEF1	plasmamembrane	HPA	Q8WWN9
ARMCX6	nucleoplasm	HPA	Q7L4S7
ORM2	golgiapparatus	HPA	P19652
YIF1A	golgiapparatus	HPA	O95070
OR10G7	plasmamembrane	GO	Q8NGN6
CLU	endoplasmicreticulum	GO	P10909
IGKV1-12	plasmamembrane	GO	A0A0C4DH73
GAMT	cytosol	GO	Q14353
CACYBP	nucleoplasm	HPA	Q9HB71
ZBTB44	nucleoplasm	HPA	Q8NCP5
PDE7B	cytosol	GO	Q9NP56
C1orf116	cytosol	HPA	Q9BW04
TIMM8A	mitochondria	HPA;GO	O60220
JUP	actinfilaments	GO	P14923
AHCYL1	endoplasmicreticulum	GO	O43865
KRTAP21-2	cytosol	GO	Q3LI59
TUBA8	microtubules	HPA	Q9NY65
SAMD15	cytosol	HPA	Q9P1V8
EFNA5	plasmamembrane	GO	P52803
ARFGAP3	golgiapparatus	HPA	Q9NP61
TICAM2	plasmamembrane	GO	Q86XR7
PTPRM	plasmamembrane	HPA;GO	P28827
IGSF5	actinfilaments	HPA	Q9NSI5
EVL	cytosol	HPA;GO	Q9UI08
LMO1	nucleoplasm	GO	P25800
NUP50	nuclearmembrane	HPA;GO	Q9UKX7
RBM34	nucleoplasm	HPA	P42696
BAD	mitochondria	HPA;GO	Q92934
ACOT9	plasmamembrane	HPA	Q9Y305
GLYR1	nucleoplasm	HPA;GO	Q49A26
NME9	cytosol	HPA	Q86XW9
SEPTIN3	plasmamembrane	HPA	Q9UH03
GCOM1	nucleoplasm	HPA	
BEX4	nucleoplasm	HPA	Q9NWD9
SH3GL2	microtubules	HPA	Q99962
AZIN2	golgiapparatus	GO	Q96A70
TBC1D19	nuclearmembrane	HPA	Q8N5T2
PCDHGB2	plasmamembrane	HPA	Q9Y5G2
POLD1	nucleoplasm	HPA;GO	P28340
RAN	nucleoli	GO	P62826
DENND4C	golgiapparatus	HPA	Q5VZ89
FAM110A	microtubules	GO	Q9BQ89
CAPN2	cytosol	HPA;GO	P17655
CCDC115	plasmamembrane	HPA	Q96NT0
ELP6	cytosol	HPA	Q0PNE2
NELFE	nucleoplasm	HPA;GO	P18615
RAG2	nucleoplasm	HPA;GO	P55895
ARF1	golgiapparatus	GO	P84077
OTULINL	endoplasmicreticulum	GO	Q9NUU6
SLC25A20	mitochondria	HPA;GO	O43772
NKX3-1	nucleoplasm	HPA;GO	Q99801
C5orf58	microtubules	HPA	C9J3I9
GMPPB	cytosol	GO	Q9Y5P6
RCN2	endoplasmicreticulum	HPA	Q14257
POLR3GL	cytosol	GO	Q9BT43
DRG1	nucleoplasm	HPA	Q92597
GJA1	endoplasmicreticulum	GO	P17302
SMARCAL1	nucleoplasm	HPA;GO	Q9NZC9
EEF1D	endoplasmicreticulum	GO	P29692
ZBED2	nucleoplasm	HPA	Q9BTP6
HACD3	endoplasmicreticulum	HPA;GO	Q9P035
EXOSC5	cytosol	GO	Q9NQT4
BEX3	cytosol	HPA;GO	Q00994
GPBP1L1	cytosol	HPA	Q9HC44
NID2	plasmamembrane	HPA	Q14112
PINX1	nucleoplasm	HPA;GO	Q96BK5
P4HB	plasmamembrane	GO	P07237
NR5A2	nucleoplasm	GO	O00482
POMT2	nucleoplasm	HPA	Q9UKY4
APLP2	plasmamembrane	GO	Q06481
THRB	nucleoplasm	HPA;GO	P10828
TTC3	nucleoli	HPA	P53804
ANKRD10	nucleoplasm	HPA	Q9NXR5
TET1	nuclearmembrane	HPA	Q8NFU7
NOL3	cytosol	HPA	O60936
RNF112	nucleoplasm	HPA	Q9ULX5
RPL3L	cytosol	GO	Q92901
ZSCAN25	nucleoplasm	HPA	Q6NSZ9
CABYR	primarycilium	GO	O75952
NOTCH4	endoplasmicreticulum	GO	Q99466
ZC3H6	golgiapparatus	HPA	P61129
SAR1B	endoplasmicreticulum	HPA;GO	Q9Y6B6
TLCD4	nucleoplasm	HPA	Q96MV1
TRIM25	cytosol	HPA;GO	Q14258
P2RY6	plasmamembrane	GO	Q15077
RPL18	actinfilaments	GO	Q07020
DDX20	nucleoplasm	HPA;GO	Q9UHI6
HDAC11	nucleoplasm	GO	Q96DB2
RCE1	cytosol	GO	Q9Y256
FKRP	endoplasmicreticulum	GO	Q9H9S5
LYRM7	mitochondria	GO	Q5U5X0
EP400	nucleoplasm	HPA;GO	Q96L91
DZIP1	cytosol	HPA	Q86YF9
DDIT4L	plasmamembrane	HPA	Q96D03
SDCBP2	nucleoli	GO	Q9H190
TMEM221	cytosol	HPA	A6NGB7
ZSCAN32	cytosol	HPA	Q9NX65
RAB11FIP3	actinfilaments	GO	O75154
CD34	microtubules	GO	P28906
CEP170B	centrosome	HPA	Q9Y4F5
IRF2	cytosol	HPA;GO	P14316
SMIM22	cytosol	HPA	K7EJ46
CLIC5	actinfilaments	GO	Q9NZA1
FGFR1	centrosome	HPA	P11362
MELK	plasmamembrane	GO	Q14680
C19orf54	intermediatefilaments	HPA	Q5BKX5
MAMLD1	nucleoplasm	HPA	Q13495
CLN3	golgiapparatus	GO	Q13286
RPL27	cytosol	GO	P61353
IPPK	cytosol	HPA;GO	Q9H8X2
QPCT	cytosol	HPA	Q16769
SRD5A3	plasmamembrane	HPA	Q9H8P0
IPO7	nucleoplasm	HPA	O95373
FBXO31	golgiapparatus	HPA	Q5XUX0
MRPL49	mitochondria	GO	Q13405
TENT4A	nucleoplasm	HPA	Q5XG87
NDOR1	cytosol	HPA;GO	Q9UHB4
SYNPO2	plasmamembrane	GO	Q9UMS6
KCNJ6	golgiapparatus	GO	P48051
SCARB2	endoplasmicreticulum	GO	Q14108
ITPKC	nucleoplasm	HPA	Q96DU7
PGAM2	cytosol	HPA;GO	P15259
ALDOC	cytosol	HPA;GO	P09972
G6PC1	endoplasmicreticulum	GO	P35575
CHST12	golgiapparatus	HPA;GO	Q9NRB3
HSPA1B	centrosome	GO	P0DMV9
TCHP	plasmamembrane	GO	Q9BT92
NMRK1	cytosol	HPA;GO	Q9NWW6
HES5	nucleoplasm	HPA;GO	Q5TA89
TBC1D4	cytosol	HPA	O60343
UTP4	nucleoli	HPA;GO	Q969X6
ZNF117	cytosol	HPA	Q03924
GIGYF2	golgiapparatus	GO	Q6Y7W6
BLNK	plasmamembrane	HPA;GO	Q8WV28
GDPD5	golgiapparatus	HPA	Q8WTR4
ETNK1	nucleoplasm	HPA	Q9HBU6
KIF21B	microtubules	HPA	O75037
CNN3	actinfilaments	HPA;GO	Q15417
RP9	cytosol	HPA	Q8TA86
KIF2A	microtubules	HPA;GO	O00139
TP63	nucleoplasm	HPA;GO	Q9H3D4
SLC27A2	cytosol	GO	O14975
RPL36	nucleoli	GO	Q9Y3U8
NDUFA9	mitochondria	HPA;GO	Q16795
TUBB4A	primarycilium	HPA;GO	P04350
NEURL2	cytosol	GO	Q9BR09
LKAAEAR1	nucleoplasm	HPA	Q8TD35
PRDM1	nucleoplasm	HPA;GO	O75626
SNX4	microtubules	GO	O95219
PSME2	cytosol	GO	Q9UL46
SNW1	nucleoplasm	HPA;GO	Q13573
APOA2	cytosol	GO	P02652
ST6GAL2	golgiapparatus	GO	Q96JF0
CUL5	cytosol	HPA;GO	Q93034
IGKV2-28	plasmamembrane	GO	A0A075B6P5
BICDL2	intermediatefilaments	HPA	A1A5D9
GPRC5B	nucleoli	HPA	Q9NZH0
SMIM26	cytosol	HPA	A0A096LP01
SUGCT	primarycilium	HPA	Q9HAC7
GPR68	plasmamembrane	GO	Q15743
MYRIP	cytosol	GO	Q8NFW9
UBE2L6	cytosol	HPA;GO	O14933
PPIG	cytosol	GO	Q13427
TMTC1	nucleoplasm	HPA	Q8IUR5
ABCA7	plasmamembrane	HPA;GO	Q8IZY2
CIRBP	nucleoplasm	HPA	Q14011
GPR27	cytosol	HPA	Q9NS67
MZT2A	centrosome	HPA;GO	Q6P582
SLC28A1	plasmamembrane	HPA;GO	O00337
TEKTIP1	cytosol	HPA	A6NCJ1
USP11	cytosol	HPA;GO	P51784
NPTX2	actinfilaments	HPA	P47972
ZDHHC12	plasmamembrane	GO	Q96GR4
COQ2	mitochondria	GO	Q96H96
UBE2T	nucleoplasm	HPA;GO	Q9NPD8
PBX2	nucleoplasm	HPA	P40425
ALDH8A1	cytosol	GO	Q9H2A2
TXLNA	centrosome	HPA	P40222
ITCH	nucleoplasm	HPA	Q96J02
KMT5B	centrosome	HPA	Q4FZB7
TLR2	golgiapparatus	GO	O60603
PTP4A1	plasmamembrane	GO	Q93096
VARS1	endoplasmicreticulum	HPA	P26640
IRAG1	nucleoplasm	HPA	Q9Y6F6
ENSG00000257390	nucleoplasm	HPA	
DCXR	plasmamembrane	GO	Q7Z4W1
MYO6	nuclearmembrane	GO	Q9UM54
TRIM29	plasmamembrane	GO	Q14134
DOK7	mitochondria	HPA	Q18PE1
ZNF551	nucleoplasm	HPA	Q7Z340
FRMD3	plasmamembrane	HPA	A2A2Y4
GLRX2	nucleoplasm	HPA	Q9NS18
PAK2	plasmamembrane	GO	Q13177
MRNIP	nucleoplasm	GO	Q6NTE8
ITIH2	golgiapparatus	HPA	P19823
RAB25	plasmamembrane	HPA	P57735
ACSL4	golgiapparatus	HPA	O60488
RAD21	nucleoplasm	HPA;GO	O60216
TMEM65	plasmamembrane	HPA;GO	Q6PI78
RPL17-C18orf32	cytosol	HPA	
S100A13	cytosol	HPA;GO	Q99584
SYAP1	nucleoplasm	HPA	Q96A49
MLYCD	cytosol	GO	O95822
FAF2	endoplasmicreticulum	HPA;GO	Q96CS3
HSPB6	nucleoplasm	HPA	O14558
RBM39	nucleoplasm	HPA;GO	Q14498
SLC22A9	plasmamembrane	GO	Q8IVM8
CARD19	mitochondria	HPA	Q96LW7
DCAF6	nucleoplasm	HPA;GO	Q58WW2
ELMO2	cytosol	HPA;GO	Q96JJ3
TWIST2	nucleoplasm	HPA	Q8WVJ9
ISG15	nucleoplasm	GO	P05161
XRN1	cytosol	HPA;GO	Q8IZH2
SH2B2	cytosol	HPA;GO	O14492
GCC1	cytosol	HPA;GO	Q96CN9
NOX3	plasmamembrane	GO	Q9HBY0
CDK2	centrosome	HPA;GO	P24941
SUMO2	nucleoplasm	HPA;GO	P61956
LMAN2	plasmamembrane	GO	Q12907
FGFR1OP2	mitochondria	HPA	Q9NVK5
KNOP1	cytosol	HPA	Q1ED39
SRP54	cytosol	HPA;GO	P61011
RICTOR	cytosol	GO	Q6R327
PHKA2	cytosol	GO	P46019
SNX17	cytosol	HPA;GO	Q15036
OASL	cytosol	HPA;GO	Q15646
AHSG	endoplasmicreticulum	GO	P02765
FAM186B	cytosol	HPA	Q8IYM0
MACF1	actinfilaments	HPA	O94854
RALBP1	plasmamembrane	HPA	Q15311
RIPK1	cytosol	HPA;GO	Q13546
TGM2	cytosol	HPA;GO	P21980
ARHGEF19	cytosol	GO	Q8IW93
NT5DC1	cytosol	HPA	Q5TFE4
PPP1R2	nucleoplasm	HPA	P41236
XRCC1	nucleoli	GO	P18887
CRIP1	plasmamembrane	HPA	P50238
LRRC69	plasmamembrane	HPA	Q6ZNQ3
LONRF1	centrosome	HPA	Q17RB8
RFPL4A	centrosome	HPA	A6NLU0
SEH1L	cytosol	GO	Q96EE3
RASSF2	cytosol	HPA	P50749
ENSG00000286165	cytosol	HPA	
TRIM47	cytosol	HPA	Q96LD4
MDM2	centrosome	HPA	Q00987
ADGRL2	plasmamembrane	HPA	O95490
FAM72C	plasmamembrane	HPA	H0Y354
ZBTB14	nucleoplasm	HPA	O43829
BICD2	golgiapparatus	HPA	Q8TD16
CAMTA1	nucleoli	HPA	Q9Y6Y1
ZNF354A	nucleoplasm	HPA	O60765
TRAK1	nucleoplasm	HPA	Q9UPV9
NUMB	actinfilaments	GO	P49757
METTL22	nucleoplasm	HPA;GO	Q9BUU2
NOC4L	nucleoplasm	HPA;GO	Q9BVI4
SSR4	endoplasmicreticulum	HPA	P51571
TTLL6	cytosol	GO	Q8N841
MPLKIP	centrosome	GO	Q8TAP9
ARHGAP45	cytosol	HPA;GO	Q92619
TSPYL6	nucleoplasm	HPA	Q8N831
RNF182	golgiapparatus	HPA	Q8N6D2
CUL7	golgiapparatus	GO	Q14999
ITGA8	endoplasmicreticulum	GO	P53708
ARMC8	nucleoplasm	HPA	Q8IUR7
APBB1	nucleoplasm	GO	O00213
GTF3C3	nucleoplasm	HPA;GO	Q9Y5Q9
TDRD6	cytosol	HPA	O60522
TCEAL5	nucleoplasm	HPA	Q5H9L2
ZNF346	nucleoplasm	HPA	Q9UL40
FLNA	cytosol	HPA;GO	P21333
SNRPC	nucleoplasm	HPA;GO	P09234
CEP41	centrosome	GO	Q9BYV8
CEP192	microtubules	GO	Q8TEP8
ACACA	cytosol	HPA;GO	Q13085
TUBA1C	microtubules	HPA;GO	Q9BQE3
GRIN2A	endoplasmicreticulum	GO	Q12879
TRAPPC13	plasmamembrane	HPA	A5PLN9
DDC	primarycilium	HPA	P20711
MAPK6	microtubules	HPA	Q16659
RBCK1	cytosol	GO	Q9BYM8
ELAC1	nucleoplasm	HPA	Q9H777
MYD88	cytosol	HPA;GO	Q99836
DYNLT4	primarycilium	GO	Q5JR98
RPS15	endoplasmicreticulum	HPA	P62841
PCF11	nucleoplasm	HPA;GO	O94913
BTBD1	cytosol	HPA;GO	Q9H0C5
PTK2B	plasmamembrane	HPA;GO	Q14289
NAT2	cytosol	GO	P11245
ERF	cytosol	GO	P50548
CGN	plasmamembrane	HPA;GO	Q9P2M7
CEP83	nucleoplasm	HPA	Q9Y592
ASCC2	cytosol	HPA;GO	Q9H1I8
TMEM139	plasmamembrane	HPA	Q8IV31
PCSK9	golgiapparatus	GO	Q8NBP7
LMAN2L	golgiapparatus	GO	Q9H0V9
MDM4	nucleoplasm	HPA;GO	O15151
NLGN4Y	plasmamembrane	GO	Q8NFZ3
WTAP	nucleoplasm	HPA;GO	Q15007
TMEM17	golgiapparatus	HPA	Q86X19
KMT5B	nucleoli	HPA	Q4FZB7
DCDC2	centrosome	HPA	Q9UHG0
GPAM	mitochondria	HPA;GO	Q9HCL2
KATNBL1	nucleoplasm	HPA	Q9H079
PLEKHO1	mitochondria	HPA	Q53GL0
RUBCN	golgiapparatus	GO	Q92622
ASB2	nucleoplasm	HPA	Q96Q27
C7orf50	nucleoli	HPA	Q9BRJ6
SPART	microtubules	GO	Q8N0X7
ADI1	golgiapparatus	HPA	Q9BV57
XPNPEP1	cytosol	HPA;GO	Q9NQW7
CERS2	endoplasmicreticulum	HPA;GO	Q96G23
GIGYF1	microtubules	HPA	O75420
SLC44A1	mitochondria	HPA;GO	Q8WWI5
AUP1	endoplasmicreticulum	GO	Q9Y679
BCL2L11	cytosol	GO	O43521
RPS3	microtubules	GO	P23396
ANKRD23	nucleoplasm	HPA	Q86SG2
C5orf46	nucleoplasm	HPA	Q6UWT4
PRRX2	nucleoplasm	HPA	Q99811
CLTC	cytosol	GO	Q00610
ABCA13	plasmamembrane	GO	Q86UQ4
CCDC146	microtubules	GO	Q8IYE0
SYVN1	endoplasmicreticulum	HPA;GO	Q86TM6
CAPG	microtubules	GO	P40121
SACM1L	golgiapparatus	HPA;GO	Q9NTJ5
CAMSAP1	cytosol	HPA	Q5T5Y3
C17orf75	golgiapparatus	GO	Q9HAS0
PFDN1	cytosol	HPA	O60925
EEA1	cytosol	GO	Q15075
IGLV3-1	plasmamembrane	GO	P01715
NOP58	nucleoplasm	HPA;GO	Q9Y2X3
KDM4A	nucleoli	HPA	O75164
EZH2	nucleoplasm	HPA;GO	Q15910
PRR7	nucleoplasm	HPA	Q8TB68
ALOX15B	actinfilaments	GO	O15296
FOXQ1	nucleoli	HPA	Q9C009
OMD	golgiapparatus	GO	Q99983
PAAF1	nucleoplasm	HPA	Q9BRP4
GPSM2	cytosol	HPA	P81274
PPP1CA	cytosol	HPA;GO	P62136
UTP11	nucleoli	HPA;GO	Q9Y3A2
CDK5R1	cytosol	GO	Q15078
GASK1B	nucleoplasm	HPA	Q6UWH4
LRRTM1	golgiapparatus	HPA	Q86UE6
RANGAP1	nucleoplasm	GO	P46060
GYS1	microtubules	HPA	P13807
TAX1BP3	actinfilaments	HPA	O14907
FAM229B	golgiapparatus	HPA	Q4G0N7
ZFY	nucleoplasm	HPA	P08048
MARK2	actinfilaments	GO	Q7KZI7
FLNB	golgiapparatus	HPA	O75369
SLC15A2	plasmamembrane	GO	Q16348
HEXD	mitochondria	HPA	Q8WVB3
DDX5	nucleoli	HPA;GO	P17844
PRKAG1	nucleoplasm	HPA;GO	P54619
PRSS23	endoplasmicreticulum	GO	O95084
S100A10	mitochondria	HPA	P60903
SLC6A7	cytosol	HPA	Q99884
MRPS16	cytosol	HPA	Q9Y3D3
AOAH	endoplasmicreticulum	HPA	P28039
OR10P1	plasmamembrane	HPA	Q8NGE3
HSBP1	nucleoli	HPA	O75506
CLOCK	nucleoplasm	HPA;GO	O15516
METTL27	cytosol	HPA	Q8N6F8
TGFBR1	plasmamembrane	HPA;GO	P36897
PSMC5	nucleoplasm	GO	P62195
CXXC4	golgiapparatus	HPA	Q9H2H0
RBFOX1	golgiapparatus	HPA;GO	Q9NWB1
PACRGL	nucleoplasm	HPA	Q8N7B6
PPP2R5A	centrosome	GO	Q15172
VSIG1	cytosol	HPA	Q86XK7
GPC5	plasmamembrane	GO	P78333
GUCY2F	primarycilium	GO	P51841
RPL23	actinfilaments	GO	P62829
SDAD1	nucleoli	HPA;GO	Q9NVU7
RASA4	cytosol	GO	O43374
TPTE2	cytosol	HPA	Q6XPS3
ACTR6	plasmamembrane	HPA	Q9GZN1
ERH	nucleoplasm	HPA	P84090
HNF4G	nucleoplasm	HPA;GO	Q14541
KIFC3	plasmamembrane	GO	Q9BVG8
COQ7	plasmamembrane	HPA	Q99807
BCL3	primarycilium	HPA	P20749
PRAF2	endoplasmicreticulum	HPA	O60831
SLC6A13	mitochondria	HPA	Q9NSD5
NCF4	cytosol	HPA;GO	Q15080
SPN	plasmamembrane	HPA;GO	O75398
SPOCD1	nucleoli	HPA	Q6ZMY3
TIMD4	plasmamembrane	HPA	Q96H15
KIF2C	centrosome	HPA	Q99661
CLDN4	plasmamembrane	HPA;GO	O14493
CFAP97	cytosol	HPA	Q9P2B7
MRPS28	mitochondria	HPA;GO	P82673
SLC37A1	endoplasmicreticulum	GO	P57057
CDKN1C	cytosol	HPA	P49918
RPE	plasmamembrane	HPA	Q96AT9
PCDHGB4	cytosol	HPA	Q9UN71
PPP1R35	nucleoplasm	HPA	Q8TAP8
SEC61A1	endoplasmicreticulum	HPA;GO	P61619
SSX2B	nucleoli	HPA	Q16385
ANXA6	plasmamembrane	GO	P08133
GNA13	cytosol	HPA	Q14344
COLGALT1	endoplasmicreticulum	GO	Q8NBJ5
NCOA3	cytosol	HPA	Q9Y6Q9
BPHL	mitochondria	HPA;GO	Q86WA6
ID2	nucleoplasm	HPA;GO	Q02363
ZNF423	nucleoplasm	HPA	Q2M1K9
FZD2	plasmamembrane	HPA;GO	Q14332
TEX264	nucleoplasm	GO	Q9Y6I9
SERPINE2	cytosol	GO	P07093
FES	actinfilaments	GO	P07332
WIZ	nucleoplasm	HPA	O95785
DIMT1	nucleoli	HPA;GO	Q9UNQ2
SNX22	nucleoplasm	HPA	Q96L94
DMAC2L	mitochondria	HPA;GO	Q99766
HDAC7	cytosol	HPA	Q8WUI4
NAP1L4	nucleoplasm	HPA	Q99733
CHD4	nucleoplasm	HPA;GO	Q14839
ERVMER34-1	cytosol	HPA	Q9H9K5
WDR62	cytosol	HPA	O43379
ADCY7	plasmamembrane	HPA;GO	P51828
ATF4	centrosome	GO	P18848
ASNS	cytosol	HPA;GO	P08243
CDC34	cytosol	HPA;GO	P49427
ZNF540	cytosol	HPA	Q8NDQ6
OXA1L	mitochondria	HPA;GO	Q15070
HAGH	mitochondria	GO	Q16775
IL37	cytosol	HPA;GO	Q9NZH6
MATCAP2	plasmamembrane	HPA	Q8NCT3
KRT18	plasmamembrane	GO	P05783
ADD1	plasmamembrane	HPA;GO	P35611
TMBIM1	plasmamembrane	GO	Q969X1
PIGW	plasmamembrane	HPA	Q7Z7B1
ANAPC5	microtubules	GO	Q9UJX4
TGS1	nucleoplasm	GO	Q96RS0
RPS6	cytosol	HPA;GO	P62753
NME2	plasmamembrane	GO	P22392
BSN	plasmamembrane	GO	Q9UPA5
AANAT	cytosol	HPA;GO	Q16613
DPYS	cytosol	GO	Q14117
RPP38	nucleoli	HPA;GO	P78345
ARHGAP9	plasmamembrane	HPA	Q9BRR9
STAG1	microtubules	GO	Q8WVM7
HELLS	nucleoplasm	HPA	Q9NRZ9
TFB2M	mitochondria	HPA;GO	Q9H5Q4
MLEC	plasmamembrane	GO	Q14165
LRRN1	primarycilium	HPA	O75427
GPR4	plasmamembrane	GO	P46093
TRIM46	primarycilium	HPA	Q7Z4K8
CYTH3	plasmamembrane	GO	O43739
DNAH12	centrosome	HPA	Q6ZR08
DPY30	nucleoplasm	HPA;GO	Q9C005
GALNT15	golgiapparatus	HPA;GO	Q7Z4T8
PAGE3	nucleoplasm	HPA	Q5JUK9
PRPF31	nucleoplasm	HPA;GO	Q8WWY3
ENPP6	golgiapparatus	HPA	Q6UWR7
TJP3	nucleoplasm	HPA	O95049
TRAPPC10	cytosol	GO	P48553
UPB1	cytosol	GO	Q9UBR1
B3GALNT1	golgiapparatus	GO	O75752
OPLAH	nucleoli	HPA	O14841
THUMPD1	nucleoplasm	GO	Q9NXG2
TRAPPC2	cytosol	GO	P0DI81
ACP4	plasmamembrane	HPA	Q9BZG2
BARX1	nucleoplasm	HPA	Q9HBU1
POLR1A	cytosol	HPA	O95602
PRR35	microtubules	HPA	P0CG20
DGKD	plasmamembrane	GO	Q16760
SIX1	nucleoplasm	HPA	Q15475
CEP128	microtubules	GO	Q6ZU80
TPPP	mitochondria	HPA	O94811
ANXA2	microtubules	GO	P07355
BTN3A3	cytosol	HPA	O00478
KEAP1	nucleoplasm	HPA	Q14145
RPL37A	actinfilaments	GO	P61513
COX19	cytosol	HPA;GO	Q49B96
SULT1B1	golgiapparatus	HPA	O43704
SFT2D1	cytosol	HPA	Q8WV19
NEFL	intermediatefilaments	HPA;GO	P07196
PHB2	mitochondria	HPA;GO	Q99623
PKP2	plasmamembrane	HPA;GO	Q99959
SFRP2	intermediatefilaments	HPA	Q96HF1
STK39	cytosol	HPA;GO	Q9UEW8
TPP1	golgiapparatus	GO	O14773
CCDC134	cytosol	HPA	Q9H6E4
RNF215	nucleoli	HPA	Q9Y6U7
PRPF40A	nucleoplasm	HPA;GO	O75400
DCPS	nucleoplasm	HPA	Q96C86
TMEM164	plasmamembrane	HPA	Q5U3C3
ABRAXAS2	microtubules	GO	Q15018
CISD2	endoplasmicreticulum	HPA;GO	Q8N5K1
ZNF609	nucleoplasm	HPA	O15014
AKR1B1	cytosol	HPA;GO	P15121
GART	cytosol	HPA;GO	P22102
YIPF2	golgiapparatus	HPA;GO	Q9BWQ6
PPDPF	nucleoli	HPA	Q9H3Y8
TICRR	nucleoplasm	HPA	Q7Z2Z1
ALPG	plasmamembrane	HPA;GO	P10696
BTG1	nucleoplasm	HPA;GO	P62324
S1PR4	plasmamembrane	GO	O95977
EMD	cytosol	GO	P50402
CD226	plasmamembrane	HPA;GO	Q15762
C17orf80	cytosol	HPA	Q9BSJ5
ZDHHC11	golgiapparatus	GO	Q9H8X9
SMYD5	nucleoplasm	HPA	Q6GMV2
NCAM1	golgiapparatus	GO	P13591
ANKRD36B	cytosol	HPA	Q8N2N9
SGO1	microtubules	GO	Q5FBB7
SNAPC4	nuclearmembrane	HPA	Q5SXM2
SLC39A2	cytosol	HPA	Q9NP94
CEBPB	nucleoplasm	HPA;GO	P17676
DYNC2I1	microtubules	GO	Q8WVS4
CHD7	nucleoli	HPA	Q9P2D1
LCMT1	cytosol	HPA	Q9UIC8
ZNF225	nucleoplasm	HPA	P18146
TTC17	actinfilaments	GO	Q96AE7
GFM2	mitochondria	HPA;GO	Q969S9
RANBP3	nucleoplasm	HPA	Q9H6Z4
ST6GAL1	golgiapparatus	GO	P15907
MARS1	cytosol	HPA;GO	P56192
TIAM2	nucleoplasm	HPA	Q8IVF5
ATP8A2	plasmamembrane	HPA;GO	Q9NTI2
GRK3	cytosol	GO	P35626
SLC22A4	mitochondria	HPA;GO	Q9H015
MTHFD2	mitochondria	HPA;GO	P13995
PCTP	nucleoplasm	HPA	Q9UKL6
RNFT1	nucleoli	HPA	Q5M7Z0
FBL	nucleoli	HPA;GO	P22087
PPM1E	nucleoli	HPA	Q8WY54
OAZ3	nucleoplasm	HPA	Q9UMX2
ZNF436	nucleoplasm	HPA	Q9C0F3
PGPEP1	golgiapparatus	HPA	Q9NXJ5
SHPRH	nuclearmembrane	HPA	Q149N8
DMGDH	mitochondria	HPA;GO	Q9UI17
CARS2	nucleoplasm	HPA	Q9HA77
SPG7	mitochondria	GO	Q9UQ90
RITA1	centrosome	GO	Q96K30
MAEA	actinfilaments	GO	Q7L5Y9
EZHIP	nucleoplasm	HPA	Q86X51
EIF2B4	cytosol	GO	Q9UI10
P4HA3	endoplasmicreticulum	GO	Q7Z4N8
C7orf57	cytosol	HPA	Q8NEG2
SMURF1	cytosol	GO	Q9HCE7
RRAD	golgiapparatus	HPA	P55042
DLG4	plasmamembrane	GO	P78352
TES	actinfilaments	HPA;GO	Q9UGI8
PES1	nucleoli	HPA;GO	O00541
OAT	nucleoplasm	HPA	P04181
HSF1	nucleoplasm	HPA;GO	Q00613
ZNF76	cytosol	HPA	P36508
SLC35F3	nucleoli	HPA	Q8IY50
CLUAP1	primarycilium	HPA;GO	Q96AJ1
MSI2	cytosol	HPA;GO	Q96DH6
PHYHIP	mitochondria	HPA	Q92561
ACTR3	cytosol	GO	P61158
EIF3H	cytosol	HPA;GO	O15372
LRP12	mitochondria	HPA	Q9Y561
MZT2B	cytosol	HPA;GO	Q6NZ67
MUC6	plasmamembrane	GO	Q6W4X9
TOP1MT	mitochondria	HPA;GO	Q969P6
SPACA4	plasmamembrane	GO	Q8TDM5
AP4S1	golgiapparatus	GO	Q9Y587
DDX18	nucleoli	HPA;GO	Q9NVP1
C21orf58	nucleoplasm	HPA	P58505
ZNF260	nucleoplasm	HPA	Q3ZCT1
PLAAT1	actinfilaments	HPA	Q9HDD0
TMTC2	endoplasmicreticulum	GO	Q8N394
CCDC112	cytosol	HPA	Q8NEF3
GTF3C4	nucleoplasm	HPA;GO	Q9UKN8
TIGD4	cytosol	HPA	Q8IY51
CABCOCO1	nucleoplasm	HPA	Q8IVU9
KIF22	microtubules	GO	Q14807
FKBPL	microtubules	HPA	Q9UIM3
TNNT1	golgiapparatus	HPA	P13805
LHX8	nucleoplasm	HPA	Q68G74
TOX3	cytosol	HPA	O15405
CNOT6	cytosol	HPA;GO	Q9ULM6
OCLN	plasmamembrane	HPA;GO	Q16625
ETFA	mitochondria	HPA;GO	P13804
SYNE1	nuclearmembrane	HPA	Q8NF91
SFXN2	mitochondria	HPA;GO	Q96NB2
RIN2	cytosol	HPA;GO	Q8WYP3
EIF3D	cytosol	HPA;GO	O15371
GPSM1	golgiapparatus	HPA;GO	Q86YR5
GAGE2A	golgiapparatus	HPA	Q6NT46
LIMD1	actinfilaments	HPA;GO	Q9UGP4
RNPEPL1	nucleoplasm	HPA	Q9HAU8
ADAMTS7	endoplasmicreticulum	GO	Q9UKP4
BNC2	nucleoli	HPA	Q6ZN30
GSDMA	plasmamembrane	HPA	Q96QA5
SPRR3	plasmamembrane	GO	Q9UBC9
DUSP22	plasmamembrane	GO	Q9NRW4
DAAM2	cytosol	HPA	Q86T65
SLCO4C1	nucleoplasm	HPA	Q6ZQN7
TGFBR2	plasmamembrane	HPA;GO	P37173
PPP4R3A	cytosol	HPA	Q6IN85
ANKS4B	nucleoplasm	HPA	Q8N8V4
GLMN	nucleoplasm	HPA	Q92990
KIF14	microtubules	HPA;GO	Q15058
SPRED1	cytosol	GO	Q7Z699
NPLOC4	nucleoplasm	HPA;GO	Q8TAT6
RPTOR	nucleoplasm	GO	Q8N122
RNASEL	mitochondria	GO	Q05823
AKAP9	cytosol	GO	Q99996
YWHAB	actinfilaments	GO	P31946
HROB	nucleoplasm	HPA;GO	Q8N3J3
ITGA1	actinfilaments	GO	P56199
LNP1	nucleoplasm	HPA	A1A4G5
EVX1	nucleoplasm	HPA	P49640
NCAPG	cytosol	GO	Q9BPX3
PAPSS1	cytosol	GO	O43252
SLC30A1	golgiapparatus	GO	Q9Y6M5
ENSG00000280571	nucleoplasm	HPA	
GRPEL1	mitochondria	HPA;GO	Q9HAV7
TAF1B	nucleoplasm	GO	Q53T94
NFKBID	cytosol	HPA	Q8NI38
RBM24	cytosol	HPA	Q9BX46
ZNG1F	plasmamembrane	HPA	Q4V339
MTLN	mitochondria	GO	Q8NCU8
ABCD4	endoplasmicreticulum	GO	O14678
GTF2IRD2	nucleoplasm	HPA	Q86UP8
HOXA10	nucleoplasm	HPA	P31260
TMA7	nucleoli	HPA	Q9Y2S6
SPATA2	nucleoli	HPA	Q9UM82
BDKRB2	plasmamembrane	HPA;GO	P30411
IL27RA	plasmamembrane	GO	Q6UWB1
NEK6	nucleoplasm	HPA	Q9HC98
SLC39A10	nucleoplasm	HPA	Q9ULF5
MEIS2	cytosol	HPA	O14770
RIF1	nuclearmembrane	HPA	Q5T3J3
ZNF711	nucleoplasm	HPA	Q9Y462
PTPN14	nucleoplasm	HPA;GO	Q15678
FBXW12	cytosol	HPA;GO	Q6X9E4
TRAT1	microtubules	HPA	Q6PIZ9
CELA2A	cytosol	GO	P08217
NARF	intermediatefilaments	GO	Q8WVD3
DUSP10	nucleoplasm	HPA	Q9Y6W6
UQCC5	mitochondria	GO	Q8WVI0
DES	cytosol	GO	P17661
SCARF1	plasmamembrane	GO	Q14162
ADGRD1	plasmamembrane	HPA;GO	Q6QNK2
IGF2R	golgiapparatus	HPA;GO	P11717
TRPM3	plasmamembrane	GO	Q9HCF6
CTDP1	nucleoplasm	HPA;GO	Q9Y5B0
PIN4	mitochondria	GO	Q9Y237
ZNF646	cytosol	HPA	O15015
CKS1B	nucleoplasm	HPA;GO	P61024
ATP6V1C1	nucleoplasm	HPA	P21283
GLRX5	mitochondria	HPA;GO	Q86SX6
WWC1	plasmamembrane	GO	Q8IX03
IFIT1	cytosol	HPA;GO	P09914
IGBP1	microtubules	HPA	P78318
PALLD	cytosol	HPA	Q8WX93
ZNF165	nucleoplasm	HPA	P49910
INA	cytosol	HPA;GO	Q16352
DBR1	nucleoplasm	HPA	Q9UK59
KHDC1L	cytosol	HPA	Q5JSQ8
CCDC47	cytosol	GO	Q96A33
HTN3	mitochondria	GO	P15516
POLN	nucleoli	GO	Q7Z5Q5
COQ5	mitochondria	HPA;GO	Q5HYK3
DCAF15	mitochondria	HPA	Q66K64
FASN	plasmamembrane	HPA	P49327
TCF23	nucleoplasm	HPA	Q7RTU1
TMEM143	nucleoli	HPA	Q96AN5
MAB21L4	nucleoplasm	HPA	Q08AI8
SPATA24	cytosol	HPA	Q86W54
SLC38A6	plasmamembrane	HPA	Q8IZM9
NUDCD3	plasmamembrane	HPA	Q8IVD9
H3C6	nucleoplasm	HPA	P68431
DTNBP1	cytosol	GO	Q96EV8
CETN1	microtubules	GO	Q12798
CYP11B2	mitochondria	HPA;GO	P19099
SLC19A1	plasmamembrane	HPA;GO	P41440
FAM3A	nucleoplasm	HPA	P98173
LRRC26	nucleoli	HPA	Q2I0M4
ZZZ3	nucleoplasm	HPA;GO	Q8IYH5
RPAP3	primarycilium	HPA	Q9H6T3
NRXN3	plasmamembrane	GO	Q9HDB5
BCAR1	plasmamembrane	HPA;GO	P56945
RAD52	plasmamembrane	HPA	P43351
SLFN13	microtubules	HPA	Q68D06
AMY1B	golgiapparatus	HPA	P0DTE7
CALU	golgiapparatus	GO	O43852
MCC	plasmamembrane	GO	P23508
IST1	nucleoplasm	GO	P53990
FAM114A1	cytosol	HPA	Q8IWE2
PPIA	cytosol	GO	P62937
PAK1	plasmamembrane	HPA;GO	Q13153
NKTR	plasmamembrane	HPA	P30414
REG3A	cytosol	HPA	Q06141
TSPYL5	golgiapparatus	HPA	Q86VY4
SAP25	nucleoplasm	HPA	Q8TEE9
NBAS	golgiapparatus	HPA	A2RRP1
ELOVL3	endoplasmicreticulum	GO	Q9HB03
RRP9	nucleoli	GO	O43818
IQCE	plasmamembrane	HPA	Q6IPM2
HSP90AB1	plasmamembrane	HPA	P08238
REST	cytosol	HPA	Q13127
NEFH	primarycilium	HPA	P12036
DDR2	actinfilaments	GO	Q16832
SULT6B1	cytosol	GO	Q6IMI4
ZBTB16	nucleoplasm	GO	Q05516
NME9	centrosome	HPA	Q86XW9
ARHGEF37	cytosol	HPA	A1IGU5
KBTBD2	nucleoplasm	HPA	Q8IY47
RND1	plasmamembrane	HPA;GO	Q92730
SIKE1	cytosol	GO	Q9BRV8
CTC1	nucleoplasm	HPA;GO	Q2NKJ3
ZBTB1	nuclearmembrane	HPA	Q9Y2K1
ACP3	plasmamembrane	GO	P15309
YIPF4	golgiapparatus	HPA	Q9BSR8
ABCE1	cytosol	HPA;GO	P61221
TLN1	plasmamembrane	HPA;GO	Q9Y490
ELP6	centrosome	HPA	Q0PNE2
PLD6	mitochondria	GO	Q8N2A8
CCR6	primarycilium	GO	O00421
ZNF414	nucleoplasm	HPA	Q96IQ9
CASP7	plasmamembrane	HPA	P55210
TOLLIP	plasmamembrane	GO	Q9H0E2
ZNF687	nucleoplasm	HPA	Q8N1G0
ROBO1	plasmamembrane	HPA;GO	Q9Y6N7
GOT1	cytosol	GO	P17174
GJB6	plasmamembrane	HPA;GO	O95452
EDARADD	cytosol	HPA;GO	Q8WWZ3
SLC43A2	plasmamembrane	GO	Q8N370
MORC2	cytosol	HPA	Q9Y6X9
BNIP1	endoplasmicreticulum	HPA;GO	Q12981
DNM2	cytosol	HPA;GO	P50570
POLR1C	nucleoli	HPA;GO	O15160
ANAPC1	cytosol	GO	Q9H1A4
PLPP6	endoplasmicreticulum	GO	Q8IY26
NSUN4	mitochondria	GO	Q96CB9
IGKV1-5	plasmamembrane	GO	P01602
AKR1C2	endoplasmicreticulum	HPA	P52895
KCNIP4	plasmamembrane	GO	Q6PIL6
ABCF3	nucleoli	HPA	Q9NUQ8
NAPRT	cytosol	HPA;GO	Q6XQN6
RGS7	plasmamembrane	GO	P49802
ISX	nucleoplasm	HPA	Q2M1V0
GRHL3	nucleoplasm	HPA	Q8TE85
KATNAL2	intermediatefilaments	HPA	Q8IYT4
EPB41L3	plasmamembrane	HPA;GO	Q9Y2J2
FUT8	cytosol	HPA	Q9BYC5
ERFL	nucleoplasm	HPA	A0A1W2PQ73
CAMK2N2	primarycilium	HPA	Q96S95
TBC1D13	cytosol	HPA	Q9NVG8
C10orf90	actinfilaments	GO	Q96M02
NPM2	nucleoli	HPA	Q86SE8
MOB2	cytosol	HPA	Q70IA6
C1orf109	nucleoli	HPA	Q9NX04
BRD1	nucleoplasm	HPA;GO	O95696
PDE5A	cytosol	HPA;GO	O76074
PIERCE1	microtubules	GO	Q5BN46
APC	cytosol	GO	P25054
IGF2BP3	cytosol	HPA;GO	O00425
MMP15	cytosol	HPA	P51511
STK4	cytosol	HPA;GO	Q13043
IL18R1	mitochondria	HPA	Q13478
H2BC1	nucleoplasm	GO	Q96A08
AHNAK	plasmamembrane	HPA;GO	Q09666
TRMT61A	mitochondria	HPA	Q96FX7
HAAO	cytosol	GO	P46952
BZW2	actinfilaments	HPA	Q9Y6E2
AHI1	primarycilium	HPA;GO	Q8N157
PRKRIP1	actinfilaments	HPA	Q9H875
MT-CO1	mitochondria	HPA;GO	P00395
CSNK1D	plasmamembrane	HPA;GO	P48730
EHBP1	plasmamembrane	HPA	Q8NDI1
STAU2	cytosol	HPA	Q9NUL3
FNTA	cytosol	HPA;GO	P49354
DNAH5	primarycilium	GO	Q8TE73
PHYKPL	mitochondria	HPA;GO	Q8IUZ5
ITGA4	plasmamembrane	HPA;GO	P13612
LHX5	nucleoplasm	HPA	Q9H2C1
TSEN54	nucleoplasm	HPA;GO	Q7Z6J9
FAM83F	nucleoplasm	HPA	Q8NEG4
CTU2	mitochondria	HPA	Q2VPK5
GALNS	cytosol	HPA	P34059
TINF2	nucleoplasm	HPA;GO	Q9BSI4
TSPAN15	plasmamembrane	HPA;GO	O95858
ZNF583	nucleoli	HPA	Q96ND8
B4GALT2	golgiapparatus	HPA;GO	O60909
RSU1	plasmamembrane	GO	Q15404
NMRK1	centrosome	HPA	Q9NWW6
ZNF782	mitochondria	HPA	Q6ZMW2
DCBLD2	golgiapparatus	HPA	Q96PD2
SCRN1	nuclearmembrane	GO	Q12765
COL17A1	plasmamembrane	HPA;GO	Q9UMD9
TMEM11	mitochondria	HPA;GO	P17152
SNX29	nucleoli	HPA	Q8TEQ0
CDC42SE2	plasmamembrane	GO	Q9NRR3
CWC22	nucleoplasm	HPA;GO	Q9HCG8
GAL3ST4	nucleoplasm	HPA	Q96RP7
ATP5F1EP2	mitochondria	GO	Q5VTU8
HSPB3	nucleoplasm	HPA	Q12988
STYX	nucleoplasm	HPA	Q8WUJ0
ARL3	centrosome	HPA;GO	P36405
ENSG00000198211	primarycilium	HPA	
RPS27A	plasmamembrane	GO	P62979
LHX4	nucleoplasm	HPA	Q969G2
CAMK1D	primarycilium	HPA	Q8IU85
APPBP2	nucleoplasm	HPA	Q92624
MPHOSPH9	primarycilium	HPA	Q99550
CEACAM1	plasmamembrane	GO	P13688
ADCY8	nucleoplasm	HPA	P40145
PTH1R	cytosol	HPA	Q03431
ORC5	cytosol	HPA	O43913
SAMD15	nucleoli	HPA	Q9P1V8
ACOXL	cytosol	HPA	Q9NUZ1
SLC22A14	mitochondria	GO	Q9Y267
ALDH3A1	cytosol	HPA;GO	P30838
IGKV3-15	plasmamembrane	HPA;GO	P01624
MRPL48	mitochondria	HPA;GO	Q96GC5
C2CD5	plasmamembrane	GO	Q86YS7
MOGAT3	endoplasmicreticulum	GO	Q86VF5
ZSCAN1	nucleoplasm	HPA	Q8NBB4
KALRN	cytosol	HPA;GO	O60229
PSMD11	nucleoplasm	HPA;GO	O00231
ARF4	cytosol	GO	P18085
GALE	golgiapparatus	HPA	Q14376
TAS2R38	plasmamembrane	GO	P59533
CAMKMT	nucleoli	HPA	Q7Z624
ABCD1	mitochondria	GO	P33897
GPR161	primarycilium	HPA;GO	Q8N6U8
PLD2	endoplasmicreticulum	GO	O14939
MAP3K12	nucleoplasm	HPA	Q12852
AJUBA	golgiapparatus	HPA	Q96IF1
NUP43	nucleoplasm	HPA;GO	Q8NFH3
CDK5	cytosol	GO	Q00535
PTPRT	plasmamembrane	GO	O14522
TCL1A	endoplasmicreticulum	HPA	P56279
LTV1	nucleoplasm	HPA;GO	Q96GA3
CTSG	cytosol	GO	P08311
ENSG00000286268	endoplasmicreticulum	HPA	
IZUMO1	plasmamembrane	GO	Q8IYV9
PRR3	cytosol	HPA	P79522
CKM	cytosol	GO	P06732
FNIP2	centrosome	HPA	Q9P278
RAB1A	cytosol	HPA;GO	P62820
FBXO4	nucleoplasm	HPA	Q9UKT5
SLC35E4	cytosol	HPA	Q6ICL7
HERC3	cytosol	HPA	Q15034
EVC2	microtubules	HPA	Q86UK5
BRF1	nucleoplasm	HPA;GO	Q07352
LRIG2	golgiapparatus	HPA	O94898
RPS29	cytosol	HPA;GO	P62273
MASP1	nucleoplasm	HPA	P48740
NOL3	nucleoli	GO	O60936
ASZ1	cytosol	HPA	Q8WWH4
SNRNP25	cytosol	HPA	Q9BV90
TIAM1	nucleoplasm	HPA	Q13009
CCDC141	nucleoplasm	HPA	Q6ZP82
ETFB	mitochondria	HPA;GO	P38117
CCR3	plasmamembrane	HPA;GO	P51677
CELSR1	plasmamembrane	HPA	Q9NYQ6
KIAA1143	nucleoplasm	HPA	Q96AT1
CLIC4	cytosol	GO	Q9Y696
ARID3A	nucleoplasm	HPA;GO	Q99856
ITGB1	endoplasmicreticulum	HPA	P05556
DRICH1	nucleoplasm	HPA	Q6PGQ1
TXNIP	cytosol	HPA;GO	Q9H3M7
EPAS1	nucleoplasm	HPA;GO	Q99814
PPP2R2A	cytosol	HPA;GO	P63151
TIMM17A	mitochondria	HPA;GO	Q99595
ATP6V1B1	cytosol	GO	P15313
CDC73	nucleoplasm	HPA;GO	Q6P1J9
KTI12	cytosol	HPA	Q96EK9
ZNF581	cytosol	HPA	Q9P0T4
TXNRD1	cytosol	GO	Q16881
SMTN	actinfilaments	HPA	P53814
VSIG10L	nucleoplasm	HPA	Q86VR7
MIER1	nucleoplasm	HPA	Q8N108
PDGFD	golgiapparatus	HPA;GO	Q9GZP0
NEDD4	golgiapparatus	GO	P46934
FAM186B	centrosome	HPA	Q8IYM0
SERPINB9	cytosol	HPA;GO	P50453
BLOC1S2	mitochondria	GO	Q6QNY1
CHMP5	microtubules	HPA	Q9NZZ3
N4BP2	plasmamembrane	HPA	Q86UW6
RPLP2	cytosol	HPA;GO	P05387
ZC4H2	primarycilium	HPA	Q9NQZ6
RPL13	endoplasmicreticulum	HPA	P26373
SPEN	nucleoplasm	HPA	Q96T58
PGAM2	nucleoli	HPA	P15259
NCKAP5	plasmamembrane	HPA	O14513
ZNF117	nucleoli	HPA	Q03924
BLCAP	nucleoli	HPA	P62952
KNDC1	plasmamembrane	HPA	Q76NI1
PHPT1	nucleoplasm	HPA	Q9NRX4
TOP3B	nucleoplasm	HPA	O95985
DDX60L	cytosol	HPA	Q5H9U9
SLC4A5	plasmamembrane	GO	Q9BY07
ARL4D	golgiapparatus	HPA	P49703
MAP4	microtubules	HPA;GO	P27816
ASTN2	nucleoplasm	HPA	O75129
VEZT	nucleoplasm	HPA	Q9HBM0
TMEM216	cytosol	GO	Q9P0N5
TAS2R10	plasmamembrane	HPA;GO	Q9NYW0
TP53INP1	cytosol	HPA;GO	Q96A56
MYLK	cytosol	GO	Q15746
RPL9	endoplasmicreticulum	HPA	P32969
BAK1	mitochondria	GO	Q16611
PKD2	microtubules	GO	Q13563
ATP2A3	endoplasmicreticulum	GO	Q93084
GABPB1	nucleoplasm	HPA;GO	Q06547
AIF1L	actinfilaments	GO	Q9BQI0
SLC9C2	plasmamembrane	HPA	Q5TAH2
ZNF638	nucleoplasm	HPA	Q14966
BAMBI	plasmamembrane	GO	Q13145
AUNIP	centrosome	HPA;GO	Q9H7T9
DYNC1LI1	cytosol	GO	Q9Y6G9
DDX55	nucleoli	HPA	Q8NHQ9
ACTN3	plasmamembrane	GO	Q08043
BCL10	nucleoplasm	HPA	O95999
FBXW2	cytosol	GO	Q9UKT8
PIGU	nucleoplasm	HPA	Q9H490
RSBN1L	nucleoplasm	HPA	Q6PCB5
TPTE	endoplasmicreticulum	HPA	P56180
RPS13	plasmamembrane	GO	P62277
TRNT1	cytosol	GO	Q96Q11
PSENEN	golgiapparatus	GO	Q9NZ42
NMI	nucleoplasm	HPA	Q13287
PSEN1	plasmamembrane	GO	P49768
MAGEB16	centrosome	HPA	A2A368
MYRIP	nucleoli	HPA	Q8NFW9
STAG2	microtubules	GO	Q8N3U4
ATP6V1G3	plasmamembrane	GO	Q96LB4
ZNF32	cytosol	HPA	P17041
BAG3	cytosol	HPA;GO	O95817
SYCE3	nucleoli	HPA	A1L190
POLR2K	cytosol	GO	P53803
SPATA33	nucleoplasm	HPA	Q96N06
FGF12	nucleoplasm	HPA	P61328
CT45A10	nucleoli	HPA	P0DMU9
OR2F1	plasmamembrane	GO	Q13607
UBA7	cytosol	HPA;GO	P41226
CCDC88A	primarycilium	HPA;GO	Q3V6T2
RAB8A	centrosome	GO	P61006
DNHD1	primarycilium	GO	Q96M86
CYB5R3	endoplasmicreticulum	HPA;GO	P00387
SLC25A36	cytosol	HPA	Q96CQ1
CD14	plasmamembrane	GO	P08571
ICA1L	mitochondria	HPA	Q8NDH6
EMC9	endoplasmicreticulum	GO	Q9Y3B6
MRS2	mitochondria	GO	Q9HD23
PSTK	actinfilaments	HPA	Q8IV42
NLGN2	mitochondria	HPA	Q8NFZ4
NACC2	nucleoplasm	GO	Q96BF6
ZFAND1	centrosome	HPA	Q8TCF1
ATF7	cytosol	HPA	P17544
DNAAF2	cytosol	HPA	Q9NVR5
LARP4B	cytosol	HPA;GO	Q92615
PGF	mitochondria	HPA	P49763
UBTD1	plasmamembrane	HPA	Q9HAC8
P4HB	endoplasmicreticulum	HPA;GO	P07237
SHPK	cytosol	GO	Q9UHJ6
DDX24	cytosol	HPA	Q9GZR7
LOXHD1	plasmamembrane	HPA	Q8IVV2
APLP2	endoplasmicreticulum	GO	Q06481
VAMP7	plasmamembrane	GO	P51809
GDE1	plasmamembrane	HPA;GO	Q9NZC3
PIK3C2G	cytosol	GO	O75747
LIPM	endoplasmicreticulum	HPA	Q5VYY2
RBM15B	nucleoli	GO	Q8NDT2
GPR65	plasmamembrane	GO	Q8IYL9
CTTNBP2NL	cytosol	HPA	Q9P2B4
CHORDC1	cytosol	HPA	Q9UHD1
DAP3	mitochondria	HPA;GO	O95886
FABP5	cytosol	HPA;GO	Q01469
PIAS2	nucleoplasm	HPA;GO	O75928
SLBP	cytosol	HPA;GO	Q14493
NEDD1	cytosol	GO	Q8NHV4
NUB1	cytosol	GO	Q9Y5A7
HSF2BP	nucleoplasm	HPA;GO	O75031
CLMN	nucleoplasm	HPA	Q96JQ2
CALML4	nucleoplasm	HPA	Q96GE6
TMEM201	centrosome	GO	Q5SNT2
TBK1	nucleoplasm	HPA	Q9UHD2
CD68	plasmamembrane	GO	P34810
CRK	cytosol	GO	P46108
PACSIN2	actinfilaments	GO	Q9UNF0
RGS7BP	plasmamembrane	HPA	Q6MZT1
SDC3	golgiapparatus	GO	O75056
WDR11	golgiapparatus	GO	Q8WWQ0
MRPS25	mitochondria	HPA;GO	P82663
CYP2S1	endoplasmicreticulum	HPA;GO	Q96SQ9
SECTM1	plasmamembrane	GO	Q8WVN6
MAPK8	nucleoplasm	HPA;GO	P45983
PXMP4	cytosol	GO	Q9Y6I8
NMRAL1	cytosol	GO	Q9HBL8
NDN	cytosol	HPA	Q99608
SERGEF	nucleoplasm	HPA	Q9UGK8
ARHGAP12	plasmamembrane	GO	Q8IWW6
KNOP1	nucleoli	HPA	Q1ED39
SAA1	microtubules	GO	P0DJI8
CHMP7	nucleoplasm	HPA;GO	Q8WUX9
ICAM4	plasmamembrane	GO	Q14773
SRD5A3	endoplasmicreticulum	GO	Q9H8P0
ST8SIA2	golgiapparatus	HPA;GO	Q92186
PRPF4B	nucleoplasm	HPA	
PHLDB1	microtubules	HPA	Q86UU1
PUM1	nucleoplasm	HPA	Q14671
SNAPIN	golgiapparatus	HPA	O95295
ARL2	cytosol	GO	P36404
CDC42SE1	plasmamembrane	HPA	Q9NRR8
HCFC2	cytosol	HPA	Q9Y5Z7
SFMBT2	nucleoplasm	HPA	Q5VUG0
SREK1	nucleoplasm	HPA	Q8WXA9
NDUFA5	mitochondria	HPA;GO	Q16718
RPF1	nucleoli	HPA;GO	P46934
SEC62	intermediatefilaments	HPA	Q99442
PIGV	cytosol	HPA	Q9NUD9
CDK19	cytosol	HPA	Q9BWU1
PCDH1	plasmamembrane	HPA	Q08174
HMCN1	cytosol	HPA	Q96RW7
AKAP11	cytosol	HPA	Q9UKA4
EN2	nucleoli	HPA	P19622
MTERF2	mitochondria	GO	Q49AM1
TUBGCP5	cytosol	GO	Q96RT8
ERLEC1	endoplasmicreticulum	GO	Q96DZ1
B4GALT4	golgiapparatus	HPA;GO	O60513
KRTAP22-1	cytosol	GO	Q3MIV0
HDAC10	cytosol	HPA	Q969S8
KRT9	cytosol	GO	P35527
CLTA	golgiapparatus	GO	P09496
PCDHB1	plasmamembrane	HPA	Q9Y5F3
WDFY3	cytosol	HPA	Q8IZQ1
GLIS1	nucleoplasm	HPA	Q8NBF1
FLNA	nucleoli	GO	P21333
ZNF114	cytosol	HPA	Q8NC26
ALDH3A2	endoplasmicreticulum	HPA;GO	P51648
LMNA	cytosol	GO	P02545
EPN3	plasmamembrane	GO	Q9H201
ZNF280D	cytosol	HPA	Q6N043
JADE2	nucleoplasm	HPA;GO	Q9NQC1
ABTB3	nucleoplasm	HPA	A6QL63
SNAPC1	nucleoplasm	HPA;GO	Q16533
MME	actinfilaments	GO	P08473
SIRT1	nucleoplasm	HPA;GO	Q96EB6
SYN1	plasmamembrane	GO	P17600
AWAT1	endoplasmicreticulum	GO	Q58HT5
WDR62	centrosome	HPA;GO	O43379
NUDCD1	cytosol	HPA	Q96RS6
ACOT11	cytosol	HPA;GO	Q8WXI4
MGAT4C	plasmamembrane	HPA	Q9UBM8
LPCAT2	endoplasmicreticulum	HPA;GO	Q7L5N7
PCLO	nucleoplasm	HPA	Q9Y6V0
ZNF236	nucleoplasm	HPA	Q9UL36
IQSEC3	cytosol	HPA	Q9UPP2
UTP15	nucleoplasm	GO	Q8TED0
CYP4V2	nucleoplasm	HPA	Q6ZWL3
PPAT	microtubules	HPA	Q06203
MAGI1	plasmamembrane	HPA;GO	Q6P9H4
SYNJ2BP	mitochondria	HPA;GO	P57105
SDCCAG8	primarycilium	HPA	Q86SQ7
MYH1	cytosol	GO	P12882
RECQL5	cytosol	HPA	O94762
RPEL1	cytosol	HPA;GO	Q2QD12
ACTG1	actinfilaments	GO	P63261
MYO9A	cytosol	GO	B2RTY4
SLC33A1	golgiapparatus	GO	O00400
TLR8	endoplasmicreticulum	GO	Q9NR97
EPHB6	cytosol	GO	O15197
KCNMB1	plasmamembrane	GO	Q16558
NDST1	golgiapparatus	GO	P52848
NDST2	cytosol	HPA	P52849
MTTP	endoplasmicreticulum	HPA;GO	P55157
LRRC75B	nucleoplasm	HPA	Q2VPJ9
SLC2A10	cytosol	HPA	O95528
MIS18BP1	nucleoli	HPA	Q6P0N0
RPGRIP1	primarycilium	HPA	Q96KN7
IGKV3OR2-268	plasmamembrane	HPA	
LECT2	cytosol	HPA	O14960
RBM18	nucleoplasm	HPA	Q96H35
PHLDB2	plasmamembrane	HPA;GO	Q86SQ0
RAB2B	golgiapparatus	GO	Q8WUD1
SPP1	endoplasmicreticulum	GO	P10451
SOX21	nucleoplasm	HPA	Q9Y651
RNGTT	nucleoplasm	HPA;GO	O60942
DIRAS3	nuclearmembrane	HPA	O95661
PSMB8	microtubules	HPA	P28062
FAM222A	golgiapparatus	HPA	Q5U5X8
NRSN1	plasmamembrane	HPA	Q8IZ57
ZNF440	nucleoplasm	HPA	Q8IYI8
CASP9	cytosol	GO	P55211
PLAAT3	mitochondria	HPA	P53816
PDGFRB	plasmamembrane	GO	P09619
EHHADH	cytosol	GO	Q08426
CNTNAP1	nucleoplasm	HPA	P78357
GOLGA6C	nucleoplasm	HPA	A6NDK9
M1AP	mitochondria	HPA	Q8TC57
SALL4	nucleoplasm	HPA;GO	Q9UJQ4
POLR2D	nucleoplasm	HPA;GO	O15514
CYC1	mitochondria	HPA;GO	P08574
CD33	golgiapparatus	GO	P20138
ZCCHC12	nucleoplasm	HPA	Q6PEW1
HES3	nucleoplasm	HPA	Q5TGS1
PTPN12	plasmamembrane	HPA	Q05209
KRTAP10-10	cytosol	GO	P60014
ATF2	mitochondria	GO	P15336
GFAP	intermediatefilaments	HPA	P14136
ALOX5	nucleoplasm	HPA	P09917
ECM1	cytosol	HPA	Q16610
ITGB3	plasmamembrane	HPA;GO	P05106
CD6	plasmamembrane	GO	P30203
PNPLA2	plasmamembrane	GO	Q96AD5
EME1	nucleoplasm	HPA;GO	Q96AY2
ARF6	cytosol	HPA;GO	P62330
PDCD6IP	centrosome	HPA	Q8WUM4
TMEM184B	golgiapparatus	HPA	Q9Y519
CHRAC1	nucleoplasm	HPA	Q9NRG0
SIRT6	endoplasmicreticulum	GO	Q8N6T7
BTBD10	nucleoplasm	HPA	Q9BSF8
HEATR1	nucleoplasm	GO	Q9H583
IGKV3D-20	plasmamembrane	HPA;GO	A0A0C4DH25
TUBB	primarycilium	HPA	P07437
DUSP2	nuclearmembrane	HPA	Q05923
STX1A	cytosol	GO	Q16623
ZNF852	cytosol	HPA	Q6ZMS4
RASGRP4	nucleoplasm	HPA	Q8TDF6
GPRIN3	nucleoplasm	HPA	Q6ZVF9
FMO5	cytosol	HPA	P49326
ID1	nucleoplasm	HPA;GO	P41134
EMD	centrosome	GO	P50402
PTPRD	plasmamembrane	GO	P23468
VCAM1	endoplasmicreticulum	GO	P19320
PHAF1	cytosol	HPA	Q9BSU1
STEAP2	golgiapparatus	GO	Q8NFT2
SRPK1	nucleoplasm	HPA;GO	Q96SB4
DNAH14	primarycilium	HPA	Q0VDD8
KLHDC8B	plasmamembrane	GO	Q8IXV7
NDUFA13	nucleoplasm	GO	Q9P0J0
SLC30A7	golgiapparatus	HPA;GO	Q8NEW0
TPRXL	nucleoplasm	GO	Q17RH7
CCDC69	golgiapparatus	HPA	A6NI79
DFFA	cytosol	HPA;GO	O00273
DMXL1	cytosol	HPA	Q9Y485
MORF4L2	nucleoplasm	HPA;GO	Q15014
DEPDC7	cytosol	HPA	Q96QD5
LARP7	cytosol	HPA	Q4G0J3
ARHGEF17	cytosol	HPA;GO	Q96PE2
SLC4A7	cytosol	HPA	Q9Y6M7
PSMD4	nucleoplasm	HPA;GO	P55036
KCNQ2	plasmamembrane	GO	O43526
PRKCQ	cytosol	GO	Q04759
CFAP97	nucleoli	HPA	Q9P2B7
PCDHGA6	nucleoplasm	HPA	Q9Y5G7
CPNE2	cytosol	HPA	Q96FN4
RPL36A	endoplasmicreticulum	HPA	P83881
ECM2	nucleoplasm	HPA	O94769
DOCK1	actinfilaments	HPA	Q14185
KANK2	cytosol	HPA	Q63ZY3
LRRC8C	plasmamembrane	GO	Q8TDW0
CYP2J2	endoplasmicreticulum	GO	P51589
WDR55	nucleoli	HPA	Q9H6Y2
PRF1	plasmamembrane	GO	P14222
CNOT1	cytosol	GO	A5YKK6
SLC41A1	plasmamembrane	GO	Q8IVJ1
DBN1	plasmamembrane	HPA	Q16643
TRAV27	plasmamembrane	GO	A0A087WT01
LBR	endoplasmicreticulum	GO	Q14739
SLC38A7	nucleoplasm	HPA	Q9NVC3
PPL	cytosol	GO	O60437
PPP1R3D	mitochondria	HPA	O95685
CRACDL	centrosome	HPA	Q6NV74
ZNF432	nucleoplasm	HPA	O94892
SCML2	cytosol	HPA	Q9UQR0
AKT2	nucleoplasm	HPA;GO	P31751
ECPAS	endoplasmicreticulum	GO	Q5VYK3
SUB1	nucleoli	HPA	P53999
WIPI2	cytosol	HPA;GO	Q9Y4P8
SCN10A	plasmamembrane	GO	Q9Y5Y9
MXI1	cytosol	HPA	P50539
EMILIN3	golgiapparatus	HPA	Q9H8L6
MKNK2	nucleoplasm	HPA	Q9HBH9
CREB3L4	nucleoplasm	HPA	Q8TEY5
TP53INP2	cytosol	GO	Q8IXH6
ZCCHC4	nucleoli	GO	Q9H5U6
DHX8	nucleoplasm	HPA;GO	Q14562
NSF	golgiapparatus	HPA	P46459
NEK9	cytosol	GO	Q8TD19
SF3B3	nucleoli	HPA	Q15393
ACADS	mitochondria	HPA;GO	P16219
CYTIP	cytosol	HPA	O60759
MYCN	nucleoli	HPA	P04198
GPHN	plasmamembrane	GO	Q9NQX3
UBA52	cytosol	HPA;GO	P62987
SEPTIN9	microtubules	HPA;GO	Q9UHD8
MZT2B	centrosome	HPA;GO	Q6NZ67
PAPOLA	nucleoplasm	HPA;GO	P51003
CEP250	cytosol	GO	Q9BV73
CAVIN2	cytosol	HPA;GO	O95810
TMEM44	cytosol	HPA	Q2T9K0
PRR22	cytosol	HPA	Q8IZ63
TMEM125	microtubules	HPA	Q96AQ2
RPS6	nucleoli	GO	P62753
ZNF428	nucleoli	HPA	Q96B54
IHH	plasmamembrane	GO	Q14623
CAPN9	golgiapparatus	HPA	O14815
ZNF625	mitochondria	HPA	Q96I27
LINGO2	nucleoplasm	HPA	Q7L985
RASD1	plasmamembrane	HPA	Q9Y272
BUB3	cytosol	GO	O43684
CFTR	endoplasmicreticulum	GO	P13569
NOB1	cytosol	HPA;GO	Q9ULX3
SEPTIN10	microtubules	HPA	Q9P0V9
TMEM50A	actinfilaments	HPA	O95807
NDFIP2	mitochondria	GO	Q9NV92
NR3C1	nucleoplasm	HPA;GO	P04150
POR	nucleoplasm	HPA	P16435
CLDN6	plasmamembrane	GO	P56747
TFG	cytosol	GO	Q92734
MINAR1	plasmamembrane	GO	Q9UPX6
TMEM121B	nucleoplasm	HPA	Q9BXQ6
CACNB4	plasmamembrane	GO	O00305
APOO	golgiapparatus	GO	Q9BUR5
VWA1	endoplasmicreticulum	GO	Q6PCB0
RAB27B	golgiapparatus	HPA;GO	O00194
MKLN1	cytosol	HPA;GO	Q9UL63
CDC7	microtubules	HPA	O00311
HMGN4	nucleoplasm	HPA	O00479
SLC46A3	actinfilaments	HPA	Q7Z3Q1
TBX20	nucleoli	HPA	Q9UMR3
RPS10	plasmamembrane	GO	P46783
PLK1	nucleoplasm	GO	P53350
UGT8	mitochondria	HPA	Q16880
TLR10	endoplasmicreticulum	HPA	Q9BXR5
ABHD16B	nucleoplasm	HPA	Q9H3Z7
ARID5B	cytosol	HPA	Q14865
BCO2	mitochondria	GO	Q9BYV7
NBR1	cytosol	GO	Q14596
POLR1A	nucleoli	HPA;GO	O95602
CDS1	endoplasmicreticulum	GO	O96017
GABRR3	plasmamembrane	GO	A8MPY1
DSCAM	plasmamembrane	GO	O60469
COPS4	nucleoplasm	HPA;GO	Q9BT78
ZNF256	nucleoplasm	HPA	Q9Y2P7
ZNF575	cytosol	HPA	Q86XF7
FBXO21	mitochondria	HPA	O94952
TIMELESS	nucleoplasm	HPA;GO	Q9UNS1
ACTN2	actinfilaments	HPA;GO	P35609
AKAP9	centrosome	HPA;GO	Q99996
GPN3	cytosol	HPA	Q9UHW5
TOMM20	mitochondria	HPA;GO	Q15388
MMP14	golgiapparatus	GO	P50281
UQCR10	mitochondria	GO	Q9UDW1
EFHC1	microtubules	GO	Q5JVL4
POMT1	endoplasmicreticulum	GO	Q9Y6A1
TEKT3	microtubules	GO	Q9BXF9
TSKU	nucleoplasm	HPA	Q8WUA8
ZNF776	cytosol	HPA	Q68DI1
ZNF214	microtubules	HPA	Q9UL59
PPIP5K1	plasmamembrane	HPA	Q6PFW1
RAB38	mitochondria	GO	P57729
ZNF740	nucleoplasm	HPA	Q8NDX6
TMEM230	golgiapparatus	GO	Q96A57
TBC1D23	golgiapparatus	HPA;GO	Q9NUY8
YOD1	nucleoplasm	HPA	Q5VVQ6
SINHCAF	nucleoplasm	HPA;GO	Q9NP50
TFR2	golgiapparatus	HPA	Q9UP52
ITGB1BP1	actinfilaments	GO	O14713
UBE2D3	plasmamembrane	HPA	P61077
PHLPP1	cytosol	GO	O60346
GLO1	nucleoplasm	HPA	Q04760
ITGA9	nucleoplasm	HPA	Q13797
AP2M1	plasmamembrane	HPA;GO	Q96CW1
GORASP2	golgiapparatus	HPA;GO	Q9H8Y8
PYURF	mitochondria	GO	Q96I23
UROS	nucleoplasm	HPA	P10746
SEC22B	golgiapparatus	GO	O75396
MMP10	plasmamembrane	HPA	P09238
ZNF572	nucleoplasm	HPA	Q7Z3I7
SMAD3	nuclearmembrane	GO	P84022
ADAMTS3	intermediatefilaments	HPA	O15072
TSEN15	nucleoli	HPA	Q8WW01
TUBB8	primarycilium	HPA	Q3ZCM7
ZBTB9	cytosol	HPA	Q96C00
C19orf81	cytosol	HPA	C9J6K1
DRGX	cytosol	HPA	A6NNA5
WDR35	primarycilium	GO	Q9P2L0
ITGB5	plasmamembrane	HPA;GO	P18084
PLVAP	plasmamembrane	HPA;GO	Q9BX97
MYH2	cytosol	GO	Q9UKX2
CCDC183	cytosol	HPA	Q5T5S1
SOS1	plasmamembrane	GO	Q07889
GIT2	actinfilaments	GO	Q14161
PIP5K1B	cytosol	GO	O14986
TXNDC8	golgiapparatus	GO	Q6A555
GABRG1	plasmamembrane	HPA	Q8N1C3
SRGAP3	plasmamembrane	GO	O43295
SPOP	nucleoplasm	GO	O43791
KDM1B	nucleoplasm	HPA;GO	Q8NB78
CDH24	plasmamembrane	GO	Q86UP0
KCNJ3	plasmamembrane	HPA;GO	P48549
RBM4B	nucleoplasm	HPA	Q9BQ04
WDR27	nucleoplasm	HPA	A2RRH5
CCDC15	centrosome	GO	Q0P6D6
AK6	nucleoplasm	HPA;GO	Q9UIJ7
HPS6	cytosol	HPA	Q86YV9
MLLT10	nucleoplasm	HPA	P55197
CDKN1A	cytosol	GO	P38936
WDR49	nucleoplasm	HPA	Q8IV35
BIN1	cytosol	HPA;GO	O00499
PREX2	cytosol	GO	Q70Z35
BORCS8-MEF2B	nucleoplasm	HPA	
LOXL1	endoplasmicreticulum	HPA	Q08397
TRIM16	nucleoplasm	GO	O95361
TCIRG1	plasmamembrane	GO	Q13488
TNIP2	cytosol	HPA;GO	Q8NFZ5
FGR	plasmamembrane	HPA	P09769
RTN4RL1	plasmamembrane	HPA;GO	Q86UN2
ZNF365	centrosome	HPA;GO	Q70YC4
ACOT8	cytosol	GO	O14734
RAX2	nucleoplasm	HPA	Q96IS3
RGS14	plasmamembrane	GO	O43566
SEM1	cytosol	HPA;GO	P60896
ZNFX1	mitochondria	HPA	Q9P2E3
TLR5	golgiapparatus	HPA	O60602
TMF1	golgiapparatus	HPA	P82094
SNAP29	primarycilium	GO	O95721
ADPRS	nucleoplasm	HPA;GO	Q9NX46
ANKRD9	cytosol	GO	Q96BM1
AKT1	plasmamembrane	GO	P31749
GP5	cytosol	HPA	P40197
HAVCR1	primarycilium	GO	Q96D42
CFAP58	primarycilium	GO	Q5T655
PPIB	nucleoplasm	HPA	P23284
WFS1	endoplasmicreticulum	GO	O76024
TRMT9B	cytosol	HPA	Q9P272
TNNI2	actinfilaments	GO	P48788
HLA-H	endoplasmicreticulum	GO	P01893
PANK2	mitochondria	GO	Q9BZ23
TTC6	primarycilium	HPA	Q86TZ1
MLEC	endoplasmicreticulum	GO	Q14165
SKA3	nucleoplasm	GO	Q8IX90
RPL5	endoplasmicreticulum	HPA	P46777
GOLGA7	golgiapparatus	GO	Q7Z5G4
LRRC38	plasmamembrane	GO	Q5VT99
SH3KBP1	plasmamembrane	GO	Q96B97
NUDT16	nucleoplasm	HPA;GO	Q96DE0
MAD2L1BP	nucleoli	HPA	Q15013
RIN2	nucleoli	HPA	Q8WYP3
MLIP	nucleoplasm	HPA	Q5VWP3
UCHL5	nucleoplasm	HPA;GO	Q9Y5K5
WDR11	microtubules	HPA	Q8WWQ0
GSN	plasmamembrane	GO	P06396
TMEM109	endoplasmicreticulum	HPA	Q9BVC6
IL27	cytosol	GO	Q8NEV9
CERT1	nucleoplasm	HPA	Q9Y5P4
MAP4K4	plasmamembrane	GO	O95819
LILRA3	plasmamembrane	GO	Q8N6C8
PHOX2A	nucleoplasm	HPA;GO	O14813
KIF26B	microtubules	HPA	Q2KJY2
LRATD2	nucleoplasm	HPA	Q96KN1
SALL1	nucleoplasm	HPA;GO	Q9NSC2
IFI27L2	cytosol	HPA	Q9H2X8
TSPY8	cytosol	HPA	P0CW00
LHX2	nucleoplasm	HPA	P50458
LARGE1	golgiapparatus	GO	O95461
CEP162	cytosol	GO	Q5TB80
TP53	mitochondria	GO	P04637
HNRNPLL	nucleoplasm	HPA	Q8WVV9
TMEM87A	plasmamembrane	GO	Q8NBN3
ETV4	nucleoplasm	HPA;GO	P43268
PRR36	golgiapparatus	HPA	Q9H6K5
CKAP4	mitochondria	HPA	Q07065
BAP1	cytosol	HPA	Q92560
NEO1	plasmamembrane	HPA;GO	Q92859
SCYL1	cytosol	HPA	Q96KG9
COPB1	plasmamembrane	GO	P53618
DCUN1D3	nucleoplasm	HPA	Q8IWE4
ANKRD34B	nucleoplasm	HPA	A5PLL1
PAPSS1	nucleoli	HPA	O43252
DNM2	centrosome	GO	P50570
AK8	primarycilium	GO	Q96MA6
NKAIN2	cytosol	HPA	Q5VXU1
TC2N	nucleoplasm	HPA	Q8N9U0
MTFR1	cytosol	HPA	Q15390
ADAM17	plasmamembrane	GO	P78536
AGPS	cytosol	GO	O00116
ECT2	cytosol	HPA;GO	Q9H8V3
PSMB5	nucleoplasm	HPA;GO	P28074
ATG2B	endoplasmicreticulum	HPA	Q96BY7
STX16	actinfilaments	GO	O14662
SEPTIN3	primarycilium	HPA	Q9UH03
CSNK2A1	cytosol	GO	P68400
SLC23A3	nucleoplasm	HPA	Q6PIS1
POU4F1	nucleoplasm	GO	Q01851
PAIP1	cytosol	HPA;GO	Q9H074
PADI3	cytosol	HPA;GO	Q9ULW8
TOPORS	nucleoplasm	HPA;GO	Q9NS56
MBOAT1	endoplasmicreticulum	GO	Q6ZNC8
NAGK	nucleoplasm	HPA	Q9UJ70
ATP5PO	plasmamembrane	GO	P48047
TRAPPC12	golgiapparatus	HPA	Q8WVT3
ATG7	nucleoplasm	HPA	O95352
RASGRP3	cytosol	HPA	Q8IV61
PAFAH1B1	cytosol	GO	P43034
APC	centrosome	GO	P25054
ATP5PB	mitochondria	HPA;GO	P24539
SUSD1	nucleoplasm	HPA	Q6UWL2
RBBP7	nucleoplasm	HPA;GO	Q16576
GPR107	nucleoplasm	HPA	Q5VW38
RNF181	nucleoplasm	HPA	Q9P0P0
SAMD4A	plasmamembrane	HPA	Q9UPU9
ADRA1B	plasmamembrane	HPA;GO	P35368
CACYBP	cytosol	HPA	Q9HB71
MXD3	nucleoplasm	HPA	Q9BW11
PHF10	nucleoplasm	HPA	Q8WUB8
RSPH10B2	cytosol	HPA	B2RC85
TPD52	endoplasmicreticulum	GO	P55327
IGLV6-57	plasmamembrane	GO	P01721
LACTB2	golgiapparatus	HPA	Q53H82
NNMT	golgiapparatus	HPA	P40261
EVI2B	plasmamembrane	HPA	P34910
MAPK1IP1L	nucleoplasm	HPA	Q8NDC0
PAK5	mitochondria	HPA	Q9NQU5
PPP1R1C	nucleoli	HPA	Q8WVI7
PSMD1	nucleoplasm	HPA;GO	Q99460
DRD1	primarycilium	GO	P21728
ATP6V0C	plasmamembrane	GO	P27449
VPS54	nucleoplasm	HPA	Q9P1Q0
ZBTB49	cytosol	HPA	Q6ZSB9
ANAPC4	nucleoplasm	GO	Q9UJX5
DLGAP1	plasmamembrane	GO	O14490
MKRN1	nucleoplasm	HPA	Q9UHC7
CSNK1G2	cytosol	HPA;GO	P78368
GLYR1	cytosol	HPA	Q49A26
IMPACT	nucleoplasm	HPA	Q9P2X3
FHIP1A	cytosol	HPA	Q05DH4
RNF126	cytosol	HPA	Q9BV68
LDOC1	nucleoli	HPA	O95751
BEX4	cytosol	HPA	Q9NWD9
KRT16	cytosol	GO	P08779
KIF18B	cytosol	HPA	Q86Y91
GPS2	cytosol	GO	Q13227
SLC4A1AP	nucleoplasm	HPA	Q9BWU0
ENSG00000289027	endoplasmicreticulum	HPA	
RECQL	nucleoplasm	HPA	P46063
EMP2	cytosol	HPA	P54851
TRIM54	cytosol	HPA	Q9BYV2
ITM2B	plasmamembrane	GO	Q9Y287
ANKRD37	nucleoplasm	HPA	Q7Z713
GAGE13	cytosol	HPA	Q4V321
RHBDF1	endoplasmicreticulum	GO	Q96CC6
USP20	plasmamembrane	HPA	Q9Y2K6
ATXN3	endoplasmicreticulum	GO	P54252
CHST2	golgiapparatus	HPA;GO	Q9Y4C5
PPP1CC	cytosol	HPA;GO	P36873
FAM222A	microtubules	HPA	Q5U5X8
DENND2C	nucleoplasm	HPA	Q68D51
ZBED2	cytosol	HPA	Q9BTP6
ORC2	cytosol	HPA	Q13416
MAP2K1	golgiapparatus	GO	Q02750
ENSG00000285188	microtubules	HPA	
PRKAA1	nucleoplasm	HPA;GO	Q13131
DNAJC30	mitochondria	GO	Q96LL9
HDAC6	cytosol	HPA;GO	Q9UBN7
APOB	cytosol	HPA;GO	P04114
HNRNPK	plasmamembrane	GO	P61978
GOLIM4	golgiapparatus	HPA;GO	O00461
TARS1	cytosol	HPA;GO	P26639
ORC6	cytosol	GO	Q9Y5N6
ENSG00000258529	endoplasmicreticulum	HPA	
SLC10A7	plasmamembrane	GO	Q0GE19
DGKI	plasmamembrane	GO	O75912
EIF3E	nucleoplasm	GO	P60228
CPD	cytosol	HPA	O75976
C21orf91	microtubules	HPA	Q9NYK6
PDE6D	primarycilium	GO	O43924
SLC30A3	cytosol	HPA	Q99726
CHSY3	golgiapparatus	GO	Q70JA7
ZNF280C	nucleoli	HPA	Q8ND82
ZWILCH	cytosol	GO	Q9H900
ENSG00000258472	plasmamembrane	HPA	
FOXD4L6	nucleoplasm	HPA	Q3SYB3
ZNF549	nucleoplasm	HPA	Q6P9A3
RAB41	cytosol	HPA	Q5JT25
RPSA	nucleoplasm	GO	A0A8I5KQE6
CMPK2	mitochondria	HPA	Q5EBM0
GON7	nucleoplasm	HPA	Q9BXV9
EMG1	nucleoli	HPA	Q92979
TCTN1	nucleoplasm	HPA	Q2MV58
POC1A	primarycilium	GO	Q8NBT0
GPC2	golgiapparatus	GO	Q8N158
SLC6A2	cytosol	HPA	P23975
ITPKC	cytosol	GO	Q96DU7
CCDC69	microtubules	GO	A6NI79
PPFIA2	plasmamembrane	GO	O75334
GYG2	cytosol	HPA;GO	O15488
ZFC3H1	nucleoli	GO	O60293
ARHGEF12	nucleoplasm	HPA	Q9NZN5
SMOX	nuclearmembrane	HPA	Q9NWM0
MOB2	nucleoli	HPA	Q70IA6
KLHL2	cytosol	GO	O95198
MAP1S	plasmamembrane	GO	Q66K74
CLIC4	centrosome	HPA;GO	Q9Y696
BDH1	mitochondria	HPA;GO	Q02338
COG2	golgiapparatus	HPA;GO	Q14746
GK	cytosol	GO	P32189
PTPDC1	cytosol	HPA	A2A3K4
ETNK1	cytosol	HPA;GO	Q9HBU6
KLC1	cytosol	HPA;GO	Q07866
SYCE1	nucleoplasm	HPA	Q8N0S2
XPO5	cytosol	HPA;GO	Q9HAV4
PLCD1	plasmamembrane	GO	P51178
FSD1	microtubules	GO	Q9BTV5
CYB5B	centrosome	HPA	O43169
PIGH	endoplasmicreticulum	GO	Q14442
HLA-DMA	plasmamembrane	GO	P28067
HDDC3	nucleoplasm	HPA	Q8N4P3
NOPCHAP1	nuclearmembrane	HPA	Q8N5I9
PIK3AP1	nucleoplasm	HPA	Q6ZUJ8
PRKCE	cytosol	HPA;GO	Q02156
NUCKS1	nucleoplasm	HPA;GO	Q9H1E3
RAP2B	cytosol	GO	P61225
BNIP3L	endoplasmicreticulum	GO	O60238
CMC1	mitochondria	GO	Q7Z7K0
ATP7A	golgiapparatus	HPA;GO	Q04656
PIANP	nucleoplasm	HPA	Q8IYJ0
SNW1	cytosol	HPA	Q13573
APPL2	plasmamembrane	GO	Q06481
KRTAP1-1	cytosol	GO	Q07627
AGRN	golgiapparatus	GO	O00468
BRWD1	primarycilium	GO	Q9NSI6
POLR3B	nucleoplasm	HPA;GO	Q9NW08
RPL30	cytosol	HPA;GO	P62888
SRRM2	nucleoplasm	HPA;GO	Q9UQ35
MSRB3	cytosol	GO	Q8IXL7
BMF	mitochondria	GO	Q96LC9
NDE1	nucleoplasm	GO	Q9NXR1
PLCD4	cytosol	HPA	Q9BRC7
TMTC1	cytosol	HPA	Q8IUR5
CATSPERZ	cytosol	HPA	Q9NTU4
LIG1	golgiapparatus	HPA	P18858
CMTM4	plasmamembrane	HPA	Q8IZR5
RAC1	plasmamembrane	GO	P63000
WDR90	microtubules	GO	Q96KV7
CPLX1	cytosol	GO	O14810
PKNOX2	microtubules	HPA	Q96KN3
RACGAP1	actinfilaments	GO	Q9H0H5
IL17RB	plasmamembrane	HPA;GO	Q9NRM6
SAMD12	cytosol	HPA	Q8N8I0
SLC25A12	mitochondria	GO	O75746
MYBPH	mitochondria	HPA	Q13203
GGA3	golgiapparatus	HPA;GO	Q9NZ52
CFAP119	cytosol	HPA	A1A4V9
SMN2	cytosol	HPA	Q16637
PRDM10	nucleoplasm	HPA;GO	Q9NQV6
H3C1	nucleoplasm	HPA;GO	P68431
KIF19	centrosome	HPA	Q2TAC6
ARHGEF7	actinfilaments	GO	Q14155
ID3	nucleoplasm	HPA;GO	Q02535
RPS23	nucleoplasm	GO	P62266
TMEM38A	nucleoplasm	HPA	Q9H6F2
THAP11	cytosol	HPA	Q96EK4
CA1	cytosol	GO	P00915
SH3TC1	nucleoplasm	HPA	Q8TE82
COX18	mitochondria	GO	Q8N8Q8
PLXNA1	plasmamembrane	GO	Q9UIW2
HOXD4	nucleoplasm	HPA	P09016
DYNC1LI1	centrosome	GO	Q9Y6G9
CYLD	microtubules	GO	Q9NQC7
PLA2G2A	endoplasmicreticulum	GO	P14555
GNG11	plasmamembrane	GO	P61952
NT5DC3	mitochondria	HPA	Q86UY8
DEGS1	mitochondria	HPA	O15121
ERMAP	cytosol	HPA	Q96PL5
MORN2	nucleoplasm	HPA	Q502X0
ACOXL	nucleoli	HPA	Q9NUZ1
PTH1R	nucleoli	HPA	Q03431
SLC30A5	plasmamembrane	GO	Q8TAD4
C12orf54	cytosol	HPA	Q6X4T0
ANK3	plasmamembrane	HPA;GO	Q12955
CYGB	nucleoplasm	HPA	Q8WWM9
FAM168A	nucleoplasm	HPA	Q92567
AIDA	primarycilium	HPA	Q96BJ3
ENSG00000269590	nuclearmembrane	HPA	
RAD21	cytosol	GO	O60216
DSC1	plasmamembrane	GO	P53805
ANG	cytosol	GO	P03950
DUS4L-BCAP29	cytosol	HPA	
ENSG00000264668	nucleoli	HPA	
RPS2	endoplasmicreticulum	HPA	P15880
NOS1	cytosol	GO	P29475
STN1	nucleoplasm	HPA;GO	Q9H668
PIK3CA	cytosol	HPA;GO	P42336
RHOQ	plasmamembrane	GO	P17081
SLC12A5	plasmamembrane	GO	Q9H2X9
DARS2	nucleoplasm	HPA	Q6PI48
SEPTIN7	actinfilaments	HPA;GO	Q16181
WWP1	plasmamembrane	HPA	Q9H0M0
PLAAT2	mitochondria	HPA	Q9NWW9
ISG15	cytosol	GO	P05161
MYO6	golgiapparatus	GO	Q9UM54
LEPR	cytosol	HPA	O15243
CCDC103	cytosol	HPA	Q8IW40
MYEOV	nucleoplasm	HPA	Q96EZ4
CD55	plasmamembrane	GO	P08174
ELN	plasmamembrane	HPA	P15502
NXT2	nucleoplasm	HPA	Q9NPJ8
UBE2J2	endoplasmicreticulum	GO	Q8N2K1
MRPS18B	mitochondria	HPA;GO	Q9Y676
RSPH4A	primarycilium	GO	Q5TD94
THBS2	plasmamembrane	HPA	P35442
RAB14	primarycilium	GO	P61106
LRRIQ3	plasmamembrane	HPA	A6PVS8
MUC13	plasmamembrane	GO	Q9H3R2
HMOX2	plasmamembrane	GO	P30519
TOP2A	nucleoplasm	HPA;GO	P11388
CT45A2	nucleoli	HPA	Q5DJT8
NOSTRIN	plasmamembrane	GO	Q8IVI9
NHLRC4	mitochondria	HPA	P0CG21
KCNK13	plasmamembrane	HPA;GO	Q9HB14
ACTN1	actinfilaments	HPA;GO	P12814
KRT23	intermediatefilaments	HPA	Q9C075
ATP6V1E2	cytosol	GO	Q96A05
PIK3C2G	centrosome	HPA	O75747
SMG1	nucleoplasm	HPA	Q96Q15
NEDD1	centrosome	HPA;GO	Q8NHV4
INTS4	nucleoli	HPA	Q96HW7
NOTCH3	golgiapparatus	GO	Q9UM47
SLK	plasmamembrane	HPA	Q9H2G2
KLHL23	nucleoplasm	HPA	Q8NBE8
MAPK12	nucleoplasm	HPA;GO	P53778
EP300	cytosol	GO	Q09472
PSMB9	nucleoplasm	GO	P28065
TRAK1	cytosol	GO	Q9UPV9
AP3B1	nuclearmembrane	HPA	O00203
YIF1B	endoplasmicreticulum	GO	Q5BJH7
GCN1	cytosol	HPA;GO	Q92616
TMEM132C	plasmamembrane	HPA	Q8N3T6
FDX1	mitochondria	HPA;GO	P10109
ZDHHC18	golgiapparatus	HPA;GO	Q9NUE0
PIGO	nucleoli	HPA	Q8TEQ8
CEP85L	centrosome	GO	Q5SZL2
EIF4EBP2	cytosol	GO	Q13542
TTLL2	nuclearmembrane	HPA	Q9BWV7
EIF4E2	cytosol	HPA;GO	O60573
PGAP6	microtubules	HPA	Q9HCN3
GINM1	nucleoli	HPA	Q9NU53
XPO4	cytosol	HPA	Q9C0E2
ZNF891	nucleoplasm	HPA	A8MT65
NR2C2AP	nucleoplasm	HPA;GO	Q86WQ0
LYPD6B	plasmamembrane	GO	Q8NI32
YDJC	cytosol	HPA	A8MPS7
ATP1B4	nuclearmembrane	GO	Q9UN42
PDE6B	plasmamembrane	GO	P35913
ZNF461	nucleoplasm	HPA	Q8TAF7
CPLANE2	microtubules	GO	Q9BU20
RGS19	nucleoli	HPA	P49795
MSN	actinfilaments	GO	P26038
PIK3R6	cytosol	HPA;GO	Q5UE93
SCTR	microtubules	GO	P47872
DCN	golgiapparatus	GO	P07585
PDYN	plasmamembrane	GO	P01213
RPS3A	nucleoli	HPA;GO	P61247
UROD	cytosol	HPA;GO	P06132
KAT2A	centrosome	GO	Q92830
LRP11	plasmamembrane	HPA	Q86VZ4
ERBB4	plasmamembrane	GO	Q15303
MPIG6B	endoplasmicreticulum	HPA	O95866
TSPAN15	endoplasmicreticulum	GO	O95858
CEP83	cytosol	GO	Q9Y592
DNAJB12	nuclearmembrane	HPA	Q9NXW2
OR4M2-OT1	centrosome	HPA	
SLC43A1	plasmamembrane	HPA;GO	O75387
CNOT4	cytosol	GO	O95628
ANO3	primarycilium	HPA	Q9BYT9
MAP1LC3B2	centrosome	HPA	A6NCE7
TUBGCP5	centrosome	HPA;GO	Q96RT8
AMOTL1	plasmamembrane	HPA	Q8IY63
CECR2	nucleoplasm	HPA	Q9BXF3
FBXO5	nucleoplasm	HPA;GO	Q9UKT4
KIF9	primarycilium	HPA	Q9HAQ2
TMEM176A	mitochondria	HPA	Q96HP8
ARAP2	actinfilaments	HPA	Q8WZ64
TM4SF20	plasmamembrane	HPA	Q53R12
COL17A1	endoplasmicreticulum	GO	Q9UMD9
GOPC	plasmamembrane	GO	Q9HD26
KLF12	cytosol	HPA	Q9Y4X4
H1-5	nucleoplasm	HPA;GO	P16401
WDSUB1	nucleoplasm	HPA	Q8N9V3
ACTR2	nucleoplasm	GO	P61160
ANKAR	nucleoplasm	HPA	Q7Z5J8
CELF2	nucleoplasm	HPA	O95319
ZNF573	cytosol	HPA	Q86YE8
MYG1	nucleoplasm	HPA	Q9HB07
TH	endoplasmicreticulum	GO	P07101
MBLAC2	nucleoplasm	HPA	Q68D91
IGHV3-23	plasmamembrane	GO	P01764
TAF12	nucleoplasm	GO	Q16514
COX6A2	mitochondria	GO	Q02221
HOXC4	nucleoplasm	HPA	P09017
MGST1	endoplasmicreticulum	HPA;GO	P10620
TACSTD2	nucleoli	HPA	P09758
IFT22	primarycilium	HPA;GO	Q9H7X7
ZNF280D	centrosome	HPA	Q6N043
CCNI2	nucleoplasm	HPA	Q6ZMN8
MCM2	nucleoplasm	HPA;GO	P33993
DCAF4	nucleoplasm	HPA;GO	Q8WV16
FUT10	endoplasmicreticulum	HPA	Q6P4F1
LIMCH1	actinfilaments	HPA;GO	Q9UPQ0
SEC14L6	nucleoplasm	HPA	B5MCN3
ZNF608	nucleoplasm	HPA	Q9ULD9
SRGAP2C	centrosome	HPA	P0DJJ0
LYPLA1	nuclearmembrane	GO	O75608
ERICH5	nucleoplasm	HPA	Q6P6B1
POLR2K	nucleoli	HPA;GO	P53803
WEE1	nucleoli	HPA	P30291
ZNF74	nucleoplasm	HPA;GO	Q16587
PAAF1	cytosol	HPA	Q9BRP4
DGAT2L6	endoplasmicreticulum	GO	Q6ZPD8
ERAL1	cytosol	HPA	O75616
C2orf50	golgiapparatus	HPA	Q96LR7
FBXW5	cytosol	GO	Q969U6
DET1	nucleoplasm	HPA	Q7L5Y6
NT5C	cytosol	HPA;GO	Q8TCD5
ZNF688	nucleoplasm	HPA	P0C7X2
SRRM1	cytosol	GO	Q8IYB3
GAPVD1	plasmamembrane	HPA	Q14C86
SENP8	nucleoplasm	HPA	Q96LD8
CD44	golgiapparatus	HPA	P16070
C19orf33	nucleoplasm	HPA	Q9GZP8
NPAS2	nucleoplasm	HPA;GO	Q99743
SRP72	endoplasmicreticulum	GO	O76094
MED17	cytosol	HPA	Q9NVC6
ZNF865	nucleoli	HPA	P0CJ78
UFL1	mitochondria	GO	O94874
CASS4	plasmamembrane	GO	Q9NQ75
PRKAG1	cytosol	HPA;GO	P54619
PLPP3	plasmamembrane	GO	O14495
PHACTR4	cytosol	HPA	Q8IZ21
CRTC3	nucleoplasm	HPA	Q6UUV7
EXOC3L2	golgiapparatus	HPA	Q2M3D2
ZBTB3	mitochondria	HPA	Q9H5J0
RBMY1A1	nucleoli	HPA	P0DJD3
PEX26	cytosol	GO	Q7Z412
FGF7	nucleoplasm	HPA	P21781
KLHDC1	cytosol	HPA;GO	Q8N7A1
NDUFS7	mitochondria	GO	O75251
FGGY	nucleoplasm	HPA	Q96C11
DDX24	nucleoli	HPA	Q9GZR7
STIMATE-MUSTN1	cytosol	HPA	
CFAP36	nucleoplasm	HPA	Q96G28
CCPG1	golgiapparatus	HPA	Q9ULG6
MED13L	golgiapparatus	HPA	Q71F56
PSMC5	cytosol	HPA;GO	P62195
CTTNBP2NL	nucleoli	HPA	Q9P2B4
LTO1	nucleoplasm	HPA	Q8WV07
SEMA5B	cytosol	HPA	Q9P283
NUB1	nucleoli	HPA	Q9Y5A7
SLBP	nucleoli	HPA	Q14493
TCIM	nucleoplasm	HPA;GO	Q9NR00
KHDRBS3	nucleoplasm	HPA;GO	O75525
CLCN2	cytosol	HPA	P51788
DDX4	cytosol	HPA	Q9NQI0
PPTC7	mitochondria	GO	Q8NI37
FEZF1	nucleoplasm	HPA	A0PJY2
ALG5	endoplasmicreticulum	GO	Q9Y673
GUCA1C	actinfilaments	HPA	O95843
ZKSCAN3	nucleoplasm	HPA	Q9BRR0
HNF4G	cytosol	HPA	Q14541
FABP2	plasmamembrane	HPA	P12104
LPP	cytosol	HPA	Q93052
PDZRN3	cytosol	HPA	Q9UPQ7
PIP4K2A	plasmamembrane	HPA	P48426
UHRF1	microtubules	GO	Q96T88
MASP2	golgiapparatus	HPA	O00187
PXMP4	nucleoli	HPA	Q9Y6I8
MAPK3	plasmamembrane	GO	P27361
POLR2I	nucleoplasm	HPA;GO	P36954
ZDHHC8	cytosol	HPA;GO	Q9ULC8
CEP57	centrosome	HPA;GO	Q86XR8
CIAO1	nucleoplasm	HPA	O76071
CCDC92	microtubules	GO	Q53HC0
MIPEP	mitochondria	HPA	Q99797
NAP1L5	nucleoplasm	HPA	Q96NT1
PCDHGA5	plasmamembrane	HPA	Q9Y5G8
FER	cytosol	HPA;GO	P16591
CD19	plasmamembrane	GO	P15391
C1QTNF1	plasmamembrane	GO	Q9BXJ1
BPNT1	nucleoplasm	HPA	O95861
QRSL1	centrosome	HPA	Q9H0R6
ARC	plasmamembrane	GO	O60936
HEATR5B	cytosol	HPA	Q9P2D3
OCRL	cytosol	GO	Q01968
WDR1	plasmamembrane	HPA;GO	O75083
DAG1	actinfilaments	GO	Q14118
DMPK	endoplasmicreticulum	GO	Q09013
ZNF622	nucleoplasm	HPA	Q969S3
ZW10	nucleoplasm	GO	O43264
LRCH2	plasmamembrane	HPA	Q5VUJ6
PARP8	nucleoplasm	HPA	Q8N3A8
GLI2	primarycilium	HPA;GO	P10070
COPS7A	cytosol	HPA;GO	Q9UBW8
SMC3	microtubules	GO	Q9UQE7
SRSF6	nucleoplasm	HPA;GO	Q13247
CYTL1	endoplasmicreticulum	HPA	Q9NRR1
ST8SIA4	golgiapparatus	HPA;GO	Q92187
RDH14	nucleoplasm	HPA	Q9HBH5
RHNO1	nucleoplasm	GO	Q9BSD3
EDA	plasmamembrane	GO	Q92838
CLCN1	plasmamembrane	GO	P35523
RAB9B	cytosol	GO	Q9NP90
DNAH6	centrosome	HPA	Q9C0G6
IQSEC1	nucleoplasm	HPA	Q6DN90
BIVM-ERCC5	nucleoplasm	HPA	
FAM90A26	nucleoli	HPA	D6RGX4
NYNRIN	nucleoplasm	HPA	Q9P2P1
RTF1	cytosol	HPA	Q92541
FMO1	endoplasmicreticulum	GO	Q01740
RPL18A	nucleoli	HPA	Q02543
PRKCQ	centrosome	HPA	Q04759
CEBPZ	nucleoplasm	HPA	Q03701
RHBDF2	golgiapparatus	GO	Q6PJF5
C19orf47	nucleoplasm	HPA	Q8N9M1
CAMLG	endoplasmicreticulum	GO	P49069
SRGAP2B	plasmamembrane	GO	P0DMP2
DAD1	endoplasmicreticulum	HPA;GO	P61803
IPO8	nucleoplasm	HPA;GO	O15397
NXNL2	cytosol	HPA	Q5VZ03
IRX3	nucleoplasm	HPA	P78415
CXCR2	plasmamembrane	HPA;GO	P25025
ZNF474	nuclearmembrane	HPA	Q6S9Z5
IGKV1D-16	plasmamembrane	GO	P01601
ESRRA	nucleoli	HPA	P11474
GFOD2	nucleoplasm	HPA	Q3B7J2
CA13	nucleoli	HPA	Q8N1Q1
PDPN	plasmamembrane	HPA;GO	Q86YL7
MIIP	nucleoplasm	HPA	Q5JXC2
PCDHA12	cytosol	HPA	Q9UN75
FN3K	mitochondria	HPA	Q9H479
KARS1	cytosol	HPA;GO	Q15046
RPS13	endoplasmicreticulum	HPA	P62277
KLHDC2	nuclearmembrane	HPA	Q9Y2U9
PSEN1	endoplasmicreticulum	GO	P49768
ASPA	cytosol	HPA;GO	P45381
SLC22A23	nucleoplasm	HPA	A1A5C7
HSPD1	mitochondria	HPA;GO	P10809
MRPL58	mitochondria	HPA;GO	Q14197
NEK9	centrosome	GO	Q8TD19
GNA14	plasmamembrane	GO	O95837
ALDOB	cytosol	GO	P05062
PEDS1-UBE2V1	nucleoplasm	HPA	
IL1R2	plasmamembrane	GO	P27930
CASC3	cytosol	GO	O15234
IFT88	microtubules	HPA;GO	Q13099
FZD1	plasmamembrane	HPA;GO	Q9UP38
C4BPA	plasmamembrane	GO	P04003
LYRM4	mitochondria	GO	Q9HD34
SMDT1	nucleoplasm	HPA	Q9H4I9
KEAP1	cytosol	HPA;GO	Q14145
CEP250	centrosome	HPA;GO	Q9BV73
CFAP276	microtubules	GO	Q5T5A4
PKP4	microtubules	GO	Q99569
CLDN11	intermediatefilaments	GO	O75508
SIRT5	cytosol	GO	Q9NXA8
HOMER2	cytosol	HPA;GO	Q9NSB8
NOP9	cytosol	HPA	Q86U38
PRRG2	cytosol	HPA	O14669
TPD52	primarycilium	HPA	P55327
SLC9A6	plasmamembrane	HPA;GO	Q92581
TAS2R39	plasmamembrane	GO	P59534
PRKAR2B	centrosome	HPA;GO	P31323
RPL7A	cytosol	GO	P62424
PAPOLB	nucleoplasm	HPA	Q9NRJ5
LAMTOR3	plasmamembrane	GO	Q9UHA4
GBX2	nucleoplasm	HPA	P52951
DHODH	nucleoplasm	HPA	Q02127
ABCC9	plasmamembrane	HPA;GO	O60706
CIITA	nucleoplasm	HPA;GO	P33076
PRORP	mitochondria	HPA;GO	O15091
RER1	golgiapparatus	HPA;GO	O15258
UPP2	mitochondria	HPA	O95045
LITAF	nucleoplasm	HPA	Q99732
SLC9A7	plasmamembrane	GO	Q96T83
KANSL1	mitochondria	GO	Q7Z3B3
OCA2	plasmamembrane	HPA	Q04671
CDH13	actinfilaments	GO	P55290
WDR33	nucleoli	HPA	Q9C0J8
SLC20A2	plasmamembrane	GO	Q08357
KMT2D	cytosol	HPA	O14686
PDE4C	primarycilium	HPA	Q08493
SNTG1	plasmamembrane	GO	Q9NSN8
RNF213	cytosol	HPA;GO	Q63HN8
OR2J2	plasmamembrane	GO	O76002
MGA	cytosol	HPA	O43451
G0S2	mitochondria	GO	P27469
STPG4	nucleoplasm	HPA	Q8N801
PLAUR	actinfilaments	GO	Q03405
TTC30A	primarycilium	HPA	Q86WT1
ONECUT2	actinfilaments	HPA	O95948
BTBD6	cytosol	GO	Q96KE9
PRAG1	actinfilaments	HPA;GO	Q86YV5
SNRPD1	nucleoplasm	GO	P62314
COX15	mitochondria	HPA;GO	Q7KZN9
OSBPL7	endoplasmicreticulum	GO	Q9BZF2
TRIO	plasmamembrane	HPA;GO	O75962
CNDP2	nucleoplasm	HPA	Q96KP4
ISG20	nucleoplasm	GO	Q96AZ6
CPEB1	cytosol	HPA	Q9BZB8
TFAM	mitochondria	HPA;GO	Q00059
OAZ3	cytosol	GO	Q9UMX2
TIMM10	mitochondria	HPA;GO	P62072
PAIP2B	cytosol	HPA	Q9ULR5
SATB1	nucleoplasm	HPA;GO	Q01826
DEPDC1	nucleoli	HPA	Q5TB30
YAP1	plasmamembrane	GO	P46937
STX18	plasmamembrane	HPA	Q9P2W9
TPRN	plasmamembrane	HPA	Q4KMQ1
MEAF6	nucleoli	GO	Q9HAF1
RHOA	actinfilaments	GO	P61586
TMEM126A	mitochondria	GO	Q9H061
SPRYD3	actinfilaments	HPA	Q8NCJ5
RNF208	nucleoplasm	HPA	Q9H0X6
EZHIP	cytosol	GO	Q86X51
PHAF1	nucleoli	HPA	Q9BSU1
NGRN	microtubules	HPA	Q9NPE2
STK11	mitochondria	GO	Q15831
SGTB	nucleoplasm	HPA	Q96EQ0
CAV1	plasmamembrane	GO	Q03135
DMXL1	nucleoli	HPA	Q9Y485
ANAPC2	mitochondria	HPA	Q9UJX6
DEPDC7	nucleoli	HPA	Q96QD5
GK5	cytosol	HPA	Q6ZS86
NEK8	microtubules	HPA	Q86SG6
BST2	plasmamembrane	GO	Q10589
ROBO2	plasmamembrane	HPA;GO	Q9HCK4
KCNB2	microtubules	HPA	Q92953
SELENOS	endoplasmicreticulum	HPA;GO	Q9BQE4
COL9A2	endoplasmicreticulum	GO	Q14055
BPTF	nucleoplasm	HPA;GO	Q12830
HLA-DPB1	plasmamembrane	HPA;GO	P04440
SRF	nucleoplasm	HPA;GO	P11831
CYP4F2	endoplasmicreticulum	GO	P78329
MYO7A	cytosol	GO	Q13402
RPS14	plasmamembrane	GO	P62263
DENND6B	cytosol	GO	Q8NEG7
SLC2A2	plasmamembrane	HPA;GO	P11168
HNRNPA1L3	nucleoplasm	HPA	A0A2R8Y4L2
RAD54B	cytosol	HPA	Q9Y620
COL6A1	cytosol	HPA	P12109
HERC2	plasmamembrane	HPA	O95714
FMR1	nucleoplasm	GO	Q06787
ZNF701	centrosome	HPA	Q9NV72
DVL1	plasmamembrane	HPA;GO	O14640
XK	endoplasmicreticulum	GO	P51811
LHX8	cytosol	HPA	Q68G74
MLH3	nucleoplasm	HPA	Q9UHC1
DENND3	cytosol	HPA;GO	A2RUS2
NLGN1	plasmamembrane	GO	Q8N2Q7
TBC1D9B	actinfilaments	HPA	Q66K14
ABHD15	cytosol	HPA	Q6UXT9
CAMTA2	nucleoplasm	HPA;GO	O94983
GLIS2	primarycilium	HPA	Q9BZE0
DALRD3	cytosol	HPA	Q5D0E6
SAV1	cytosol	HPA;GO	Q9H4B6
NUP62	nucleoplasm	HPA	P37198
PML	nucleoplasm	HPA;GO	P29590
UBB	nucleoplasm	GO	P0CG47
SCML2	nucleoli	HPA	Q9UQR0
RTN1	endoplasmicreticulum	HPA;GO	Q16799
HEY1	nuclearmembrane	HPA	Q9Y5J3
TPM4	actinfilaments	HPA;GO	P67936
PDE4D	cytosol	GO	Q08499
MXI1	nucleoli	HPA	P50539
LY6E	plasmamembrane	GO	Q16553
HYDIN	cytosol	HPA	Q4G0P3
ACE	plasmamembrane	GO	P12821
HAS3	golgiapparatus	GO	O00219
ANKS4B	cytosol	HPA	Q8N8V4
ABCB6	cytosol	HPA	Q9NP58
GLMN	cytosol	HPA	Q92990
NFIC	nucleoli	HPA	P08651
WAS	nucleoplasm	GO	P42768
ZNF696	nucleoplasm	HPA	Q9H7X3
C12orf73	plasmamembrane	HPA	Q69YU5
TMEM86A	nucleoplasm	HPA	Q8N2M4
TNNI3	actinfilaments	GO	P19429
VIM	actinfilaments	GO	P08670
RPTOR	cytosol	HPA;GO	Q8N122
TRIM45	microtubules	HPA	Q9H8W5
MAT2A	cytosol	HPA;GO	P31153
AKAP5	plasmamembrane	GO	P24588
WDR6	cytosol	HPA	Q9NNW5
MYL2	cytosol	GO	P10916
PRLR	plasmamembrane	GO	P16471
SERPINA10	endoplasmicreticulum	GO	Q9UK55
F10	golgiapparatus	GO	P00742
BRSK2	centrosome	GO	Q8IWQ3
CTSL	golgiapparatus	HPA	P07711
EEF2KMT	cytosol	GO	Q96G04
DYNC1LI2	cytosol	HPA;GO	O43237
TRPM4	nucleoplasm	HPA	Q8TD43
CEMIP	nuclearmembrane	HPA	Q8WUJ3
PLAU	plasmamembrane	GO	P00749
DNM1L	cytosol	HPA;GO	O00429
ECSIT	cytosol	HPA	Q9BQ95
RFLNB	actinfilaments	HPA	Q8N5W9
RPS7	cytosol	HPA;GO	P62081
NPHP4	plasmamembrane	GO	O75161
MACO1	cytosol	HPA	Q8N5G2
GNB3	plasmamembrane	HPA;GO	P16520
FAM174A	cytosol	HPA	Q8TBP5
SP140	nucleoli	HPA	Q13342
OPHN1	plasmamembrane	HPA;GO	O60890
IFI6	plasmamembrane	GO	P09912
ELANE	cytosol	GO	P08246
CEP76	cytosol	GO	Q8TAP6
TSSK1B	nucleoplasm	HPA	Q9BXA7
N4BP1	nucleoplasm	HPA	O75113
PSMD10	cytosol	HPA;GO	O75832
GLUL	plasmamembrane	HPA;GO	P15104
HBZ	nucleoplasm	HPA	P02008
SPRR2B	plasmamembrane	GO	P35325
SLC39A10	cytosol	HPA	Q9ULF5
TSPAN5	plasmamembrane	GO	P62079
HACD2	endoplasmicreticulum	GO	Q6Y1H2
PCDH17	plasmamembrane	HPA	O14917
FAH	nucleoplasm	HPA	P16930
CEP162	centrosome	GO	Q5TB80
SPRED3	nucleoplasm	HPA	Q2MJR0
PKD2L2	plasmamembrane	HPA	Q9NZM6
MAPK1	nucleoplasm	HPA;GO	P28482
CRACD	golgiapparatus	HPA	Q6ZU35
PNPLA2	endoplasmicreticulum	GO	Q96AD5
PHF20	nuclearmembrane	HPA	Q9BVI0
PANK3	cytosol	GO	Q9H999
AOC2	plasmamembrane	GO	O75106
RAB11FIP4	plasmamembrane	GO	Q86YS3
PTGER3	plasmamembrane	GO	P43115
WNT1	golgiapparatus	GO	P04628
STRN	cytosol	HPA;GO	O43815
RFTN1	plasmamembrane	GO	Q14699
CT45A5	nucleoli	HPA	P0DMU8
MDFIC	nucleoli	GO	Q9P1T7
BCL2L12	plasmamembrane	HPA	Q9HB09
CWF19L1	golgiapparatus	HPA	Q69YN2
NCBP2	nucleoplasm	HPA;GO	P52298
STAG3	nucleoli	HPA	Q9UJ98
PARP1	nucleoplasm	HPA;GO	P09874
PIK3CD	primarycilium	HPA	O00329
IKBKG	microtubules	GO	Q9Y6K9
DIPK1B	nucleoplasm	HPA	Q5VUD6
FBXL4	nucleoplasm	HPA	Q9UKA2
GP2	plasmamembrane	GO	P55259
BOP1	nucleoli	HPA;GO	Q14137
USP12	nucleoplasm	HPA;GO	O75317
NOP56	nucleoplasm	GO	O00567
DEPDC4	microtubules	HPA	Q8N2C3
CDH7	plasmamembrane	GO	Q9ULB5
PGP	nucleoplasm	HPA	A6NDG6
ATP10D	plasmamembrane	HPA;GO	Q9P241
SRSF9	nucleoli	HPA	Q13242
ZFP82	nucleoplasm	HPA	Q8N141
CDKN2B	nucleoplasm	HPA	P42772
GBA2	cytosol	HPA	Q9HCG7
TMEM176B	plasmamembrane	HPA	Q3YBM2
STON2	cytosol	HPA;GO	Q8WXE9
KCNQ2	endoplasmicreticulum	HPA	O43526
ZNF843	nucleoplasm	HPA	Q8N446
NOCT	nucleoplasm	HPA;GO	Q9UK39
GRIK4	plasmamembrane	GO	Q16099
PTTG1	cytosol	HPA;GO	O95997
ANKRD49	nucleoli	HPA	Q8WVL7
NEK10	nucleoplasm	HPA	Q6ZWH5
PACRG	primarycilium	GO	Q96M98
KIF4B	microtubules	HPA	Q2VIQ3
CHKA	cytosol	GO	P35790
FUT6	golgiapparatus	HPA;GO	P51993
LIPA	cytosol	HPA	P38571
HADHA	mitochondria	HPA;GO	P40939
SKP2	cytosol	HPA;GO	Q13309
EIF4ENIF1	cytosol	GO	Q9NRA8
BARX2	nucleoplasm	HPA	Q9UMQ3
ADIRF	cytosol	HPA	Q15847
NEK4	cytosol	HPA	P51957
PCIF1	nucleoplasm	HPA	Q9H4Z3
NUDT5	nucleoplasm	HPA	Q9UKK9
VBP1	cytosol	HPA	P61758
SLC38A3	cytosol	HPA	Q99624
STX7	plasmamembrane	GO	O15400
RGS5	plasmamembrane	GO	O15539
SEMA6D	plasmamembrane	HPA;GO	Q8NFY4
DHX58	nucleoplasm	HPA	Q96C10
CLDN14	endoplasmicreticulum	GO	O95500
USP38	nucleoplasm	HPA	Q8NB14
HOXB5	nucleoplasm	HPA	P09067
RNF169	nucleoplasm	HPA;GO	Q8NCN4
U2AF1L4	nucleoplasm	HPA;GO	Q8WU68
TCHH	plasmamembrane	GO	Q07283
CSNK1D	primarycilium	GO	P48730
ANXA4	cytosol	HPA	P09525
NFATC1	nucleoplasm	HPA;GO	O95644
NFE2	nucleoplasm	HPA;GO	Q16621
KIRREL2	centrosome	HPA	Q6UWL6
RAP1GDS1	cytosol	HPA;GO	P52306
LGR4	plasmamembrane	GO	Q9BXB1
CNRIP1	cytosol	HPA	Q96F85
PNO1	nucleoplasm	HPA;GO	Q9NRX1
ASRGL1	microtubules	HPA	Q7L266
KCTD20	nucleoplasm	HPA	Q7Z5Y7
METTL25B	cytosol	HPA	Q96FB5
ORC2	centrosome	GO	Q13416
PRCD	endoplasmicreticulum	GO	Q00LT1
PLPP5	plasmamembrane	GO	Q8NEB5
RAD9B	nucleoplasm	GO	Q6WBX8
GRHL3	cytosol	HPA	Q8TE85
ERLIN1	endoplasmicreticulum	HPA;GO	O75477
H1-2	nucleoli	HPA	P16403
ORM1	golgiapparatus	HPA	P02763
CNNM1	plasmamembrane	HPA	Q9NRU3
ERFL	cytosol	HPA	A0A1W2PQ73
TPM1	actinfilaments	HPA;GO	P09493
ZFYVE27	endoplasmicreticulum	GO	Q5T4F4
REG3G	cytosol	HPA	Q6UW15
FURIN	plasmamembrane	GO	P09958
ARHGEF26	plasmamembrane	HPA	Q96DR7
DBNDD2	nucleoplasm	HPA	Q9BQY9
NCSTN	endoplasmicreticulum	GO	Q92542
TCEA3	nucleoplasm	HPA	O75764
PROM2	nucleoplasm	HPA	Q8N271
TNFRSF19	golgiapparatus	HPA	Q9NS68
SYDE2	golgiapparatus	HPA	Q5VT97
UQCC6	mitochondria	GO	Q69YU5
DYNC2I2	microtubules	GO	Q96EX3
MST1R	cytosol	HPA	Q04912
MMS19	microtubules	GO	Q96T76
MED16	nucleoli	HPA	Q9Y2X0
RABEP2	centrosome	GO	Q9H5N1
PPP4C	cytosol	HPA	P60510
WDR19	primarycilium	GO	Q8NEZ3
CRYAB	plasmamembrane	HPA	P02511
CLIP3	golgiapparatus	GO	Q96DZ5
CAP1	cytosol	HPA	Q01518
KRT32	cytosol	GO	Q14532
CLEC4M	plasmamembrane	GO	Q9H2X3
CDC42EP2	cytosol	HPA;GO	O14613
SNTB1	plasmamembrane	GO	Q13884
JAKMIP2	golgiapparatus	HPA	Q96AA8
HLA-C	plasmamembrane	GO	P10321
PORCN	endoplasmicreticulum	GO	Q9H237
LHX5	cytosol	HPA	Q9H2C1
FCHSD2	plasmamembrane	HPA;GO	O94868
KCTD1	nucleoli	HPA	Q719H9
ORAI2	cytosol	HPA	Q96SN7
CCDC144A	plasmamembrane	HPA	A2RUR9
RAB34	nucleoplasm	HPA	P0DI83
CD82	plasmamembrane	GO	P27701
WNT10B	golgiapparatus	HPA	O00744
ATP6AP2	plasmamembrane	GO	O75787
RFPL1	nucleoplasm	HPA	O75677
NDUFA6	mitochondria	GO	P56556
KCNV1	plasmamembrane	HPA;GO	Q6PIU1
MLXIPL	nucleoplasm	HPA;GO	Q9NP71
DDX54	nucleoli	HPA;GO	Q8TDD1
OTX2	nucleoplasm	HPA	P32243
KIF23	cytosol	GO	Q02241
LDLRAP1	cytosol	GO	Q5SW96
VXN	nucleoplasm	HPA	Q8TAG6
GAL3ST4	cytosol	HPA	Q96RP7
ZC3H12B	nucleoli	HPA	Q5HYM0
AKR1E2	nucleoplasm	HPA	Q96JD6
ATXN1L	nucleoplasm	HPA	P0C7T5
ZNF519	nucleoli	HPA	Q8TB69
FAM90A7	nucleoplasm	HPA	A6NKC0
UNC5CL	centrosome	HPA	Q8IV45
HFE	nucleoplasm	HPA	Q30201
MORN1	nucleoplasm	HPA	Q5T089
CCDC59	plasmamembrane	HPA	Q9P031
ADCY8	cytosol	HPA	P40145
ANGEL2	mitochondria	HPA	Q5VTE6
PPP1CB	nucleoplasm	HPA;GO	P62140
BNIP5	cytosol	HPA	P0C671
NDUFV3	mitochondria	HPA;GO	P56181
C1orf54	plasmamembrane	HPA	Q8WWF1
GUK1	cytosol	GO	Q16774
AK9	cytosol	HPA;GO	Q5TCS8
MUC4	golgiapparatus	GO	Q99102
NFKB2	nucleoplasm	HPA;GO	Q00653
NIPSNAP1	mitochondria	GO	Q9BPW8
CLDN2	plasmamembrane	HPA;GO	P57739
RBM14	nucleoplasm	HPA;GO	Q96PK6
TAL2	cytosol	HPA	Q16559
ILVBL	golgiapparatus	HPA	A1L0T0
DCAKD	nucleoplasm	HPA	Q8WVC6
CACNA1C	plasmamembrane	HPA;GO	Q13936
CERS4	endoplasmicreticulum	GO	Q9HA82
ENSG00000285827	mitochondria	HPA	
FAM90A10	nucleoplasm	HPA	A6NDY2
GAGE12H	golgiapparatus	HPA	A6NDE8
KIF18B	nucleoli	HPA	Q86Y91
LY6G5B	plasmamembrane	GO	Q8NDX9
KIFC1	centrosome	HPA	Q9BW19
CEACAM8	plasmamembrane	GO	P31997
LRIT3	cytosol	HPA	Q3SXY7
FNDC3B	endoplasmicreticulum	HPA	Q53EP0
ANGPTL4	nucleoplasm	HPA	Q9BY76
NANOG	nucleoli	GO	Q9H9S0
STUB1	endoplasmicreticulum	GO	Q9UNE7
KCNA7	plasmamembrane	HPA;GO	Q96RP8
GZMB	cytosol	GO	P10144
ADSS1	cytosol	GO	Q8N142
NUP43	cytosol	GO	Q8NFH3
SNAI2	cytosol	HPA	O43623
CIDEA	cytosol	GO	O60543
SPAST	cytosol	HPA;GO	Q9UBP0
ATOSA	nucleoplasm	HPA	Q32MH5
DLK1	golgiapparatus	HPA	P80370
PTGIS	plasmamembrane	GO	Q16647
PPP1CC	nucleoli	GO	P36873
TRAPPC3	cytosol	HPA;GO	O43617
LGALS9	cytosol	HPA	O00182
GRK6	mitochondria	HPA	P43250
TLE3	nucleoplasm	HPA;GO	Q04726
FXYD3	plasmamembrane	HPA;GO	Q14802
FXYD1	cytosol	HPA	O00168
AFF4	nucleoplasm	HPA;GO	Q9UHB7
OCM	plasmamembrane	HPA	P0CE72
MRGBP	nucleoplasm	HPA;GO	Q9NV56
PINX1	nucleoli	HPA;GO	Q96BK5
GRK2	primarycilium	GO	P25098
FIS1	cytosol	GO	Q9Y3D6
ATOX1	cytosol	GO	O00244
PARVB	cytosol	GO	Q9HBI1
ZNF169	nucleoplasm	HPA	Q14929
MIS18A	cytosol	HPA	Q9NYP9
AMHR2	plasmamembrane	GO	Q16671
DUS4L	cytosol	HPA	O95620
TIGD2	nucleoplasm	HPA	Q4W5G0
MGARP	mitochondria	HPA;GO	Q8TDB4
PCDHGC3	plasmamembrane	HPA	Q9UN70
MASP1	cytosol	HPA	P48740
DLGAP2	plasmamembrane	GO	Q9P1A6
RIC1	golgiapparatus	GO	Q4ADV7
CAMKV	nucleoplasm	HPA	Q8NCB2
ZSCAN25	nucleoli	HPA	Q6NSZ9
NDUFS5	mitochondria	GO	O43920
ATP11B	endoplasmicreticulum	GO	Q9Y2G3
ACER3	endoplasmicreticulum	GO	Q9NUN7
TNPO3	cytosol	HPA	Q9Y5L0
PRNP	nuclearmembrane	HPA	F7VJQ1
SLC25A3	mitochondria	HPA	Q00325
AKIRIN1	nuclearmembrane	HPA	Q9H9L7
ARID3A	cytosol	HPA	Q99856
KLHL25	nucleoplasm	HPA	Q9H0H3
SH2B1	cytosol	HPA;GO	Q9NRF2
RINT1	golgiapparatus	HPA	Q6NUQ1
DPF1	nucleoplasm	HPA;GO	Q92782
GNL3L	nucleoplasm	HPA	Q9NVN8
KIN	cytosol	HPA	O60870
DPH6	nucleoplasm	HPA	Q7L8W6
PPP4R1	actinfilaments	HPA	Q8TF05
SERPINC1	plasmamembrane	GO	P01008
SSTR3	plasmamembrane	GO	P32745
VCX	nucleoli	GO	Q9H320
C19orf12	cytosol	HPA	Q9NSK7
H3-3B	nucleoplasm	HPA	P84243
LUZP1	microtubules	HPA;GO	Q86V48
GAGE12G	golgiapparatus	HPA	P0CL81
GLI3	primarycilium	GO	P10071
GPR31	plasmamembrane	GO	O00270
IGKV1-16	plasmamembrane	GO	P04430
LTA4H	cytosol	HPA;GO	P09960
ADAM17	endoplasmicreticulum	GO	P78536
JUNB	nucleoplasm	HPA;GO	P17275
DYNLL1	plasmamembrane	GO	P63167
GNPNAT1	cytosol	GO	Q96EK6
L3MBTL3	nucleoplasm	HPA	Q96JM7
ZNF837	nucleoli	HPA	Q96EG3
GJC1	plasmamembrane	HPA;GO	P36383
GSK3B	plasmamembrane	GO	P49841
KLHL7	cytosol	HPA	Q8IXQ5
GYG2	nucleoli	HPA	O15488
TMEM50B	nucleoli	HPA	P56557
HRAS	plasmamembrane	GO	P01112
ENSG00000285547	cytosol	HPA	
SERPINA1	golgiapparatus	GO	P01009
DUOX2	endoplasmicreticulum	GO	Q9NRD8
TCEA2	nucleoplasm	HPA	Q15560
ASTN2	cytosol	HPA	O75129
PFN1	plasmamembrane	GO	P07737
SRSF12	nucleoplasm	GO	Q8WXF0
CD83	plasmamembrane	HPA	Q01151
PIP4K2C	cytosol	HPA;GO	Q8TBX8
PROKR2	plasmamembrane	GO	Q8NFJ6
H3C12	nucleoplasm	HPA	P68431
TNFAIP2	golgiapparatus	HPA	Q03169
DNAJC3	endoplasmicreticulum	HPA;GO	Q13217
C8orf34	nucleoli	HPA	Q49A92
PSKH2	nucleoplasm	HPA	Q96QS6
SEPTIN2	microtubules	HPA	Q15019
SMYD4	golgiapparatus	HPA	Q8IYR2
TENM3	cytosol	HPA	Q9P273
SPRR2E	plasmamembrane	GO	P22531
ALG6	endoplasmicreticulum	HPA;GO	Q9Y672
CEP72	cytosol	GO	Q9P209
FAM177A1	nucleoplasm	HPA	Q8N128
PTDSS2	endoplasmicreticulum	GO	Q9BVG9
KIDINS220	cytosol	HPA;GO	Q9ULH0
KCNN4	plasmamembrane	HPA;GO	O15554
KIFAP3	primarycilium	HPA;GO	Q92845
SBDS	cytosol	HPA	Q9Y3A5
BCL10	cytosol	HPA;GO	O95999
PIGU	cytosol	HPA	Q9H490
DLC1	actinfilaments	GO	P63167
ZDBF2	cytosol	HPA	Q9HCK1
NMI	cytosol	HPA;GO	Q13287
HAS2	plasmamembrane	GO	Q92819
KIR3DL2	plasmamembrane	GO	P43630
ATP8B4	plasmamembrane	GO	Q8TF62
HAS3	microtubules	HPA	O00219
ZDHHC24	cytosol	HPA	Q6UX98
C10orf71	mitochondria	HPA	Q711Q0
CENPV	cytosol	HPA	Q7Z7K6
MLLT1	nucleoplasm	HPA;GO	Q03111
PCDHGB2	cytosol	HPA	Q9Y5G2
ATRX	nucleoplasm	HPA;GO	P46100
SETD9	nucleoplasm	HPA;GO	Q8NE22
MYO5A	endoplasmicreticulum	GO	Q9Y4I1
UBE2T	nucleoli	HPA	Q9NPD8
UAP1	nucleoplasm	HPA	Q16222
ZC3H12D	nucleoplasm	HPA	A2A288
DEDD	nucleoplasm	HPA	O75618
DDHD2	cytosol	HPA;GO	O94830
EXOC7	microtubules	GO	Q9UPT5
BLMH	nucleoplasm	HPA	Q13867
REEP1	endoplasmicreticulum	GO	Q9H902
BIRC6	golgiapparatus	HPA;GO	Q9NR09
SMIM20	mitochondria	GO	Q8N5G0
DIDO1	cytosol	HPA	Q9BTC0
MISP	actinfilaments	HPA;GO	Q8IVT2
MIGA2	plasmamembrane	HPA;GO	Q7L4E1
PRPF6	nucleoplasm	HPA;GO	O94906
SUCLA2	mitochondria	HPA;GO	Q9P2R7
OSCAR	plasmamembrane	HPA	Q8IYS5
NAPG	plasmamembrane	HPA	Q99747
SDC2	golgiapparatus	GO	P34741
GAPDH	cytosol	HPA;GO	P04406
STOX2	actinfilaments	HPA	Q9P2F5
TRAF3	mitochondria	GO	Q13114
LATS1	microtubules	GO	O95835
PIGF	endoplasmicreticulum	GO	Q07326
RERE	nucleoplasm	HPA	Q9P2R6
YES1	golgiapparatus	GO	P07947
ZSWIM1	plasmamembrane	HPA	Q9BR11
SRSF5	nucleoplasm	HPA;GO	Q13243
NLRC5	cytosol	HPA;GO	Q86WI3
SPC25	nucleoplasm	GO	Q15005
THEMIS	nucleoplasm	HPA	Q8N1K5
TIGD1	nucleoplasm	HPA	Q96MW7
SLC10A7	endoplasmicreticulum	GO	Q0GE19
ITGAM	plasmamembrane	GO	P11215
ARRB1	nucleoplasm	HPA;GO	P49407
GAGE1	golgiapparatus	HPA	P0DTW1
SLC39A14	plasmamembrane	HPA;GO	Q15043
BABAM1	nucleoplasm	HPA;GO	Q9NWV8
RHBDD1	endoplasmicreticulum	HPA;GO	Q8TEB9
SRPK2	cytosol	HPA;GO	P78362
CD34	nucleoplasm	HPA	P28906
RAB11FIP3	golgiapparatus	GO	O75154
TWIST2	nucleoli	HPA	Q8WVJ9
CHDH	mitochondria	HPA;GO	Q8NE62
ENSG00000187186	nucleoli	HPA	
MCMDC2	actinfilaments	HPA	Q4G0Z9
MAPK8	cytosol	GO	P45983
ZNF629	golgiapparatus	HPA	Q9UEG4
ASB3	cytosol	GO	Q9Y575
SERGEF	cytosol	HPA	Q9UGK8
TEX15	cytosol	HPA	Q9BXT5
CDC42BPA	actinfilaments	GO	Q5VT25
MTREX	nucleoplasm	HPA;GO	P42285
CXCR5	plasmamembrane	GO	P32302
CST3	golgiapparatus	HPA;GO	P01034
CD300E	plasmamembrane	GO	Q496F6
CHMP7	cytosol	HPA;GO	Q8WUX9
RIF1	microtubules	GO	Q5T3J3
PUM1	cytosol	HPA;GO	Q14671
S100A11	nucleoplasm	HPA	P31949
BBS2	primarycilium	HPA;GO	Q9BXC9
FBP1	cytosol	GO	P09467
NPFFR2	actinfilaments	HPA	Q9Y5X5
ARL13A	actinfilaments	HPA	Q5H913
USP34	nucleoplasm	HPA	Q70CQ2
TCHP	cytosol	HPA	Q9BT92
RASSF4	cytosol	HPA	Q8WYP3
TIAL1	nucleoplasm	HPA;GO	Q01085
HSD17B13	golgiapparatus	HPA	Q7Z5P4
TXN2	mitochondria	HPA;GO	Q99757
KCNMB4	plasmamembrane	GO	Q86W47
ZBTB14	nucleoli	HPA	O43829
KIF2A	nucleoplasm	HPA	O00139
NRN1	plasmamembrane	GO	Q9NPD7
ZNF623	nucleoplasm	HPA	O75123
ZNF354A	nucleoli	HPA	O60765
RFPL3	plasmamembrane	HPA	O75679
NOC4L	nucleoli	HPA	Q9BVI4
H1-3	nucleoplasm	GO	P16402
RAB29	cytosol	HPA	O14966
ACVR1B	primarycilium	HPA	P36896
ZNF324	nucleoplasm	HPA	O75467
IRF3	mitochondria	GO	Q14653
HGD	cytosol	GO	Q93099
NR2C1	nucleoplasm	HPA;GO	P13056
OTC	mitochondria	HPA;GO	P00480
POM121C	nucleoplasm	HPA	A8CG34
ENPP2	nucleoplasm	HPA	Q13822
SH3D19	nucleoplasm	HPA	Q5HYK7
TMUB2	cytosol	HPA	Q71RG4
PPP1R35	centrosome	GO	Q8TAP8
CSF1R	plasmamembrane	HPA;GO	P07333
FEM1B	nucleoplasm	HPA	Q9UK73
SARM1	cytosol	GO	Q6SZW1
ID2	centrosome	HPA	Q02363
TMC8	endoplasmicreticulum	GO	Q8IU68
SLF1	nucleoplasm	HPA;GO	Q9BQI6
MINDY4	cytosol	HPA	Q4G0A6
KPNB1	endoplasmicreticulum	GO	Q14974
ATP11A	plasmamembrane	GO	P98196
CCDC159	cytosol	HPA	P0C7I6
NCAN	golgiapparatus	GO	O14594
RBM46	cytosol	HPA	Q8TBY0
STOM	plasmamembrane	HPA;GO	P27105
B4GALT1	plasmamembrane	GO	P15291
CENPC	cytosol	GO	Q03188
SIRT1	cytosol	HPA;GO	Q96EB6
CHD4	centrosome	GO	Q14839
CALM2	microtubules	GO	P0DP24
TBC1D20	nuclearmembrane	GO	Q96BZ9
DFFB	nucleoplasm	HPA;GO	O76075
SH2D2A	cytosol	GO	Q9NP31
JAK2	actinfilaments	HPA	O60674
RAB3IP	nucleoplasm	HPA	Q96QF0
CNOT11	cytosol	GO	Q9UKZ1
APH1A	golgiapparatus	GO	Q96BI3
CRHBP	endoplasmicreticulum	GO	P24387
PRTG	plasmamembrane	HPA	Q2VWP7
SUGT1	cytosol	HPA;GO	Q9Y2Z0
UFSP2	nucleoplasm	HPA	Q9NUQ7
EMC6	endoplasmicreticulum	GO	Q9BV81
TUNAR	endoplasmicreticulum	GO	A0A1B0GTB2
MAP2K2	mitochondria	GO	P36507
SERPINB8	actinfilaments	HPA	P50452
EGR3	nucleoplasm	GO	Q06889
FAM8A1	golgiapparatus	HPA	Q9UBU6
ZNF516	nucleoplasm	HPA	Q92618
RAC1	endoplasmicreticulum	GO	P63000
GRAP2	nucleoplasm	HPA	O75791
KCNS2	plasmamembrane	GO	Q9ULS6
ASB2	nucleoli	HPA	Q96Q27
SLC6A14	mitochondria	HPA	Q9UN76
DONSON	nucleoplasm	HPA;GO	Q9NYP3
SH2D3A	microtubules	HPA	Q9BRG2
CDKN2A	nucleoplasm	HPA;GO	P42771
EML1	microtubules	GO	O00423
ZFHX4	nucleoplasm	HPA	Q86UP3
RBM18	cytosol	HPA	Q96H35
PPFIA1	plasmamembrane	GO	Q13136
ATP5F1E	mitochondria	GO	P56381
SGCD	plasmamembrane	GO	Q92629
ABCA3	plasmamembrane	GO	Q99758
C10orf62	nucleoplasm	HPA	Q5T681
INCENP	cytosol	GO	Q9NQS7
ZC3HAV1	cytosol	HPA	Q7Z2W4
PALM	nucleoplasm	HPA	O75781
PLEKHH1	centrosome	HPA	Q9ULM0
KCNF1	nucleoplasm	HPA	Q9H3M0
RAB7B	golgiapparatus	GO	Q96AH8
CALR	plasmamembrane	GO	P27797
UNC93B1	endoplasmicreticulum	GO	Q9H1C4
FGF11	centrosome	HPA	Q92914
DYNC2LI1	microtubules	GO	Q8TCX1
TP53AIP1	mitochondria	GO	Q9HCN2
PRDX4	endoplasmicreticulum	HPA	Q13162
ACSL1	mitochondria	GO	P33121
RNF115	endoplasmicreticulum	GO	Q9Y4L5
DEFB1	golgiapparatus	GO	P60022
MAPK11	nucleoplasm	GO	Q15759
MAPK13	nucleoplasm	HPA	O15264
MCM3AP	nuclearmembrane	HPA	O60318
MLST8	plasmamembrane	HPA	Q9BVC4
TMEM123	golgiapparatus	HPA	Q8N131
LMNA	intermediatefilaments	GO	P02545
KIF6	centrosome	HPA	Q6ZMV9
SLC8A1	plasmamembrane	HPA;GO	P32418
MYL6B	cytosol	GO	P14649
ANKRD46	cytosol	HPA	Q86W74
ASIC3	nucleoplasm	HPA	Q9UHC3
MRPL16	mitochondria	GO	Q9NX20
HTR2C	plasmamembrane	GO	P28335
GASK1B	nucleoli	HPA	Q6UWH4
VPS35	mitochondria	GO	Q96QK1
KEAP1	centrosome	HPA	Q14145
HMGB2	nucleoli	HPA	P26583
RUSF1	cytosol	HPA	Q96GQ5
STING1	nucleoplasm	HPA	Q86WV6
NRXN2	plasmamembrane	GO	P58401
MAGT1	plasmamembrane	GO	Q9H0U3
S100A5	nucleoplasm	HPA	P33763
SMARCE1	nucleoplasm	HPA;GO	Q969G3
ITPRIPL1	plasmamembrane	GO	Q6GPH6
FHL3	plasmamembrane	GO	Q13643
C14orf119	cytosol	HPA	Q9NWQ9
OR6P1	plasmamembrane	GO	Q8NGX9
UBR1	cytosol	HPA;GO	Q8IWV7
HMOX2	endoplasmicreticulum	GO	P30519
EEF1A1	plasmamembrane	GO	P68104
UCHL3	golgiapparatus	HPA	P15374
NRCAM	plasmamembrane	HPA;GO	Q92823
SREK1IP1	nucleoplasm	HPA	Q8N9Q2
RGP1	cytosol	HPA;GO	P0DJD0
CMA1	cytosol	HPA	P23946
TDRD3	nucleoplasm	HPA	Q9H7E2
CDC42EP1	actinfilaments	HPA;GO	Q00587
ERAP1	nucleoplasm	HPA	Q9NZ08
FLAD1	cytosol	HPA;GO	Q8NFF5
RASGRP4	cytosol	HPA;GO	Q8TDF6
KRT83	cytosol	GO	P78385
MEN1	plasmamembrane	GO	O00255
HLF	nucleoplasm	HPA	Q16534
ANKRD29	nucleoplasm	HPA	Q8N6D5
BANF1	cytosol	HPA;GO	O75531
PTPN5	endoplasmicreticulum	HPA	P54829
PPP1R9A	plasmamembrane	HPA	Q9ULJ8
AGO2	plasmamembrane	GO	Q9UKV8
TRIM39	mitochondria	GO	Q9HCM9
YTHDC1	plasmamembrane	HPA	Q96MU7
SOCS4	nucleoplasm	HPA	O14544
SRPK1	cytosol	HPA;GO	Q96SB4
TERF1	microtubules	GO	P54274
ALX4	nucleoplasm	HPA	Q9H161
CEP19	centrosome	HPA	Q96LK0
AASS	mitochondria	HPA;GO	Q9UDR5
FAM72C	cytosol	HPA	H0Y354
GTF2A2	nucleoplasm	HPA;GO	P52657
ZNF385B	nucleoli	HPA	Q569K4
EPB41L2	nucleoplasm	HPA	O43491
ENPP1	plasmamembrane	GO	P22413
ACSBG2	cytosol	HPA;GO	Q5FVE4
TBC1D31	primarycilium	HPA;GO	Q96DN5
TENT2	cytosol	HPA	Q6PIY7
MCCC2	mitochondria	HPA;GO	Q9HCC0
ZNF419	nucleoli	HPA	Q96HQ0
ZMYND10	primarycilium	HPA	O75800
CDON	plasmamembrane	GO	Q4KMG0
PINK1	endoplasmicreticulum	GO	Q9BXM7
HYOU1	actinfilaments	GO	Q9Y4L1
PEX5	golgiapparatus	HPA	P50542
PLEKHN1	mitochondria	GO	Q494U1
STRIP2	cytosol	HPA	Q9ULQ0
PSMD4	cytosol	HPA;GO	P55036
TAS2R40	plasmamembrane	GO	P59535
RBM14-RBM4	nucleoplasm	HPA	
NMB	golgiapparatus	HPA	P08949
SH2D7	nucleoplasm	HPA	A6NKC9
NIPSNAP2	mitochondria	HPA;GO	O75323
MAPK6	nucleoplasm	GO	Q16659
TRIML2	cytosol	HPA	Q8N7C3
MIEN1	cytosol	HPA;GO	Q9BRT3
PRKCZ	plasmamembrane	GO	Q05513
C2orf68	nucleoli	HPA	Q2NKX9
HOOK3	golgiapparatus	HPA;GO	Q86VS8
KLRK1	plasmamembrane	HPA;GO	P26718
TRAPPC13	cytosol	GO	A5PLN9
PELI1	cytosol	GO	Q96FA3
SEPHS1	plasmamembrane	GO	P49903
AKIP1	nucleoplasm	HPA	Q9NQ31
SLC38A7	cytosol	HPA	Q9NVC3
NPM1	cytosol	GO	P06748
LPCAT1	plasmamembrane	GO	Q8NF37
CILK1	primarycilium	HPA;GO	Q9UPZ9
CRKL	nucleoplasm	HPA	P46109
EIF2S2	endoplasmicreticulum	HPA	P20042
ABRACL	cytosol	HPA	Q9P1F3
RXRB	nucleoplasm	HPA;GO	P28702
ZNF532	golgiapparatus	HPA	Q9HCE3
HDLBP	plasmamembrane	GO	Q00341
MARCKSL1	nucleoplasm	HPA	P49006
ZNF488	nucleoplasm	HPA	Q96MN9
INTS10	nucleoplasm	HPA;GO	Q9NVR2
LRRC28	mitochondria	HPA	Q86X40
ELMO1	plasmamembrane	GO	Q92556
HUWE1	nucleoplasm	HPA	Q7Z6Z7
PDIA3	plasmamembrane	GO	P30101
PMP22	plasmamembrane	GO	Q01453
RPS3	nucleoplasm	GO	P23396
CDH6	plasmamembrane	HPA;GO	P55285
PNPLA8	cytosol	HPA	Q9NP80
FOXP2	nucleoplasm	HPA	O15409
GFM1	nucleoplasm	HPA	Q96RP9
CABCOCO1	centrosome	HPA	Q8IVU9
GLTP	cytosol	HPA;GO	Q9NZD2
CAPG	nucleoplasm	HPA;GO	P40121
SLC12A6	cytosol	HPA	Q9UHW9
SWAP70	plasmamembrane	HPA;GO	Q9UH65
TMEM97	nuclearmembrane	GO	Q5BJF2
CRLS1	mitochondria	GO	Q9UJA2
CPS1	mitochondria	GO	P31327
RAD23B	cytosol	HPA;GO	P54727
UQCRH	mitochondria	GO	P07919
ZNF48	mitochondria	HPA	Q96MX3
SLC1A5	plasmamembrane	HPA;GO	Q15758
FCGR1BP	plasmamembrane	GO	Q92637
PPP3CC	nucleoplasm	HPA	P48454
WNT3A	plasmamembrane	GO	P56704
PRM1	cytosol	HPA	P04553
TMEM81	intermediatefilaments	HPA	Q6P7N7
PWP1	nucleoli	HPA	Q13610
HORMAD1	nucleoplasm	HPA	Q86X24
RCC2	microtubules	GO	Q9P258
AR	plasmamembrane	GO	P10275
PLK1	cytosol	GO	P53350
GAS2	nucleoplasm	HPA	O43903
USP25	endoplasmicreticulum	GO	Q9UHP3
RORC	nucleoplasm	HPA;GO	P51449
YAE1	cytosol	HPA	Q9NRH1
SLC16A2	plasmamembrane	HPA;GO	P36021
SYNGAP1	nucleoplasm	HPA	Q96PV0
AATF	nucleoplasm	HPA	Q9NY61
HSPA8	actinfilaments	GO	P11142
CPA3	nucleoplasm	HPA	P15088
SELENOK	endoplasmicreticulum	GO	Q9Y6D0
CHST7	golgiapparatus	GO	Q9NS84
PRRG2	nucleoli	HPA	O14669
PLEKHG2	cytosol	HPA;GO	Q9H7P9
SRGAP3	primarycilium	HPA	O43295
ZNRF3	plasmamembrane	GO	Q9ULT6
CUL2	cytosol	GO	Q13617
IPO4	cytosol	HPA	Q8TEX9
ADCK2	mitochondria	GO	Q7Z695
DYNC1LI2	centrosome	HPA;GO	O43237
FAM120C	endoplasmicreticulum	HPA	Q9NX05
SPRR2G	plasmamembrane	GO	Q9BYE4
PRMT7	nucleoplasm	HPA;GO	Q9NVM4
ENSG00000280571	centrosome	HPA	
MTIF3	nucleoplasm	HPA	Q9H2K0
PNPLA4	cytosol	GO	P41247
EXOSC7	nucleoplasm	HPA;GO	Q15024
SINHCAF	cytosol	HPA	Q9NP50
SEPTIN4	mitochondria	GO	O43236
IFITM3	plasmamembrane	GO	Q01628
EXOSC10	nucleoplasm	HPA;GO	Q01780
GPC5	cytosol	HPA	P78333
ERAP2	endoplasmicreticulum	GO	Q6P179
LAP3	actinfilaments	GO	P28838
C9orf40	nucleoplasm	HPA	Q8IXQ3
GPR34	cytosol	HPA	Q9UPC5
UBE2A	plasmamembrane	HPA	P49459
UROS	cytosol	HPA;GO	P10746
CFL2	nucleoplasm	HPA	Q9Y281
ELAPOR1	golgiapparatus	GO	Q6UXG2
PEX2	cytosol	GO	P28328
AGXT	cytosol	GO	P21549
TBC1D15	cytosol	HPA	Q8TC07
NIPA2	plasmamembrane	GO	Q8N8Q9
NEK6	centrosome	HPA;GO	Q9HC98
RPL36A-HNRNPH2	cytosol	HPA	
DUSP5	nucleoplasm	GO	Q16690
AURKC	microtubules	GO	Q9UQB9
PMM2	cytosol	HPA;GO	O15305
RPE	cytosol	HPA;GO	Q96AT9
TANC2	cytosol	HPA	Q9HCD6
ZNF653	nucleoplasm	HPA	Q96CK0
TXNDC16	mitochondria	HPA	Q9P2K2
GPIHBP1	plasmamembrane	GO	Q8IV16
NCK1	endoplasmicreticulum	GO	P16333
TIAM2	nucleoli	HPA	Q8IVF5
AKT1	primarycilium	HPA	P31749
MRPL40	nucleoli	HPA	Q9NQ50
THY1	actinfilaments	GO	P04216
PCTP	nucleoli	HPA	Q9UKL6
CTDP1	centrosome	GO	Q9Y5B0
CCR7	plasmamembrane	GO	P32248
SCIMP	plasmamembrane	GO	Q6UWF3
DHRS12	golgiapparatus	HPA	A0PJE2
ZDHHC2	golgiapparatus	GO	Q9UIJ5
ANKRA2	cytosol	GO	Q9H9E1
DNAJB4	nucleoplasm	HPA	Q9UDY4
ADGRB2	plasmamembrane	HPA;GO	O60241
FHL2	nucleoplasm	GO	Q14192
MPL	plasmamembrane	HPA;GO	P40238
NUDT9	mitochondria	HPA;GO	Q9BW91
CAMK2B	cytosol	GO	Q13554
EPCAM	plasmamembrane	HPA;GO	P16422
ANAPC5	nucleoplasm	HPA;GO	Q9UJX4
MATCAP2	cytosol	HPA	Q8NCT3
BIRC6	microtubules	HPA;GO	Q9NR09
KRT18	cytosol	HPA;GO	P05783
ADD1	cytosol	GO	P35611
THYN1	nucleoplasm	HPA	Q9P016
GON4L	nucleoplasm	HPA	Q3T8J9
PIGL	endoplasmicreticulum	GO	Q9Y2B2
MYOD1	nucleoplasm	HPA;GO	P15172
STAG1	nucleoplasm	HPA;GO	Q8WVM7
SDCBP2	plasmamembrane	GO	Q9H190
ICAM3	nucleoplasm	HPA	P32942
TAB3	endoplasmicreticulum	GO	Q8N5C8
ARHGAP9	cytosol	GO	Q9BRR9
MFSD13A	golgiapparatus	HPA	Q14CX5
IL1R1	plasmamembrane	HPA;GO	P14778
SPIN4	nucleoplasm	HPA;GO	Q56A73
RTL4	cytosol	HPA	Q6ZR62
UBR2	plasmamembrane	HPA	Q8IWV8
TESMIN	nucleoplasm	HPA	Q9Y4I5
SCEL	nucleoplasm	HPA	O95171
MIX23	mitochondria	HPA	Q4VC31
IST1	centrosome	GO	P53990
GMDS	cytosol	GO	O60547
IRF7	cytosol	HPA;GO	Q92985
PPIB	cytosol	GO	P23284
PPP1R12A	nucleoplasm	GO	O14974
GGA1	golgiapparatus	HPA;GO	Q9UJY5
EVPL	plasmamembrane	GO	Q92817
UBA1	endoplasmicreticulum	GO	P22314
ZC3H6	nucleoplasm	HPA	P61129
PRKD3	plasmamembrane	HPA	O94806
LHX8	nucleoli	HPA	Q68G74
EXOC6	plasmamembrane	GO	Q8TAG9
TERB1	plasmamembrane	HPA	Q8NA31
GPR88	primarycilium	GO	Q9GZN0
ATXN7L2	cytosol	HPA	Q5T6C5
CAMK1G	nucleoplasm	HPA	Q96NX5
NRAS	golgiapparatus	GO	P01111
CENPH	nucleoplasm	HPA;GO	Q9H3R5
RAB11FIP3	microtubules	HPA;GO	O75154
SLCO1B1	plasmamembrane	HPA;GO	Q9Y6L6
UCHL5	cytosol	HPA;GO	Q9Y5K5
STIMATE	endoplasmicreticulum	GO	Q86TL2
CASP10	plasmamembrane	GO	Q92851
CERT1	cytosol	GO	Q9Y5P4
ADGRE2	plasmamembrane	GO	Q9UHX3
ZDHHC19	endoplasmicreticulum	GO	Q8WVZ1
ST7L	centrosome	HPA	Q8TDW4
FBXO31	nucleoplasm	HPA	Q5XUX0
CSAD	plasmamembrane	HPA	Q9Y600
PPP4R4	cytosol	HPA	Q6NUP7
AXIN1	primarycilium	HPA	O15169
GPR39	plasmamembrane	GO	O43194
SPECC1L	actinfilaments	HPA	Q69YQ0
ELP4	nucleoplasm	HPA;GO	Q96EB1
MRPS34	mitochondria	HPA;GO	P82930
MED4	nucleoplasm	HPA;GO	Q9NPJ6
HNRNPLL	cytosol	HPA	Q8WVV9
MPND	nucleoplasm	HPA	Q8N594
RASD2	plasmamembrane	HPA	Q96D21
DCT	plasmamembrane	HPA	P40126
PDZK1	cytosol	HPA	Q5T2W1
PRODH	mitochondria	HPA;GO	O43272
IRX6	nucleoplasm	HPA	P78412
EXTL1	centrosome	HPA	Q92935
PHKG1	cytosol	GO	Q16816
OCM2	plasmamembrane	HPA	P0CE71
AKNAD1	microtubules	HPA	Q5T1N1
SGO1	nucleoplasm	HPA;GO	Q5FBB7
TMEM223	nucleoplasm	HPA	A0PJW6
RPS7	nucleoli	GO	P62081
MS4A4A	golgiapparatus	GO	Q96JQ5
TAF1B	nucleoli	HPA;GO	Q53T94
CNP	microtubules	GO	P09543
GPR37	plasmamembrane	GO	O15354
EPHA3	plasmamembrane	HPA;GO	P29320
DST	actinfilaments	GO	Q03001
CKAP2L	microtubules	HPA	Q8IYA6
SLC26A7	plasmamembrane	GO	Q8TE54
IL9R	plasmamembrane	GO	Q01113
FAAP100	cytosol	GO	Q0VG06
NIT2	cytosol	HPA	Q9NQR4
MED25	nucleoplasm	HPA;GO	Q71SY5
PIP4K2B	nucleoplasm	HPA;GO	P78356
MYO5A	primarycilium	HPA	Q9Y4I1
NAGK	cytosol	HPA;GO	Q9UJ70
KITLG	plasmamembrane	GO	P21583
PHLDB3	nucleoplasm	HPA	Q6NSJ2
SLTM	nucleoplasm	HPA	Q9NWH9
TNRC18	nucleoplasm	HPA	O15417
TMA16	nucleoplasm	HPA	Q96EY4
LRRC52	plasmamembrane	GO	Q8N7C0
CCDC7	microtubules	HPA	Q96M83
ST6GAL2	nucleoplasm	HPA	Q96JF0
TANGO6	cytosol	HPA	Q9C0B7
CERKL	endoplasmicreticulum	GO	Q49MI3
PAPSS2	cytosol	GO	O95340
IDO1	primarycilium	HPA	P14902
PARD6G	plasmamembrane	HPA;GO	Q9BYG4
TESC	nucleoplasm	HPA	Q96BS2
SLC22A13	golgiapparatus	GO	Q9Y226
ZNF211	cytosol	HPA	Q13398
MRM2	mitochondria	GO	Q9UI43
GPR183	nucleoplasm	HPA	P32249
MVD	cytosol	HPA;GO	P53602
RAPGEFL1	microtubules	HPA	Q9UHV5
MAPKAP1	golgiapparatus	GO	Q9BPZ7
ARMC9	microtubules	GO	Q7Z3E5
COPZ1	cytosol	GO	P61923
RPS6KA2	cytosol	GO	Q15349
MED21	cytosol	HPA	Q13503
BHLHE40	nucleoplasm	HPA	O14503
USP21	cytosol	HPA;GO	Q9UHP3
HJV	plasmamembrane	GO	Q6ZVN8
GDAP1L1	endoplasmicreticulum	HPA	Q96MZ0
STX18	endoplasmicreticulum	HPA;GO	Q9P2W9
TRO	plasmamembrane	HPA;GO	Q12816
TEX10	nucleoplasm	HPA;GO	Q9NXF1
PSMD1	cytosol	GO	Q99460
KLHL18	nucleoplasm	HPA	O94889
ANAPC4	cytosol	GO	Q9UJX5
MECOM	cytosol	GO	Q03112
RALGAPA2	plasmamembrane	HPA	Q2PPJ7
PFDN2	nucleoplasm	HPA	Q9UHV9
ZIC4	cytosol	HPA	Q8N9L1
WDR77	golgiapparatus	HPA	Q9BQA1
DLG4	cytosol	GO	P78352
ABHD5	cytosol	HPA	Q8WTS1
PI4KA	actinfilaments	GO	P42356
CEP120	centrosome	GO	Q8N960
PCNX3	cytosol	HPA	Q9H6A9
H1-10	nucleoplasm	HPA	Q92522
ITPRID2	nucleoplasm	HPA	P28290
ENKD1	primarycilium	HPA;GO	Q9H0I2
KIF22	nucleoplasm	HPA	Q14807
CAV1	endoplasmicreticulum	GO	Q03135
FAM3A	nucleoli	HPA	P98173
ZZZ3	nucleoli	HPA	Q8IYH5
RPL14	cytosol	HPA;GO	P50914
UBC	nucleoplasm	GO	P0CG48
FKBPL	nucleoplasm	HPA	Q9UIM3
MAP3K5	endoplasmicreticulum	GO	Q99683
APOBEC2	nucleoplasm	HPA	Q9Y235
MANF	endoplasmicreticulum	HPA;GO	P55145
CKB	cytosol	HPA;GO	P12277
FGFR1	plasmamembrane	GO	P11362
TENM4	plasmamembrane	GO	Q6N022
CYP1B1	endoplasmicreticulum	GO	Q16678
TMEM18	mitochondria	HPA	Q96B42
ZNF567	nucleoplasm	HPA	Q8N184
DAPK2	golgiapparatus	HPA	Q9UIK4
CAMKK1	nucleoplasm	GO	Q8N5S9
TMEM37	golgiapparatus	HPA	Q8WXS4
TBC1D30	primarycilium	GO	Q9Y2I9
APBB2	mitochondria	HPA	Q92870
LHCGR	plasmamembrane	HPA;GO	P22888
SLC1A3	plasmamembrane	GO	P43003
PIAS4	nucleoplasm	HPA;GO	Q8N2W9
HMBOX1	nucleoplasm	HPA;GO	Q6NT76
PPP3R1	nucleoplasm	GO	P63098
EIF3E	cytosol	HPA;GO	P60228
HIBCH	mitochondria	HPA;GO	Q6NVY1
HSPA1B	plasmamembrane	GO	P0DMV9
LIMA1	cytosol	HPA	Q9UHB6
IKBKE	nucleoplasm	GO	Q14164
HSD17B3	endoplasmicreticulum	GO	P37058
AHCTF1	nucleoplasm	HPA;GO	Q8WYP5
SMAD2	nucleoplasm	HPA;GO	Q15796
GBP3	cytosol	GO	Q8WXF7
KBTBD2	nucleoli	HPA	Q8IY47
STK24	cytosol	HPA;GO	Q9Y6E0
SRARP	nucleoplasm	HPA	Q8NEQ6
CATSPER3	plasmamembrane	GO	Q86XQ3
SERINC5	cytosol	HPA	Q86VE9
SEC24B	nucleoplasm	HPA	O95487
ZNF484	nuclearmembrane	HPA	Q5JVG2
UBL7	nucleoplasm	HPA	Q96S82
SCN2A	plasmamembrane	GO	Q99250
TRIB1	cytosol	HPA;GO	Q96RU8
AKR1C3	endoplasmicreticulum	HPA	P42330
OTUB1	nucleoplasm	GO	Q96FW1
RPS11	actinfilaments	GO	P62280
ZC2HC1A	cytosol	HPA	Q96GY0
ACP1	cytosol	HPA	P24666
FZD7	plasmamembrane	GO	O75084
ATP1B1	plasmamembrane	GO	P05026
MBD2	nucleoplasm	HPA;GO	Q9UBB5
ZNF598	plasmamembrane	HPA	Q86UK7
SPAST	centrosome	GO	Q9UBP0
ADH1A	cytosol	HPA;GO	P07327
CARD10	cytosol	HPA	Q9BWT7
CDK1	endoplasmicreticulum	GO	P06493
RPL22	plasmamembrane	GO	P35268
CCDC97	plasmamembrane	HPA	Q96F63
NINL	microtubules	HPA	Q9Y2I6
ZNF415	microtubules	HPA	Q09FC8
KCNH7	plasmamembrane	GO	Q9NS40
RPSA	cytosol	HPA;GO	A0A8I5KQE6
FBXW7	nucleoplasm	HPA;GO	Q969H0
PRPF3	nucleoplasm	HPA;GO	O43395
AKNA	nucleoplasm	HPA	Q7Z591
TCTN1	cytosol	GO	Q2MV58
RNF182	nucleoplasm	HPA	Q8N6D2
NFKBIE	cytosol	HPA;GO	O00221
HECTD1	nucleoli	HPA	Q9ULT8
PYM1	nucleoplasm	HPA	Q9BRP8
TMEM63B	plasmamembrane	HPA;GO	Q5T3F8
ERFL	nucleoli	HPA	A0A1W2PQ73
SAFB	nucleoplasm	HPA;GO	Q15424
SLC2A1	plasmamembrane	HPA;GO	P11166
SCRIB	nucleoplasm	HPA	C0HLS1
ARHGEF12	cytosol	HPA;GO	Q9NZN5
VWA3B	cytosol	HPA	Q502W6
PUS3	nucleoplasm	HPA	Q9BZE2
CBLB	cytosol	HPA	Q13191
CTTN	plasmamembrane	HPA;GO	Q14247
TGFBI	plasmamembrane	GO	Q15582
PHYHD1	nucleoplasm	HPA	Q5SRE7
FBXO41	nucleoplasm	HPA	Q8TF61
FNDC7	nucleoplasm	HPA	Q5VTL7
INSIG2	endoplasmicreticulum	GO	Q9Y5U4
KMT5B	plasmamembrane	HPA	Q4FZB7
ZBED3	plasmamembrane	HPA	Q96IU2
TSPAN5	endoplasmicreticulum	GO	P62079
SH2B1	centrosome	HPA	Q9NRF2
TREML1	plasmamembrane	HPA;GO	Q86YW5
TANGO2	golgiapparatus	GO	Q6ICL3
WDR45B	cytosol	HPA	Q5MNZ6
PDSS2	cytosol	HPA	Q86YH6
CREBL2	cytosol	HPA	O60519
HDDC3	cytosol	HPA	Q8N4P3
PIK3AP1	cytosol	HPA	Q6ZUJ8
IGKV3-7	cytosol	HPA	A0A075B6H7
GTSF1	nucleoplasm	HPA	Q8WW33
PLXNA3	cytosol	HPA	P51805
SGCE	plasmamembrane	HPA;GO	O43556
FGF1	cytosol	GO	P05230
CYP19A1	endoplasmicreticulum	GO	P11511
KCNE3	plasmamembrane	HPA;GO	Q9Y6H6
TMEM242	mitochondria	GO	Q9NWH2
FAM53A	plasmamembrane	HPA	Q6NSI3
SH3PXD2B	plasmamembrane	HPA	A1X283
WWC1	cytosol	GO	Q8IX03
SLC7A7	plasmamembrane	GO	Q9UM01
CSAG1	microtubules	GO	Q6PB30
ZNF487	cytosol	HPA	B1APH4
RPL10A	actinfilaments	GO	P62906
POLR3B	cytosol	GO	Q9NW08
SMIM4	mitochondria	HPA	Q8WVI0
CALD1	actinfilaments	HPA	Q05682
SERPINB1	cytosol	HPA	P30740
SETD1B	nucleoplasm	HPA;GO	Q9UPS6
C18orf63	mitochondria	HPA	Q68DL7
GALNT2	golgiapparatus	HPA;GO	Q10471
IL33	nucleoplasm	HPA;GO	O95760
ADI1	nucleoplasm	HPA	Q9BV57
CETN1	nucleoplasm	HPA	Q12798
SCHIP1	nucleoplasm	HPA	P0DPB3
F9	golgiapparatus	GO	P00740
MMP19	endoplasmicreticulum	HPA	Q99542
NUDCD3	cytosol	HPA	Q8IVD9
TMEM132A	endoplasmicreticulum	GO	Q24JP5
ANKRD45	microtubules	GO	Q5TZF3
TRB	plasmamembrane	GO	P0DSE2
PCCB	mitochondria	GO	P05166
RBMY1J	nucleoli	HPA	Q15415
KCTD11	nucleoplasm	HPA	Q693B1
ARMC5	cytosol	HPA	Q96C12
MED27	cytosol	HPA	Q6P2C8
SMIM6	nucleoplasm	HPA	P0DI80
CCNG1	nucleoplasm	HPA;GO	P51959
ARPC2	plasmamembrane	GO	O15144
PCDH18	golgiapparatus	HPA	Q9HCL0
UBE2M	nucleoplasm	HPA;GO	P61081
SACM1L	nucleoplasm	HPA	Q9NTJ5
STX5	endoplasmicreticulum	GO	Q13190
CORO1B	actinfilaments	GO	Q9BR76
FASTKD3	nucleoplasm	HPA	Q14CZ7
PMS2	nucleoplasm	HPA;GO	P54278
MCC	cytosol	HPA	P23508
PNPO	nucleoplasm	HPA	Q9NVS9
GCA	cytosol	HPA	P28676
AADAC	endoplasmicreticulum	GO	P22760
PAK1	cytosol	HPA;GO	Q13153
CEP72	centrosome	HPA;GO	Q9P209
TRAF6	plasmamembrane	GO	Q9Y4K3
RANBP1	cytosol	HPA	P43487
TMEM74B	golgiapparatus	HPA	Q9NUR3
ARFGAP1	golgiapparatus	HPA	Q8N6T3
AIM2	nucleoplasm	HPA	O14862
CYP2F1	endoplasmicreticulum	GO	P24903
FAM229B	nucleoplasm	HPA	Q4G0N7
INTS9	nucleoplasm	HPA;GO	Q9NV88
TUBA1A	primarycilium	HPA;GO	Q71U36
LONRF1	plasmamembrane	HPA	Q17RB8
STON1-GTF2A1L	cytosol	HPA	
MAP3K10	nucleoplasm	HPA	Q02779
MUC3B	plasmamembrane	GO	Q9H195
NIN	centrosome	HPA;GO	Q8N4C6
HSPH1	nucleoplasm	HPA	Q92598
GOLGA3	golgiapparatus	HPA;GO	Q08378
PKHD1	plasmamembrane	GO	P08F94
NFIL3	nucleoplasm	HPA	Q16649
STAT5A	cytosol	HPA;GO	P42229
OR2S2	plasmamembrane	GO	Q9NQN1
DAP	nucleoplasm	HPA	P51397
CD37	plasmamembrane	HPA;GO	P11049
ZBTB8A	nucleoplasm	HPA	Q96BR9
ZNF571	nucleoplasm	HPA	Q7Z3V5
BUB1B	cytosol	HPA;GO	O60566
N4BP3	nucleoplasm	HPA	O15049
GABRA4	plasmamembrane	GO	P48169
HTT	cytosol	HPA;GO	P31645
ZFP90	centrosome	HPA	Q8TF47
GGT2P	endoplasmicreticulum	GO	P36268
ATP10B	endoplasmicreticulum	GO	O94823
IP6K2	nucleoplasm	HPA;GO	Q9UHH9
MAPK8IP1	plasmamembrane	HPA	Q9UQF2
SDS	cytosol	HPA;GO	P20132
CXXC4	nucleoplasm	HPA	Q9H2H0
RBFOX1	nucleoplasm	HPA	Q9NWB1
PDE6B	primarycilium	GO	P35913
ARPC1B	plasmamembrane	GO	O15143
FUBP3	cytosol	HPA	Q96I24
GOLGA4	golgiapparatus	HPA;GO	Q13439
CYP39A1	endoplasmicreticulum	GO	Q9NYL5
RGS7	cytosol	HPA;GO	P49802
FXYD1	nucleoli	HPA	O00168
FFAR1	plasmamembrane	HPA;GO	O14842
NANOS3	nucleoplasm	HPA;GO	P60323
RING1	nucleoplasm	HPA;GO	Q06587
HARBI1	plasmamembrane	HPA	Q96MB7
SPATA12	plasmamembrane	HPA	Q7Z6I5
ZYG11B	intermediatefilaments	HPA	Q9C0D3
CYYR1	nucleoplasm	HPA	Q96J86
RYK	golgiapparatus	HPA	P34925
RPA2	nucleoplasm	HPA;GO	P15927
BANK1	plasmamembrane	HPA	Q8NDB2
FURIN	endoplasmicreticulum	GO	P09958
LSM14A	microtubules	GO	Q8ND56
MTIF2	mitochondria	HPA	P46199
CEP85	cytosol	HPA	Q6P2H3
CCDC14	primarycilium	HPA	Q49A88
MSL3	nucleoplasm	HPA;GO	Q8N5Y2
ACAA1	cytosol	GO	P09110
VILL	cytosol	HPA	O15195
AHNAK	cytosol	HPA	Q09666
SRI	endoplasmicreticulum	GO	P30626
UHMK1	nucleoplasm	HPA;GO	Q8TAS1
PELP1	nucleoplasm	HPA;GO	Q8IZL8
DRICH1	nucleoli	HPA	Q6PGQ1
TRIM31	mitochondria	GO	Q9BZY9
APC2	actinfilaments	GO	O95996
UGGT2	endoplasmicreticulum	GO	Q9NYU1
KIAA1217	nucleoplasm	HPA	Q5T5P2
UBE2E3	nucleoplasm	GO	Q969T4
LRRC57	cytosol	HPA	Q8N9N7
CAPN5	cytosol	HPA	O15484
TNIP1	nucleoplasm	HPA	Q15025
MAGEE1	cytosol	HPA	Q96JG8
ROM1	cytosol	HPA	Q03395
GRIN2B	plasmamembrane	GO	Q13224
ITPR2	nucleoplasm	HPA	Q14571
SGCB	plasmamembrane	GO	Q16585
H2AC11	nucleoplasm	HPA	P0C0S8
ATF6B	endoplasmicreticulum	GO	Q99941
LDHB	mitochondria	GO	P07195
CUTC	cytosol	HPA	Q9NTM9
PTHLH	cytosol	HPA	P12272
TMEM200C	microtubules	HPA	A6NKL6
SPC24	cytosol	GO	Q8NBT2
NONO	nucleoplasm	HPA	Q15233
SLC25A44	nucleoplasm	HPA	Q96H78
DTX1	nucleoplasm	HPA	Q86Y01
HEATR6	mitochondria	HPA	Q6AI08
B9D1	cytosol	GO	Q9UPM9
ERICH1	cytosol	HPA	Q86X53
C18orf32	endoplasmicreticulum	GO	Q8TCD1
SCCPDH	mitochondria	GO	Q8NBX0
NIBAN3	cytosol	HPA	Q86XR2
NME8	cytosol	HPA	Q8N427
CHRM1	plasmamembrane	GO	P11229
ELOVL5	endoplasmicreticulum	HPA;GO	Q9NYP7
ATP6AP2	endoplasmicreticulum	GO	O75787
GSTT1	cytosol	GO	P30711
HRH1	cytosol	HPA	P35367
SEC24A	cytosol	GO	O95486
PIP5KL1	cytosol	HPA	Q5T9C9
ACY3	cytosol	GO	Q96HD9
HMGCL	cytosol	GO	P35914
CFAP70	microtubules	GO	Q5T0N1
SDK1	plasmamembrane	GO	Q7Z5N4
TMEM179B	nucleoplasm	HPA	Q7Z7N9
SIRT7	nucleoplasm	HPA;GO	Q9NRC8
PDIA4	endoplasmicreticulum	HPA	P13667
ARHGAP42	cytosol	HPA	A6NI28
UMOD	primarycilium	GO	P07911
BBOF1	nucleoplasm	HPA	Q8ND07
ARPC5L	plasmamembrane	GO	Q9BPX5
AVEN	cytosol	GO	Q9NQS1
VCP	endoplasmicreticulum	GO	P55072
DCLRE1C	golgiapparatus	HPA	Q96SD1
RNF214	cytosol	HPA	Q8ND24
ACTR2	cytosol	GO	P61160
FGD5	cytosol	GO	Q6ZNL6
SEC14L2	nucleoplasm	HPA	O76054
CMKLR1	plasmamembrane	GO	Q99788
SIGLEC10	actinfilaments	HPA	Q96LC7
AQP4	plasmamembrane	HPA;GO	P55087
WDR83	primarycilium	HPA	Q9BRX9
MITF	nucleoplasm	GO	O75030
IKBIP	endoplasmicreticulum	HPA;GO	Q70UQ0
GLMP	cytosol	GO	Q8WWB7
SBDS	nucleoli	GO	Q9Y3A5
IGKV3-15	cytosol	HPA	P01624
FTSJ1	cytosol	HPA;GO	Q9UET6
DAB2	actinfilaments	GO	P98082
RAB6A	cytosol	GO	P20340
GABPA	nucleoplasm	HPA;GO	Q06546
RNF145	nucleoplasm	HPA	Q96MT1
SULT1B1	nucleoplasm	HPA	O43704
PPP2R5A	plasmamembrane	GO	Q15172
CT45A6	nucleoli	HPA	P0DMU7
GTF2H1	nucleoplasm	HPA;GO	P32780
ERICH5	cytosol	HPA	Q6P6B1
BOC	plasmamembrane	HPA;GO	Q9BWV1
RPL3	cytosol	HPA;GO	P39023
CREB3L2	nucleoplasm	HPA	Q70SY1
KRTAP10-4	cytosol	GO	P60372
TTC38	cytosol	HPA	Q5R3I4
DZIP1L	microtubules	GO	Q8IYY4
GLRA3	plasmamembrane	HPA;GO	O75311
PGR	cytosol	GO	P06401
DCUN1D5	nucleoli	HPA	Q9BTE7
SHROOM4	plasmamembrane	GO	Q9ULL8
MAP2K2	actinfilaments	GO	P36507
BCL9L	nucleoli	HPA	Q86UU0
SENP8	cytosol	GO	Q96LD8
LONRF2	nucleoplasm	HPA	Q1L5Z9
GADD45B	nucleoplasm	HPA	O75293
WDR5B	nucleoplasm	HPA	Q86VZ2
HOXA9	nucleoplasm	HPA	P31269
CREB3	cytosol	HPA;GO	O43889
PTGIS	endoplasmicreticulum	HPA;GO	Q16647
EVC2	nucleoplasm	HPA	Q86UK5
RPS8	nucleoplasm	GO	P62241
NACC2	nucleoli	HPA	Q96BF6
LILRA6	plasmamembrane	HPA	Q6PI73
PAK4	plasmamembrane	HPA;GO	O96013
TBL1XR1	microtubules	GO	Q9BZK7
SGMS1	endoplasmicreticulum	GO	Q86VZ5
PSMB4	nucleoplasm	HPA;GO	P28070
AJM1	plasmamembrane	HPA	C9J069
RHOG	cytosol	GO	P84095
CHMP4B	plasmamembrane	GO	Q9H444
WNT7B	golgiapparatus	GO	P56706
ERMN	cytosol	HPA	Q8TAM6
ALDH1A2	cytosol	GO	O94788
EIF3L	nucleoplasm	HPA	Q9Y262
H4C16	nucleoplasm	HPA	P62805
FMNL2	golgiapparatus	HPA	Q96PY5
USP14	cytosol	HPA;GO	P54578
FARP1	cytosol	HPA;GO	Q9Y4F1
TCIM	cytosol	HPA	Q9NR00
GOLGA6C	centrosome	HPA	A6NDK9
FEZF1	cytosol	HPA	A0PJY2
ARHGAP20	mitochondria	HPA	Q9P2F6
MAP3K21	plasmamembrane	HPA	Q5TCX8
PKP3	nucleoplasm	HPA	Q9Y446
SRPK2	nucleoli	HPA	P78362
TPRKB	cytosol	HPA;GO	Q9Y3C4
RRP1	nucleoplasm	HPA	P05386
ZNF394	cytosol	HPA	Q53GI3
RAD54L	nucleoplasm	HPA	P46100
CFAP65	primarycilium	GO	Q6ZU64
WDR70	nucleoplasm	GO	Q9NW82
SLC16A8	actinfilaments	HPA	O95907
DPH5	nucleoli	HPA	Q9H2P9
ENSG00000225528	nucleoli	HPA	
AKT3	golgiapparatus	HPA	Q9Y243
CIAO1	cytosol	HPA;GO	O76071
SNCA	cytosol	GO	P37840
GIPC1	nucleoplasm	HPA	O14908
CACNA1H	plasmamembrane	GO	O95180
SRGAP2B	primarycilium	HPA	P0DMP2
ENSG00000282218	golgiapparatus	HPA	
ANKRD42	plasmamembrane	HPA	Q8N9B4
ANO2	nucleoplasm	HPA	Q9NQ90
GP9	plasmamembrane	HPA;GO	P14770
NAP1L5	cytosol	HPA	Q96NT1
ANKRD11	cytosol	HPA	Q6UB99
NOSIP	golgiapparatus	GO	Q9Y314
LAMTOR2	plasmamembrane	GO	Q9Y2Q5
BPNT1	cytosol	GO	O95861
SERPINC1	endoplasmicreticulum	GO	P01008
RRAD	nucleoplasm	HPA	P55042
PI4K2A	plasmamembrane	HPA;GO	Q9BTU6
TFIP11	nucleoplasm	HPA;GO	Q9UBB9
SLC51A	plasmamembrane	GO	Q86UW1
RAB6C	golgiapparatus	HPA	Q9H0N0
ZW10	cytosol	HPA;GO	O43264
UBE2L5	nucleoplasm	HPA	A0A1B0GUS4
TRIM49D1	nucleoplasm	HPA	C9J1S8
SERTAD2	cytosol	HPA	Q14140
TMPRSS5	nucleoplasm	HPA	Q9H3S3
CST7	endoplasmicreticulum	GO	O76096
C2orf76	endoplasmicreticulum	HPA	Q3KRA6
DTX2	nucleoplasm	HPA	Q86UW9
COL5A1	endoplasmicreticulum	GO	P20908
RASSF4	nucleoli	HPA	Q8WYP3
CDCA5	nucleoplasm	HPA;GO	Q96FF9
TAX1BP1	mitochondria	GO	Q86VP1
MAST2	cytosol	HPA	Q6P0Q8
CEP290	primarycilium	HPA;GO	O15078
LRSAM1	cytosol	HPA	Q6UWE0
GVQW3	nucleoplasm	HPA	Q3ZCU0
RTL5	nucleoplasm	HPA	Q5HYW3
SENP3	nucleoplasm	HPA;GO	Q9H4L4
PNN	nucleoplasm	HPA;GO	Q9H307
RNF224	golgiapparatus	HPA	P0DH78
DNAL4	nucleoplasm	HPA	O96015
TNNT1	nucleoplasm	HPA	P13805
USP48	mitochondria	HPA	Q86UV5
ZNF354C	nuclearmembrane	GO	Q86Y25
BACH1	nucleoplasm	HPA;GO	O14867
PM20D2	nucleoplasm	HPA	Q8IYS1
NPM3	actinfilaments	HPA	O75607
ABCC5	plasmamembrane	HPA;GO	O15440
IQSEC1	cytosol	HPA	Q6DN90
DSG2	plasmamembrane	HPA;GO	Q14126
TMEM209	nuclearmembrane	HPA	Q96SK2
UBE2D2	plasmamembrane	HPA	P62837
RPLP0	endoplasmicreticulum	HPA	P05388
BOK	golgiapparatus	GO	Q9UMX3
CRHR1	plasmamembrane	GO	P34998
APEX1	mitochondria	GO	P27695
TRIP10	cytosol	GO	Q15642
MAN2C1	nucleoplasm	HPA	Q9NTJ4
BACE2	golgiapparatus	GO	Q9Y5Z0
IPO8	cytosol	GO	O15397
LRPPRC	mitochondria	HPA;GO	P42704
PCDHGB1	microtubules	HPA	Q9Y5G3
GNB1	primarycilium	GO	P62873
IP6K3	nucleoplasm	HPA	Q96PC2
SLC12A2	plasmamembrane	HPA;GO	P55011
STAG2	nucleoplasm	HPA;GO	Q8N3U4
CRIPT	nucleoplasm	HPA	Q9P021
ZNF18	cytosol	HPA	P17022
AGAP2	microtubules	HPA	Q99490
FKBP1C	primarycilium	HPA	Q5VVH2
SNAPC1	nucleoli	HPA	Q16533
SIRT1	nucleoli	HPA;GO	Q96EB6
PLA2G4A	golgiapparatus	GO	P47712
ANKRD30BL	plasmamembrane	HPA	A7E2S9
LCK	golgiapparatus	HPA	P06239
GALNT3	golgiapparatus	HPA;GO	Q14435
MCM10	nucleoli	HPA	Q7L590
REV1	nucleoplasm	GO	Q9UBZ9
SLC25A5	microtubules	GO	P05141
NMT2	cytosol	HPA;GO	O60551
ATP2C2	golgiapparatus	GO	O75185
ANXA2R	nucleoplasm	HPA	Q3ZCQ2
ZNF133	nucleoplasm	HPA	P52736
AFG1L	mitochondria	GO	Q8WV93
KIAA0408	nucleoplasm	HPA	Q6ZU52
CUEDC2	cytosol	HPA	Q9H467
KIAA1755	golgiapparatus	HPA	Q5JYT7
TRIO	primarycilium	HPA	O75962
MAPRE2	plasmamembrane	GO	Q15555
DNAH11	primarycilium	GO	Q96DT5
DYNLT1	cytosol	HPA	P63172
STXBP3	cytosol	HPA;GO	O00186
MIF	plasmamembrane	GO	P03971
HSBP1L1	nucleoplasm	HPA	C9JCN9
EFR3A	cytosol	HPA	Q14156
SLC27A1	plasmamembrane	HPA;GO	Q6PCB7
H3-5	nucleoplasm	HPA;GO	Q6NXT2
EFNA2	mitochondria	HPA	O43921
GABRA2	plasmamembrane	HPA;GO	P47869
DNAJC27	cytosol	HPA	Q9NZQ0
CSPG4	actinfilaments	GO	Q6UVK1
CHMP1A	microtubules	GO	Q9HD42
ISCU	cytosol	HPA;GO	Q9H1K1
RAD9A	nucleoplasm	HPA;GO	Q99638
RSPH3	plasmamembrane	HPA	Q86UC2
SSH3	nucleoplasm	HPA	Q8TE77
THAP10	cytosol	HPA	Q9P2Z0
MT3	cytosol	GO	P25713
KCNMB2	plasmamembrane	GO	Q9NPA1
RGMB	nucleoplasm	HPA	Q6NW40
PLK1	centrosome	GO	P53350
PPP1R12B	nucleoplasm	GO	O60237
INTS3	nucleoplasm	HPA;GO	Q68E01
SLC39A14	endoplasmicreticulum	HPA	Q15043
FCF1	nucleoplasm	HPA;GO	Q9Y324
NF1	nucleoplasm	HPA	P21359
PRDX6	plasmamembrane	HPA	P30041
SLC19A2	cytosol	HPA	O60779
PGAM1	cytosol	GO	P18669
KLHL6	microtubules	HPA	Q8WZ60
TET3	nucleoplasm	HPA	O43151
LRRC26	plasmamembrane	HPA;GO	Q2I0M4
SENP6	nucleoplasm	HPA	Q9GZR1
HECTD2	nucleoplasm	HPA	Q5U5R9
IL3RA	plasmamembrane	GO	P26951
C10orf67	microtubules	HPA	Q8IYJ2
NKX2-5	nucleoplasm	HPA;GO	P52952
DENND5A	cytosol	GO	Q6IQ26
GPR61	plasmamembrane	GO	Q9BZJ8
SSTR4	plasmamembrane	GO	P31391
EMP3	plasmamembrane	HPA;GO	P54852
RUSF1	nucleoli	HPA	Q96GQ5
DUSP1	cytosol	HPA	P28562
EEF1AKMT2	nucleoplasm	HPA	Q5JPI9
NLRP3	cytosol	GO	Q96P20
BSCL2	endoplasmicreticulum	GO	Q96G97
CHCT1	nucleoplasm	HPA	Q86WR6
LLGL2	cytosol	HPA	Q6P1M3
SPCS1	endoplasmicreticulum	GO	Q9Y6A9
DUSP3	nucleoplasm	HPA;GO	P51452
CNDP2	cytosol	HPA;GO	Q96KP4
PRSS55	cytosol	GO	Q6UWB4
BTBD10	nucleoli	HPA	Q9BSF8
HEATR1	nucleoli	HPA;GO	Q9H583
UCHL1	nucleoplasm	HPA	P09936
OR6B3	plasmamembrane	HPA	Q8NGW1
GLT8D1	golgiapparatus	HPA	Q68CQ7
OR8D1	plasmamembrane	GO	Q8WZ84
GPRIN3	nucleoli	HPA	Q6ZVF9
MRAP	plasmamembrane	GO	Q8TCY5
TPCN2	nucleoli	HPA	Q8NHX9
C8orf82	nucleoplasm	HPA	Q6P1X6
CLEC2D	endoplasmicreticulum	GO	Q9UHP7
SEC23B	endoplasmicreticulum	HPA;GO	Q15437
CPNE9	plasmamembrane	HPA	Q8IYJ1
PPARG	nucleoplasm	HPA;GO	P37231
ADORA2B	plasmamembrane	GO	P29275
UGT2B15	endoplasmicreticulum	GO	P54855
NAA10	nucleoli	HPA	P41227
DCTN5	nuclearmembrane	HPA	Q9BTE1
CTNNA1	plasmamembrane	HPA;GO	P35221
CMTR1	nucleoplasm	HPA	Q8N1G2
PDE9A	plasmamembrane	HPA;GO	O76083
MS4A15	plasmamembrane	HPA	Q8N5U1
DR1	nucleoplasm	HPA;GO	Q01658
DNAH2	primarycilium	HPA;GO	Q9P225
HSPBP1	cytosol	HPA	Q9NZL4
CD151	actinfilaments	GO	P48509
S100A14	plasmamembrane	HPA	Q9HCY8
AS3MT	cytosol	GO	Q9HBK9
FAM171A1	plasmamembrane	HPA;GO	Q5VUB5
ZNF239	nucleoplasm	HPA	Q16600
MRPS30	mitochondria	GO	Q9NP92
ACO2	mitochondria	HPA;GO	Q99798
SNAP91	cytosol	HPA	O60641
ZGPAT	nucleoplasm	HPA	Q8N5A5
ECM2	nucleoli	HPA	O94769
RAPSN	cytosol	HPA	Q13702
KLRF1	plasmamembrane	HPA;GO	Q9NZS2
NLRP9	cytosol	GO	Q7RTR0
STK33	cytosol	HPA	Q9BYT3
KRTAP20-2	cytosol	GO	Q3LI61
RNF25	actinfilaments	HPA	Q96BH1
ADRA1D	plasmamembrane	GO	P25100
MED24	nucleoplasm	GO	O75448
PELI1	nucleoli	HPA	Q96FA3
VAMP5	plasmamembrane	HPA	O95183
ATP11A	endoplasmicreticulum	GO	P98196
NPM1	nucleoli	HPA;GO	P06748
NCBP3	nucleoplasm	HPA	Q53F19
LRRC8B	plasmamembrane	GO	Q6P9F7
FOSL1	nucleoplasm	HPA	P15407
HSPG2	plasmamembrane	GO	P98160
ENOX2	plasmamembrane	HPA;GO	Q16206
ZNF432	nucleoli	GO	O94892
RIMOC1	cytosol	HPA;GO	A6NDU8
ZNF404	intermediatefilaments	HPA	Q494X3
JTB	mitochondria	HPA	O76095
DUSP4	nucleoplasm	HPA;GO	Q13115
EDN2	cytosol	HPA	P20800
MYO1D	cytosol	HPA	O94832
PNMA5	centrosome	HPA	Q96PV4
ARHGAP5	cytosol	HPA;GO	Q13017
IQCB1	primarycilium	HPA;GO	Q15051
PRKCH	plasmamembrane	HPA;GO	C0HM02
WAS	cytosol	HPA;GO	P42768
POPDC3	cytosol	HPA	Q9HBV1
ACOT13	plasmamembrane	HPA	Q9NPJ3
PPP2R3C	golgiapparatus	HPA	Q969Q6
ACOT1	mitochondria	HPA	Q86TX2
PLLP	plasmamembrane	GO	Q9Y342
ZBTB4	nucleoplasm	HPA	Q9P1Z0
IGSF23	nucleoplasm	HPA	A1L1A6
PSMB8	nucleoplasm	GO	P28062
NSD3	mitochondria	HPA	Q9BZ95
PPIL2	golgiapparatus	GO	Q13356
TRIM65	cytosol	HPA	Q6PJ69
BNIP2	cytosol	HPA;GO	Q12982
ELF2	nucleoplasm	HPA;GO	Q15723
NDUFA1	mitochondria	HPA;GO	O15239
SKA3	centrosome	GO	Q8IX90
EPHA5	plasmamembrane	HPA;GO	P54756
SLC24A3	plasmamembrane	GO	Q9HC58
SENP1	nucleoplasm	HPA;GO	Q9P0U3
HTRA2	mitochondria	HPA;GO	O43464
CALR	endoplasmicreticulum	HPA;GO	P27797
RASEF	microtubules	HPA	Q8IZ41
PRDM16	cytosol	GO	Q9HAZ2
ADAMTS13	endoplasmicreticulum	GO	Q76LX8
KDM3B	nucleoplasm	HPA;GO	Q7LBC6
MUL1	mitochondria	HPA;GO	Q969V5
NEK7	microtubules	GO	Q8TDX7
DENND5B	microtubules	HPA	Q6ZUT9
CD3G	plasmamembrane	HPA;GO	P09693
NHS	plasmamembrane	HPA	Q6T4R5
MPDU1	mitochondria	HPA	O75352
UQCC1	nucleoplasm	HPA	Q9NVA1
NECAB1	cytosol	HPA	Q8N987
SMKR1	nucleoli	HPA	H3BMG3
KLHL42	cytosol	GO	Q9P2K6
C8orf76	cytosol	HPA	Q96EF9
PGGT1B	nucleoplasm	HPA	P53609
NUP188	cytosol	GO	Q5SRE5
PTPRZ1	plasmamembrane	GO	P23471
CYP4F8	endoplasmicreticulum	GO	P98187
ATOH1	nucleoplasm	HPA	Q92858
LENG1	nucleoplasm	HPA;GO	Q96BZ8
MAG	plasmamembrane	GO	P20916
CHCHD4	mitochondria	HPA;GO	Q8N4Q1
TMX1	endoplasmicreticulum	HPA;GO	Q9H3N1
STRADA	cytosol	HPA;GO	Q7RTN6
VPS72	nucleoplasm	HPA;GO	Q15906
FEZ2	cytosol	HPA	Q9UHY8
MAPK1	cytosol	GO	P28482
PGM2	intermediatefilaments	HPA	Q96G03
IGKV3D-20	cytosol	HPA	A0A0C4DH25
STMND1	actinfilaments	HPA	H3BQB6
MAGT1	endoplasmicreticulum	GO	Q9H0U3
SVIP	plasmamembrane	GO	Q8NHG7
PLK4	cytosol	GO	O00444
C1orf116	plasmamembrane	HPA	Q9BW04
KIAA1328	nucleoplasm	HPA	Q86T90
PDCD6	nucleoplasm	HPA	O75340
SPINDOC	nucleoplasm	HPA;GO	Q9BUA3
SETD3	mitochondria	HPA	Q86TU7
IGLV3-21	plasmamembrane	GO	P80748
DDIT3	nucleoplasm	HPA	P0DPQ6
STX1B	nucleoplasm	GO	P61266
MEN1	endoplasmicreticulum	GO	O00255
PSMB5	centrosome	HPA	P28074
SHC1	plasmamembrane	GO	P29353
NCBP2	cytosol	HPA;GO	P52298
TDP2	nucleoplasm	HPA;GO	O95551
PARP1	cytosol	GO	P09874
TLCD2	plasmamembrane	GO	A6NGC4
FBXL4	cytosol	GO	Q9UKA2
NIT2	centrosome	HPA	Q9NQR4
TTF1	nucleoplasm	GO	P43699
CEP68	primarycilium	HPA	Q76N32
VGLL4	nucleoplasm	HPA	Q14135
CAPN2	plasmamembrane	GO	P17655
OR4L1	plasmamembrane	GO	Q8NH43
TOMT	plasmamembrane	GO	Q8WZ04
ZFP82	cytosol	HPA	Q8N141
IL11RA	plasmamembrane	HPA;GO	Q14626
KRT8	cytosol	GO	P05787
ZNF106	cytosol	HPA	Q9H2Y7
CDKN2B	cytosol	HPA;GO	P42772
ENPP3	plasmamembrane	GO	O14638
SLC18A3	plasmamembrane	GO	Q16572
LGR4	primarycilium	HPA	Q9BXB1
TMEM52	nucleoplasm	HPA	Q8NDY8
NOCT	cytosol	HPA	Q9UK39
E2F2	nucleoplasm	GO	Q14209
IRF5	cytosol	GO	Q13568
GPBP1L1	plasmamembrane	HPA	Q9HC44
TNFSF4	nucleoplasm	HPA	P23510
PTGES3	cytosol	HPA;GO	Q15185
S100PBP	nucleoplasm	HPA	Q96BU1
MICB	plasmamembrane	HPA;GO	Q29980
NOTCH2	endoplasmicreticulum	GO	Q04721
MACROH2A1	nucleoplasm	HPA;GO	O75367
SLMAP	endoplasmicreticulum	HPA	Q14BN4
COL12A1	cytosol	HPA	Q99715
MTR	primarycilium	HPA	Q99707
AJUBA	nucleoplasm	HPA	Q96IF1
COL11A2	endoplasmicreticulum	GO	P13942
C1orf100	nucleoplasm	HPA	Q5SVJ3
ARHGAP18	cytosol	HPA;GO	Q8N392
NOTCH1	golgiapparatus	GO	P46531
PIMREG	nucleoli	GO	Q9BSJ6
SERP1	endoplasmicreticulum	HPA;GO	Q9Y6X1
VCL	actinfilaments	HPA;GO	P18206
LPCAT1	endoplasmicreticulum	HPA;GO	Q8NF37
COLGALT2	endoplasmicreticulum	GO	Q8IYK4
RAB36	golgiapparatus	GO	O95755
TAF5L	cytosol	HPA	O75529
BCL6B	plasmamembrane	HPA	Q8N143
HDLBP	endoplasmicreticulum	HPA	Q00341
SLC16A10	plasmamembrane	HPA;GO	Q8TF71
ZNF512B	nucleoplasm	HPA	Q96KM6
BEND5	nucleoplasm	HPA	Q7L4P6
CYP2U1	endoplasmicreticulum	GO	Q7Z449
PDIA3	endoplasmicreticulum	HPA;GO	P30101
KCNK6	actinfilaments	HPA	Q9Y257
ADGRG3	plasmamembrane	GO	Q86Y34
IRF2	plasmamembrane	HPA	P14316
LRIG2	nucleoplasm	HPA	O94898
RNF169	cytosol	HPA	Q8NCN4
NDUFAF1	mitochondria	HPA;GO	Q9Y375
NFATC1	cytosol	GO	O95644
CACNG4	plasmamembrane	GO	Q9UBN1
TRIM55	cytosol	HPA	Q9BYV6
PNO1	cytosol	GO	Q9NRX1
C16orf95	endoplasmicreticulum	HPA	Q9H693
RETREG1	endoplasmicreticulum	HPA;GO	Q9H6L5
CCDC152	nucleoplasm	HPA	Q4G0S7
CDC7	nucleoplasm	HPA;GO	O00311
TREH	plasmamembrane	GO	O43280
ADIPOR1	plasmamembrane	GO	Q96A54
PHF23	nucleoplasm	HPA	Q9BUL5
MARCHF2	golgiapparatus	GO	Q9P0N8
IMPDH2	cytosol	HPA;GO	P12268
IFIT5	cytosol	GO	Q13325
TTLL1	microtubules	GO	O95922
SCYL3	golgiapparatus	HPA;GO	Q8IZE3
TERT	mitochondria	GO	O14746
RYR1	golgiapparatus	HPA	P21817
TYW1	nucleoli	HPA	Q9NV66
UCHL5	nucleoli	HPA	Q9Y5K5
CFAP141	microtubules	GO	Q5VU69
C19orf25	intermediatefilaments	HPA	Q9UFG5
DHX57	cytosol	HPA	Q6P158
HR	nucleoplasm	HPA	O43593
RALB	microtubules	GO	P11234
NEFM	intermediatefilaments	HPA	P07197
GRK5	nuclearmembrane	HPA	P34947
CACNA1F	plasmamembrane	GO	O60840
C3orf38	cytosol	HPA	Q5JPI3
MARK4	microtubules	GO	Q96L34
CTH	cytosol	GO	P32929
DSCAM	cytosol	HPA	O60469
NEDD4	nucleoplasm	HPA;GO	P46934
VCP	primarycilium	HPA	P55072
CT45A8	nucleoplasm	HPA	P0DMV1
PLAC8	cytosol	HPA	Q9NZF1
SIK2	cytosol	HPA	Q9H0K1
ZNF214	nucleoplasm	HPA	Q9UL59
ZNF695	nucleoplasm	HPA	Q8IW36
UNCX	nucleoplasm	HPA	A6NJT0
HGSNAT	plasmamembrane	GO	Q68CP4
SRD5A1	endoplasmicreticulum	GO	P18405
ZSWIM6	cytosol	HPA	Q9HCJ5
PPIP5K1	cytosol	HPA;GO	Q6PFW1
ZNF816	nucleoli	HPA	Q0VGE8
SLC26A2	plasmamembrane	GO	P50443
ADPRH	nuclearmembrane	HPA	P54922
CPNE1	plasmamembrane	GO	Q99829
IFIT3	cytosol	HPA;GO	O14879
MKS1	nucleoplasm	HPA	Q9NXB0
GOSR2	endoplasmicreticulum	GO	O14653
FBXL21P	cytosol	GO	Q9UKT6
SELENOO	nucleoplasm	HPA	Q9BVL4
KPNA4	nuclearmembrane	HPA	O00629
VASH1	primarycilium	HPA	Q7L8A9
ZBTB24	microtubules	HPA	O43167
ILF2	cytosol	HPA;GO	Q12905
AMBN	endoplasmicreticulum	GO	Q9NP70
EXOC6B	nucleoplasm	HPA	Q9Y2D4
NT5C1B	nucleoplasm	HPA	Q96P26
FITM1	endoplasmicreticulum	GO	A5D6W6
GPR27	plasmamembrane	HPA;GO	Q9NS67
TEKTIP1	plasmamembrane	HPA	A6NCJ1
GAGE12D	golgiapparatus	HPA	A1L429
MIDEAS	nucleoplasm	HPA	Q6PJG2
RBMXL1	nucleoplasm	HPA	Q96E39
KRT31	cytosol	HPA;GO	Q15323
ZNF121	centrosome	HPA	P58317
PRKACA	primarycilium	GO	P17252
POU3F3	nucleoplasm	HPA	P20264
ZNF24	nucleoplasm	HPA	P17028
B4GALNT2	golgiapparatus	GO	Q8NHY0
RYR2	endoplasmicreticulum	GO	Q92736
ASAP3	actinfilaments	GO	Q8TDY4
NDUFA4L2	mitochondria	HPA	Q9NRX3
ASPM	microtubules	GO	Q8IZT6
TNNC1	mitochondria	HPA	P19429
PLVAP	cytosol	HPA	Q9BX97
CYP3A4	cytosol	HPA	P08684
RTCB	nucleoplasm	HPA;GO	Q9Y3I0
CDH24	cytosol	HPA	Q86UP0
CBLN2	cytosol	HPA	Q8IUK8
CAND2	nucleoplasm	HPA	O75155
ZNF469	nucleoplasm	HPA	Q96JG9
MXD3	nucleoli	HPA	Q9BW11
TGOLN2	plasmamembrane	GO	O43493
PREP	cytosol	HPA	P48147
PPP1CB	cytosol	HPA;GO	P62140
CLEC18C	golgiapparatus	GO	Q8NCF0
SF3A3	nucleoplasm	HPA;GO	Q12874
ATP6V1F	cytosol	GO	Q16864
NDE1	centrosome	GO	Q9NXR1
RABGGTB	plasmamembrane	GO	P53611
SGPP1	endoplasmicreticulum	GO	Q9BX95
POF1B	golgiapparatus	HPA	Q8WVV4
LIPI	plasmamembrane	HPA;GO	Q6XZB0
TRPV5	plasmamembrane	GO	Q9NQA5
PCBP3	cytosol	GO	P57721
EIF3F	cytosol	GO	O00303
ARGLU1	nucleoplasm	HPA;GO	Q9NWB6
GLI1	primarycilium	HPA;GO	P08151
ZNF875	mitochondria	HPA	P10072
LANCL2	cytosol	HPA;GO	Q9NS86
RAB31	cytosol	GO	Q13636
JPH1	endoplasmicreticulum	GO	Q9HDC5
DIO3	plasmamembrane	GO	P55073
GIT1	mitochondria	HPA	Q9Y2X7
EEFSEC	nucleoplasm	HPA	P57772
ZER1	cytosol	HPA	Q7Z7L7
XRN1	plasmamembrane	HPA	Q8IZH2
CDKL2	nucleoplasm	HPA	Q92772
RGS20	golgiapparatus	GO	O76081
DENND6A	cytosol	GO	Q8IWF6
C20orf173	nucleoplasm	HPA	Q96LM9
CLK3	nucleoplasm	HPA	P49761
GSKIP	nucleoli	HPA	Q9P0R6
KCNE4	microtubules	HPA	Q8WWG9
NUDT22	nucleoplasm	HPA	Q9BRQ3
SIX6	nucleoplasm	HPA	O95475
TNFSF12	plasmamembrane	GO	O43508
IL20RA	cytosol	HPA	Q9UHF4
RGR	cytosol	HPA	P47804
SSTR3	primarycilium	HPA;GO	P32745
VPS35L	plasmamembrane	GO	Q7Z3J2
ZBTB8OS	plasmamembrane	HPA	Q8IWT0
RICTOR	plasmamembrane	GO	Q6R327
SMC4	nucleoplasm	HPA;GO	Q9NTJ3
PTGIR	cytosol	GO	P43119
OSBPL9	golgiapparatus	HPA	Q96SU4
TDO2	primarycilium	HPA	P48775
VAX2	nucleoplasm	HPA	Q9UIW0
AP2A2	plasmamembrane	GO	O94973
DYNC1I2	microtubules	HPA;GO	Q13409
NMT1	plasmamembrane	HPA;GO	P30419
SDC3	nucleoplasm	HPA	O75056
TGM2	plasmamembrane	HPA;GO	P21980
LYL1	nucleoplasm	HPA;GO	P12980
SLCO1A2	plasmamembrane	HPA;GO	P46721
SCN3B	plasmamembrane	HPA;GO	Q9NY72
HS3ST3B1	golgiapparatus	GO	Q9Y662
HMG20A	nucleoplasm	HPA	Q9NP66
SPRR1A	cytosol	GO	P35321
ARID4B	nucleoplasm	GO	Q4LE39
SULT1A3	cytosol	GO	P0DMM9
NUDCD2	microtubules	HPA	Q8WVJ2
CDK5RAP1	mitochondria	HPA	Q96SZ6
BAG6	nucleoplasm	HPA	P46379
BEND4	nucleoplasm	HPA	Q6ZU67
EIF1AD	nucleoplasm	HPA	Q8N9N8
DDX25	nucleoplasm	HPA	Q9UHL0
RASSF2	plasmamembrane	HPA	P50749
SPANXA2	nucleoplasm	HPA	Q9NS26
CD40LG	plasmamembrane	HPA;GO	P29965
GAREM1	nucleoplasm	HPA	Q9H706
SMAD4	cytosol	HPA;GO	Q13485
CMTR2	nucleoplasm	HPA	Q8IYT2
SERAC1	mitochondria	GO	Q96JX3
VGF	golgiapparatus	HPA	O15240
NECTIN2	actinfilaments	GO	Q92692
EID3	nucleoli	HPA	Q8N140
GPATCH4	nucleoli	HPA	Q5T3I0
ARHGAP45	plasmamembrane	HPA	Q92619
DGKZ	nucleoplasm	HPA	Q13574
DPH6	cytosol	GO	Q7L8W6
KRTAP5-4	cytosol	GO	Q6L8H1
MLF2	cytosol	HPA	Q15773
WDR26	mitochondria	HPA	Q9H7D7
RFX3	nucleoplasm	HPA;GO	P48380
KAT2B	cytosol	HPA	Q92831
COPB1	cytosol	HPA;GO	P53618
RSPH10B	microtubules	HPA	P0C881
TRAPPC14	centrosome	HPA	Q8WVR3
SLC39A8	plasmamembrane	GO	Q9C0K1
GSTP1	cytosol	HPA;GO	P09211
STK25	golgiapparatus	GO	O00506
FLNA	plasmamembrane	HPA;GO	P21333
MAPKAPK2	primarycilium	HPA	P49137
GLE1	primarycilium	GO	Q53GS7
PIM1	nucleoplasm	HPA;GO	P11309
PUS10	mitochondria	HPA	Q3MIT2
SEC11A	endoplasmicreticulum	GO	P67812
MKKS	primarycilium	HPA	Q9NPJ1
ENTPD6	plasmamembrane	GO	O75354
GON7	nucleoli	HPA	Q9BXV9
MYD88	plasmamembrane	GO	Q99836
PSMD9	nucleoplasm	GO	O00233
ADAT1	nucleoplasm	HPA	Q9BUB4
GPR37	endoplasmicreticulum	GO	O15354
LDLR	plasmamembrane	GO	P01130
NOX5	endoplasmicreticulum	GO	Q96PH1
PRPF18	cytosol	HPA	Q99633
LRRN3	nucleoplasm	HPA	Q9H3W5
ZNF121	nucleoli	HPA	P58317
FAM107A	nucleoplasm	HPA	O95990
B3GNT9	nucleoli	HPA	Q6UX72
MICALL1	golgiapparatus	GO	Q8N3F8
SKA2	microtubules	GO	Q8WVK7
TARBP2	nucleoplasm	HPA	Q15633
RPS16	nucleoplasm	GO	P62249
CEP85	centrosome	HPA;GO	Q6P2H3
ADCY2	golgiapparatus	HPA	Q08462
SAMD4A	cytosol	HPA	Q9UPU9
RAB8A	plasmamembrane	HPA	P61006
CCNQ	cytosol	HPA	Q8N1B3
CXCR6	plasmamembrane	GO	O00574
PSKH2	cytosol	HPA	Q96QS6
SLC22A12	plasmamembrane	GO	Q96S37
ITGB8	plasmamembrane	HPA;GO	P26012
ITGB3BP	cytosol	GO	Q13352
HSH2D	cytosol	HPA	Q96JZ2
ACSS2	mitochondria	GO	Q9NR19
NUCKS1	nucleoli	HPA	Q9H1E3
ALAS2	mitochondria	GO	P22557
ARAP1	cytosol	HPA;GO	Q96P48
NEIL2	nucleoplasm	HPA;GO	Q969S2
GPER1	golgiapparatus	GO	Q99527
RPP30	microtubules	HPA	P78346
HLA-DPA1	endoplasmicreticulum	GO	P20036
AKR1A1	cytosol	HPA;GO	P14550
TARBP1	nucleoplasm	HPA	Q13395
PGRMC1	endoplasmicreticulum	HPA;GO	O00264
PXN	cytosol	HPA;GO	P49023
SGK1	nucleoplasm	HPA;GO	O00141
SH3GL2	cytosol	GO	Q99962
PFDN1	plasmamembrane	HPA	O60925
B9D1	centrosome	GO	Q9UPM9
LIN7A	plasmamembrane	GO	O14910
CHST5	golgiapparatus	GO	Q9GZS9
ZMYM5	golgiapparatus	HPA	Q9UJ78
STRA6	plasmamembrane	GO	Q9BX79
KRTAP4-11	cytosol	GO	Q9BYQ6
CCNY	nucleoli	HPA	Q8ND76
EQTN	plasmamembrane	HPA	Q9NQ60
DOCK4	plasmamembrane	HPA	Q8N1I0
CPSF7	nucleoplasm	HPA;GO	Q8N684
ZNF596	nucleoli	HPA	Q8TC21
KAT6A	nucleoli	HPA	Q92794
UAP1	cytosol	HPA;GO	Q16222
MED27	nucleoli	HPA	Q6P2C8
HMGXB4	nucleoplasm	HPA;GO	Q9UGU5
ZC3H12D	cytosol	HPA;GO	A2A288
LSM6	actinfilaments	HPA	P62312
BLMH	cytosol	HPA;GO	Q13867
CDK5R1	plasmamembrane	GO	Q15078
SLC22A11	plasmamembrane	GO	Q9NSA0
RNF26	nucleoplasm	HPA	Q9BY78
TMUB1	cytosol	HPA	Q9BVT8
PRDM10	nucleoli	HPA	Q9NQV6
KCNH3	plasmamembrane	GO	Q9ULD8
C14orf93	plasmamembrane	HPA	Q9H972
ANKAR	centrosome	HPA	Q7Z5J8
VAPB	golgiapparatus	GO	O95292
GOLT1A	endoplasmicreticulum	GO	Q6ZVE7
SH3TC1	nucleoli	HPA	Q8TE82
ZSCAN31	nucleoplasm	HPA	Q96LW9
C12orf43	golgiapparatus	HPA	Q96C57
GSTM1	microtubules	HPA	P09488
OR6B2	plasmamembrane	HPA	Q6IFH4
NRM	nuclearmembrane	HPA	Q8IXM6
TRPS1	nucleoplasm	HPA;GO	Q9UHF7
RABL2A	primarycilium	HPA	Q9UBK7
KPTN	plasmamembrane	HPA;GO	Q9Y664
FSHR	plasmamembrane	GO	P23945
MTMR10	cytosol	HPA;GO	Q9NXD2
MMADHC	cytosol	GO	Q9H3L0
THEMIS	cytosol	HPA	Q8N1K5
LRP6	plasmamembrane	GO	O75581
ACTC1	actinfilaments	GO	P68032
ZNF25	golgiapparatus	HPA	P17030
ARRB1	cytosol	GO	P49407
HERC5	cytosol	GO	Q9UII4
SLITRK6	plasmamembrane	HPA;GO	Q9H5Y7
C3orf70	cytosol	HPA	A6NLC5
SPINK4	golgiapparatus	HPA	O60575
EIF2AK2	nucleoplasm	GO	P19525
MYMX	mitochondria	HPA	A0A1B0GTQ4
TMEM184B	nucleoplasm	HPA	Q9Y519
BCL7C	nucleoplasm	HPA;GO	Q8WUZ0
RASA4	plasmamembrane	HPA;GO	O43374
HLCS	nucleoplasm	GO	P50747
SNX32	cytosol	HPA	Q86XE0
CD320	plasmamembrane	GO	Q9NPF0
LRMDA	nucleoplasm	HPA	Q9H2I8
HADHB	mitochondria	HPA;GO	P55084
RAC2	cytosol	GO	P15153
IQUB	cytosol	HPA	Q8NA54
NCF4	plasmamembrane	GO	Q15080
ERH	microtubules	GO	P84090
PPIF	mitochondria	HPA;GO	P30405
C2orf16	cytosol	HPA	Q68DN1
ARMC10	endoplasmicreticulum	GO	Q8N2F6
PDCD7	nucleoplasm	GO	Q8N8D1
LYPD3	endoplasmicreticulum	HPA	O95274
TYW3	cytosol	HPA	Q6IPR3
DCK	nucleoplasm	HPA	P27707
PCDHGB4	plasmamembrane	HPA	Q9UN71
GNA13	plasmamembrane	GO	Q14344
CCDC181	nucleoplasm	HPA	Q5TID7
KBTBD4	cytosol	HPA	Q9NVX7
FANCG	cytosol	GO	O15287
ZNF124	nuclearmembrane	HPA	Q15973
BICRAL	cytosol	HPA	Q6AI39
MPV17L2	mitochondria	GO	Q567V2
AURKAIP1	nucleoplasm	HPA	Q9NWT8
PPFIA2	cytosol	GO	O75334
TIAL1	cytosol	HPA	Q01085
TNC	actinfilaments	GO	P24821
DCAF16	plasmamembrane	HPA	Q9NXF7
SPATC1L	plasmamembrane	HPA	Q9H0A9
KIF2A	cytosol	GO	O00139
ZNF154	nucleoplasm	HPA	Q13106
FANCM	nucleoplasm	HPA;GO	Q8IYD8
CEP85	nucleoli	HPA;GO	Q6P2H3
FAM149B1	cytosol	HPA	Q96BN6
ALDH1B1	mitochondria	HPA;GO	P30837
CDH8	plasmamembrane	HPA;GO	P55286
CALM3	plasmamembrane	GO	P0DP25
JADE1	primarycilium	GO	Q6IE81
PGS1	mitochondria	GO	Q32NB8
KCNMA1	plasmamembrane	GO	Q12791
HSP90B1	endoplasmicreticulum	HPA;GO	P14625
ABCB8	mitochondria	HPA;GO	Q9NUT2
LBX1	cytosol	HPA	P52954
AP1S3	cytosol	GO	Q96PC3
SPRY3	nucleoli	HPA	O43610
TYROBP	plasmamembrane	HPA;GO	O43914
STS	endoplasmicreticulum	GO	P08842
EDRF1	nucleoplasm	HPA	Q3B7T1
ARL2BP	cytosol	HPA;GO	Q9Y2Y0
FSD1L	plasmamembrane	HPA	Q9BXM9
ZNF461	nucleoli	HPA	Q8TAF7
TDP1	nucleoplasm	HPA	Q9NUW8
KIF24	cytosol	GO	Q5T7B8
PI3	cytosol	GO	P19957
DGKB	nucleoplasm	HPA	Q9Y6T7
PPOX	cytosol	HPA	O43612
CUTC	nucleoli	HPA	Q9NTM9
SPC24	nucleoli	HPA	Q8NBT2
TSPAN3	golgiapparatus	HPA	O60637
MTCP1	plasmamembrane	HPA	P56277
RIOX2	nucleoplasm	HPA;GO	Q8IUF8
DFFB	cytosol	GO	O76075
PKNOX2	nucleoplasm	HPA	Q96KN3
ATF6	endoplasmicreticulum	GO	P18850
ZNF324B	nucleoli	HPA	Q6AW86
KRT79	cytosol	GO	Q5XKE5
SOX4	nucleoplasm	HPA;GO	Q06945
GPR89B	endoplasmicreticulum	HPA	P0CG08
ZNF839	nucleoplasm	HPA	A8K0R7
ITGA7	nucleoplasm	HPA	Q13683
SLC37A2	endoplasmicreticulum	GO	Q8TED4
ATP9A	plasmamembrane	GO	O75110
YIPF5	endoplasmicreticulum	HPA	Q969M3
CNTROB	microtubules	GO	Q8N137
VPS26C	mitochondria	HPA	O14972
ZNF333	nucleoplasm	HPA	Q96JL9
MTSS2	plasmamembrane	GO	Q765P7
TCHP	intermediatefilaments	GO	Q9BT92
ZNF516	cytosol	HPA	Q92618
SLC1A4	centrosome	HPA	P43007
BTN3A3	plasmamembrane	HPA;GO	O00478
CTSV	nucleoplasm	HPA	O60911
IQSEC1	centrosome	HPA	Q6DN90
DONSON	cytosol	HPA	Q9NYP3
CYLD	nucleoplasm	HPA	Q9NQC7
ACTR2	nucleoli	HPA	P61160
MAMSTR	nucleoplasm	HPA	Q6ZN01
ACSL3	golgiapparatus	GO	O95573
FAM76A	nucleoplasm	HPA;GO	Q8TAV0
GRHL2	plasmamembrane	GO	Q6ISB3
NCAPH2	nucleoplasm	HPA;GO	Q6IBW4
PPP1R15B	golgiapparatus	HPA	Q5SWA1
UBAC2	cytosol	HPA	Q8NBM4
PHYH	cytosol	GO	O14832
NRCAM	primarycilium	HPA	Q92823
TBC1D20	golgiapparatus	GO	Q96BZ9
SEC62	endoplasmicreticulum	HPA	Q99442
AGPAT1	cytosol	HPA	Q99943
ANK3	cytosol	GO	Q12955
RGS11	plasmamembrane	GO	O94810
GPT	cytosol	GO	P24298
HOXA13	nucleoplasm	HPA	P31271
CSF2RB	plasmamembrane	GO	P32927
SYPL2	cytosol	HPA	Q5VXT5
MCM2	nucleoli	GO	P33993
IMPA2	mitochondria	HPA	O14732
SYT8	endoplasmicreticulum	HPA	Q8NBV8
IRAK2	cytosol	GO	O43187
EDN1	golgiapparatus	HPA	P05305
PLA2G4C	cytosol	HPA;GO	Q9UP65
SLC39A2	plasmamembrane	HPA;GO	Q9NP94
CRYBG1	microtubules	HPA	Q9Y4K1
MAPK13	cytosol	HPA;GO	O15264
MAP6	microtubules	GO	Q96JE9
GALNT11	golgiapparatus	GO	Q8NCW6
RPL3	nucleoli	HPA;GO	P39023
RAB32	cytosol	HPA;GO	Q13637
RHOC	plasmamembrane	GO	P08134
RDM1	cytosol	HPA	Q8NG50
ATOH7	nucleoplasm	HPA	Q8N100
MORF4L1	nucleoplasm	HPA;GO	Q9UBU8
HMGN3	cytosol	HPA	Q15651
THBS2	cytosol	HPA	P35442
TPT1	cytosol	HPA	P13693
SLC52A2	plasmamembrane	GO	Q9HAB3
FAT2	plasmamembrane	GO	Q9NYQ8
MUC13	cytosol	GO	Q9H3R2
FAHD1	nucleoplasm	HPA	Q6P587
TMEM267	nucleoplasm	HPA	Q0VDI3
TSPAN9	plasmamembrane	GO	O75954
SREBF2	cytosol	GO	Q12772
PYDC2	cytosol	HPA	Q56P42
SEC11C	endoplasmicreticulum	GO	Q9BY50
MKRN2	cytosol	HPA	Q9H000
SHFL	nucleoplasm	HPA	Q9NUL5
TRAF4	cytosol	HPA	Q9BUZ4
GRK3	plasmamembrane	HPA;GO	P35626
HDDC2	nucleoplasm	HPA	Q7Z4H3
DNAJA1	microtubules	HPA	P31689
ANXA5	nuclearmembrane	HPA	P08758
L3MBTL1	nucleoplasm	HPA;GO	Q9Y468
SLC4A8	plasmamembrane	HPA;GO	Q2Y0W8
DYNC1I1	microtubules	GO	O14576
GFI1	nucleoplasm	GO	Q99684
MLLT6	nucleoplasm	HPA	P55198
FGF7	nucleoli	HPA	P21781
TRIM29	intermediatefilaments	HPA	Q14134
TAS2R3	plasmamembrane	GO	Q9NYW6
TMEM59	golgiapparatus	GO	Q9BXS4
CLN6	endoplasmicreticulum	HPA;GO	Q9NWW5
MEPCE	plasmamembrane	HPA	Q7L2J0
ABCC4	plasmamembrane	HPA;GO	O15439
STK10	cytosol	GO	O94804
TCIM	nucleoli	GO	Q9NR00
SMURF1	plasmamembrane	GO	Q9HCE7
ANKRD54	microtubules	HPA	Q6NXT1
ZNF135	cytosol	HPA	P52742
MADCAM1	plasmamembrane	GO	Q13477
HAUS6	microtubules	GO	Q7Z4H7
PGAP6	nucleoplasm	HPA	Q9HCN3
ACTR3	plasmamembrane	GO	P61158
ETFBKMT	mitochondria	GO	Q8IXQ9
PCDHB12	plasmamembrane	HPA	Q9Y5F1
SLC2A13	plasmamembrane	GO	Q96QE2
KCNIP2	plasmamembrane	GO	Q9NS61
RNF151	nucleoplasm	HPA	Q2KHN1
R3HDM1	nucleoplasm	HPA	Q15032
ATIC	plasmamembrane	HPA	P31939
CPLANE2	nucleoplasm	HPA	Q9BU20
UBE2V1	cytosol	GO	Q13404
TSC22D2	cytosol	HPA	O75157
PI4K2B	cytosol	HPA;GO	Q8TCG2
ZSCAN29	actinfilaments	HPA	Q8IWY8
ATG13	mitochondria	GO	O75143
OR7D4	plasmamembrane	GO	Q8NG98
TNFRSF21	cytosol	HPA	O75509
BCS1L	mitochondria	GO	Q9Y276
PDZD8	endoplasmicreticulum	GO	Q8NEN9
GRIN2B	endoplasmicreticulum	GO	Q13224
CLIC3	nucleoplasm	HPA	O95833
RUNDC3B	intermediatefilaments	HPA	Q96NL0
SLC39A9	plasmamembrane	GO	Q9NUM3
TLR5	nucleoplasm	HPA	O60602
VPS37B	plasmamembrane	GO	Q9H9H4
ALKBH1	mitochondria	GO	Q13686
FOLR1	golgiapparatus	GO	P15328
FHIT	cytosol	GO	P49789
KLRC2	plasmamembrane	HPA;GO	P26717
UVRAG	microtubules	GO	Q9P2Y5
CCNA1	nucleoplasm	HPA;GO	P78396
CRKL	cytosol	HPA;GO	P46109
USP3	nucleoplasm	HPA;GO	Q9Y6I4
XKR8	golgiapparatus	HPA	Q9H6D3
MARCKSL1	cytosol	HPA	P49006
SPTSSA	endoplasmicreticulum	GO	Q969W0
SLC9B2	plasmamembrane	HPA;GO	Q86UD5
MBD5	microtubules	HPA	Q9P267
TIA1	nucleoplasm	HPA;GO	P31483
CIP2A	primarycilium	HPA	Q8TCG1
CEP131	microtubules	HPA	Q9UPN4
HES7	nucleoplasm	HPA	Q9BYE0
HSPBP1	centrosome	HPA	Q9NZL4
SPRED1	plasmamembrane	GO	Q7Z699
CTNNB1	actinfilaments	GO	P35222
PIH1D2	nucleoplasm	HPA	Q8WWB5
CFAP57	primarycilium	HPA	Q96MR6
GNPDA1	cytosol	GO	P46926
SOCS3	plasmamembrane	HPA;GO	O14543
AKAP9	plasmamembrane	GO	Q99996
POU2F3	nucleoplasm	HPA	Q9UKI9
ACOT2	mitochondria	HPA;GO	P49753
SNAP91	centrosome	HPA	O60641
ENSG00000288637	centrosome	HPA	
STAT4	cytosol	GO	Q14765
CLDN20	plasmamembrane	HPA;GO	P56880
HAND1	nuclearmembrane	HPA	O96004
NOL8	nucleoplasm	HPA	Q76FK4
RAD51AP2	nucleoplasm	HPA	Q09MP3
UTP6	nucleoli	HPA	Q9NYH9
CBR1	nucleoplasm	HPA	P16152
NFKBID	plasmamembrane	HPA	Q8NI38
ESRP2	nucleoplasm	HPA;GO	Q9H6T0
PSEN2	centrosome	GO	P49810
EED	nucleoplasm	HPA;GO	O75530
WBP1L	microtubules	HPA	Q9NX94
NUP62	centrosome	GO	P37198
ATXN10	primarycilium	HPA	Q9UBB4
MAL	centrosome	HPA	P01732
CD163L1	cytosol	HPA	Q9NR16
UBXN2B	nucleoplasm	HPA	Q14CS0
PRR36	nucleoplasm	HPA	Q9H6K5
RGS16	cytosol	HPA	O15492
YWHAQ	actinfilaments	GO	P27348
ABI1	cytosol	GO	Q8IZP0
GAS2	cytosol	HPA;GO	O43903
G6PD	cytosol	HPA;GO	P11413
LMLN	actinfilaments	HPA	Q96KR4
PAK6	nucleoplasm	HPA	Q9NQU5
GBP2	golgiapparatus	GO	P32456
NR0B2	nucleoplasm	HPA;GO	Q15466
ENSG00000272772	cytosol	HPA	
BCL11A	cytosol	GO	Q9H165
INO80B	nucleoplasm	HPA;GO	Q9C086
F8	plasmamembrane	GO	P00451
MRE11	nucleoplasm	HPA;GO	P49959
PLPPR3	cytosol	HPA	Q6T4P5
TAGLN	microtubules	HPA	Q01995
TM4SF5	plasmamembrane	GO	O14894
C9orf85	golgiapparatus	HPA	Q96MD7
CCAR2	mitochondria	GO	Q8N163
DES	plasmamembrane	GO	P17661
TMEM258	endoplasmicreticulum	GO	P61165
FCMR	plasmamembrane	HPA;GO	O60667
RGCC	nucleoplasm	HPA	Q9H4X1
ZNF646	plasmamembrane	HPA	O15015
PKN2	cytosol	HPA;GO	Q16513
TRAPPC12	nucleoplasm	HPA;GO	Q8WVT3
UCN	plasmamembrane	HPA	P55089
OPRL1	primarycilium	HPA	P41146
FOXN4	mitochondria	HPA	Q96NZ1
ZBTB37	cytosol	HPA	Q5TC79
ASB7	cytosol	GO	Q9H672
RPL31	actinfilaments	GO	P62899
CYP4A11	plasmamembrane	GO	Q02928
SLC41A3	plasmamembrane	HPA	Q96GZ6
PALLD	plasmamembrane	GO	Q8WX93
CLK1	nuclearmembrane	HPA	P49759
PPP1R2B	cytosol	HPA	Q6NXS1
EXOSC7	cytosol	GO	Q15024
PPCDC	cytosol	HPA;GO	Q96CD2
ASPRV1	cytosol	HPA	Q53RT3
C11orf21	nucleoplasm	HPA	Q9P2W6
LY6G6F	plasmamembrane	GO	Q5SQ64
CFAP43	cytosol	HPA	Q8NDM7
EXOSC10	cytosol	HPA	Q01780
MCM9	nucleoplasm	HPA	Q9NXL9
QTRT2	golgiapparatus	HPA	Q9H974
ABHD11	mitochondria	HPA;GO	Q8NFV4
FOXB1	nucleoplasm	HPA	Q99853
H2AC6	nucleoplasm	HPA;GO	Q93077
CCDC74A	primarycilium	HPA	Q96AQ1
GAS6	golgiapparatus	GO	Q14393
PRKAR1A	primarycilium	GO	P10644
ZFAND5	nucleoplasm	HPA	O76080
UHRF1	nucleoplasm	HPA;GO	Q96T88
SELENOM	nucleoplasm	HPA	Q8WWX9
PDXP	cytosol	GO	Q96GD0
DTNBP1	plasmamembrane	GO	Q96EV8
ST3GAL1	golgiapparatus	GO	Q11201
CIR1	nucleoplasm	HPA	Q86X95
LACTB2	nucleoplasm	HPA	Q53H82
MAPK3	cytosol	GO	P27361
NALCN	plasmamembrane	HPA;GO	Q8IZF0
CSNK1G1	cytosol	HPA	Q9HCP0
PLCB2	cytosol	HPA;GO	Q00722
RPS28	cytosol	HPA;GO	P62857
KRTAP1-4	cytosol	GO	P0C5Y4
SCAMP1	plasmamembrane	GO	O15126
PCSK6	golgiapparatus	GO	P29122
CBR4	mitochondria	GO	Q8N4T8
GUCA1A	primarycilium	GO	P43080
LINGO1	plasmamembrane	HPA;GO	Q96FE5
DUSP1	nucleoli	HPA	P28562
ZFYVE19	centrosome	GO	Q96K21
CCND3	nucleoplasm	HPA;GO	P30281
TUSC1	nucleoplasm	HPA	Q2TAM9
XRCC4	cytosol	GO	Q13426
LDB2	nucleoplasm	HPA	O43679
PPIA	plasmamembrane	GO	P62937
THEMIS2	nucleoplasm	HPA	Q5TEJ8
SMC3	nucleoplasm	HPA;GO	Q9UQE7
HNRNPC	actinfilaments	GO	P07910
MICAL2	actinfilaments	GO	O94851
DENND4C	cytosol	HPA;GO	Q5VZ89
XPR1	plasmamembrane	GO	Q9UBH6
KRTAP16-1	cytosol	GO	A8MUX0
KIAA1522	plasmamembrane	HPA	Q9P206
PKP1	nucleoplasm	HPA	Q13835
DGCR8	nucleoplasm	HPA;GO	Q8WYQ5
DNAJB4	cytosol	HPA;GO	Q9UDY4
HSDL2	mitochondria	HPA;GO	Q6YN16
RTKN	mitochondria	HPA	Q9BST9
ANAPC5	cytosol	GO	Q9UJX4
CHST2	nucleoplasm	HPA	Q9Y4C5
RNF14	nucleoplasm	HPA	Q9UBS8
NUP50	nucleoplasm	HPA;GO	Q9UKX7
RPA1	nucleoplasm	HPA;GO	P27694
SH3BP5L	golgiapparatus	HPA	Q7L8J4
IFFO1	nucleoplasm	GO	Q0D2I5
UBE2F	cytosol	HPA;GO	Q969M7
SPSB2	cytosol	GO	Q99619
MTRR	cytosol	HPA;GO	Q9UBK8
AEN	nucleoplasm	HPA;GO	Q8WTP8
THOC1	nucleoplasm	HPA;GO	Q96FV9
GRIA2	plasmamembrane	GO	P42262
STAG1	cytosol	GO	Q8WVM7
SMC2	nucleoplasm	HPA;GO	O95347
TBC1D19	nucleoplasm	HPA	Q8N5T2
CCDC34	nucleoli	HPA	Q96HJ3
BCL2A1	cytosol	GO	Q16548
GNAI1	cytosol	HPA;GO	P63096
GLYCAM1	plasmamembrane	GO	Q8IVK1
PALMD	actinfilaments	HPA	Q9NP74
PPP3CB	nucleoplasm	GO	P16298
SPIN4	cytosol	HPA	Q56A73
KSR1	cytosol	HPA;GO	Q8IVT5
CDCP1	nucleoplasm	HPA	Q9H5V8
RPL12	actinfilaments	GO	P30050
DNM2	plasmamembrane	GO	P50570
NCOA1	nucleoplasm	HPA;GO	Q15788
SETDB2	nucleoplasm	HPA;GO	Q96T68
SPTLC3	endoplasmicreticulum	GO	Q9NUV7
STK33	nucleoli	HPA	Q9BYT3
TRIM44	plasmamembrane	HPA	Q96DX7
KIF13A	centrosome	GO	Q9H1H9
TCF4	nucleoplasm	HPA;GO	P15884
LEMD2	endoplasmicreticulum	GO	Q8NC56
PDPN	cytosol	GO	Q86YL7
ACTL6A	nucleoplasm	HPA;GO	O96019
MX2	cytosol	GO	P20592
DLG1	cytosol	GO	Q12959
ERV3-1	golgiapparatus	HPA	Q14264
AAMP	plasmamembrane	HPA	Q13685
PRICKLE1	nuclearmembrane	GO	Q96MT3
DENR	cytosol	HPA	O43583
PML	nucleoli	GO	P29590
ADAP1	plasmamembrane	HPA;GO	O75689
STIM1	plasmamembrane	GO	Q13586
F2	plasmamembrane	GO	P00734
MAP1LC3B	mitochondria	GO	Q9GZQ8
NRK	nucleoplasm	HPA	Q7Z2Y5
TET1	nucleoplasm	HPA	Q8NFU7
FBXO31	cytosol	HPA;GO	Q5XUX0
APC	plasmamembrane	HPA;GO	P25054
ASPSCR1	nucleoplasm	HPA	Q9BZE9
ABRAXAS2	cytosol	HPA;GO	Q15018
POPDC3	nucleoli	HPA	Q9HBV1
ZNF696	nucleoli	HPA	Q9H7X3
MAN2A1	golgiapparatus	HPA;GO	Q16706
NUP153	nuclearmembrane	HPA;GO	P49790
KRT18	intermediatefilaments	GO	P05783
WNT4	plasmamembrane	GO	P56705
IRX5	cytosol	HPA	P78411
NDUFB11	mitochondria	HPA;GO	Q9NX14
IFT74	golgiapparatus	HPA	Q96LB3
HNRNPDL	nucleoplasm	HPA	O14979
SENP2	cytosol	HPA	Q9HC62
SCGN	cytosol	HPA	O76038
TTF2	cytosol	HPA	O00358
UBE3B	mitochondria	HPA	Q7Z3V4
RCL1	nucleoplasm	HPA;GO	Q9Y2P8
CZIB	microtubules	HPA	Q9NWV4
CXADR	plasmamembrane	HPA;GO	P78310
METTL15	mitochondria	GO	A6NJ78
ANKRD13D	nucleoplasm	HPA	Q6ZTN6
TMED1	endoplasmicreticulum	GO	Q13445
GEMIN2	nucleoplasm	HPA;GO	O14893
FAM234A	nucleoplasm	HPA	Q9H0X4
PIP4K2B	cytosol	GO	P78356
ENSG00000290315	cytosol	HPA	
NUTM2A	nucleoplasm	HPA	Q8IVF1
RBM10	nucleoplasm	HPA;GO	P0DW28
APLP1	golgiapparatus	HPA	P51693
TRPV3	cytosol	HPA	Q8NET8
N4BP1	nucleoli	HPA	O75113
PHLDB3	cytosol	HPA	Q6NSJ2
IFT56	primarycilium	GO	A0AVF1
COMT	cytosol	GO	P21964
SLC16A4	microtubules	HPA	O15374
KDELR1	endoplasmicreticulum	GO	P24390
HTATIP2	cytosol	HPA	Q9BUP3
CPA5	nucleoplasm	HPA	Q8WXQ8
DIABLO	cytosol	GO	Q9NR28
SEC63	endoplasmicreticulum	HPA	Q9UGP8
RAVER1	nucleoplasm	HPA	Q8IY67
HLA-DRB4	golgiapparatus	GO	P13762
SEMA4B	nucleoplasm	HPA	Q9NPR2
TOR1A	endoplasmicreticulum	GO	O14656
HSPA5	endoplasmicreticulum	GO	P11021
RHOF	plasmamembrane	GO	Q9HBH0
FEZ2	nucleoli	HPA	Q9UHY8
SP6	microtubules	HPA	Q3SY56
KBTBD6	cytosol	GO	Q86V97
CREBZF	nucleoplasm	HPA	Q9NS37
METRN	nucleoplasm	HPA	Q9UJH8
LIG1	nucleoplasm	HPA;GO	P18858
FBXO38	primarycilium	HPA	Q6PIJ6
ICOSLG	plasmamembrane	HPA;GO	O75144
PTH1R	plasmamembrane	HPA;GO	Q03431
PTCD1	mitochondria	HPA;GO	O75127
KAT14	nucleoplasm	GO	Q9H8E8
PLXNA4	plasmamembrane	HPA;GO	Q9HCM2
DEPP1	mitochondria	HPA;GO	Q9NTK1
NGRN	nucleoplasm	HPA	Q9NPE2
ALDH3A1	plasmamembrane	HPA	P30838
MPZL3	golgiapparatus	HPA	Q6UWV2
EIF4G2	plasmamembrane	GO	P78344
HSD17B10	mitochondria	GO	Q99714
TAS2R50	plasmamembrane	GO	P59544
ENSG00000264668	plasmamembrane	HPA	
PARP1	nucleoli	HPA;GO	P09874
PLEKHJ1	mitochondria	HPA	Q9NW61
RAB5B	plasmamembrane	GO	P61020
PDZD7	primarycilium	HPA;GO	Q9H5P4
RGL3	nucleoplasm	HPA	Q3MIN7
NOP56	nucleoli	HPA	O00567
KCNN1	cytosol	HPA	Q92952
PPP1R26	nucleoplasm	HPA	Q5T8A7
LYVE1	plasmamembrane	GO	Q9Y5Y7
CPSF6	nucleoplasm	HPA;GO	Q16630
ARF4	plasmamembrane	GO	P18085
COL5A2	endoplasmicreticulum	GO	P05997
GFUS	nucleoplasm	HPA	Q13630
CDH2	endoplasmicreticulum	GO	P19022
DIO1	plasmamembrane	GO	P49895
UGT2B28	endoplasmicreticulum	GO	Q9BY64
ATP1B1	primarycilium	GO	P05026
FKBPL	cytosol	GO	Q9UIM3
BCL2L14	cytosol	HPA;GO	Q9BZR8
TKT	nucleoplasm	HPA	P29401
ZNF106	nucleoli	HPA	Q9H2Y7
TNNC1	actinfilaments	HPA;GO	P19429
SQLE	endoplasmicreticulum	GO	Q14534
CDK5	plasmamembrane	HPA	Q00535
NDC1	nuclearmembrane	HPA	Q9BTX1
DUSP7	nucleoplasm	GO	Q16829
OTUD3	intermediatefilaments	HPA	Q5T2D3
STIP1	nucleoplasm	HPA	P31948
GNAZ	plasmamembrane	GO	P19086
ZNF567	cytosol	HPA	Q8N184
VPS45	golgiapparatus	GO	Q9NRW7
MGME1	mitochondria	HPA;GO	Q9BQP7
DPYSL2	plasmamembrane	HPA	Q16555
IFNAR1	plasmamembrane	GO	P17181
CTSG	plasmamembrane	GO	P08311
GAGE12F	cytosol	HPA	P0CL80
AVPR1A	plasmamembrane	GO	P37288
PIGK	endoplasmicreticulum	GO	Q92643
TGFBR3	cytosol	HPA;GO	Q03167
MYO6	nucleoplasm	HPA;GO	Q9UM54
HABP4	nuclearmembrane	HPA	Q5JVS0
NFYA	nucleoplasm	HPA;GO	P23511
PLEKHG4B	nucleoplasm	HPA	Q96PX9
JMJD1C	nucleoplasm	HPA;GO	Q15652
SNX31	cytosol	HPA	Q8N9S9
CCDC91	golgiapparatus	HPA;GO	Q7Z6B0
ZNF560	nucleoplasm	HPA	Q96MR9
TAS2R41	plasmamembrane	GO	P59536
SLC8B1	plasmamembrane	GO	Q6J4K2
CFAP144	microtubules	GO	A6NL82
ACOT4	cytosol	GO	Q8N9L9
HMBOX1	cytosol	HPA	Q6NT76
HPCAL4	cytosol	HPA	Q9UM19
IKBKE	cytosol	HPA;GO	Q14164
RPS29	plasmamembrane	GO	P62273
SFRP1	cytosol	GO	Q8N474
SMAD2	cytosol	HPA;GO	Q15796
HAS1	plasmamembrane	HPA;GO	Q92839
NAT10	nucleoli	HPA;GO	Q9H0A0
DAZAP1	cytosol	HPA	Q96EP5
ATP1A3	endoplasmicreticulum	GO	P13637
FAM53B	cytosol	HPA	Q14153
SKP1	cytosol	HPA;GO	P63208
CLIC4	plasmamembrane	HPA;GO	Q9Y696
ZCCHC24	mitochondria	HPA	Q8N2G6
SEC24B	cytosol	GO	O95487
TRIM45	nucleoplasm	HPA	Q9H8W5
SSX1	primarycilium	GO	Q16384
CENPQ	cytosol	GO	Q7L2Z9
GIT1	actinfilaments	HPA;GO	Q9Y2X7
HASPIN	microtubules	GO	Q8TF76
C18orf54	nucleoplasm	HPA	Q8IYD9
TXNIP	plasmamembrane	HPA	Q9H3M7
ATP6V1B1	plasmamembrane	GO	P15313
CXXC1	nucleoplasm	HPA;GO	Q9P0U4
AKAP5	cytosol	GO	P24588
SEPTIN5	nucleoplasm	HPA	Q99719
HOXB5	nucleoli	HPA	P09067
RPL37	cytosol	GO	P61927
GINM1	plasmamembrane	HPA	Q9NU53
RNF169	nucleoli	HPA	Q8NCN4
EREG	plasmamembrane	GO	O14944
GNAS	nucleoplasm	HPA	O95467
NOTCH3	nucleoplasm	HPA;GO	Q9UM47
KMT5A	nucleoplasm	HPA;GO	Q9NQR1
SUGCT	mitochondria	GO	Q9HAC7
PNO1	nucleoli	HPA;GO	Q9NRX1
RGS19	plasmamembrane	HPA;GO	P49795
ORMDL2	endoplasmicreticulum	HPA;GO	Q53FV1
NKG7	plasmamembrane	GO	Q16617
S100A1	endoplasmicreticulum	GO	P23297
BICD2	cytosol	HPA	Q8TD16
GTF2A1	nucleoplasm	HPA;GO	P52655
SLC17A8	endoplasmicreticulum	HPA	Q8NDX2
RPS3A	plasmamembrane	GO	P61247
SLC16A1	centrosome	GO	P53985
GNAO1	plasmamembrane	GO	P09471
MTUS2	centrosome	GO	Q5JR59
ZMYM2	cytosol	GO	Q9UBW7
TTC28	cytosol	HPA	Q96AY4
HVCN1	plasmamembrane	GO	Q96D96
FFAR4	plasmamembrane	HPA;GO	Q5NUL3
CHAMP1	microtubules	GO	Q96JM3
ARL13B	primarycilium	HPA;GO	Q3SXY8
ARHGAP27	nucleoplasm	HPA	Q6ZUM4
RFX7	nuclearmembrane	HPA	Q2KHR2
NRN1L	plasmamembrane	GO	Q496H8
KRTAP9-9	cytosol	GO	Q9BYP9
PUS3	cytosol	HPA;GO	Q9BZE2
SLC35D1	endoplasmicreticulum	GO	Q9NTN3
BICDL1	cytosol	HPA	Q6ZP65
CDK20	nucleoplasm	HPA	Q8IZL9
DEFA6	golgiapparatus	GO	Q01524
DDX60L	plasmamembrane	HPA	Q5H9U9
ZNF77	nucleoplasm	HPA	Q15935
CCP110	centrosome	HPA;GO	O43303
AFF1	mitochondria	HPA	P51825
APAF1	golgiapparatus	HPA	O14727
CENPS	cytosol	GO	Q8N2Z9
GTF3C6	nucleoplasm	HPA;GO	Q969F1
FADD	plasmamembrane	GO	Q13158
TOMM70	mitochondria	HPA;GO	O94826
PKD2L2	cytosol	HPA	Q9NZM6
ZNF641	nucleoli	HPA	Q96N77
ETNPPL	mitochondria	GO	Q8TBG4
GHRL	endoplasmicreticulum	GO	Q9UBU3
COPS7B	nucleoplasm	HPA;GO	Q9H9Q2
OGG1	mitochondria	GO	O15527
ANKRD35	nucleoplasm	HPA	Q8N283
DACT1	nucleoplasm	HPA	Q9NYF0
MPPE1	golgiapparatus	HPA	Q53F39
MYLK	plasmamembrane	HPA;GO	Q15746
PGD	cytosol	HPA;GO	P52209
OR5AN1	plasmamembrane	GO	Q8NGI8
UBL5	nucleoplasm	GO	Q9BZL1
INVS	primarycilium	HPA	Q9Y283
VAC14	cytosol	HPA	Q08AM6
DYNC1LI1	plasmamembrane	GO	Q9Y6G9
PVR	nucleoplasm	HPA	P15151
TACSTD2	plasmamembrane	HPA	P09758
IKBKG	nucleoplasm	GO	Q9Y6K9
GNG12	plasmamembrane	GO	Q9UBI6
ILF2	nucleoli	GO	Q12905
ADI1	cytosol	GO	Q9BV57
H2BC10	cytosol	HPA	P62807
TNPO1	cytosol	HPA;GO	Q92973
PEX1	cytosol	GO	O43933
HINT1	nucleoplasm	HPA;GO	P49773
MYCT1	nucleoplasm	HPA	Q8N699
NACAD	cytosol	HPA	O15069
SSC5D	nucleoplasm	HPA	A1L4H1
PKHD1	primarycilium	HPA;GO	P08F94
IGHV4-34	plasmamembrane	GO	P06331
MT-ND6	mitochondria	GO	P03923
HIRIP3	nucleoplasm	HPA	Q9BW71
ZNF182	nucleoplasm	HPA	P17025
CRABP1	cytosol	GO	P29762
EXOC3L1	plasmamembrane	HPA	Q86VI1
ZNF630	cytosol	HPA	Q2M218
PSMA7	cytosol	GO	O14818
CAPN2	endoplasmicreticulum	GO	P17655
STMN2	cytosol	GO	Q93045
AKAP13	cytosol	HPA;GO	Q12802
SCNN1A	plasmamembrane	GO	P37088
GGPS1	cytosol	HPA;GO	O95749
ASB15	cytosol	GO	Q8WXK1
UIMC1	nucleoplasm	HPA;GO	Q96RL1
MOAP1	nucleoplasm	HPA	Q96BY2
KIF4B	nucleoplasm	HPA	Q2VIQ3
TOP1	cytosol	GO	P11387
TMEM168	cytosol	HPA	Q9H0V1
GCNT2	golgiapparatus	HPA	Q8N0V5
ZNF599	nucleoplasm	HPA	Q96NL3
TADA1	nucleoplasm	HPA;GO	Q96BN2
EPPK1	plasmamembrane	GO	P58107
PXN	centrosome	HPA	P49023
MBOAT7	cytosol	HPA	Q96N66
LRRCC1	centrosome	HPA;GO	Q9C099
FLOT2	actinfilaments	GO	Q14254
SMARCA4	nucleoplasm	HPA;GO	P51532
PIK3C2G	plasmamembrane	HPA	O75747
RAVER2	nucleoplasm	HPA	Q9HCJ3
IFIT2	cytosol	GO	P09913
KCNG2	plasmamembrane	GO	Q9UJ96
FAM110A	centrosome	GO	Q9BQ89
FBXL18	cytosol	HPA;GO	Q96ME1
CRK	plasmamembrane	HPA	P46108
C5orf58	centrosome	HPA	C9J3I9
PRKCD	endoplasmicreticulum	HPA;GO	Q05655
PDE8A	cytosol	GO	O60658
DCDC2	primarycilium	GO	Q9UHG0
CD3E	golgiapparatus	HPA	P07766
RAMAC	nucleoplasm	HPA	Q9BTL3
EXOSC4	nucleoplasm	HPA;GO	Q9NPD3
FBXW9	cytosol	HPA;GO	Q5XUX1
PPP6R1	cytosol	HPA;GO	Q9UPN7
RCE1	endoplasmicreticulum	GO	Q9Y256
HPGDS	cytosol	HPA;GO	O60760
RESF1	cytosol	HPA	Q9HCM1
ASRGL1	nucleoplasm	HPA	Q7L266
TCHH	cytosol	GO	Q07283
PRR11	endoplasmicreticulum	HPA	Q96HE9
HES4	nucleoplasm	HPA	Q9HCC6
MED13L	nucleoplasm	HPA;GO	Q71F56
TOMM40	mitochondria	HPA;GO	O96008
TTC39B	endoplasmicreticulum	HPA	Q5VTQ0
ALG10B	endoplasmicreticulum	HPA;GO	Q5I7T1
PKD2L1	plasmamembrane	HPA;GO	Q9P0L9
ITGA6	actinfilaments	GO	P23229
PPT1	plasmamembrane	GO	P50897
ANGPTL2	golgiapparatus	HPA	Q9UKU9
DMRTC1	intermediatefilaments	HPA	Q5HYR2
AFF4	nucleoli	HPA	Q9UHB7
PARP14	cytosol	HPA	Q460N5
CNNM1	cytosol	HPA	Q9NRU3
HAP1	cytosol	HPA	P27695
RING1	cytosol	HPA	Q06587
GLTPD2	nucleoplasm	HPA	A6NH11
TCTE1	cytosol	HPA	Q5JU00
MSLN	plasmamembrane	HPA;GO	Q13421
MMS19	nucleoplasm	HPA	Q96T76
ARSD	endoplasmicreticulum	GO	P51689
FGFR4	endoplasmicreticulum	GO	P22455
NPNT	plasmamembrane	HPA	Q6UXI9
CD2	golgiapparatus	HPA	P06729
PPP5C	cytosol	HPA;GO	P53041
PTMS	nucleoli	HPA	P20962
ESR1	nucleoplasm	HPA;GO	P03372
CALHM2	nucleoplasm	HPA	Q9HA72
KRTAP25-1	nuclearmembrane	HPA	Q3LHN0
DPH6	nucleoli	HPA	Q7L8W6
MYSM1	nucleoplasm	HPA;GO	Q5VVJ2
TMEM231	golgiapparatus	HPA	Q9H6L2
MSANTD2	nucleoplasm	HPA	Q6P1R3
MS4A14	plasmamembrane	HPA	Q96JA4
SCMH1	nucleoplasm	HPA;GO	Q96GD3
SLC27A2	endoplasmicreticulum	GO	O14975
TMEM167B	golgiapparatus	GO	Q9NRX6
TRPC4	plasmamembrane	GO	Q9UBN4
DYNAP	golgiapparatus	GO	Q8N1N2
MAST4	nucleoplasm	HPA	O15021
PCDHAC1	nucleoli	HPA	Q9H158
ZNF880	nucleoplasm	HPA	Q6PDB4
CCDC144A	cytosol	HPA	A2RUR9
EVI5L	golgiapparatus	HPA	Q96CN4
BBOX1	cytosol	GO	O75936
TMEM41B	endoplasmicreticulum	GO	Q5BJD5
APOA2	endoplasmicreticulum	GO	P02652
DTX1	cytosol	HPA;GO	Q86Y01
LEPROT	golgiapparatus	GO	O15243
DUOX1	plasmamembrane	GO	Q9NRD9
CD48	cytosol	HPA	P09326
MACROD1	nucleoplasm	HPA	Q9BQ69
RNF10	nucleoplasm	HPA	Q8N5U6
SRGAP2C	plasmamembrane	GO	P0DJJ0
PPA2	mitochondria	HPA;GO	Q9H2U2
HLA-G	golgiapparatus	GO	P17693
HMOX1	nucleoplasm	GO	P09601
LSG1	endoplasmicreticulum	GO	Q9H089
KIF2A	centrosome	HPA;GO	O00139
MYO9A	plasmamembrane	HPA	B2RTY4
RASSF8	cytosol	HPA	Q8NHQ8
RPEL1	plasmamembrane	HPA	Q2QD12
F11	plasmamembrane	GO	P03951
EPHB6	plasmamembrane	GO	O15197
EVI2A	golgiapparatus	HPA	P22794
ENSG00000260914	microtubules	HPA	
PSG9	plasmamembrane	GO	Q00887
RIGI	actinfilaments	GO	O95786
GPX4	mitochondria	HPA	P36969
STOML2	cytosol	HPA	Q9UJZ1
KCNC3	plasmamembrane	GO	Q14003
GLYCTK	golgiapparatus	HPA	Q8IVS8
TGM1	plasmamembrane	HPA;GO	P22735
MMGT1	endoplasmicreticulum	GO	Q8N4V1
ZNF334	nucleoplasm	HPA	Q9HCZ1
AQP5	plasmamembrane	HPA;GO	P55064
BCL2	nuclearmembrane	GO	P10415
SLC2A10	plasmamembrane	GO	O95528
HGH1	nucleoplasm	HPA	Q9BTY7
NHP2	nucleoplasm	GO	Q9NX24
KIT	plasmamembrane	HPA;GO	P10721
CKAP5	cytosol	GO	Q14008
MITF	cytosol	GO	O75030
MESP1	nucleoplasm	HPA	Q9BRJ9
ARL2BP	centrosome	HPA;GO	Q9Y2Y0
TGOLN2	endoplasmicreticulum	GO	O43493
VIPR2	plasmamembrane	GO	P41587
MUC3A	plasmamembrane	GO	Q02505
MAP2K7	cytosol	GO	O14733
BEND7	nucleoplasm	HPA	Q8N7W2
CASZ1	nucleoplasm	HPA;GO	Q86V15
HSPA1A	endoplasmicreticulum	GO	P0DMV8
UBAP1	cytosol	HPA;GO	Q9NZ09
NOTUM	endoplasmicreticulum	HPA;GO	Q6P988
STH	golgiapparatus	HPA	Q8IWL8
RPL17-C18orf32	endoplasmicreticulum	HPA	
CH25H	cytosol	GO	O95992
ZWINT	cytosol	HPA;GO	O95229
MFSD10	nuclearmembrane	HPA	Q14728
MLLT1	nucleoli	HPA	Q03111
APOE	endoplasmicreticulum	GO	P02649
SMYD2	cytosol	HPA	Q9NRG4
SHH	golgiapparatus	GO	Q15465
PTCHD3	endoplasmicreticulum	GO	Q3KNS1
PKN1	actinfilaments	GO	Q16512
AMMECR1L	nucleoplasm	HPA	Q6DCA0
BTK	cytosol	HPA;GO	Q06187
KLHDC4	nucleoplasm	HPA	Q8TBB5
DEDD	nucleoli	HPA	O75618
SLC16A9	plasmamembrane	HPA;GO	Q7RTY1
PRCC	nucleoplasm	HPA;GO	Q92733
STRN3	actinfilaments	HPA	Q13033
NUDT21	nucleoplasm	HPA;GO	O43809
FLCN	microtubules	GO	Q8NFG4
HELZ	nucleoli	HPA	P42694
FOXO3	cytosol	GO	O43524
CNBP	cytosol	HPA;GO	P62633
GADD45B	cytosol	HPA	O75293
SANBR	nucleoplasm	HPA	Q6NSI8
AURKA	cytosol	GO	O14965
CD109	cytosol	HPA	Q6YHK3
CD180	plasmamembrane	HPA	Q99467
ARF6	plasmamembrane	GO	P62330
KL	plasmamembrane	GO	Q9UEF7
DENND1A	cytosol	GO	Q8TEH3
RPS8	cytosol	HPA;GO	P62241
OCM	cytosol	HPA	P0CE72
TRIM50	cytosol	HPA	Q86XT4
DGKG	cytosol	GO	P49619
RICTOR	endoplasmicreticulum	GO	Q6R327
GPRIN2	plasmamembrane	HPA	O60269
BSG	mitochondria	GO	P35613
STX1A	plasmamembrane	GO	Q16623
B3GLCT	endoplasmicreticulum	GO	Q6Y288
SLCO3A1	plasmamembrane	GO	Q9UIG8
CCNB2	cytosol	HPA;GO	O95067
PSMB4	cytosol	GO	P28070
SRSF5	nucleoli	HPA	Q13243
FOXO4	nucleoplasm	HPA;GO	P98177
KRTAP4-5	cytosol	GO	Q9BYR2
SNX10	microtubules	HPA	Q9Y5X0
CAMK2D	nucleoplasm	GO	Q13557
PJA2	microtubules	HPA	O43164
CD8A	plasmamembrane	HPA;GO	P01732
KCNK12	plasmamembrane	GO	Q9HB15
NCR3LG1	plasmamembrane	GO	Q68D85
ARPC3	plasmamembrane	GO	O15145
TSHZ3	plasmamembrane	HPA	Q63HK5
LIFR	plasmamembrane	GO	P42702
RHPN1	nucleoplasm	HPA	Q8TCX5
GAS1	plasmamembrane	GO	P54826
PDS5A	cytosol	GO	Q29RF7
RIMS3	nucleoplasm	HPA	Q9UJD0
DNAH6	plasmamembrane	HPA	Q9C0G6
KCNQ3	plasmamembrane	GO	O43525
KRT72	cytosol	GO	Q14CN4
SNAPC4	nucleoplasm	HPA;GO	Q5SXM2
CFAP418	centrosome	HPA	Q96NL8
DUSP8	cytosol	HPA	Q13202
ARHGEF17	plasmamembrane	HPA	Q96PE2
PELI3	nucleoplasm	HPA	Q8N2H9
DSG4	plasmamembrane	GO	Q86SJ6
PSMD6	cytosol	GO	Q15008
KNG1	endoplasmicreticulum	GO	P01042
WDR70	cytosol	HPA	Q9NW82
EEF1AKMT3	centrosome	HPA;GO	Q96AZ1
ETV3	cytosol	HPA	P41162
LUZP1	nucleoplasm	HPA;GO	Q86V48
MKRN2OS	golgiapparatus	HPA	H3BPM6
PLK2	microtubules	GO	Q9NYY3
SLC35A4	golgiapparatus	GO	L0R6Q1
ITGA2B	plasmamembrane	HPA;GO	P08514
NOD2	golgiapparatus	HPA	Q9HC29
PRKCQ	plasmamembrane	GO	Q04759
ST6GALNAC1	golgiapparatus	HPA;GO	Q9NSC7
WDFY4	cytosol	HPA	Q6ZS81
HORMAD2	nucleoplasm	HPA	Q8N7B1
NPAS4	nuclearmembrane	HPA	Q8IUM7
PCDHA5	mitochondria	HPA	Q9Y5H7
SLC27A4	plasmamembrane	GO	Q6P1M0
CDX4	nucleoplasm	HPA	O14627
WASHC5	microtubules	HPA	Q12768
TFIP11	cytosol	HPA	Q9UBB9
MYO5B	plasmamembrane	HPA	Q9ULV0
SDC1	golgiapparatus	GO	P18827
MCTP2	nucleoplasm	HPA	Q6DN12
TMC6	nuclearmembrane	GO	Q7Z403
TRIM49D1	cytosol	HPA	C9J1S8
ZNF528	cytosol	HPA	Q3MIS6
SLC17A7	plasmamembrane	GO	Q9P2U7
ACOT6	cytosol	GO	Q3I5F7
FXYD2	plasmamembrane	GO	P54710
DPP4	actinfilaments	GO	P27487
IFT140	primarycilium	HPA;GO	Q96RY7
DOK6	actinfilaments	HPA	Q6PKX4
HRCT1	nucleoplasm	HPA	Q6UXD1
CLU	mitochondria	GO	P10909
MRPL39	mitochondria	HPA;GO	Q9NYK5
GVQW3	cytosol	HPA	Q3ZCU0
NAA15	nucleoplasm	HPA	Q9BXJ9
MRPS23	mitochondria	HPA;GO	Q9Y3D9
TNNT1	cytosol	HPA;GO	P13805
KIF2A	nucleoli	HPA	O00139
DNAL4	cytosol	HPA	O96015
BLID	mitochondria	GO	Q8IZY5
CD59	golgiapparatus	GO	P13987
SPRR2E	cytosol	GO	P22531
VPS45	microtubules	HPA	Q9NRW7
ANKRD53	microtubules	GO	Q8N9V6
CAVIN2	plasmamembrane	HPA;GO	O95810
COL7A1	endoplasmicreticulum	HPA;GO	Q02388
CEP192	centrosome	HPA;GO	Q8TEP8
GNPTG	cytosol	HPA	Q9UJJ9
SEC14L4	cytosol	HPA	Q9UDX3
LBX1	nucleoli	HPA	P52954
DTL	nucleoplasm	HPA;GO	Q9NZJ0
PPM1F	nucleoplasm	HPA	P49593
USHBP1	nucleoli	HPA	Q8N6Y0
PRKAR2B	plasmamembrane	GO	P31323
ATAD1	mitochondria	HPA;GO	Q8NBU5
IP6K3	cytosol	HPA;GO	Q96PC2
ACBD4	nucleoplasm	HPA	Q8NC06
UGT3A2	golgiapparatus	HPA	Q3SY77
RIOK2	nucleoplasm	GO	Q9BVS4
SOCS7	cytosol	HPA	O14512
STAG2	cytosol	GO	Q8N3U4
H2BC6	cytosol	HPA	P62807
RNASET2	endoplasmicreticulum	GO	O00584
SEPTIN1	actinfilaments	HPA	Q8WYJ6
TMEM120B	cytosol	HPA	A0PK00
MYOF	plasmamembrane	HPA	Q9NZM1
ADRB2	golgiapparatus	GO	P07550
CUL3	primarycilium	GO	Q13618
NEIL3	nucleoplasm	HPA;GO	Q8TAT5
MKLN1	plasmamembrane	HPA	Q9UL63
DFFB	nucleoli	HPA	O76075
IFITM2	plasmamembrane	HPA;GO	Q01629
IGF2	golgiapparatus	HPA	P01344
MYO1B	plasmamembrane	HPA	O43795
ARID5B	plasmamembrane	HPA	Q14865
TP53TG3B	centrosome	HPA	Q9ULZ0
GCNT3	golgiapparatus	HPA;GO	O95395
PGRMC2	plasmamembrane	HPA	O15173
RAET1E	actinfilaments	HPA	Q8TD07
DHDH	actinfilaments	HPA	Q9UQ10
RARA	nucleoplasm	HPA;GO	P10276
FAM184A	cytosol	GO	Q8NB25
OSCAR	cytosol	HPA	Q8IYS5
KIF21A	cytosol	HPA	Q7Z4S6
MAPK10	cytosol	GO	P53779
ZNF799	centrosome	HPA	Q96GE5
CAPN12	nucleoplasm	HPA	Q6ZSI9
MN1	nucleoplasm	HPA	Q10571
CDKN2A	nucleoli	GO	P42771
CAMSAP2	cytosol	HPA	Q08AD1
PLEKHG1	nucleoplasm	HPA	Q9ULL1
ACHE	golgiapparatus	HPA;GO	P22303
CEP89	microtubules	GO	Q96ST8
CCDC146	centrosome	GO	Q8IYE0
CCDC88C	plasmamembrane	HPA;GO	Q9P219
SNRPN	nucleoplasm	HPA;GO	P63162
UBE2R2	nucleoplasm	HPA	Q712K3
ENTR1	microtubules	GO	Q96C92
NTRK3	nuclearmembrane	HPA	Q16288
SLC5A7	plasmamembrane	HPA;GO	Q9GZV3
XAGE3	plasmamembrane	HPA	Q8WTP9
GALR1	plasmamembrane	HPA;GO	P47211
CHRM5	plasmamembrane	GO	P08912
ATP5F1B	plasmamembrane	GO	P06576
CERS5	nuclearmembrane	HPA	Q8N5B7
EFNA3	plasmamembrane	GO	P52797
SYDE1	golgiapparatus	HPA	Q6ZW31
GDPD3	microtubules	HPA	Q7L5L3
RNF5	endoplasmicreticulum	HPA;GO	Q99942
SSH3	cytosol	HPA	Q8TE77
ETFRF1	mitochondria	GO	Q6IPR1
CCDC107	plasmamembrane	HPA	Q8WV48
KRTAP29-1	cytosol	GO	A8MX34
NADSYN1	golgiapparatus	HPA	Q6IA69
LAIR1	plasmamembrane	HPA;GO	Q6GTX8
CRACD	nucleoplasm	HPA	Q6ZU35
CNR1	plasmamembrane	HPA;GO	P21554
GGT1	plasmamembrane	GO	P19440
MAPK13	nucleoli	HPA	O15264
GNAI3	endoplasmicreticulum	GO	P08754
SMG7	cytosol	HPA;GO	Q92540
TFDP3	nucleoplasm	HPA	Q5H9I0
PLEKHO2	cytosol	HPA	Q8TD55
RDM1	nucleoli	HPA	Q8NG50
TPTE2	endoplasmicreticulum	HPA;GO	Q6XPS3
TET3	cytosol	HPA	O43151
EXOC3	cytosol	GO	O60645
PFKFB4	cytosol	GO	Q16877
HECTD2	cytosol	GO	Q5U5R9
CHRM2	nucleoli	HPA	P08172
LMBR1L	endoplasmicreticulum	GO	Q6UX01
CYTH2	cytosol	HPA;GO	Q99418
DCP1B	cytosol	HPA;GO	Q8IZD4
ENPP4	plasmamembrane	GO	Q9Y6X5
CWF19L1	nucleoplasm	HPA	Q69YN2
PYDC2	nucleoli	HPA	Q56P42
MYH2	plasmamembrane	GO	Q9UKX2
RIF1	nucleoplasm	HPA;GO	Q5T3J3
ANKS1A	nucleoplasm	HPA	Q92625
TRAF4	nucleoli	HPA	Q9BUZ4
PHLDB1	cytosol	HPA	Q86UU1
TACR2	plasmamembrane	HPA;GO	P21452
ARFIP1	golgiapparatus	HPA;GO	P53367
PRKDC	cytosol	GO	P78527
KCNT1	plasmamembrane	HPA	Q5JUK3
SREK1IP1	nucleoli	HPA	Q8N9Q2
IMP3	nucleoplasm	GO	O00425
NAALADL2	nucleoplasm	HPA	Q58DX5
UCHL1	cytosol	HPA;GO	P09936
GPC1	cytosol	HPA	P35052
STX10	golgiapparatus	HPA;GO	O60499
AGFG2	cytosol	HPA	O95081
TAF15	nucleoplasm	HPA;GO	Q16514
OTUD7A	cytosol	HPA;GO	Q8TE49
OLFML2B	cytosol	HPA	Q68BL8
BTN2A2	mitochondria	HPA	Q8WVV5
ZNF8	nucleoplasm	HPA	P17098
WDR17	nucleoplasm	HPA	Q8IZU2
TMEM74	golgiapparatus	HPA	Q96NL1
UBXN10	primarycilium	GO	Q96LJ8
ZNF628	nucleoplasm	HPA	Q5EBL2
DHRS4	nuclearmembrane	HPA	Q9BTZ2
C9orf40	centrosome	HPA	Q8IXQ3
NPHP1	cytosol	GO	O15259
KIR2DL3	plasmamembrane	GO	P43628
GLRA2	plasmamembrane	HPA;GO	P23416
LRRC20	nucleoplasm	HPA	Q8TCA0
SCARB1	cytosol	HPA	Q8WTV0
FCHO1	nucleoplasm	HPA	O14526
ZNF347	microtubules	HPA	Q96SE7
UBE2D4	plasmamembrane	HPA	Q9Y2X8
ZC3H13	nucleoplasm	HPA;GO	Q5T200
CLCA2	nucleoplasm	HPA	Q9UQC9
AFF3	cytosol	HPA	P51826
SART1	cytosol	GO	O43290
FMC1	mitochondria	HPA;GO	Q96HJ9
TFCP2	nucleoplasm	HPA	Q12800
CMSS1	nuclearmembrane	HPA	Q9BQ75
TRIM36	cytosol	HPA;GO	Q9NQ86
GP5	plasmamembrane	GO	P40197
MCEE	mitochondria	GO	Q96PE7
PCDHGA7	plasmamembrane	HPA	Q9Y5G6
PPAT	cytosol	GO	Q06203
GRID1	plasmamembrane	GO	Q9ULK0
FHIT	nucleoli	HPA	P49789
CLASP2	cytosol	HPA;GO	O75122
TAB2	nucleoplasm	GO	Q9NYJ8
ISG20L2	nucleoplasm	HPA	Q9H9L3
ISOC2	mitochondria	HPA	Q96AB3
ELF3	nucleoplasm	HPA;GO	P78545
PRTG	cytosol	HPA	Q2VWP7
TUBA3E	microtubules	HPA	Q6PEY2
TCAP	cytosol	GO	O15273
INTS5	cytosol	HPA	Q6P9B9
GDI1	microtubules	GO	P31150
TRBV7-9	plasmamembrane	GO	P04435
HSPB9	cytosol	HPA	Q9BQS6
MAFF	nucleoplasm	HPA;GO	Q9ULX9
LDLRAD1	golgiapparatus	HPA	Q5T700
ST8SIA3	golgiapparatus	HPA;GO	O43173
SH2D3A	nucleoplasm	HPA	Q9BRG2
TRAPPC2	endoplasmicreticulum	HPA	P0DI81
UTY	nucleoli	HPA	O14607
HMGA1	actinfilaments	GO	P17096
FIG4	golgiapparatus	GO	Q92562
ZBTB1	nucleoplasm	HPA;GO	Q9Y2K1
KLHL11	nucleoplasm	HPA	Q9NVR0
APBB3	actinfilaments	HPA	O95704
CCNYL1	plasmamembrane	HPA;GO	Q8N7R7
RPS3	nucleoli	GO	P23396
ANAPC13	cytosol	HPA	Q9BS18
COL11A1	endoplasmicreticulum	HPA;GO	P12107
PPFIA1	cytosol	HPA;GO	Q13136
SPIN4	centrosome	HPA	Q56A73
CAPG	nucleoli	GO	P40121
PPFIBP1	plasmamembrane	HPA;GO	Q86W92
WDR81	cytosol	HPA;GO	Q562E7
PGAM4	primarycilium	GO	Q8N0Y7
MAFG	nucleoplasm	GO	O15525
TMEM31	nucleoli	HPA	Q5JXX7
PBX1	cytosol	HPA	P40424
IDNK	cytosol	HPA	Q5T6J7
ASAH1	endoplasmicreticulum	GO	Q13510
PPP1R12A	centrosome	GO	O14974
LASP1	actinfilaments	HPA;GO	Q14847
DHX29	cytosol	HPA;GO	Q7Z478
FBXO10	cytosol	HPA;GO	Q9UK96
PRPS2	nucleoplasm	HPA	P11908
MTFR1	plasmamembrane	GO	Q15390
BRD2	nucleoplasm	HPA;GO	P25440
FKBP15	cytosol	HPA	Q5T1M5
SCAF11	nucleoli	HPA	Q99590
PIK3R3	nucleoplasm	HPA	Q92569
TRMT2B	nucleoplasm	HPA	Q96GJ1
CEP95	microtubules	GO	Q96GE4
DNAL1	nucleoplasm	HPA	Q4LDG9
PAIP1	plasmamembrane	HPA	Q9H074
GPX1	mitochondria	GO	P07203
HORMAD1	nucleoli	HPA	Q86X24
RHO	plasmamembrane	GO	P08100
MRAS	plasmamembrane	GO	O14807
CLTCL1	golgiapparatus	GO	P53675
ULBP3	plasmamembrane	GO	Q9BZM4
GAS2	nucleoli	HPA	O43903
ARHGAP36	plasmamembrane	HPA	Q6ZRI8
CNTNAP5	nucleoplasm	HPA	Q8WYK1
PGGT1B	cytosol	HPA	P53609
ENSG00000144785	nucleoplasm	HPA	
SETD4	nucleoplasm	HPA	Q9NVD3
THNSL1	mitochondria	HPA	Q8IYQ7
AKR1D1	nucleoplasm	HPA	P51857
AATF	nucleoli	HPA	Q9NY61
NOMO1	endoplasmicreticulum	HPA	Q15155
ABRAXAS2	centrosome	GO	Q15018
TFAP2A	nucleoplasm	HPA;GO	P05549
CENPL	cytosol	GO	Q8N0S6
RGS9	plasmamembrane	GO	O75916
RBPJ	nucleoplasm	HPA;GO	Q06330
EEF1A1	cytosol	HPA;GO	P68104
CES2	golgiapparatus	HPA	O00748
CFAP95	primarycilium	GO	Q5VTT2
SAMD13	mitochondria	HPA	Q5VXD3
THAP5	nucleoplasm	HPA;GO	Q7Z6K1
DCBLD2	cytosol	HPA	Q96PD2
SLC35A5	golgiapparatus	HPA;GO	Q9BS91
PDCD6	cytosol	HPA	O75340
LRRC49	centrosome	GO	Q8IUZ0
ZBTB37	nucleoli	HPA	Q5TC79
ACTRT3	nucleoplasm	HPA	Q9BYD9
PRDM5	nucleoplasm	HPA	Q9NQX1
KRT71	cytosol	GO	Q3SY84
TERF1	nucleoplasm	HPA;GO	P54274
ALKBH6	nucleoplasm	HPA	Q3KRA9
SGO1	centrosome	GO	Q5FBB7
CIAO2A	nucleoplasm	HPA	Q9H5X1
STX1B	cytosol	GO	P61266
PSMF1	nucleoplasm	GO	Q92530
LMNB1	nuclearmembrane	HPA;GO	P20700
PTTG1IP	nucleoplasm	HPA	P53801
NOLC1	nucleoli	HPA	Q14978
DYNC2I1	centrosome	HPA;GO	Q8WVS4
CLEC7A	plasmamembrane	GO	Q9BXN2
MMS22L	nucleoplasm	HPA;GO	Q6ZRQ5
EXOSC10	nucleoli	HPA;GO	Q01780
DCAF13	nucleoplasm	HPA;GO	Q9NV06
COMTD1	plasmamembrane	HPA	Q86VU5
SLIT1	plasmamembrane	HPA	O75093
TRPV3	centrosome	HPA	Q8NET8
UBAP2L	nucleoplasm	HPA	Q14157
ADPRM	cytosol	GO	Q3LIE5
ZNF710	mitochondria	HPA	Q8N1W2
DDN	nucleoplasm	HPA	O94850
IPO11	cytosol	HPA	Q9UI26
WDR73	actinfilaments	GO	Q6P4I2
RFFL	golgiapparatus	GO	Q8WZ73
OSCP1	plasmamembrane	HPA;GO	Q8WVF1
TRIM54	plasmamembrane	HPA	Q9BYV2
DZIP1	primarycilium	HPA;GO	Q86YF9
F5	golgiapparatus	HPA	P12259
GAGE13	plasmamembrane	HPA	Q4V321
STEAP3	nucleoli	HPA	Q658P3
SLC2A6	plasmamembrane	GO	Q9UGQ3
DCAF5	nucleoplasm	GO	Q96JK2
CCDC51	nucleoplasm	HPA	Q96ER9
NRP2	nucleoplasm	HPA	O60462
CHEK1	nucleoplasm	HPA;GO	O14757
PRKCZ	cytosol	HPA;GO	Q05513
GNPAT	cytosol	GO	O15228
INF2	nucleoplasm	HPA	Q27J81
PPP1CC	plasmamembrane	GO	P36873
KIRREL2	plasmamembrane	GO	Q6UWL6
MSH3	nucleoplasm	HPA;GO	P20585
TMEM205	nuclearmembrane	HPA	Q6UW68
CAPN7	cytosol	HPA	Q9Y6W3
LPAR5	plasmamembrane	GO	Q9H1C0
CDK4	nuclearmembrane	HPA;GO	P11802
NIT1	cytosol	HPA	Q86X76
TACC3	centrosome	HPA	Q9Y6A5
APOB	plasmamembrane	GO	P04114
MSANTD4	nucleoplasm	HPA	Q8NCY6
RGS12	nucleoplasm	HPA	O14924
SP2	nucleoplasm	HPA	Q02086
SSNA1	cytosol	GO	O43805
ARL14EP	actinfilaments	HPA	Q8N8R7
TGM5	plasmamembrane	GO	O43548
AKR1C1	cytosol	HPA;GO	Q04828
CTCF	nucleoplasm	HPA;GO	P49711
STAP1	nucleoplasm	HPA	Q9ULZ2
MNS1	primarycilium	HPA;GO	Q8NEH6
CHIC1	cytosol	HPA	Q5VXU3
RBM25	nucleoplasm	HPA;GO	P49756
TEPSIN	golgiapparatus	GO	Q96N21
CLEC18B	endoplasmicreticulum	GO	Q6UXF7
SUSD6	plasmamembrane	HPA	Q92537
CTDNEP1	nuclearmembrane	GO	O95476
PRKAB1	cytosol	HPA;GO	Q9Y478
SLC15A1	cytosol	HPA	P46059
CDC123	cytosol	HPA	O75794
DHX36	nucleoplasm	HPA;GO	Q9H2U1
LRRC8D	plasmamembrane	GO	Q7L1W4
PET117	mitochondria	GO	Q6UWS5
NUDT4B	cytosol	HPA	A0A024RBG1
ODF2	primarycilium	HPA;GO	Q5BJF6
TRA2A	nucleoplasm	HPA	Q13595
WAPL	cytosol	GO	Q7Z5K2
B9D2	cytosol	GO	Q9BPU9
FBXL8	golgiapparatus	HPA	Q96CD0
BLOC1S4	cytosol	HPA;GO	Q9NUP1
KRT8	intermediatefilaments	HPA;GO	P05787
KRT25	cytosol	GO	Q7Z3Z0
ZNF134	nucleoplasm	HPA	P52741
ZSCAN2	nucleoplasm	HPA	Q7Z7L9
RCC2	nucleoplasm	GO	Q9P258
HS2ST1	golgiapparatus	GO	Q7LGA3
PIAS4	centrosome	HPA	Q8N2W9
SYT17	nucleoplasm	HPA	Q9BSW7
TRIAP1	nucleoplasm	HPA	O43715
B3GAT1	golgiapparatus	GO	Q9P2W7
YIPF1	golgiapparatus	HPA;GO	Q9Y548
NAP1L3	nucleoplasm	HPA	Q99457
ATP5MGL	mitochondria	HPA	Q7Z4Y8
TMEM50B	plasmamembrane	GO	P56557
PHF14	nucleoplasm	HPA;GO	O94880
ARSJ	actinfilaments	HPA	Q5FYB0
PRR35	nucleoli	HPA	P0CG20
UQCC2	nucleoplasm	HPA	Q9BRT2
AGPAT3	plasmamembrane	GO	Q9NRZ7
ADAMTS14	golgiapparatus	HPA	Q8WXS8
KRT15	cytosol	GO	P19012
TMEM185B	endoplasmicreticulum	HPA	Q9H7F4
KLLN	nucleoplasm	HPA	B2CW77
RMDN2	golgiapparatus	HPA	Q96LZ7
PHF20L1	nucleoplasm	HPA;GO	A8MW92
BCO1	actinfilaments	HPA	Q9HAY6
LCLAT1	endoplasmicreticulum	HPA;GO	Q6UWP7
CGRRF1	nucleoplasm	HPA	Q99675
ETNK1	plasmamembrane	HPA	Q9HBU6
YARS2	mitochondria	HPA;GO	Q9Y2Z4
NEDD4	cytosol	HPA;GO	P46934
SLITRK3	mitochondria	HPA	O94933
DENND4B	cytosol	GO	O75064
TK1	cytosol	GO	P04183
APOBEC3C	intermediatefilaments	HPA	Q9NRW3
ZUP1	nucleoplasm	HPA	Q96AP4
MPND	nucleoli	HPA	Q8N594
DCAF11	nucleoplasm	HPA;GO	Q8TEB1
PCED1B	golgiapparatus	HPA	Q96HM7
PRKCE	plasmamembrane	HPA;GO	Q02156
TM2D3	nucleoplasm	HPA	Q9BRN9
RAP2B	plasmamembrane	GO	P61225
FBXW10	nucleoplasm	HPA	Q5XX13
SPRR2G	cytosol	GO	Q9BYE4
NCBP1	cytosol	HPA;GO	Q09161
TSC2	plasmamembrane	GO	P49815
FAM181A	nucleoplasm	HPA	Q8N9Y4
ADRA1A	nuclearmembrane	GO	P25100
SPRR1B	cytosol	GO	P22528
FAM90A5P	nucleoplasm	HPA	A8MXJ8
TYMS	cytosol	GO	P04818
RIC8B	cytosol	HPA	Q9NVN3
BICD2	centrosome	GO	Q8TD16
ARSL	golgiapparatus	HPA;GO	P51690
ZNF678	nucleoplasm	HPA	Q5SXM1
AKNA	centrosome	HPA	Q7Z591
BNC1	nucleoplasm	HPA	Q01954
COPS2	microtubules	HPA	P61201
CCDC169	nucleoplasm	HPA	A6NNP5
FAM131B	cytosol	HPA;GO	Q86XD5
HLX	nucleoplasm	HPA	Q14774
JARID2	mitochondria	HPA	Q92833
PLCD4	plasmamembrane	HPA	Q9BRC7
C1QBP	cytosol	GO	Q07021
TACR3	plasmamembrane	GO	P29371
CCDC47	endoplasmicreticulum	HPA;GO	Q96A33
ZSWIM9	nucleoplasm	HPA	Q86XI8
EXOC6B	cytosol	HPA	Q9Y2D4
TLNRD1	nucleoplasm	HPA	Q9H1K6
SMYD4	nucleoplasm	HPA	Q8IYR2
TNFAIP2	nucleoplasm	HPA	Q03169
UBE2A	cytosol	HPA;GO	P49459
CUL7	centrosome	GO	Q14999
AURKC	nucleoplasm	GO	Q9UQB9
C17orf50	nucleoplasm	HPA	Q8WW18
PTCHD3	primarycilium	GO	Q3KNS1
VPS26A	cytosol	GO	O75436
BMS1	nucleoplasm	HPA;GO	Q14692
TRAT1	centrosome	HPA	Q6PIZ9
EXOC8	cytosol	HPA;GO	Q8IYI6
FBXW11	nucleoplasm	HPA	Q9UKB1
RNH1	cytosol	HPA	O60930
TMA16	nucleoli	HPA	Q96EY4
TCTN3	primarycilium	GO	Q6NUS6
NSD1	nucleoplasm	HPA;GO	Q96L73
ITCH	plasmamembrane	GO	Q96J02
ST6GAL2	nucleoli	HPA	Q96JF0
USP15	nucleoplasm	HPA	Q9Y4E8
KCNH8	plasmamembrane	HPA;GO	Q96L42
ZNF462	nucleoplasm	HPA	Q96JM2
TTL	microtubules	GO	Q8NG68
LY6K	plasmamembrane	GO	Q17RY6
GIP	endoplasmicreticulum	GO	P09681
RND3	plasmamembrane	GO	P61587
DYRK1A	nucleoplasm	HPA;GO	Q13627
LRCH1	cytosol	HPA	Q9Y2L9
FTCD	plasmamembrane	HPA	O95954
SFTPD	endoplasmicreticulum	GO	P35247
HSPB8	cytosol	HPA	Q9UJY1
H2BC18	nucleoplasm	HPA;GO	Q5QNW6
ARL6IP4	nucleoplasm	HPA	Q66PJ3
GRIP2	cytosol	HPA;GO	Q9C0E4
C4orf46	cytosol	HPA	Q504U0
HELZ2	nucleoplasm	GO	Q9BYK8
MRNIP	plasmamembrane	HPA	Q6NTE8
PFKFB2	nucleoplasm	HPA	O60825
CR1	plasmamembrane	HPA;GO	P17927
RPS18	nucleoplasm	GO	P62269
PRKG1	cytosol	HPA;GO	Q13976
LRRC34	microtubules	HPA	Q8IZ02
ARHGEF5	nucleoplasm	HPA	Q12774
SYAP1	plasmamembrane	GO	Q96A49
WRN	nucleoplasm	HPA;GO	Q14191
NOS1	plasmamembrane	HPA;GO	P29475
DCC	cytosol	GO	P43146
KLHDC8A	nucleoplasm	HPA	Q8IYD2
KCNQ1	cytosol	HPA	P51787
CDX2	cytosol	HPA	Q99626
TTLL6	primarycilium	HPA;GO	Q8N841
EEFSEC	cytosol	HPA	P57772
HINT3	cytosol	HPA	Q9NQE9
SEC24D	cytosol	GO	O94855
LEPR	plasmamembrane	HPA	O15243
RPS4Y1	nucleoplasm	GO	P22090
RHOD	plasmamembrane	GO	O00212
GCH1	cytosol	HPA;GO	P30793
NECAB3	golgiapparatus	HPA;GO	Q96P71
SNX9	plasmamembrane	HPA;GO	Q9Y5X1
ALG14	nucleoli	HPA	Q96F25
IL1R1	cytosol	HPA	P14778
SNF8	cytosol	HPA;GO	Q96H20
ELP2	nucleoplasm	HPA;GO	Q6IA86
TMEM154	nuclearmembrane	HPA	Q6P9G4
RHBDL2	plasmamembrane	GO	Q9NX52
ARHGAP35	microtubules	HPA	Q9NRY4
MXD4	nucleoplasm	GO	Q14582
IFT52	cytosol	HPA	Q9Y366
ANXA9	nucleoplasm	HPA	O76027
SGF29	nucleoplasm	HPA;GO	Q96ES7
TRABD	mitochondria	HPA	Q9H4I3
XYLB	nucleoplasm	HPA	O75191
SPRY2	actinfilaments	HPA	O43597
WDR11	cytosol	HPA	Q8WWQ0
CAT	actinfilaments	GO	P04040
KCNJ8	plasmamembrane	GO	Q15842
ENSG00000285982	nucleoplasm	HPA	
COX5A	mitochondria	GO	P20674
CASK	nucleoplasm	HPA	O14936
MAPK4	golgiapparatus	HPA	P31152
MOB1A	nucleoplasm	HPA	Q9H8S9
RFPL2	nucleoplasm	HPA	O75678
WRAP53	cytosol	HPA	Q9BUR4
ORC1	cytosol	GO	Q13415
BEND4	cytosol	HPA	Q6ZU67
IGFBP5	endoplasmicreticulum	GO	P24593
PAQR7	cytosol	HPA	Q86WK9
MYO3A	actinfilaments	HPA;GO	Q8NEV4
ZNF629	nucleoplasm	HPA	Q9UEG4
SMAD2	nucleoli	HPA	Q15796
MYLK4	golgiapparatus	HPA	Q86YV6
GNAT2	plasmamembrane	GO	P19087
NOP53	nucleoplasm	GO	Q9NZM5
STIM1	endoplasmicreticulum	HPA;GO	Q13586
AFDN	nucleoplasm	HPA	P55196
RB1CC1	cytosol	HPA;GO	Q8TDY2
RBPMS	nucleoplasm	HPA	Q93062
F2	endoplasmicreticulum	GO	P00734
PCGF3	nucleoplasm	HPA	Q3KNV8
SGPL1	endoplasmicreticulum	HPA;GO	O95470
ALOX5AP	nuclearmembrane	GO	P20292
TMEM185A	endoplasmicreticulum	HPA	Q8NFB2
DGKZ	cytosol	GO	Q13574
N4BP3	centrosome	HPA	O15049
TOM1	cytosol	HPA;GO	O60784
FOXD4L4	nucleoplasm	HPA	Q8WXT5
HEBP2	mitochondria	GO	Q9Y5Z4
GPATCH3	nucleoplasm	HPA	Q96I76
OCM2	cytosol	HPA	P0CE71
RTL10	mitochondria	GO	Q7L3V2
WNT4	endoplasmicreticulum	GO	P56705
CPNE6	golgiapparatus	HPA	O95741
PMEL	golgiapparatus	HPA;GO	P40967
SLC26A5	plasmamembrane	GO	P58743
DDC	actinfilaments	HPA	P20711
FERMT1	actinfilaments	GO	Q9BQL6
PIM1	cytosol	HPA;GO	P11309
SQSTM1	nucleoplasm	GO	Q13501
MTOR	cytosol	HPA;GO	P42345
GRM6	endoplasmicreticulum	GO	O15303
NR1H2	nucleoplasm	HPA;GO	P55055
BCCIP	microtubules	GO	Q9P287
ANKRD44	mitochondria	HPA	Q8N8A2
FNBP1L	cytosol	HPA;GO	Q5T0N5
AKNA	nucleoli	HPA	Q7Z591
CFAP54	microtubules	HPA	Q96N23
BDH2	cytosol	HPA;GO	Q9BUT1
TUBA3C	primarycilium	HPA	P0DPH7
ENSA	microtubules	HPA	O43768
SHC3	cytosol	GO	Q92529
AVPI1	plasmamembrane	HPA	Q5T686
PTPN4	cytosol	HPA;GO	P29074
PKD1	primarycilium	GO	P98161
CLTA	cytosol	GO	P09496
HOXA4	nucleoplasm	HPA	Q00056
B4GALNT3	golgiapparatus	HPA	Q6L9W6
DEFA3	golgiapparatus	GO	P59666
ALCAM	plasmamembrane	GO	Q13740
MBTPS1	golgiapparatus	GO	Q14703
SEC13	nucleoplasm	HPA;GO	P55735
C2CD2L	plasmamembrane	HPA;GO	O14523
TARBP2	cytosol	GO	Q15633
SLC25A25	mitochondria	HPA;GO	Q6KCM7
ENSG00000273217	centrosome	HPA	
H2AJ	nucleoplasm	HPA	Q9BTM1
GPATCH1	nucleoplasm	HPA;GO	Q9BRR8
RAPGEFL1	nucleoplasm	HPA	Q9UHV5
TMC3	cytosol	HPA	Q7Z5M5
USP8	golgiapparatus	HPA	P40818
CYP2R1	endoplasmicreticulum	GO	Q6VVX0
KIAA1217	centrosome	GO	Q5T5P2
TLR6	golgiapparatus	GO	Q9Y2C9
PMPCB	mitochondria	HPA;GO	O75439
NDUFB6	mitochondria	HPA;GO	O95139
BIN2	actinfilaments	GO	Q9UBW5
C11orf80	centrosome	HPA	Q8N6T0
ATXN1	nucleoplasm	HPA;GO	P54253
SRCIN1	plasmamembrane	HPA;GO	Q9C0H9
ADGRF3	cytosol	HPA	Q8IZF5
RASGRF1	golgiapparatus	HPA	Q13972
GAS2L1	microtubules	GO	Q99501
ARL4A	nucleoli	GO	P40617
SGK1	cytosol	GO	O00141
POLG2	mitochondria	HPA;GO	Q9UHN1
RALGAPA2	cytosol	HPA	Q2PPJ7
CYRIB	nucleoplasm	HPA	Q9NUQ9
GALNT6	golgiapparatus	HPA;GO	Q8NCL4
ASH2L	nucleoplasm	HPA;GO	Q9UBL3
MIEF2	mitochondria	GO	Q96C03
TSPY4	cytosol	HPA	P0CV99
GNAI3	primarycilium	HPA	P08754
GSX1	golgiapparatus	HPA	Q9H4S2
TMED10	endoplasmicreticulum	GO	P49755
MYBPC2	cytosol	GO	Q14324
LUC7L2	nucleoplasm	HPA	Q9Y383
ACAT1	mitochondria	HPA;GO	P24752
LYPD5	cytosol	HPA	Q6UWN5
ZNF142	nucleoli	HPA	P52746
S1PR5	plasmamembrane	GO	Q9H228
ZBED4	nucleoplasm	HPA	O75132
ENSG00000285188	cytosol	HPA	
AMIGO2	cytosol	HPA	Q86SJ2
NAMPT	nucleoplasm	HPA	P43490
ELOA	nucleoplasm	HPA;GO	Q14241
ELP1	nucleoplasm	HPA	O95163
ACTR5	nucleoplasm	GO	Q9H9F9
CYB5R1	mitochondria	HPA;GO	Q9UHQ9
ITGB1BP2	cytosol	HPA	Q9UKP3
PHACTR4	plasmamembrane	HPA	Q8IZ21
ERCC6L2	mitochondria	GO	Q5T890
TOP1	nucleoli	HPA;GO	P11387
DERA	nucleoplasm	HPA	Q9Y315
FAM9B	nucleoplasm	GO	Q8IZU0
SCNN1D	plasmamembrane	HPA;GO	P51172
TMEM30A	plasmamembrane	GO	Q9NV96
ZSCAN31	cytosol	HPA	Q96LW9
AGL	nucleoplasm	HPA	P35573
PARP11	cytosol	HPA	Q9NR21
CLTCL1	microtubules	GO	P53675
ECH1	cytosol	GO	Q13011
HSPA1B	cytosol	HPA;GO	P0DMV9
TMEM217	cytosol	HPA	Q8N7C4
BTNL2	plasmamembrane	GO	Q9UIR0
RAB1A	endoplasmicreticulum	HPA;GO	P62820
CAMSAP3	microtubules	GO	Q9P1Y5
DEK	nucleoplasm	HPA;GO	P35659
PSMC5	plasmamembrane	HPA	P62195
PHF21B	nucleoplasm	HPA	Q96EK2
KCNC1	nuclearmembrane	HPA	P48547
SMC1B	cytosol	HPA	Q8NDV3
GNRHR2	plasmamembrane	GO	Q96P88
CLCN2	plasmamembrane	GO	P51788
CAMTA1	cytosol	HPA	Q9Y6Y1
DDX4	plasmamembrane	HPA	Q9NQI0
CFAP45	microtubules	GO	Q9UL16
AFTPH	cytosol	HPA;GO	Q6ULP2
CFL1	plasmamembrane	HPA;GO	P23528
BCL7B	nucleoplasm	HPA;GO	Q9BQE9
SOD1	nucleoplasm	HPA	P00441
LILRA1	plasmamembrane	GO	O75019
NDUFA11	mitochondria	HPA;GO	Q86Y39
RPH3A	plasmamembrane	GO	Q9Y2J0
SYT4	plasmamembrane	HPA	Q9H2B2
LPP	plasmamembrane	HPA;GO	Q93052
TMEM35B	nucleoplasm	HPA	Q8NCS4
ENAH	actinfilaments	HPA;GO	Q8N8S7
SDR39U1	cytosol	HPA	Q9NRG7
ZNF571	nucleoli	HPA	Q7Z3V5
NEPRO	nucleoli	HPA	Q6NW34
TRMT13	cytosol	HPA	Q9NUP7
P2RX7	plasmamembrane	GO	Q99572
OR8U8	plasmamembrane	GO	P0C7N1
IP6K2	nucleoli	HPA	Q9UHH9
RANBP17	cytosol	HPA	Q9H2T7
CCDC97	cytosol	HPA	Q96F63
SSU72	nucleoplasm	HPA	Q9NP77
SLC6A4	plasmamembrane	GO	P31645
RBFOX1	nucleoli	HPA	Q9NWB1
CWF19L2	nucleoplasm	HPA;GO	Q2TBE0
FER	plasmamembrane	GO	P16591
TLE1	nucleoplasm	HPA;GO	Q04724
VTA1	cytosol	HPA;GO	Q9NP79
RBM23	intermediatefilaments	HPA	Q86U06
EFHB	microtubules	GO	Q8N7U6
CCNB2	centrosome	GO	O95067
CACTIN	nucleoplasm	HPA;GO	Q8WUQ7
MIGA1	plasmamembrane	GO	Q8NAN2
BSG	actinfilaments	GO	P35613
RNF157	golgiapparatus	HPA	Q96PX1
RASGEF1A	golgiapparatus	HPA	Q8N9B8
DUSP2	nucleoplasm	HPA	Q05923
CYP2D6	golgiapparatus	HPA	P10635
BCAS3	nucleoplasm	GO	Q9H6U6
URB1	nucleoli	HPA;GO	O60287
GYPA	nucleoplasm	HPA	P02724
CPT1C	endoplasmicreticulum	GO	Q8TCG5
ZNG1B	plasmamembrane	HPA	Q8IUF1
NAA11	primarycilium	HPA	Q9BSU3
ST6GALNAC6	golgiapparatus	GO	Q969X2
TXLNA	cytosol	HPA;GO	P40222
RAB9B	plasmamembrane	GO	Q9NP90
SRM	cytosol	HPA;GO	P19623
PLCB3	cytosol	GO	Q01970
KMT5B	cytosol	HPA	Q4FZB7
FANCM	cytosol	GO	Q8IYD8
PSME3IP1	nucleoplasm	HPA	Q9GZU8
HS6ST2	plasmamembrane	HPA	Q96MM7
TREML1	cytosol	HPA	Q86YW5
NEK11	nucleoplasm	HPA	Q8NG66
CLNS1A	microtubules	HPA	P54105
PELP1	nucleoli	HPA	Q8IZL8
BACH2	nucleoplasm	HPA	Q9BYV9
PHF1	nucleoplasm	HPA;GO	O43189
MYDGF	golgiapparatus	GO	Q969H8
CLEC14A	endoplasmicreticulum	HPA	Q86T13
KLHL14	actinfilaments	HPA	Q9P2G3
DNAJB9	endoplasmicreticulum	HPA;GO	Q9UBS3
E2F5	nucleoplasm	HPA;GO	Q15329
LTC4S	nucleoplasm	HPA	Q16873
LRRC32	nucleoplasm	HPA	Q14392
ZNF778	nucleoplasm	HPA	Q96MU6
CD200R1	plasmamembrane	HPA;GO	Q8TD46
ZNF532	nucleoplasm	HPA	Q9HCE3
TNNT3	actinfilaments	GO	P45378
ELK4	nucleoplasm	HPA	P28324
BMPR1B	plasmamembrane	GO	O00238
BRPF3	nucleoplasm	HPA;GO	Q9ULD4
PCDHA12	plasmamembrane	HPA	Q9UN75
DCHS2	plasmamembrane	HPA	Q6V1P9
FEM1C	nucleoplasm	HPA	Q96JP0
BBS7	cytosol	GO	Q8IWZ6
ALDH9A1	cytosol	HPA;GO	P49189
MLANA	golgiapparatus	GO	Q16655
MDGA1	plasmamembrane	HPA;GO	Q8NFP4
FAM135B	nuclearmembrane	HPA	Q49AJ0
TASL	nucleoplasm	HPA	Q9HAI6
FAM124A	nucleoplasm	HPA	Q86V42
SV2C	nucleoplasm	HPA	Q496J9
TUBB8B	primarycilium	HPA	A6NNZ2
ZNF557	intermediatefilaments	HPA	Q8N988
CD48	nucleoli	HPA	P09326
DHX30	mitochondria	HPA;GO	Q7L2E3
EFTUD2	cytosol	HPA	Q15029
TJP3	plasmamembrane	HPA;GO	O95049
SGSM3	golgiapparatus	HPA	Q96HU1
TBX10	cytosol	HPA	O75333
HTR1B	plasmamembrane	HPA;GO	P28222
DDX50	nucleoli	HPA	Q9BQ39
RBPMS2	cytosol	GO	Q6ZRY4
SIGLEC6	cytosol	HPA	O43699
HPS1	cytosol	GO	Q92902
ARPC2	cytosol	GO	O15144
GVQW3	centrosome	HPA	Q3ZCU0
ZNF333	cytosol	HPA	Q96JL9
H2AC7	nucleoplasm	HPA	P20671
TRIM38	cytosol	GO	O00635
ADAMTSL5	golgiapparatus	HPA	Q6ZMM2
DNAL4	centrosome	HPA	O96015
PPIH	nucleoplasm	GO	O43447
CDK2	cytosol	GO	P24941
SIRT7	nucleoli	GO	Q9NRC8
SPSB3	cytosol	GO	Q6PJ21
CDR2	nucleoplasm	HPA	Q01850
APOO	cytosol	HPA	Q9BUR5
NPHS2	plasmamembrane	GO	Q9NP85
CYLD	cytosol	GO	Q9NQC7
PRRG2	plasmamembrane	GO	O14669
COL18A1	golgiapparatus	HPA	P39060
GEMIN7	cytosol	HPA;GO	Q9H840
CD247	plasmamembrane	GO	P20963
TRIM34	centrosome	HPA	Q9BYJ4
MARK2	nucleoplasm	HPA	Q7KZI7
MS4A12	golgiapparatus	HPA	Q9NXJ0
SERPINB7	endoplasmicreticulum	HPA	O75635
SRSF2	nucleoplasm	HPA;GO	Q01130
MTARC1	mitochondria	HPA;GO	Q5VT66
MICA	plasmamembrane	GO	Q29983
MFAP3L	nucleoplasm	HPA	O75121
UBP1	nucleoplasm	HPA	Q9NZI7
SCN8A	plasmamembrane	HPA;GO	Q9UQD0
RMDN2	microtubules	HPA;GO	Q96LZ7
MDM2	cytosol	HPA;GO	Q00987
CHST7	nucleoplasm	HPA	Q9NS84
C7orf57	primarycilium	HPA	Q8NEG2
XPNPEP2	cytosol	HPA	O43895
ZG16B	nucleoplasm	HPA	Q96DA0
MMP14	cytosol	HPA	P50281
PLEKHM3	cytosol	HPA	Q6ZWE6
CDHR1	golgiapparatus	HPA	Q96JP9
KMT2D	plasmamembrane	HPA	O14686
MOCOS	mitochondria	HPA	Q96EN8
NAA35	cytosol	HPA	Q5VZE5
ELMOD1	nucleoplasm	HPA	Q8N336
ARHGAP24	cytosol	HPA	Q8N264
TNFSF15	nuclearmembrane	HPA	O95150
GFOD1	nucleoplasm	HPA	Q9NXC2
RNF114	plasmamembrane	HPA	Q9Y508
ACTR10	actinfilaments	HPA	Q9NZ32
HIF1AN	cytosol	HPA;GO	Q9NWT6
HJURP	nucleoplasm	GO	Q8NCD3
UBL3	centrosome	HPA	O95164
PAXBP1	nucleoplasm	HPA	Q9Y5B6
SAE1	cytosol	HPA	Q9UBE0
HACD3	actinfilaments	GO	Q9P035
GADD45B	nucleoli	HPA	O75293
CEP41	cytosol	GO	Q9BYV8
GDA	nucleoplasm	HPA	P16260
CAMSAP2	centrosome	GO	Q08AD1
TREM1	plasmamembrane	GO	Q9NP99
LFNG	nuclearmembrane	HPA	Q8NES3
JPT2	cytosol	HPA;GO	Q9H910
SPATA12	cytosol	HPA	Q7Z6I5
SLC35C2	golgiapparatus	HPA	Q9NQQ7
MMRN1	endoplasmicreticulum	HPA	Q13201
RAB26	golgiapparatus	GO	Q9ULW5
OPN4	primarycilium	GO	Q9UHM6
FIRRM	microtubules	GO	Q9NSG2
EIF3L	nucleoli	HPA	Q9Y262
HDAC8	nucleoplasm	GO	Q9BY41
H2AC1	nucleoplasm	HPA;GO	Q96QV6
MSLN	endoplasmicreticulum	GO	Q13421
LCP2	cytosol	HPA;GO	Q13094
SPTAN1	microtubules	HPA	Q13813
PIGV	endoplasmicreticulum	HPA;GO	Q9NUD9
OAS1	nucleoplasm	HPA	P00973
ZSCAN9	nucleoplasm	HPA	O15535
RPGR	centrosome	GO	Q92834
CLUAP1	actinfilaments	HPA	Q96AJ1
ADCY10	microtubules	GO	Q96PN6
MUC5B	golgiapparatus	GO	Q9HC84
RRP1	nucleoli	HPA;GO	P05386
KDM1A	nucleoplasm	HPA;GO	O60341
RPS6KB2	cytosol	HPA	Q9UBS0
RNF151	cytosol	HPA	Q2KHN1
DBT	mitochondria	HPA;GO	P11182
R3HDM1	cytosol	HPA	Q15032
DHRS12	nucleoplasm	HPA	A0PJE2
ETV3	nucleoli	HPA	P41162
MYO7A	plasmamembrane	GO	Q13402
DENND6B	plasmamembrane	HPA	Q8NEG7
H3C2	nucleoplasm	HPA	P68431
SOGA3	nucleoplasm	HPA	Q5TF21
KCNG1	plasmamembrane	GO	Q9UIX4
SMAD3	nucleoplasm	HPA;GO	P84022
SCARB2	actinfilaments	GO	Q14108
SGCB	cytosol	HPA	Q16585
KDR	nuclearmembrane	HPA	P35968
ACAD10	mitochondria	GO	Q6JQN1
POLG	mitochondria	HPA;GO	P54098
RSL24D1	nucleoplasm	HPA	Q9UHA3
FAM90A22	nucleoplasm	HPA	A8MWA6
TFIP11	nucleoli	GO	Q9UBB9
TLR5	cytosol	HPA	O60602
ADAM30	plasmamembrane	GO	Q9UKF2
SET	endoplasmicreticulum	GO	Q01105
TMF1	cytosol	GO	P82094
MOSPD3	cytosol	HPA	O75425
VSX1	nucleoli	HPA	Q9NZR4
TBC1D22A	golgiapparatus	HPA	Q8WUA7
SLC9A5	actinfilaments	GO	Q14940
RHBG	nucleoplasm	HPA	Q9H310
MAPK15	cytosol	HPA	Q8TD08
PDE4D	plasmamembrane	HPA	Q08499
PPRC1	nucleoplasm	HPA;GO	Q5VV67
IL17RC	plasmamembrane	GO	Q8NAC3
RCAN2	microtubules	HPA	Q14206
HNRNPCL2	nucleoplasm	HPA	B2RXH8
EPS15L1	cytosol	GO	Q9UBC2
GSS	nucleoplasm	HPA	P48637
ICMT	endoplasmicreticulum	GO	O60725
LRFN1	plasmamembrane	GO	Q9P244
PBK	cytosol	HPA	Q96KB5
TIA1	cytosol	HPA;GO	P31483
DNAL4	nucleoli	HPA	O96015
ABCB6	plasmamembrane	HPA;GO	Q9NP58
APEX2	nucleoli	HPA	Q9UBZ4
GABARAP	cytosol	GO	O95166
RHOXF2B	plasmamembrane	HPA	P0C7M4
IL17RA	nucleoplasm	HPA	Q96F46
CD209	plasmamembrane	GO	Q9NNX6
APOH	golgiapparatus	HPA	P02749
ADD2	plasmamembrane	HPA	P35612
TEKT4	primarycilium	GO	Q8WW24
ENSG00000285625	cytosol	HPA	
MTMR9	cytosol	GO	Q96QG7
PIH1D2	cytosol	HPA	Q8WWB5
RUVBL1	primarycilium	HPA	Q9Y265
TMEM70	mitochondria	HPA;GO	Q9BUB7
VPS13A	endoplasmicreticulum	GO	Q96RL7
WDR6	plasmamembrane	HPA	Q9NNW5
FBXO46	cytosol	HPA	Q6PJ61
KCNJ10	plasmamembrane	GO	P78508
VPS13C	mitochondria	GO	Q709C8
RUNX3	nucleoplasm	HPA;GO	Q13761
ARRB2	cytosol	HPA;GO	P32121
GAS7	plasmamembrane	HPA	O60861
MALSU1	mitochondria	HPA;GO	Q96EH3
MAPK4	microtubules	HPA	P31152
RAD51AP2	cytosol	HPA	Q09MP3
STAG2	nucleoli	HPA	Q8N3U4
ADCY4	plasmamembrane	HPA;GO	Q8NFM4
CBR1	cytosol	HPA;GO	P16152
CRIPT	nucleoli	HPA	Q9P021
NDRG1	microtubules	HPA;GO	Q92597
TMEM120B	nucleoli	HPA	A0PK00
GDAP1	mitochondria	HPA;GO	Q8TB36
RPS7	plasmamembrane	GO	P62081
ZCCHC10	nucleoli	HPA	Q8TBK6
GOLGA6B	nucleoplasm	HPA	A6NDN3
KRT20	cytosol	HPA;GO	P35900
CCDC121	actinfilaments	HPA	Q6ZUS5
DNAJB13	primarycilium	HPA;GO	P59910
RPL41	endoplasmicreticulum	HPA	P62945
PPP2R5A	cytosol	HPA;GO	Q15172
PA2G4	cytosol	HPA	Q9UQ80
DECR2	microtubules	HPA	Q9NUI1
RPS6KB1	mitochondria	GO	P23443
TCEAL2	nucleoplasm	HPA	Q9H3H9
OLFM4	cytosol	HPA	Q6UX06
CLDN9	plasmamembrane	HPA;GO	O95484
MAP2K2	golgiapparatus	GO	P36507
REV1	nucleoli	HPA	Q9UBZ9
MMUT	mitochondria	HPA;GO	P22033
NGF	golgiapparatus	GO	P01138
SLC39A10	plasmamembrane	HPA;GO	Q9ULF5
STIL	microtubules	GO	Q15468
KIF2C	cytosol	GO	Q99661
CXorf58	nucleoplasm	HPA	Q96LI9
EFNB2	nucleoplasm	HPA	P52799
PILRB	mitochondria	HPA	Q9UKJ0
MRE11	cytosol	GO	P49959
RSC1A1	nucleoplasm	HPA	Q92681
CORO1A	cytosol	HPA;GO	P31146
COL5A3	endoplasmicreticulum	GO	P25940
SLC14A1	plasmamembrane	HPA;GO	Q13336
KRTAP10-5	cytosol	GO	P60370
BCAR3	centrosome	HPA	O75815
TUBB2A	microtubules	HPA;GO	Q13885
LILRA6	cytosol	HPA	Q6PI73
RGCC	cytosol	GO	Q9H4X1
PAK4	cytosol	GO	O96013
TRAPPC12	cytosol	GO	Q8WVT3
DNAH17	primarycilium	GO	Q9UFH2
PADI2	nucleoplasm	GO	Q9Y2J8
TRAC	plasmamembrane	GO	P01848
STRN	plasmamembrane	GO	O43815
XKR9	mitochondria	HPA	Q5GH70
QKI	cytosol	GO	Q96PU8
EHF	golgiapparatus	HPA	Q9NZC4
SGIP1	mitochondria	HPA	Q9BQI5
ANKRD65	primarycilium	HPA	E5RJM6
TAOK2	nucleoplasm	HPA	Q9UL54
POFUT1	endoplasmicreticulum	GO	Q9H488
FMO5	endoplasmicreticulum	HPA	P49326
HS6ST3	nuclearmembrane	HPA	Q8IZP7
XAF1	nucleoplasm	HPA	Q6GPH4
MAPRE1	microtubules	GO	Q15691
MAPKAP1	nucleoplasm	HPA	Q9BPZ7
IKZF1	nucleoplasm	HPA;GO	Q13422
CCNT2	cytosol	HPA	O60583
LRP1	actinfilaments	GO	Q07954
AP5B1	golgiapparatus	HPA	Q2VPB7
PPP1R3B	cytosol	HPA	Q86XI6
LACTB2	cytosol	HPA	Q53H82
NNMT	cytosol	HPA;GO	P40261
PFKFB4	nucleoli	HPA	Q16877
ACTA1	cytosol	GO	P68133
KRT39	cytosol	GO	Q6A163
SLC39A4	plasmamembrane	GO	Q6P5W5
DUSP21	centrosome	HPA	Q9H596
C5orf24	nucleoplasm	HPA	Q7Z6I8
RPL24	cytosol	HPA;GO	P83731
SMO	primarycilium	GO	Q99835
GBA2	plasmamembrane	GO	Q9HCG7
MTNR1A	plasmamembrane	GO	P48039
MDN1	nucleoli	HPA	Q9NU22
DYRK2	nucleoplasm	HPA;GO	Q92630
ARHGAP6	microtubules	HPA	O43182
WDR77	nucleoplasm	HPA;GO	Q9BQA1
PI4K2A	cytosol	GO	Q9BTU6
TLCD1	plasmamembrane	GO	Q96CP7
RPLP1	plasmamembrane	GO	P05386
POLL	nucleoplasm	HPA;GO	Q9UGP5
PRKDC	nucleoli	GO	P78527
KRT74	cytosol	HPA;GO	Q7RTS7
GATC	mitochondria	GO	O43716
TOR1AIP2	endoplasmicreticulum	HPA;GO	Q8NFQ8
ATG5	cytosol	GO	Q9H1Y0
NKAP	cytosol	HPA	Q8N5F7
EGR2	nucleoplasm	HPA;GO	P11161
MYO1E	nucleoplasm	HPA	Q12965
STX1B	centrosome	GO	P61266
PICALM	cytosol	GO	Q13492
NIBAN2	nucleoplasm	HPA	Q96TA1
OTUD7A	nucleoli	HPA	Q8TE49
SLC25A48	actinfilaments	HPA	Q6ZT89
CYB5R2	endoplasmicreticulum	GO	Q6BCY4
ZFP28	nucleoplasm	HPA	Q8NHY6
CCDC6	cytosol	HPA	Q16204
ATG9A	golgiapparatus	GO	Q7Z3C6
EIF5AL1	cytosol	HPA	Q6IS14
SLC22A7	plasmamembrane	GO	Q9Y694
MARCKS	primarycilium	HPA	P29966
P3H1	endoplasmicreticulum	GO	Q32P28
RNF14	cytosol	HPA;GO	Q9UBS8
INTS8	nucleoplasm	HPA;GO	Q75QN2
RBP1	cytosol	HPA;GO	O95153
SLCO1C1	plasmamembrane	GO	Q9NYB5
PCDHB16	plasmamembrane	HPA	Q9NRJ7
ITGA8	actinfilaments	GO	P53708
SLC38A3	plasmamembrane	GO	Q99624
ELAVL1	nucleoplasm	HPA;GO	Q15717
SMC2	cytosol	GO	O95347
UBA52	endoplasmicreticulum	HPA;GO	P62987
HSP90AA1	cytosol	HPA;GO	P07900
ANKS3	nucleoplasm	HPA	Q6ZW76
RALA	mitochondria	GO	P11233
TRPM2	plasmamembrane	GO	O94759
SLC45A4	plasmamembrane	HPA	Q5BKX6
GMPPA	cytosol	GO	Q96IJ6
CYB5D1	golgiapparatus	HPA	Q6P9G0
MLF1	nucleoplasm	HPA	P58340
FABP9	cytosol	GO	Q0Z7S8
AGAP2	nucleoplasm	HPA	Q99490
DPEP1	plasmamembrane	HPA;GO	P16444
CNRIP1	plasmamembrane	GO	Q96F85
NCOA1	cytosol	HPA	Q15788
CAPN7	centrosome	HPA	Q9Y6W3
TCF4	cytosol	HPA	P15884
ACOT9	mitochondria	GO	Q9Y305
NR4A1	nuclearmembrane	HPA	P22736
TUBB4B	primarycilium	HPA;GO	P68371
AP1M1	golgiapparatus	GO	Q9BXS5
EIF2B2	cytosol	GO	P49770
ZSWIM8	cytosol	HPA	A7E2V4
DPCD	primarycilium	HPA	Q9BVM2
ACE2	plasmamembrane	GO	Q9BYF1
NTNG1	plasmamembrane	HPA;GO	Q9Y2I2
CYB5R3	mitochondria	GO	P00387
ETS2	nucleoplasm	HPA;GO	P15036
H2BC8	nucleoplasm	HPA	P62807
CD300C	plasmamembrane	GO	Q08708
INO80	cytosol	HPA	Q9ULG1
HSD3B2	endoplasmicreticulum	HPA;GO	P26439
BIRC5	cytosol	GO	O15392
PDE6A	plasmamembrane	GO	P16499
HIPK2	cytosol	GO	Q9H2X6
EARS2	nucleoplasm	HPA	Q5JPH6
COL9A3	endoplasmicreticulum	GO	Q14050
MST1R	plasmamembrane	GO	Q04912
ARID5B	endoplasmicreticulum	HPA	Q14865
EXOSC3	cytosol	GO	Q9NQT5
TRAPPC11	cytosol	GO	Q7Z392
CDK6	nucleoplasm	HPA;GO	Q00534
ADAM9	endoplasmicreticulum	HPA	Q13443
MYL12A	cytosol	GO	P19105
STYXL1	mitochondria	GO	Q9Y6J8
UNC13C	cytosol	HPA	Q8NB66
GREB1	mitochondria	HPA	Q4ZG55
GRAMD4	mitochondria	GO	Q6IC98
HSCB	cytosol	HPA	Q8IWL3
ACYP1	cytosol	HPA	P07311
FABP1	cytosol	HPA;GO	P07148
MIF	cytosol	HPA	P03971
RNF19B	cytosol	HPA;GO	Q6ZMZ0
CAP1	plasmamembrane	GO	Q01518
CCT2	cytosol	HPA;GO	P78371
CHMP1A	nucleoplasm	HPA;GO	Q9HD42
LNPK	endoplasmicreticulum	HPA;GO	Q9C0E8
B9D2	centrosome	GO	Q9BPU9
CDC42EP2	plasmamembrane	GO	O14613
MYL7	cytosol	GO	Q01449
RBM42	cytosol	HPA	Q9BTD8
SPDEF	nucleoplasm	HPA	O95238
IBSP	cytosol	HPA	P21815
RSPH3	cytosol	HPA	Q86UC2
FKBP15	nucleoli	HPA	Q5T1M5
TAS2R31	plasmamembrane	GO	P59538
ORAI2	plasmamembrane	GO	Q96SN7
PCBP2	nucleoplasm	HPA;GO	Q15366
LGR5	golgiapparatus	GO	O75473
ERC1	centrosome	HPA;GO	Q8IUD2
CYBA	endoplasmicreticulum	GO	P13498
TESK2	nucleoplasm	HPA	Q96S53
RPL6	cytosol	GO	Q02878
ZBTB12	nucleoplasm	HPA	Q9Y330
ALDH6A1	mitochondria	HPA;GO	Q02252
GABARAPL1	cytosol	GO	Q9H0R8
PMAIP1	mitochondria	GO	Q13794
YME1L1	mitochondria	HPA;GO	Q96TA2
MARK3	cytosol	GO	P27448
COPG2	golgiapparatus	GO	Q9UBF2
KIF23	plasmamembrane	GO	Q02241
SMOX	nucleoplasm	HPA	Q9NWM0
LDLRAP1	plasmamembrane	GO	Q5SW96
EFHC1	centrosome	GO	Q5JVL4
DUSP21	nucleoli	HPA	Q9H596
UGP2	nucleoplasm	HPA	Q16851
CALML5	plasmamembrane	HPA	Q9NZT1
CT45A9	nucleoplasm	HPA	P0DMV2
LEMD1	plasmamembrane	HPA	Q68G75
LSM8	nucleoplasm	HPA;GO	O95777
TCFL5	nucleoplasm	HPA	Q9UL49
CCRL2	plasmamembrane	GO	O00421
METRN	cytosol	HPA	Q9UJH8
PLBD1	cytosol	GO	Q6P4A8
VTI1A	golgiapparatus	HPA;GO	Q96AJ9
CKS2	nucleoplasm	HPA	P33552
KLF11	cytosol	HPA	O14901
TNFRSF25	actinfilaments	HPA	Q93038
GNA15	plasmamembrane	GO	P30679
SETD5	nucleoplasm	HPA	Q9C0A6
ADCY8	plasmamembrane	HPA;GO	P40145
DTX3L	nucleoplasm	HPA	Q8TDB6
NOPCHAP1	nucleoplasm	HPA	Q8N5I9
RPUSD3	nucleoplasm	HPA	Q6P087
MKS1	centrosome	GO	Q9NXB0
IGLV2-23	plasmamembrane	GO	P01705
GUK1	plasmamembrane	HPA	Q16774
JAK1	plasmamembrane	GO	P23458
EN1	nucleoplasm	HPA	Q05925
TP53TG3D	centrosome	HPA	Q9ULZ0
IQGAP3	cytosol	GO	Q86VI3
SSTR5	plasmamembrane	HPA;GO	P35346
TUBA4A	microtubules	HPA;GO	P68366
ELAC2	nucleoplasm	HPA;GO	Q9BQ52
DCLRE1A	nucleoli	HPA	Q6PJP8
PRR9	nucleoplasm	HPA	Q5T870
PREX2	endoplasmicreticulum	HPA	Q70Z35
KANSL1L	cytosol	HPA	A0AUZ9
ATR	nucleoplasm	HPA;GO	P20848
PDE9A	cytosol	HPA;GO	O76083
BNIP3	mitochondria	GO	Q12983
MTSS1	actinfilaments	GO	O43312
GFUS	cytosol	HPA;GO	Q13630
TTF1	nucleoli	HPA	P43699
URI1	nucleoplasm	HPA	O94763
PAGE1	nucleoli	HPA	O75459
TMEM74B	nucleoplasm	HPA	Q9NUR3
DPF2	nucleoplasm	HPA;GO	Q92785
MAP3K12	plasmamembrane	HPA	Q12852
GZMB	plasmamembrane	GO	P10144
CNTNAP2	plasmamembrane	GO	Q9UHC6
TUBGCP3	microtubules	GO	Q96CW5
A1CF	nucleoplasm	HPA;GO	Q9NQ94
RPUSD1	golgiapparatus	HPA	Q9UJJ7
UBALD1	nucleoplasm	HPA	Q8TB05
DUSP7	cytosol	GO	Q16829
FZR1	nuclearmembrane	HPA	Q9UM11
ELMOD2	nucleoplasm	HPA	Q8IZ81
MPDZ	primarycilium	HPA	O75970
CCDC9B	cytosol	HPA	Q6ZUT6
GOLGA3	nucleoplasm	HPA	Q08378
FXYD1	plasmamembrane	GO	O00168
UAP1L1	cytosol	HPA	Q3KQV9
TST	mitochondria	HPA;GO	Q16762
RRAGD	nucleoplasm	HPA	Q9NQL2
XPOT	cytosol	HPA;GO	O43592
MYO6	cytosol	GO	Q9UM54
PLEKHG4B	cytosol	GO	Q96PX9
HECA	cytosol	HPA	Q9UBI9
SLC5A9	actinfilaments	HPA	Q2M3M2
PARVB	plasmamembrane	HPA;GO	Q9HBI1
ENSG00000251537	cytosol	HPA	
MACROH2A1	nucleoli	GO	O75367
HTR3E	plasmamembrane	GO	A5X5Y0
SCARF2	actinfilaments	GO	Q96GP6
ASAH2	plasmamembrane	GO	Q9NR71
DIAPH3	plasmamembrane	HPA	Q9NSV4
DNAJA2	cytosol	HPA;GO	O60884
FEN1	mitochondria	GO	P39748
TIAM1	plasmamembrane	HPA;GO	Q13009
CP	endoplasmicreticulum	GO	P00450
GOLGA4	nucleoplasm	HPA	Q13439
CNIH3	endoplasmicreticulum	GO	Q8TBE1
ABHD3	plasmamembrane	HPA;GO	Q8WU67
SGSM1	cytosol	GO	Q2NKQ1
FBXL22	cytosol	GO	Q6P050
CDKL2	centrosome	HPA	Q92772
CAMK2N1	cytosol	HPA	Q7Z7J9
SIRPB2	nucleoplasm	HPA	Q5JXA9
TMEM216	primarycilium	GO	Q9P0N5
ASB11	endoplasmicreticulum	GO	Q8WXH4
PICK1	cytosol	HPA	Q9NRD5
GNB4	golgiapparatus	HPA	Q9HAV0
DNAJC13	plasmamembrane	GO	O75165
LCE3D	cytosol	GO	Q9BYE3
IFT46	primarycilium	HPA;GO	Q9NQC8
PPP1R16B	nucleoplasm	HPA	Q96T49
ZMYND11	nucleoplasm	HPA	Q15326
GJB1	endoplasmicreticulum	GO	P08034
MON1A	cytosol	HPA;GO	Q86VX9
NEK7	nucleoplasm	HPA	Q8TDX7
ARL8A	plasmamembrane	GO	Q96BM9
HENMT1	plasmamembrane	HPA	Q5T8I9
FYB1	cytosol	GO	O15117
PGBD4	nucleoplasm	HPA	Q96DM1
COPB2	golgiapparatus	HPA;GO	P35606
FAM217B	nucleoplasm	HPA	Q9NTX9
AFAP1	plasmamembrane	GO	Q8N556
ARHGEF6	cytosol	HPA;GO	Q15052
KLHL7	plasmamembrane	HPA	Q8IXQ5
GOT2	mitochondria	GO	P00505
C1orf198	cytosol	HPA	Q9H425
ARHGAP27	cytosol	HPA;GO	Q6ZUM4
EXOG	mitochondria	HPA;GO	Q9Y2C4
TECPR2	centrosome	HPA	O15040
ZFYVE1	golgiapparatus	GO	Q9HBF4
NUDT18	golgiapparatus	HPA	Q6ZVK8
RHBDL1	nucleoplasm	HPA	O75783
CTHRC1	nucleoplasm	HPA	Q96CG8
SETD2	nucleoplasm	HPA;GO	Q9BYW2
CT45A8	nucleoli	HPA	P0DMV1
PIP4K2C	plasmamembrane	HPA	Q8TBX8
GALNT13	golgiapparatus	GO	Q8IUC8
SLC9A8	golgiapparatus	GO	Q9Y2E8
MBD4	nucleoplasm	HPA;GO	O95243
COPS7B	cytosol	GO	Q9H9Q2
TENM3	plasmamembrane	HPA	Q9P273
AP3B1	nucleoplasm	HPA	O00203
DACT1	cytosol	GO	Q9NYF0
CAPS2	nucleoplasm	HPA	Q86UW7
MAPK14	nucleoplasm	HPA;GO	Q16539
GAD1	cytosol	HPA	Q99259
ZNF544	nucleoplasm	HPA	Q6NX49
CR2	plasmamembrane	GO	P20023
IKBKG	cytosol	HPA;GO	Q9Y6K9
SHC1	cytosol	HPA;GO	P29353
RSBN1L	plasmamembrane	HPA	Q6PCB5
PIGU	plasmamembrane	GO	Q9H490
DVL2	nucleoplasm	HPA	O14641
MOBP	cytosol	HPA	Q13875
OR7G2	plasmamembrane	GO	Q8NG99
VPS13B	golgiapparatus	GO	Q7Z7G8
DCLRE1C	nucleoplasm	HPA;GO	Q96SD1
GALNT18	golgiapparatus	HPA	Q6P9A2
CAMKMT	cytosol	GO	Q7Z624
PCOLCE2	nucleoplasm	HPA	Q9UKZ9
IER3IP1	endoplasmicreticulum	HPA;GO	Q9Y5U9
SSC5D	cytosol	HPA	A1L4H1
CALCOCO2	cytosol	HPA	Q13137
GRIK2	plasmamembrane	GO	Q13002
RAD51AP1	nucleoplasm	HPA;GO	Q96B01
CATIP	actinfilaments	GO	Q7Z7H3
ADAM2	plasmamembrane	GO	Q99965
FBXO7	cytosol	HPA;GO	Q9Y3I1
PTH2R	plasmamembrane	GO	P49190
WDR88	golgiapparatus	HPA	Q6ZMY6
LILRB4	plasmamembrane	GO	Q8NHJ6
DVL3	golgiapparatus	HPA	Q92997
TRAF3IP3	mitochondria	GO	Q9Y228
GAGE12J	golgiapparatus	HPA	A6NER3
CFAP410	mitochondria	GO	O43822
TBCC	cytosol	HPA	Q15814
ZFP90	plasmamembrane	HPA	Q8TF47
ENOX1	plasmamembrane	HPA	Q8TC92
AKR1C4	nucleoplasm	HPA	P17516
GNAL	cytosol	HPA	P38405
PARP6	plasmamembrane	HPA	Q2NL67
KRT82	intermediatefilaments	GO	Q9NSB4
GAPDH	plasmamembrane	HPA	P04406
MOAP1	cytosol	GO	Q96BY2
LRCH1	nucleoli	HPA	Q9Y2L9
KIF4B	cytosol	GO	Q2VIQ3
GOLPH3	cytosol	GO	Q9H4A6
F7	plasmamembrane	GO	P08709
HPS5	cytosol	HPA	Q9UPZ3
GARS1	mitochondria	GO	P41250
SUDS3	nucleoplasm	HPA;GO	Q9H7L9
ALG10	endoplasmicreticulum	HPA	Q5BKT4
SKAP1	nucleoplasm	HPA	Q86WV1
ZNF746	nucleoplasm	HPA	Q6NUN9
ZNF599	cytosol	HPA	Q96NL3
GPRC5A	plasmamembrane	HPA;GO	Q8NFJ5
ARL2	primarycilium	HPA;GO	P36404
RABL2B	microtubules	GO	Q9UNT1
AKIRIN2	nucleoplasm	HPA	Q53H80
PRKACB	microtubules	HPA	P22694
PGD	intermediatefilaments	HPA	P52209
CPSF4	nucleoplasm	HPA;GO	O95639
FCRLB	cytosol	HPA	Q6BAA4
MAP2K2	microtubules	GO	P36507
BLTP3B	cytosol	HPA;GO	A0JNW5
ENSG00000282988	nucleoplasm	HPA	
RETREG3	nuclearmembrane	HPA	Q86VR2
ADO	cytosol	GO	Q96SZ5
PTBP3	nucleoplasm	HPA	O95758
EEF2K	cytosol	GO	O00418
DNAJB2	nuclearmembrane	HPA	P25686
DOK7	nucleoplasm	HPA	Q18PE1
ADAMTS5	endoplasmicreticulum	GO	Q9UNA0
PFAS	cytosol	GO	O15067
RPL17	cytosol	HPA;GO	P18621
LMNTD1	nucleoplasm	HPA	Q8N9Z9
RASL11B	nucleoplasm	HPA	Q9BPW5
RALY	nucleoplasm	HPA	Q9UKM9
HINT3	nucleoli	HPA	Q9NQE9
PGM3	cytosol	HPA;GO	O95394
ARHGAP21	golgiapparatus	GO	Q5T5U3
CASP3	nucleoplasm	GO	P42574
STRN4	cytosol	HPA	Q9NRL3
SNURF	nucleoplasm	HPA	P78317
SLAMF6	plasmamembrane	HPA;GO	Q96DU3
MYO10	cytosol	HPA;GO	Q9HD67
ST6GALNAC4	golgiapparatus	HPA;GO	Q9H4F1
C9orf64	golgiapparatus	HPA	Q5T6V5
RAD51	nucleoplasm	GO	Q06609
ENSG00000285188	centrosome	HPA	
TSPY10	cytosol	HPA	P0CW01
ARRDC2	nucleoplasm	HPA	Q8TBH0
GPN1	nucleoplasm	HPA	Q9HCN4
KIF3A	primarycilium	HPA;GO	Q9Y496
ESPL1	nucleoplasm	HPA	Q14674
TRMT6	nucleoplasm	HPA;GO	Q9UJA5
ERO1A	golgiapparatus	GO	Q96HE7
SERPINB2	plasmamembrane	GO	P05120
TRIP13	nucleoplasm	HPA	Q15645
AMZ2	nucleoplasm	HPA	Q86W34
KIF18A	microtubules	HPA;GO	Q8NI77
USP2	cytosol	HPA	O75604
KIF26A	nucleoplasm	HPA	Q9ULI4
VCAN	golgiapparatus	GO	P13611
DYNC2I2	cytosol	HPA	Q96EX3
IDH3G	mitochondria	HPA;GO	P51553
RASSF4	plasmamembrane	HPA	Q8WYP3
SOD3	golgiapparatus	GO	P08294
AKT3	nucleoplasm	HPA;GO	Q9Y243
SERPINB10	nucleoplasm	HPA	P48595
ZNF57	nucleoli	HPA	Q68EA5
BEND4	nucleoli	HPA	Q6ZU67
LBX2	microtubules	HPA	Q6XYB7
FAAP24	cytosol	GO	Q9BTP7
MMS19	cytosol	GO	Q96T76
NOSIP	nucleoplasm	HPA	Q9Y314
SPMIP4	centrosome	GO	Q8N865
TECPR2	nucleoli	HPA	O15040
MEGF6	microtubules	HPA	O75095
ADRA2C	plasmamembrane	GO	P18825
AGPAT3	endoplasmicreticulum	GO	Q9NRZ7
RRP7A	centrosome	GO	Q9Y3A4
NCOR1	microtubules	GO	O75376
ESR1	cytosol	GO	P03372
CALHM2	cytosol	HPA	Q9HA72
MAP9	primarycilium	HPA	Q49MG5
DHRS7	endoplasmicreticulum	GO	Q9Y394
GRIK1	plasmamembrane	HPA;GO	P39086
ZFP62	nucleoplasm	HPA	Q8NB50
IL15RA	cytosol	HPA	Q13261
WDR18	nucleoplasm	HPA;GO	Q9BV38
CPNE1	cytosol	GO	Q99829
DDX55	cytosol	HPA	Q8NHQ9
C1orf43	golgiapparatus	GO	Q9BWL3
PRKCE	endoplasmicreticulum	GO	Q02156
CTBP2	nucleoplasm	HPA	P56545
ZBTB38	nucleoplasm	HPA	Q8NAP3
ATP5PF	mitochondria	HPA;GO	P18859
ZBTB24	nucleoplasm	HPA	O43167
MAST4	cytosol	HPA	O15021
PIM1	nucleoli	HPA	P11309
RESF1	intermediatefilaments	HPA	Q9HCM1
RNF224	nucleoplasm	HPA	P0DH78
P2RX6	cytosol	HPA	O15547
RNF13	nucleoplasm	HPA	O43567
POU5F2	nucleoplasm	HPA	Q8N7G0
MYLIP	cytosol	GO	Q8WY64
RPL30	endoplasmicreticulum	HPA	P62888
SNRNP35	nucleoli	HPA	Q16560
MSRB3	endoplasmicreticulum	GO	Q8IXL7
H4C1	nucleoplasm	GO	P62805
PYGO2	nucleoplasm	HPA;GO	Q9BRQ0
PCLO	plasmamembrane	HPA;GO	Q9Y6V0
OR1N2	plasmamembrane	GO	Q8NGR9
HMOX1	cytosol	GO	P09601
HAUS5	microtubules	GO	O94927
FSD1	centrosome	GO	Q9BTV5
KATNAL1	microtubules	HPA;GO	Q9BW62
METTL13	cytosol	HPA	Q8N6R0
CFAP251	primarycilium	GO	Q8TBY9
WDR7	nucleoplasm	HPA	Q9Y4E6
CRX	primarycilium	HPA	O43186
SEMA5A	plasmamembrane	GO	Q13591
ZNF662	nucleoplasm	HPA	Q6ZS27
FOXO1	nucleoplasm	HPA;GO	Q12778
TCF7	nucleoplasm	HPA;GO	P36402
PLD4	endoplasmicreticulum	GO	Q96BZ4
RASL11A	nucleoplasm	HPA	Q6T310
ME1	cytosol	HPA;GO	P48163
ALDOA	actinfilaments	GO	P04075
STAT3	nucleoplasm	HPA;GO	P40763
ZNF334	cytosol	HPA	Q9HCZ1
HGH1	cytosol	HPA	Q9BTY7
ZMAT4	nucleoplasm	HPA	Q9H898
EDRF1	centrosome	HPA	Q3B7T1
FNIP2	cytosol	HPA	Q9P278
TFAP2C	cytosol	GO	Q92754
TIGD3	nuclearmembrane	HPA	Q6B0B8
SRGAP1	cytosol	HPA;GO	Q7Z6B7
BCR	nucleoplasm	HPA	P11274
NUP85	cytosol	HPA;GO	Q9BW27
RABGGTB	cytosol	GO	P53611
PRAC1	cytosol	HPA	Q96KF2
MBTPS2	mitochondria	HPA	O43462
SLC25A11	mitochondria	GO	Q02978
ENOPH1	nucleoplasm	HPA	Q9UHY7
ZNF474	nucleoplasm	HPA	Q6S9Z5
PIM2	cytosol	HPA	Q9P1W9
PCDHGA9	plasmamembrane	HPA	Q9Y5G4
BBS7	centrosome	GO	Q8IWZ6
SPARC	plasmamembrane	GO	P09486
COX16	mitochondria	HPA;GO	Q9P0S2
POLE	nucleoplasm	HPA;GO	Q07864
NLRP2	golgiapparatus	HPA	Q9NX02
WDR90	centrosome	HPA	Q96KV7
DNAJB6	nucleoplasm	HPA;GO	O75190
RNF212B	golgiapparatus	HPA	A8MTL3
THOC5	nucleoplasm	HPA;GO	Q13769
TFDP1	cytosol	HPA	Q14186
IFNGR2	endoplasmicreticulum	GO	P38484
KLHDC2	nucleoplasm	HPA	Q9Y2U9
NOS1	endoplasmicreticulum	GO	P29475
KCNE4	nucleoplasm	HPA	Q8WWG9
AMMECR1L	cytosol	HPA	Q6DCA0
CT45A7	nucleoli	HPA	P0DMV0
MEGF10	plasmamembrane	HPA;GO	Q96KG7
TRIM38	centrosome	HPA	O00635
NSMAF	cytosol	GO	Q92636
EIF3I	cytosol	HPA;GO	Q13347
KDM5D	nucleoplasm	GO	Q9BY66
LRPAP1	endoplasmicreticulum	HPA;GO	P30533
UGT1A3	endoplasmicreticulum	GO	P35503
ATP5PD	mitochondria	HPA;GO	O75947
SMARCAD1	nucleoplasm	HPA;GO	Q9H4L7
RUNDC1	nucleoplasm	HPA	Q96C34
CFAP53	microtubules	GO	Q96M91
NUP37	cytosol	GO	Q8NFH4
CYLD	centrosome	HPA;GO	Q9NQC7
CLASP1	actinfilaments	GO	Q7Z460
RPL10L	cytosol	HPA;GO	Q96L21
IVL	nucleoplasm	HPA	P07476
COX14	mitochondria	HPA;GO	Q96I36
ZNF112	nucleoplasm	HPA	Q9UJU3
CARD14	cytosol	HPA	Q9BXL6
NDUFV2	nucleoplasm	HPA	P19404
AMACR	mitochondria	GO	Q9UHK6
C11orf68	nucleoplasm	HPA	Q9H3H3
AP2A2	cytosol	GO	O94973
FAM90A23	nucleoplasm	HPA	A8MXZ1
NMT1	cytosol	HPA;GO	P30419
DYNLL2	cytosol	GO	Q96FJ2
RASGRP4	plasmamembrane	HPA;GO	Q8TDF6
TCAF2C	plasmamembrane	HPA	
ZNF263	cytosol	HPA	O14978
HSD11B1	endoplasmicreticulum	GO	P28845
MRPL51	mitochondria	HPA;GO	Q4U2R6
RARRES1	endoplasmicreticulum	HPA	P49788
FOXO4	cytosol	HPA;GO	P98177
ZNF707	nucleoplasm	HPA	Q96C28
CAND1	golgiapparatus	HPA	Q86VP6
ZDHHC20	plasmamembrane	HPA;GO	Q5W0Z9
RPL36AL	cytosol	HPA	Q969Q0
TMEM217	nucleoli	HPA	Q8N7C4
CCDC65	centrosome	HPA	Q8IXS2
PCCA	mitochondria	HPA;GO	P05165
PGAP1	endoplasmicreticulum	GO	Q75T13
SBF2	nucleoplasm	HPA	Q86WG5
TSPAN32	nucleoplasm	HPA	Q96QS1
MYNN	nucleoplasm	HPA	Q9NPC7
SRPK1	plasmamembrane	HPA	Q96SB4
COX6B2	mitochondria	GO	Q6YFQ2
VSNL1	cytosol	HPA	P62760
C6orf58	nucleoplasm	HPA	Q6P5S2
ZNF473	nucleoplasm	HPA;GO	Q8WTR7
CFAP96	microtubules	GO	A7E2U8
CRLF3	cytosol	HPA	Q8IUI8
RRP7A	nucleoli	HPA;GO	Q9Y3A4
C5AR1	golgiapparatus	HPA	P21730
MRTO4	nuclearmembrane	HPA	Q9UKD2
PELI3	cytosol	GO	Q8N2H9
NUMA1	microtubules	GO	Q14980
MTUS1	microtubules	HPA	Q9ULD2
LUZP1	cytosol	HPA	Q86V48
LYPD8	plasmamembrane	GO	Q6UX82
TCF3	nucleoplasm	HPA;GO	P15923
OR2A7	plasmamembrane	GO	Q96R45
ENSG00000269035	nuclearmembrane	HPA	
PCDHGA6	plasmamembrane	HPA	Q9Y5G7
DNAJC6	nucleoplasm	HPA	O75061
ECM2	plasmamembrane	HPA	O94769
MOGS	endoplasmicreticulum	HPA;GO	Q13724
C1QTNF2	golgiapparatus	HPA	Q9BXJ5
MYBL1	nucleoplasm	HPA	P10243
TRIML2	plasmamembrane	HPA	Q8N7C3
MIEN1	plasmamembrane	HPA;GO	Q9BRT3
VAMP2	cytosol	GO	P63027
MCTP2	cytosol	HPA	Q6DN12
BCL2L13	mitochondria	HPA	Q9BXK5
REXO5	endoplasmicreticulum	HPA	Q96IC2
SLC38A7	plasmamembrane	HPA	Q9NVC3
NPM1	plasmamembrane	GO	P06748
GTPBP1	golgiapparatus	HPA	O00178
ATE1	nucleoplasm	HPA	O95260
SKA2	nucleoplasm	GO	Q8WVK7
ENSG00000285458	cytosol	HPA	
IGFBP1	golgiapparatus	HPA	P08833
WDPCP	endoplasmicreticulum	HPA	O95876
HSDL1	mitochondria	HPA;GO	Q3SXM5
BBC3	cytosol	HPA;GO	Q96PG8
PCDHGC5	plasmamembrane	HPA	Q9Y5F6
ACAD8	mitochondria	GO	Q9UKU7
RARS2	mitochondria	HPA;GO	Q5T160
C1orf159	nucleoli	HPA	Q96HA4
ZNF154	nucleoli	HPA	Q13106
RAB8A	cytosol	HPA;GO	P61006
PTPN1	cytosol	GO	P18031
ACACB	cytosol	GO	O00763
DMAC2L	nucleoplasm	HPA	Q99766
SERPINB6	centrosome	HPA	P35237
NUS1	plasmamembrane	HPA	Q96E22
LCTL	endoplasmicreticulum	HPA	Q6UWM7
ITGB8	cytosol	HPA	P26012
TMC6	golgiapparatus	GO	Q7Z403
RPP30	nucleoplasm	HPA;GO	P78346
TMED2	endoplasmicreticulum	GO	Q15363
SLC12A6	plasmamembrane	GO	Q9UHW9
GEMIN8	cytosol	HPA;GO	Q9NWZ8
ZFAND1	cytosol	HPA;GO	Q8TCF1
IFT80	primarycilium	GO	Q9P2H3
PCNT	centrosome	HPA;GO	O95613
MRPL42	plasmamembrane	HPA	Q9Y6G3
PARP10	golgiapparatus	HPA	Q53GL7
RIOK2	cytosol	HPA;GO	Q9BVS4
CEP170	microtubules	GO	Q5SW79
KIAA1586	nuclearmembrane	HPA	Q9HCI6
ZSCAN30	cytosol	HPA	Q86W11
DNPH1	nucleoplasm	HPA	O43598
KCTD15	nucleoplasm	HPA	Q96SI1
IFI35	nucleoplasm	HPA	P80217
ZFPL1	golgiapparatus	HPA	O95159
PPP2R3C	nucleoplasm	HPA	Q969Q6
RIOX2	nucleoli	HPA	Q8IUF8
DDX60	cytosol	HPA	Q8IY21
DOCK4	cytosol	HPA;GO	Q8N1I0
EXOC7	cytosol	HPA;GO	Q9UPT5
NFATC4	cytosol	HPA	Q14934
DIRAS1	nucleoplasm	HPA	O95057
ZNF606	nucleoplasm	HPA	Q8WXB4
PAQR8	plasmamembrane	HPA	Q8TEZ7
FDPS	nucleoplasm	HPA	P14324
CRYM	cytosol	HPA	Q14894
LRRC75A	nucleoplasm	HPA	Q8NAA5
PPIL2	nucleoplasm	HPA;GO	Q13356
DNAJC25	cytosol	HPA	Q9H1X3
ZBTB40	nucleoplasm	HPA	Q9NUA8
HEY1	nucleoplasm	HPA;GO	Q9Y5J3
RPS4X	nucleoplasm	GO	P62701
FABP3	cytosol	GO	P05413
ARHGEF28	microtubules	HPA	Q8N1W1
IL7R	plasmamembrane	HPA;GO	P16871
PDHA2	mitochondria	HPA;GO	P29803
TCEAL1	nucleoplasm	HPA	Q15170
DAZAP2	nucleoplasm	HPA;GO	Q15038
LIX1	microtubules	HPA	Q8N485
COPS4	plasmamembrane	GO	Q9BT78
FGD3	cytosol	HPA;GO	Q5JSP0
PTGS2	nuclearmembrane	GO	P35354
KRT17	cytosol	GO	Q04695
FLT4	microtubules	HPA	P35916
MTMR9	centrosome	HPA	Q96QG7
SCRN2	golgiapparatus	HPA	Q96FV2
U2AF1	nucleoplasm	HPA;GO	Q01081
KLHL41	cytosol	HPA;GO	O60662
HAUS3	primarycilium	HPA	Q68CZ6
PLPP4	nucleoplasm	HPA	Q5VZY2
THOC7	nucleoplasm	HPA;GO	Q6I9Y2
TARS2	cytosol	HPA	Q9BW92
IL2RA	plasmamembrane	GO	P01589
MX1	nuclearmembrane	HPA	P20591
CMBL	cytosol	GO	Q96DG6
TLR7	golgiapparatus	GO	Q9NYK1
ASAP1	cytosol	GO	Q9ULH1
YOD1	plasmamembrane	HPA	Q5VVQ6
SLC35D3	centrosome	HPA	Q5M8T2
COQ10B	mitochondria	GO	Q9H8M1
B3GALT5	endoplasmicreticulum	GO	Q9Y2C3
TBKBP1	nucleoplasm	HPA	A7MCY6
CD1D	endoplasmicreticulum	HPA	P15813
MAP3K1	cytosol	HPA;GO	Q13233
UBQLN4	nucleoplasm	HPA;GO	Q9NRR5
HOXB1	nucleoplasm	HPA	P14653
SCN4B	plasmamembrane	GO	Q8IWT1
MDM2	nucleoli	GO	Q00987
TBC1D8B	cytosol	HPA;GO	Q0IIM8
TGFB1I1	cytosol	HPA	O43294
DNAJC16	endoplasmicreticulum	GO	Q9Y2G8
B4GALT5	golgiapparatus	GO	O43286
FCAR	plasmamembrane	HPA;GO	P24071
TTC30B	nucleoplasm	HPA	Q8N4P2
MSH5	nucleoli	HPA	O43196
RSBN1	nucleoplasm	HPA	Q5VWQ0
LRRC58	cytosol	HPA	Q96CX6
BAAT	cytosol	HPA;GO	Q14032
CENPN	nucleoplasm	HPA;GO	Q96H22
TFDP3	cytosol	HPA	Q5H9I0
FPGS	cytosol	GO	Q05932
IL6	endoplasmicreticulum	GO	P05231
RPL36A-HNRNPH2	plasmamembrane	HPA	
AKAP8L	nucleoplasm	HPA;GO	Q9ULX6
DUXB	nucleoplasm	GO	A0A1W2PPF3
CHML	nucleoplasm	HPA	P26374
UTRN	plasmamembrane	HPA;GO	P46939
TRIM62	cytosol	GO	Q9BVG3
TANC2	plasmamembrane	GO	Q9HCD6
PPM1G	nucleoplasm	HPA	O15355
GBA3	cytosol	GO	Q9H227
ANKS1A	cytosol	HPA	Q92625
SKIDA1	nucleoplasm	HPA	Q1XH10
NCR3	plasmamembrane	GO	O14931
HDDC2	nucleoli	HPA	Q7Z4H3
NR0B1	nucleoplasm	HPA;GO	P51843
CKMT2	mitochondria	GO	P17540
RGCC	centrosome	GO	Q9H4X1
ALPK1	microtubules	GO	Q96QP1
CALB2	cytosol	HPA	P22676
MSRB2	cytosol	GO	Q9Y3D2
PHF20	nucleoplasm	HPA;GO	Q9BVI0
COA6	nucleoplasm	HPA	Q5JTJ3
CTXN1	nucleoplasm	HPA	P60606
NR2F6	nucleoplasm	HPA;GO	P10588
ANKRA2	plasmamembrane	HPA	Q9H9E1
EZR	cytosol	GO	P15311
MB	cytosol	GO	P02144
SF3B4	nucleoplasm	HPA;GO	Q15427
NPHP3	cytosol	GO	Q7Z494
DCAF16	cytosol	HPA	Q9NXF7
LPXN	actinfilaments	HPA;GO	O60711
TMEM222	cytosol	HPA	Q9H0R3
DVL3	microtubules	HPA	Q92997
ITGB1	actinfilaments	HPA;GO	P05556
PLCXD2	nucleoplasm	HPA	Q0VAA5
SPATC1L	cytosol	HPA	Q9H0A9
TRAF1	cytosol	GO	Q13077
HAPLN3	plasmamembrane	HPA	Q96S86
MED12	nucleoplasm	HPA;GO	Q93074
CCDC92	centrosome	HPA	Q53HC0
FCHO1	cytosol	HPA;GO	O14526
SCN5A	nucleoplasm	HPA	Q14524
CIR1	centrosome	GO	Q86X95
ADAM10	plasmamembrane	HPA;GO	O14672
ZNF175	nucleoli	HPA	Q9Y473
ASCC3	cytosol	HPA;GO	Q8N3C0
SLC2A8	plasmamembrane	GO	Q9NY64
PANO1	nucleoli	GO	I0J062
NOTCH1	nucleoplasm	HPA;GO	P46531
RTL4	plasmamembrane	HPA	Q6ZR62
HOXC11	cytosol	HPA	O43248
WDR5	nucleoplasm	HPA;GO	P61964
PPIB	plasmamembrane	GO	P23284
MAF	golgiapparatus	HPA	O75444
ABCC11	plasmamembrane	GO	Q96J66
TUSC3	plasmamembrane	GO	Q13454
RASGRP2	cytosol	GO	Q7LDG7
ATG5	centrosome	HPA	Q9H1Y0
CACNA2D2	cytosol	HPA	Q9NY47
MUCL1	golgiapparatus	GO	Q96DR8
ANO5	plasmamembrane	GO	Q75V66
BRD9	nucleoplasm	HPA;GO	Q9H8M2
CUTA	plasmamembrane	HPA	O60888
UBR7	nucleoplasm	HPA	Q8N806
TAB2	cytosol	GO	Q9NYJ8
FUT9	golgiapparatus	GO	Q9Y231
MLIP	plasmamembrane	HPA	Q5VWP3
PDS5B	nucleoplasm	HPA;GO	Q9NTI5
TMEM63A	centrosome	HPA	O94886
INAVA	nucleoplasm	HPA	Q3KP66
ZNF213	cytosol	HPA	O14771
HSPB7	nucleoplasm	HPA	Q9UBY9
ARK2N	nucleoplasm	GO	Q96B23
CREB1	nucleoplasm	HPA;GO	P16220
KIF3C	cytosol	GO	O14782
BLTP1	nucleoplasm	HPA	Q2LD37
SOX12	nucleoplasm	HPA	O15370
RPL9	actinfilaments	GO	P32969
KLHL11	cytosol	GO	Q9NVR0
UGDH	cytosol	GO	O60701
FKBP10	golgiapparatus	HPA	Q96AY3
FBXO9	centrosome	HPA	Q9UK97
GPR45	plasmamembrane	GO	Q9Y5Y3
HES7	nucleoli	HPA	Q9BYE0
RASA3	cytosol	GO	Q14644
PDCD6IP	cytosol	GO	Q8WUM4
PDZK1	plasmamembrane	GO	Q5T2W1
CHD5	nucleoplasm	HPA	O00258
DNAJC7	cytosol	HPA;GO	Q99615
FAM102B	cytosol	HPA	Q5T8I3
PKIG	nucleoplasm	HPA	Q9Y2B9
RALA	actinfilaments	GO	P11233
RSPH10B2	primarycilium	HPA	B2RC85
C19orf53	nucleoli	HPA	Q9UNZ5
INTS12	nucleoplasm	HPA;GO	Q96CB8
RNF20	nucleoplasm	HPA;GO	Q5VTR2
SRSF8	nucleoplasm	HPA;GO	Q9BRL6
RAB3A	nucleoplasm	HPA	P20336
SHISA7	cytosol	HPA	A6NL88
SNAPC2	nucleoplasm	HPA;GO	Q13487
DCUN1D3	plasmamembrane	GO	Q8IWE4
GRPR	plasmamembrane	HPA;GO	P30550
NOL8	nucleoli	HPA;GO	Q76FK4
RAD51AP2	nucleoli	HPA	Q09MP3
MTHFR	centrosome	HPA	P42898
SYDE2	cytosol	GO	Q5VT97
UNC45A	cytosol	HPA	Q9H3U1
LIPE	cytosol	HPA	Q05469
ZNF280A	nucleoplasm	HPA	P59817
ACVR2B	plasmamembrane	GO	Q13705
UST	golgiapparatus	GO	Q9Y2C2
CRYBG1	nucleoplasm	HPA	Q9Y4K1
GLCCI1	nucleoli	HPA	Q86VQ1
ALMS1	microtubules	HPA;GO	Q8TCU4
CORO1C	plasmamembrane	GO	Q9ULV4
POLR1B	nucleoplasm	GO	Q9H9Y6
QARS1	cytosol	HPA;GO	P47897
SLC23A3	plasmamembrane	HPA	Q6PIS1
FLII	nucleoplasm	HPA	Q13045
DNAL1	cytosol	HPA	Q4LDG9
PA2G4	nucleoli	GO	Q9UQ80
IFT88	centrosome	HPA;GO	Q13099
C16orf87	nucleoplasm	HPA	Q6PH81
APBA1	golgiapparatus	HPA	Q02410
GLP1R	plasmamembrane	GO	P43220
RHOC	cytosol	GO	P08134
TGDS	nucleoplasm	HPA	O95455
JAML	plasmamembrane	HPA;GO	Q86YT9
BRMS1	nucleoplasm	GO	Q9HCU9
AMBP	plasmamembrane	GO	P02760
INO80B	nucleoli	HPA	Q9C086
TSPAN9	cytosol	HPA	O75954
TRMU	mitochondria	HPA	O75648
HIGD2B	mitochondria	HPA	Q4VC39
PSMC2	cytosol	HPA;GO	P35998
LRRC70	plasmamembrane	GO	Q7Z2Q7
DYNC1I1	nucleoplasm	GO	O14576
PLSCR4	nucleoplasm	HPA	Q9NRQ2
DNTT	nucleoplasm	HPA	P04053
RAB11B	cytosol	HPA;GO	Q15907
OR13C3	plasmamembrane	GO	Q8NGS6
TMEM35A	endoplasmicreticulum	GO	Q53FP2
GRIN2C	plasmamembrane	GO	Q14957
HLA-DQA1	endoplasmicreticulum	GO	P01909
C11orf58	endoplasmicreticulum	HPA	O00193
FEZ1	cytosol	HPA	Q99689
MVD	plasmamembrane	HPA	P53602
NFE2L3	nucleoplasm	HPA	Q9Y4A8
SPAM1	plasmamembrane	GO	P38567
LZTR1	nucleoplasm	HPA	Q8N653
GET4	nucleoplasm	HPA	Q7L5D6
RGCC	nucleoli	HPA	Q9H4X1
P4HB	actinfilaments	GO	P07237
PLEKHG4	cytosol	GO	Q58EX7
YWHAE	endoplasmicreticulum	GO	P62258
ACTRT3	cytosol	HPA	Q9BYD9
ART4	cytosol	HPA	Q93070
HDAC6	primarycilium	HPA;GO	Q9UBN7
S100A8	cytosol	HPA;GO	P05109
ZPR1	nucleoplasm	GO	O75312
ATP11C	endoplasmicreticulum	GO	Q8NB49
ATG12	cytosol	GO	O94817
ANKRD54	nucleoplasm	HPA	Q6NXT1
B4GALT7	golgiapparatus	GO	Q9UBV7
PIWIL3	cytosol	HPA	Q7Z3Z3
ESRRG	nucleoplasm	HPA;GO	P62508
SNRPE	nucleoplasm	GO	P62304
DDN	cytosol	HPA	O94850
FRMD1	cytosol	HPA	Q8N878
DDIT4L	actinfilaments	HPA	Q96D03
IRX2	nucleoplasm	HPA	Q9BZI1
ATIC	cytosol	HPA;GO	P31939
SEC61B	cytosol	GO	P60468
RPL14	plasmamembrane	GO	P50914
PRKN	golgiapparatus	GO	O60260
UQCRB	mitochondria	GO	P14927
ABCC8	golgiapparatus	HPA	Q09428
SCRN1	cytosol	HPA	Q12765
SELL	plasmamembrane	GO	P14151
KRTAP10-11	cytosol	GO	P60412
FAM13B	cytosol	GO	Q9NYF5
IGFL4	cytosol	HPA	Q6B9Z1
CNN2	actinfilaments	HPA;GO	Q99439
CD244	plasmamembrane	GO	Q9BZW8
EFCAB14	golgiapparatus	HPA	O75071
SOWAHC	cytosol	HPA	Q53LP3
POF1B	nucleoplasm	HPA	Q8WVV4
MTPN	actinfilaments	GO	P58546
PDK3	mitochondria	HPA;GO	Q15120
TSTD2	nucleoplasm	HPA	Q5T7W7
ZDHHC21	cytosol	HPA	Q8IVQ6
LDB2	nucleoli	HPA	O43679
COL6A1	endoplasmicreticulum	GO	P12109
SYNPO2	actinfilaments	HPA;GO	Q9UMS6
HDGF	nucleoplasm	HPA;GO	P51858
NAALAD2	nucleoplasm	HPA	Q9Y3Q0
KCNMB3	plasmamembrane	GO	Q9NPA1
NUP133	nuclearmembrane	HPA	Q8WUM0
TMEM147	cytosol	GO	Q9BVK8
PSMA8	cytosol	GO	Q8TAA3
NEB	cytosol	GO	P20929
HLA-DQB1	golgiapparatus	HPA;GO	P01920
OSBPL6	plasmamembrane	HPA;GO	Q9BZF3
ZNF140	nucleoplasm	HPA	P52738
MTMR6	cytosol	GO	Q9Y217
TMEM203	endoplasmicreticulum	GO	Q969S6
ANKRD61	nucleoplasm	HPA	A6NGH8
HARS1	cytosol	HPA;GO	P12081
MBD5	nucleoplasm	HPA;GO	Q9P267
LIMA1	plasmamembrane	GO	Q9UHB6
CD9	plasmamembrane	HPA;GO	P21926
KRT71	intermediatefilaments	GO	Q3SY84
SERINC5	plasmamembrane	HPA;GO	Q86VE9
FAM174C	golgiapparatus	HPA	Q9BVV8
IGKV4-1	plasmamembrane	GO	P06312
BECN1	mitochondria	GO	Q14457
AEN	nucleoli	HPA;GO	Q8WTP8
INTS11	nucleoplasm	HPA;GO	Q5TA45
TRIB1	plasmamembrane	HPA	Q96RU8
MOB4	golgiapparatus	GO	Q9Y3A3
MFSD14B	nucleoplasm	HPA	Q5SR56
ABCB6	endoplasmicreticulum	GO	Q9NP58
SMC2	nucleoli	HPA	O95347
PIWIL4	mitochondria	HPA	Q7Z3Z4
SOCS3	cytosol	HPA;GO	O14543
ACP1	plasmamembrane	GO	P24666
MGST1	mitochondria	HPA;GO	P10620
NPAP1	nucleoplasm	HPA	Q9NZP6
H2BC15	nucleoplasm	HPA;GO	Q99877
SORCS1	cytosol	HPA	Q8WY21
MED26	nucleoplasm	HPA;GO	O95402
MAN2A2	cytosol	HPA	P49641
CASQ1	endoplasmicreticulum	GO	P31415
RIC1	cytosol	GO	Q4ADV7
HEXIM2	nucleoplasm	HPA	Q96MH2
WBP1L	nucleoplasm	HPA	Q9NX94
DMRTC1B	intermediatefilaments	HPA	Q5HYR2
CTNNA3	plasmamembrane	GO	Q9UI47
ZFP36	cytosol	GO	P16415
TYK2	cytosol	HPA;GO	P29597
RPSA	plasmamembrane	HPA;GO	A0A8I5KQE6
CCR1	plasmamembrane	GO	P32246
SUPT16H	nucleoplasm	HPA;GO	Q9Y5B9
ZSCAN2	cytosol	HPA	Q7Z7L9
DNM1L	endoplasmicreticulum	GO	O00429
RCC2	cytosol	GO	Q9P258
TMEM41A	cytosol	HPA	Q96HV5
RPS7	endoplasmicreticulum	HPA	P62081
TACR3	primarycilium	GO	P29371
MRM3	mitochondria	HPA;GO	Q9HC36
UBE2L3	nucleoplasm	HPA;GO	P68036
SZRD1	nucleoplasm	HPA	Q7Z422
SLC27A3	mitochondria	HPA;GO	Q5K4L6
KCNA5	plasmamembrane	GO	P22460
PACSIN1	nucleoli	HPA	Q9BY11
CATSPERZ	primarycilium	HPA;GO	Q9NTU4
SPR	cytosol	HPA;GO	P35270
TULP3	nucleoplasm	HPA	O75386
ANKRD31	nucleoplasm	HPA	Q8N7Z5
MT-ND5	mitochondria	GO	P03915
ARHGEF12	plasmamembrane	HPA	Q9NZN5
POLR3A	cytosol	GO	O14802
SAFB	microtubules	HPA	Q15424
POLR3C	nucleoplasm	HPA;GO	Q9BUI4
TAGLN	nucleoplasm	HPA	Q01995
GAGE12G	cytosol	HPA	P0CL81
WDR53	cytosol	HPA	Q7Z5U6
DOCK3	cytosol	HPA;GO	Q8IZD9
L1CAM	plasmamembrane	HPA;GO	P32004
EXOSC3	nucleoli	GO	Q9NQT5
DNAJC9	cytosol	HPA	Q8WXX5
NSFL1C	nucleoplasm	HPA	Q9UNZ2
MAGEH1	nucleoli	HPA	Q9H213
PLAAT5	nucleoplasm	HPA	Q96KN8
RPRD1A	golgiapparatus	HPA	Q96P16
PIK3AP1	plasmamembrane	HPA;GO	Q6ZUJ8
PLXNA3	plasmamembrane	HPA;GO	P51805
IGKV3-7	plasmamembrane	HPA	A0A075B6H7
SERF1A	cytosol	GO	O75920
CCDC15	cytosol	HPA	Q0P6D6
ZYX	actinfilaments	HPA;GO	Q15942
PIP5K1A	nucleoplasm	HPA;GO	Q99755
AMY2B	golgiapparatus	HPA	P19961
SMCO1	golgiapparatus	HPA	Q147U7
PAK2	actinfilaments	HPA	Q13177
PGLS	nucleoplasm	HPA	O95336
ATP23	cytosol	HPA	Q9Y6H3
SMPX	plasmamembrane	HPA	Q9UHP9
HIC1	nucleoplasm	GO	Q14526
CNIH4	endoplasmicreticulum	GO	Q9P003
ZNF678	cytosol	HPA	Q5SXM1
HIKESHI	cytosol	GO	Q53FT3
KMT2A	nucleoplasm	HPA;GO	Q03164
RAB9A	golgiapparatus	GO	P51151
GEMIN2	nucleoli	HPA	O14893
EFCAB6	nucleoplasm	HPA	Q5THR3
NFATC3	nucleoplasm	HPA;GO	Q12968
MAGED1	cytosol	HPA;GO	Q9Y5V3
SMARCC2	nucleoplasm	HPA;GO	Q8TAQ2
TLNRD1	cytosol	HPA	Q9H1K6
TNFAIP2	cytosol	HPA	Q03169
ZFAT	nucleoplasm	HPA	Q9P243
USP7	cytosol	GO	Q93009
TMEM255B	nucleoplasm	HPA	Q8WV15
CCNY	plasmamembrane	GO	Q8ND76
CD274	plasmamembrane	HPA;GO	Q9NZQ7
PIK3CA	primarycilium	HPA	P42336
MCMBP	nucleoplasm	HPA	Q9BTE3
SCNM1	nucleoplasm	HPA	Q9BWG6
CENPI	cytosol	GO	Q92674
TMEM192	endoplasmicreticulum	GO	Q8IY95
CDC37	cytosol	HPA;GO	Q16543
CCS	cytosol	GO	O14618
STEEP1	endoplasmicreticulum	GO	Q9H5V9
AVPR1B	plasmamembrane	GO	P47901
GPER1	nucleoplasm	HPA	Q99527
UBE2H	mitochondria	HPA	P62256
MCTS1	cytosol	HPA	Q9ULC4
CDKN2AIP	nucleoplasm	HPA;GO	Q9NXV6
USP15	cytosol	HPA;GO	Q9Y4E8
SORL1	endoplasmicreticulum	GO	Q92673
FAM50B	microtubules	HPA	Q9Y247
DPH3	nucleoplasm	HPA	Q96FX2
B2M	endoplasmicreticulum	GO	P61769
CCT4	cytosol	HPA;GO	P50991
RMI1	nucleoplasm	HPA;GO	Q9H9A7
TNFRSF8	plasmamembrane	HPA;GO	P28908
MPP3	nucleoplasm	HPA	Q13368
ZMYM5	nucleoplasm	HPA	Q9UJ78
AP4E1	golgiapparatus	GO	Q9UPM8
GBA2	endoplasmicreticulum	GO	Q9HCG7
EXOSC1	cytosol	GO	Q9Y3B2
TAGAP	cytosol	HPA;GO	Q8N103
HOXD4	plasmamembrane	HPA	P09016
LHFPL2	nucleoplasm	HPA	Q6ZUX7
CALHM4	plasmamembrane	HPA	Q5JW98
COL20A1	golgiapparatus	HPA	Q9P218
TRIM72	nucleoplasm	HPA	Q6ZMU5
VCAM1	actinfilaments	GO	P19320
ZDHHC5	plasmamembrane	HPA;GO	Q9C0B5
TXNL4B	nucleoplasm	HPA	Q9NX01
TMPRSS11E	golgiapparatus	HPA	Q9UL52
CDRT4	mitochondria	HPA	Q8N9R6
COL8A1	endoplasmicreticulum	GO	P27658
IQGAP3	nucleoli	HPA	Q86VI3
ARHGEF5	cytosol	HPA;GO	Q12774
FERMT2	actinfilaments	HPA;GO	Q96AC1
C8A	plasmamembrane	HPA;GO	P07357
EVC	nucleoplasm	HPA	P57679
GNAT2	primarycilium	GO	P19087
CENPJ	microtubules	GO	Q9HC77
ING1	cytosol	HPA	Q9UK53
SLC25A26	mitochondria	HPA;GO	Q70HW3
EIF4A1	cytosol	HPA;GO	P60842
KLHDC8A	cytosol	HPA	Q8IYD2
PLSCR3	mitochondria	HPA;GO	Q9NRY6
ZMYND15	cytosol	HPA	Q9H091
YES1	cytosol	HPA;GO	P07947
PIK3C3	microtubules	GO	Q8NEB9
RPS4Y1	cytosol	GO	P22090
C22orf31	nuclearmembrane	HPA	O95567
RSKR	nucleoplasm	HPA	Q96LW2
R3HDM2	nucleoplasm	HPA	Q9Y2K5
PCMT1	cytosol	HPA;GO	P22061
EEF1B2	nucleoli	HPA	P24534
RPP40	nucleoplasm	HPA;GO	O75818
DERL2	endoplasmicreticulum	HPA;GO	Q9GZP9
SDC4	plasmamembrane	HPA;GO	P31431
TRAPPC14	plasmamembrane	HPA	Q8WVR3
GOLM1	golgiapparatus	HPA	Q8NBJ4
ZNF25	nucleoplasm	HPA	P17030
EXTL1	endoplasmicreticulum	GO	Q92935
RGPD8	nuclearmembrane	HPA	O14715
SPINK4	nucleoplasm	HPA	O60575
ANXA1	cytosol	HPA	P04083
MIPOL1	cytosol	HPA	Q8TD10
MXD4	cytosol	HPA	Q14582
PAH	endoplasmicreticulum	HPA	P00439
RAP1GDS1	endoplasmicreticulum	GO	P52306
RNF113A	nucleoplasm	HPA;GO	O15541
ANXA9	cytosol	HPA;GO	O76027
TDRP	cytosol	HPA	Q86YL5
PIP5K1C	nucleoplasm	HPA	O60331
KRTAP12-3	cytosol	GO	P60328
AAMP	cytosol	HPA;GO	Q13685
CASK	cytosol	HPA;GO	O14936
DNAJC1	endoplasmicreticulum	HPA	Q96KC8
MAML2	cytosol	HPA	Q8IZL2
MOB1A	cytosol	HPA;GO	Q9H8S9
ADAP1	cytosol	HPA;GO	O75689
TMEM165	golgiapparatus	HPA;GO	Q9HC07
SCO2	mitochondria	HPA;GO	O43819
APPL1	cytosol	HPA;GO	Q9UKG1
TNS3	actinfilaments	HPA;GO	Q68CZ2
OR2T4	plasmamembrane	GO	Q8NH00
ACE2	endoplasmicreticulum	GO	Q9BYF1
SRMS	cytosol	HPA;GO	Q9H3Y6
NOP53	cytosol	GO	Q9NZM5
GRAMD2A	cytosol	HPA	Q8IUY3
DNAJA2	nucleoli	HPA	O60884
SND1	cytosol	HPA;GO	Q7KZF4
IGHV1-69	plasmamembrane	GO	P01742
FBXO32	nucleoplasm	HPA	Q969P5
EDF1	cytosol	HPA	O60869
WNT5A	golgiapparatus	GO	P41221
TSPAN6	cytosol	HPA	O43657
CCDC39	primarycilium	GO	Q9UFE4
NLK	nucleoplasm	HPA;GO	Q9UBE8
PATJ	centrosome	HPA	Q8NI35
CCT7	cytosol	HPA;GO	Q99832
ARL16	primarycilium	HPA	Q0P5N6
LIN7B	plasmamembrane	GO	Q9HAP6
CAPN5	plasmamembrane	GO	O15484
ROM1	plasmamembrane	HPA	Q03395
EIF4EBP1	nucleoplasm	HPA	Q13541
LUC7L3	nucleoplasm	HPA;GO	O95232
STK17B	nucleoplasm	HPA	O94768
CDC25C	nucleoplasm	HPA;GO	P30307
FNDC3A	golgiapparatus	HPA;GO	Q9Y2H6
ERVV-2	cytosol	HPA	B6SEH9
NR1H2	cytosol	GO	P55055
EVPL	intermediatefilaments	HPA	Q92817
CDYL	nucleoplasm	HPA	Q9Y232
DYNC2I2	centrosome	HPA;GO	Q96EX3
SPATA1	plasmamembrane	HPA	Q5VX52
CEP63	cytosol	GO	Q96MT8
CCDC7	cytosol	HPA	Q96M83
POLR2H	nucleoplasm	GO	P52434
HRH1	plasmamembrane	HPA;GO	P35367
SSPN	nucleoplasm	HPA	Q14714
FAP	actinfilaments	GO	Q12884
IWS1	nucleoplasm	HPA;GO	Q96ST2
SEC13	cytosol	GO	P55735
KIF9	actinfilaments	GO	Q9HAQ2
TAF1A	nucleoplasm	HPA;GO	Q15573
MAMDC4	cytosol	HPA	Q6UXC1
SP6	nucleoplasm	HPA	Q3SY56
FLT3	plasmamembrane	GO	P36888
ZFAND6	cytosol	GO	Q6FIF0
KRT14	cytosol	GO	P02533
TSPAN3	nucleoplasm	HPA	O60637
AVEN	plasmamembrane	HPA	Q9NQS1
SRGAP2	cytosol	GO	O43295
FGD5	plasmamembrane	HPA	Q6ZNL6
ACTR2	plasmamembrane	GO	P61160
JHY	golgiapparatus	HPA	Q6NUN7
STEAP4	plasmamembrane	HPA	Q687X5
FOXS1	cytosol	HPA	O43638
TXLNG	nuclearmembrane	GO	Q9NUQ3
MYO18A	actinfilaments	GO	O95411
SLC39A3	plasmamembrane	GO	Q9BRY0
NAPEPLD	primarycilium	GO	Q6IQ20
PIK3C2B	nuclearmembrane	HPA	O00750
FOLH1B	plasmamembrane	GO	Q9HBA9
MIOX	cytosol	GO	Q9UGB7
FUT9	microtubules	HPA	Q9Y231
SLC7A4	plasmamembrane	HPA	O43246
ATXN1	cytosol	HPA	P54253
PDPK1	cytosol	HPA;GO	O15530
EIF4G2	cytosol	HPA;GO	P78344
GPR135	plasmamembrane	GO	Q8IZ08
FEM1A	mitochondria	GO	Q9BSK4
FYN	plasmamembrane	HPA;GO	P06241
METAP1	nucleoplasm	HPA	P53582
RGL2	nucleoplasm	HPA	O15211
RAB6A	plasmamembrane	GO	P20340
ERP44	endoplasmicreticulum	GO	Q9BS26
BLOC1S6	cytosol	GO	Q9UL45
DYNC2H1	golgiapparatus	GO	Q8NCM8
LARP6	microtubules	HPA	Q9BRS8
SLC4A1	plasmamembrane	GO	P02730
PROM1	plasmamembrane	HPA;GO	O43490
ELF1	nucleoplasm	HPA;GO	P32519
NSUN2	mitochondria	GO	Q08J23
RPL3	plasmamembrane	GO	P39023
SPRR4	nucleoplasm	HPA	Q96PI1
LARS2	mitochondria	HPA;GO	Q15031
CTNNBIP1	nucleoplasm	HPA;GO	Q9NSA3
HIRIP3	nucleoli	HPA	Q9BW71
HPN	nuclearmembrane	GO	P05981
PGR	plasmamembrane	GO	P06401
TMEM67	centrosome	GO	Q5HYA8
ZNF688	plasmamembrane	HPA	P0C7X2
RECQL4	nucleoplasm	HPA;GO	O94761
XK	mitochondria	HPA	P51811
VWCE	nucleoplasm	HPA	Q96DN2
METTL17	nucleoplasm	HPA	Q9H7H0
ADCY1	plasmamembrane	GO	Q08828
GNA12	cytosol	HPA	Q03113
PCDH15	primarycilium	GO	Q96QU1
BRF2	nucleoplasm	GO	Q9HAW0
LRRK2	golgiapparatus	GO	Q5S007
AARSD1	cytosol	HPA	Q9BTE6
PEX11B	cytosol	GO	O96011
MGAT5	golgiapparatus	GO	Q09328
NAMPT	cytosol	GO	P43490
SPAST	endoplasmicreticulum	GO	Q9UBP0
SPTSSB	endoplasmicreticulum	GO	Q8NFR3
USP16	cytosol	HPA	Q9Y5T5
H2BC5	nucleoplasm	HPA;GO	P58876
DPYSL2	cytosol	HPA;GO	Q16555
FUT7	golgiapparatus	HPA;GO	Q11130
KPNA5	nucleoplasm	GO	O15131
SESN1	cytosol	GO	Q9Y6P5
FOXRED2	endoplasmicreticulum	GO	Q8IWF2
OCRL	primarycilium	HPA;GO	Q01968
SRRM3	microtubules	HPA	A6NNA2
ZNF627	nucleoplasm	HPA	Q7L945
PSMA6	nucleoplasm	HPA;GO	P60900
TNFRSF18	plasmamembrane	GO	Q9Y5U5
SYCP1	nucleoplasm	HPA	Q15431
RHOG	plasmamembrane	GO	P84095
AGL	cytosol	HPA;GO	P35573
SRGAP1	centrosome	HPA	Q7Z6B7
KLHL30	centrosome	HPA	Q0D2K2
ERMN	plasmamembrane	HPA	Q8TAM6
SMARCA4	nucleoli	HPA;GO	P51532
MBNL3	cytosol	HPA	Q9NUK0
PHF21B	cytosol	HPA	Q96EK2
LYPD1	nucleoplasm	HPA	Q8N2G4
CDC42EP5	nucleoplasm	HPA	Q6NZY7
STAMBP	nucleoplasm	HPA	O95630
HASPIN	nucleoplasm	HPA	Q8TF76
TCIM	plasmamembrane	HPA	Q9NR00
USP14	plasmamembrane	HPA	P54578
H2AC12	nucleoplasm	HPA	Q96KK5
NDUFB5	mitochondria	HPA;GO	O43674
GET3	nucleoli	HPA	O43681
TSPAN31	cytosol	HPA	Q12999
BHMT	cytosol	HPA;GO	Q93088
AKT1S1	nucleoplasm	GO	Q96B36
PGF	nucleoplasm	HPA	P49763
CCDC8	cytosol	HPA;GO	Q9H0W5
MCM3AP	nucleoplasm	HPA	O60318
CYB5B	cytosol	HPA	O43169
PDCL3	nucleoplasm	HPA	Q9H2J4
DSC2	plasmamembrane	HPA;GO	Q02487
TSPYL2	nucleoplasm	GO	Q9H2G4
CCNL2	nucleoplasm	HPA	Q96S94
PHB1	plasmamembrane	GO	P35232
NINL	cytosol	HPA;GO	Q9Y2I6
ZDHHC22	golgiapparatus	GO	Q8N966
SNCA	plasmamembrane	GO	P37840
KIF20A	microtubules	HPA;GO	O95235
LRBA	golgiapparatus	HPA	P50851
CDK11A	nucleoplasm	HPA	Q9UQ88
TCN2	plasmamembrane	GO	P20062
PHF11	nuclearmembrane	HPA	Q9UIL8
RPL5	actinfilaments	GO	P46777
TMCC1	cytosol	GO	O94876
GAB3	cytosol	HPA	Q8WWW8
CWF19L2	cytosol	HPA	Q2TBE0
ENY2	nucleoplasm	HPA;GO	Q9NPA8
TLE1	cytosol	GO	Q04724
G3BP2	cytosol	HPA;GO	Q9UN86
PRPSAP1	cytosol	HPA	Q14558
C19orf12	endoplasmicreticulum	GO	Q9NSK7
RPS3A	cytosol	HPA;GO	P61247
DYNLL2	centrosome	GO	Q96FJ2
CHAMP1	nucleoplasm	HPA;GO	Q96JM3
SPAG1	cytosol	HPA	Q07617
MRPL33	mitochondria	GO	O75394
TMEM109	actinfilaments	HPA	Q9BVC6
SPAG8	primarycilium	HPA;GO	Q99932
TRAPPC2B	endoplasmicreticulum	HPA	P0DI82
KIAA0319	plasmamembrane	GO	Q5VV43
PPARA	nucleoplasm	HPA;GO	Q07869
SFTPA2	endoplasmicreticulum	GO	Q8IWL1
ACLY	cytosol	HPA;GO	P53396
OPN1LW	primarycilium	GO	P04000
GATA2	nucleoplasm	HPA;GO	P23769
LEKR1	nucleoli	HPA	Q6ZMV7
TMEM45A	endoplasmicreticulum	HPA	Q9NWC5
HLA-F	plasmamembrane	GO	P30511
ARHGEF10	nucleoplasm	HPA	O15013
ROPN1B	primarycilium	GO	Q9BZX4
PPP1R27	cytosol	HPA	Q86WC6
HOOK3	cytosol	HPA	Q86VS8
SUN5	nuclearmembrane	GO	Q8TC36
FADD	cytosol	HPA;GO	Q13158
LRCH4	nucleoplasm	HPA	O75427
PLK3	golgiapparatus	GO	Q9H4B4
DCAF7	cytosol	HPA	P61962
SLC1A4	plasmamembrane	GO	P43007
CFAP52	microtubules	HPA;GO	Q8N1V2
HIVEP2	nucleoplasm	HPA	P31629
MTRFR	mitochondria	HPA;GO	Q9H3J6
BACH2	cytosol	HPA	Q9BYV9
ADAMTS12	nucleoli	HPA	P58397
ISLR	plasmamembrane	HPA	O14498
DOP1B	mitochondria	HPA	Q9Y3R5
LUZP1	centrosome	HPA;GO	Q86V48
EPC1	nucleoli	HPA	Q9H2F5
RB1	nucleoplasm	HPA;GO	P06400
ATP2B3	plasmamembrane	GO	Q16720
FGF14	nucleoli	HPA	Q92915
LTC4S	cytosol	HPA	Q16873
PIGR	plasmamembrane	GO	P01833
LEUTX	nucleoli	HPA	A8MZ59
LTN1	cytosol	HPA;GO	O94822
TLR1	plasmamembrane	GO	Q15399
MROH1	nucleoplasm	HPA	Q8NDA8
TICAM2	endoplasmicreticulum	GO	Q86XR7
ZNF880	nucleoli	HPA	Q6PDB4
RPL13A	actinfilaments	GO	P40429
P2RX6	nucleoli	HPA	O15547
ZNF18	plasmamembrane	HPA	P17022
BRPF3	cytosol	GO	Q9ULD4
PKHD1L1	cytosol	GO	Q86WI1
ANKRD45	cytosol	HPA	Q5TZF3
NYAP1	golgiapparatus	HPA	Q6ZVC0
STC2	endoplasmicreticulum	HPA;GO	O76061
SMAD6	nucleoplasm	HPA	O43541
FAM124A	cytosol	HPA	Q86V42
PROS1	plasmamembrane	GO	P07225
FH	mitochondria	HPA;GO	P07954
NDUFS6	mitochondria	GO	O75380
CD2BP2	cytosol	HPA	O95400
TNFRSF11B	plasmamembrane	GO	O00300
NRIP2	cytosol	HPA	Q9BQI9
PPIH	cytosol	GO	O43447
NMT2	plasmamembrane	HPA;GO	O60551
CCDC115	endoplasmicreticulum	GO	Q96NT0
PSTPIP2	plasmamembrane	HPA	Q9H939
RNASEH2A	nucleoplasm	HPA	O75792
AKAP7	plasmamembrane	GO	O43687
TEX13C	nucleoplasm	HPA	A0A0J9YWL9
EIF1AX	cytosol	HPA;GO	P47813
CATSPERD	plasmamembrane	GO	Q86XM0
PARD6B	cytosol	HPA;GO	Q9BYG5
FANCL	nucleoplasm	HPA;GO	Q9NW38
DMRTA2	mitochondria	HPA	Q96SC8
RLIM	nucleoplasm	HPA	Q9NVW2
NHP2	nucleoli	GO	Q9NX24
STXBP3	plasmamembrane	GO	O00186
VMP1	nucleoli	HPA	Q96GC9
TFE3	nucleoplasm	HPA	P19532
ARHGAP33	cytosol	HPA;GO	O14559
FBXO8	nucleoplasm	HPA	Q9NRD0
ACSL5	nucleoplasm	HPA	Q9ULC5
EFR3A	plasmamembrane	HPA;GO	Q14156
GCAT	nucleoplasm	HPA	O75600
TAGLN2	cytosol	HPA;GO	P37802
AMPD2	cytosol	HPA;GO	Q01433
ANO4	plasmamembrane	GO	Q32M45
FARSB	nucleoplasm	HPA	Q9NSD9
SRSF2	cytosol	HPA	Q01130
TLN2	actinfilaments	HPA;GO	Q9Y4G6
BEND7	nucleoli	HPA	Q8N7W2
KCNK1	plasmamembrane	GO	O00180
LITAF	plasmamembrane	GO	Q99732
CD52	plasmamembrane	GO	P31358
ZNF2	nucleoplasm	HPA	Q9BSG1
DHCR24	endoplasmicreticulum	GO	Q15392
CHAF1B	nucleoplasm	HPA;GO	Q13112
NEDD9	actinfilaments	GO	Q14511
MICU2	nucleoplasm	HPA	Q8IYU8
CTTNBP2	microtubules	HPA	Q8WZ74
EZH1	nucleoplasm	HPA;GO	Q92800
EXOC7	centrosome	GO	Q9UPT5
C9orf85	nucleoplasm	HPA	Q96MD7
TSG101	cytosol	HPA	Q99816
CSMD3	plasmamembrane	HPA	Q7Z407
ARL6	plasmamembrane	GO	Q9H0F7
SPA17	primarycilium	GO	Q15506
TRIM68	nucleoplasm	HPA	Q6AZZ1
HNRNPH1	nucleoplasm	HPA;GO	P31943
SLC19A2	plasmamembrane	GO	O60779
LSM2	cytosol	GO	Q9Y333
KLHDC4	nucleoli	HPA	Q8TBB5
NOS3	cytosol	GO	P29474
MARCHF10	cytosol	HPA	Q8NA82
NSMAF	nucleoli	HPA	Q92636
TTC12	cytosol	HPA	Q9H892
NEIL1	nucleoplasm	HPA;GO	Q96FI4
CREB3L3	endoplasmicreticulum	GO	Q68CJ9
FOXRED1	mitochondria	HPA;GO	Q96CU9
SLC24A5	golgiapparatus	GO	Q71RS6
TOPBP1	plasmamembrane	HPA	Q92547
DDX56	nucleoli	HPA	Q9NY93
ANKRD50	nucleoplasm	HPA	Q9ULJ7
SANBR	nucleoli	HPA	Q6NSI8
SRCAP	nucleoplasm	HPA	Q6ZRS2
AK5	cytosol	HPA;GO	Q9Y6K8
PRSS55	plasmamembrane	GO	Q6UWB4
HOXA2	nucleoplasm	HPA	O43364
BEGAIN	golgiapparatus	HPA	Q9BUH8
BMP2	plasmamembrane	HPA;GO	P12643
ICAM1	actinfilaments	GO	P05362
NUP93	cytosol	GO	Q8N1F7
PTCH1	golgiapparatus	HPA;GO	Q13635
C1orf162	golgiapparatus	HPA	Q8NEQ5
TACO1	mitochondria	HPA	Q9BSH4
SBF1	cytosol	GO	O95248
RTN4	plasmamembrane	GO	Q9NQC3
HEYL	nucleoplasm	GO	Q9NQ87
GLCE	mitochondria	HPA	O94923
NPNT	cytosol	HPA	Q6UXI9
FABP7	cytosol	HPA;GO	O15540
HYDIN	primarycilium	HPA	Q4G0P3
IRX1	golgiapparatus	HPA	P78414
RPAP1	nucleoplasm	HPA	Q9BWH6
PARN	nucleoplasm	HPA	O95453
RIMS3	nucleoli	HPA	Q9UJD0
MCIDAS	nucleoplasm	HPA	D6RGH6
CCND2	cytosol	GO	P30279
PFDN5	intermediatefilaments	HPA	Q99471
RPL18A	cytosol	HPA;GO	Q02543
PELI3	nucleoli	HPA	Q8N2H9
LCORL	nuclearmembrane	HPA	Q8N3X6
LFNG	golgiapparatus	HPA;GO	Q8NES3
SIX2	nuclearmembrane	HPA	Q9NPC8
ELOC	cytosol	GO	Q15369
LUZP1	nucleoli	HPA	Q86V48
SOGA3	cytosol	HPA	Q5TF21
SLC26A1	plasmamembrane	GO	Q9H2B4
ZBED8	nucleoplasm	HPA	Q8IZ13
RAPSN	plasmamembrane	HPA	Q13702
STYXL2	nucleoplasm	HPA	Q5VZP5
USO1	golgiapparatus	HPA;GO	O60763
ZNF318	nucleoplasm	HPA	Q5VUA4
CYP7B1	endoplasmicreticulum	GO	O75881
SH3BP5L	nucleoplasm	HPA	Q7L8J4
CA13	cytosol	GO	Q8N1Q1
ZNF174	nucleoplasm	HPA	Q15697
UNC119	microtubules	GO	Q13432
BMERB1	nucleoplasm	HPA	Q96MC5
SAMD8	endoplasmicreticulum	HPA;GO	Q96LT4
PSEN2	plasmamembrane	GO	P49810
CYTH4	golgiapparatus	GO	Q9UIA0
SYNGR3	golgiapparatus	HPA	O43761
FRAT2	mitochondria	HPA	O75474
SRGAP2C	cytosol	HPA	P0DJJ0
UBA6	nucleoplasm	HPA	A0AVT1
REXO2	nucleoli	HPA	Q9Y3B8
CFAP70	cytosol	HPA	Q5T0N1
TMEM259	nucleoplasm	HPA	Q4ZIN3
MAL	plasmamembrane	GO	P01732
MFSD13A	cytosol	HPA	Q14CX5
DMC1	nucleoplasm	HPA;GO	Q14565
PSMD3	nucleoplasm	HPA;GO	O43242
RHOH	plasmamembrane	GO	Q15669
TUB	centrosome	HPA	P50607
FAM219A	golgiapparatus	HPA	Q8IW50
UNKL	cytosol	HPA;GO	Q9H9P5
ZDHHC12	endoplasmicreticulum	GO	Q96GR4
GSS	cytosol	GO	P48637
SAPCD2	nucleoplasm	HPA	Q86UD0
DLX3	nucleoplasm	HPA	O60479
WAS	plasmamembrane	HPA	P42768
RNF121	golgiapparatus	HPA	Q9H920
KDR	golgiapparatus	GO	P35968
CCM2L	nucleoplasm	HPA	Q9NUG4
RRAGB	golgiapparatus	HPA	Q5VZM2
PAX5	nucleoplasm	HPA;GO	Q02548
SH3GLB1	cytosol	HPA	Q9Y371
TGM1	cytosol	GO	P22735
CDC42BPB	actinfilaments	GO	Q9Y5S2
SCAI	nuclearmembrane	HPA	Q8N9R8
EFCAB2	mitochondria	HPA	Q5VUJ9
TTBK1	cytosol	HPA	Q5TCY1
SPATA2L	nucleoplasm	HPA	Q8IUW3
CHST13	golgiapparatus	HPA;GO	Q8NET6
GSR	cytosol	HPA;GO	P00390
SRPRB	plasmamembrane	HPA	Q9Y5M8
TRPM4	plasmamembrane	HPA;GO	Q8TD43
HS1BP3	endoplasmicreticulum	GO	Q53T59
ALAS1	nucleoplasm	HPA	P13196
SMPDL3A	nucleoplasm	HPA	Q92484
SPRYD4	nucleoplasm	HPA	Q8WW59
TRIM74	cytosol	HPA	Q86UV6
CALM2	centrosome	GO	P0DP24
HLA-B	plasmamembrane	GO	P01889
DIPK1A	nucleoplasm	HPA	Q5T7M9
KIF20B	primarycilium	HPA	Q96Q89
G6PC3	endoplasmicreticulum	HPA;GO	Q9BUM1
METTL21A	nucleoplasm	HPA;GO	Q8WXB1
FBXL12	cytosol	GO	Q9NXK8
RBM12	nucleoplasm	HPA	Q9NTZ6
TNFRSF13B	plasmamembrane	GO	O14836
ENDOD1	cytosol	GO	O94919
ENTPD2	plasmamembrane	GO	Q9Y5L3
PDGFC	golgiapparatus	GO	Q9NRA1
CYP2B6	nuclearmembrane	HPA	P20813
NR5A1	nucleoplasm	HPA;GO	Q13285
TCEAL2	cytosol	HPA	Q9H3H9
SPIRE2	nucleoplasm	HPA	Q8WWL2
EFHC2	microtubules	GO	Q5JST6
ST8SIA6	endoplasmicreticulum	HPA	P61647
WDR83OS	endoplasmicreticulum	HPA;GO	Q9Y284
CEP57	cytosol	HPA;GO	Q86XR8
GPR162	centrosome	HPA	Q16538
RPP25	nucleoplasm	HPA;GO	Q9BUL9
MYO1C	actinfilaments	GO	O00159
LIMS2	actinfilaments	HPA;GO	Q7Z4I7
SPRED3	plasmamembrane	HPA	Q2MJR0
ZFYVE19	plasmamembrane	GO	Q96K21
BRSK1	nucleoplasm	HPA	Q8TDC3
MAPK1	plasmamembrane	GO	P28482
APLP1	nucleoplasm	HPA	P51693
C1orf21	nucleoplasm	HPA	Q9H246
DHRS2	nucleoplasm	HPA	Q13268
SNX10	nucleoplasm	HPA	Q9Y5X0
MAGEA4	cytosol	HPA	P43358
UBE2R2	nucleoli	HPA	Q712K3
TMEM51	nucleoplasm	HPA	Q9NW97
LINS1	nucleoplasm	HPA	Q8NG48
GFER	mitochondria	HPA;GO	P55789
SIAH1	nucleoplasm	HPA	Q8IUQ4
CX3CL1	plasmamembrane	HPA;GO	P78423
UNC79	plasmamembrane	HPA;GO	Q9P2D8
ZNF14	nucleoplasm	HPA	P17017
RPS2	actinfilaments	GO	P15880
FAM240C	nucleoplasm	HPA	A0A1B0GVR7
CYP2C9	endoplasmicreticulum	GO	P11712
ARPC3	cytosol	GO	O15145
KAT5	microtubules	GO	Q92993
BFAR	endoplasmicreticulum	GO	Q9NZS9
ALOX15	plasmamembrane	GO	P16050
NRP1	plasmamembrane	GO	O14786
RAB24	plasmamembrane	GO	Q969Q5
OR4M1	plasmamembrane	GO	Q8NGD0
DNAL1	centrosome	HPA	Q4LDG9
CHRM3	plasmamembrane	HPA;GO	P20309
FAM90A3P	nucleoli	HPA	A0A8V8TPE2
PLK2	nucleoplasm	HPA	Q9NYY3
PIERCE2	primarycilium	GO	H3BRN8
JAK3	plasmamembrane	HPA;GO	P52333
KLHDC10	nucleoplasm	HPA	Q6PID8
FSTL3	endoplasmicreticulum	GO	O95633
ENSG00000144785	centrosome	HPA	
EIF2A	cytosol	HPA	P05198
PBX3	cytosol	HPA	P40426
C11orf96	nucleoplasm	HPA	Q7Z7L8
SPATA7	microtubules	GO	Q9P0W8
DRP2	nucleoplasm	HPA	Q13474
NPTX1	golgiapparatus	HPA	Q15818
RAB11B	centrosome	HPA	Q15907
SULF2	endoplasmicreticulum	GO	Q8IWU5
AHDC1	nucleoplasm	HPA	Q5TGY3
AGPAT4	nucleoli	HPA	Q9NRZ5
BOLA3	nucleoplasm	HPA	Q53S33
WDR77	cytosol	HPA;GO	Q9BQA1
ASAH2B	actinfilaments	HPA	P0C7U1
C1orf112	nucleoplasm	HPA	Q9NSG2
SLC44A2	plasmamembrane	HPA;GO	Q8IWA5
CDC42	microtubules	HPA;GO	P60953
IMP3	nucleoli	HPA;GO	O00425
SPATA18	nucleoplasm	HPA	Q8TC71
ACTRT3	centrosome	HPA	Q9BYD9
DYNC2H1	microtubules	GO	Q8NCM8
SKOR1	nucleoplasm	HPA	P84550
FAM210B	cytosol	HPA	Q96KR6
HMGCS1	cytosol	HPA;GO	Q01581
TAF15	nucleoli	GO	Q16514
ENG	actinfilaments	GO	P17813
MYO1E	cytosol	HPA	Q12965
SLC39A13	golgiapparatus	GO	Q96H72
NIBAN2	cytosol	HPA;GO	Q96TA1
TRIM40	cytosol	HPA;GO	Q6P9F5
ATF7IP	nucleoplasm	HPA;GO	Q6VMQ6
MTBP	nucleoplasm	HPA	Q96DY7
TSC1	actinfilaments	GO	Q92574
RAB11FIP5	centrosome	HPA	Q9BXF6
SQOR	mitochondria	HPA;GO	Q9Y6N5
RIBC2	primarycilium	GO	Q9H4K1
RABL3	endoplasmicreticulum	HPA	Q5HYI8
PC	mitochondria	HPA;GO	P11498
TXNL1	cytosol	HPA	O43396
HTR3C	plasmamembrane	GO	Q8WXA8
BOD1L1	nucleoplasm	HPA;GO	Q8NFC6
MGAT5B	microtubules	HPA	Q3V5L5
ZBTB33	nucleoplasm	HPA	Q86T24
ELAVL1	cytosol	HPA;GO	Q15717
LGALS9C	cytosol	HPA	Q6DKI2
VAPA	cytosol	GO	Q9P0L0
NUS1	endoplasmicreticulum	GO	Q96E22
FRS2	plasmamembrane	GO	Q8WU20
CSNK1D	actinfilaments	HPA	P48730
CCDC51	centrosome	HPA	Q96ER9
PRKAR2B	cytosol	HPA;GO	P31323
DNAJC5	plasmamembrane	GO	Q9H3Z4
PNPLA8	endoplasmicreticulum	GO	Q9NP80
ACIN1	cytosol	GO	Q9UKV3
EPHA2	golgiapparatus	HPA	P29317
ITGA4	actinfilaments	GO	P13612
BTBD2	cytosol	GO	Q9BX70
AGAP2	cytosol	HPA	Q99490
CYP46A1	endoplasmicreticulum	GO	Q9Y6A2
SLITRK4	plasmamembrane	GO	Q8IW52
KCTD18	mitochondria	HPA	Q6PI47
ADGRE5	plasmamembrane	HPA;GO	P48960
ISL1	nucleoplasm	HPA	P61371
RAB22A	plasmamembrane	GO	Q9UL26
USP6NL	cytosol	GO	Q92738
AMN1	centrosome	HPA	Q8IY45
IFIT5	plasmamembrane	HPA;GO	Q13325
SGO2	cytosol	GO	Q562F6
RSU1	actinfilaments	GO	Q15404
HAUS7	microtubules	GO	Q99871
MNT	nucleoplasm	HPA	Q99583
MMP7	nucleoplasm	HPA	P09237
PGRMC2	cytosol	HPA	O15173
C3orf38	plasmamembrane	HPA	Q5JPI3
PSMC4	nucleoplasm	HPA;GO	P43686
MRGPRF	plasmamembrane	HPA	Q96AM1
CFB	plasmamembrane	HPA;GO	P00751
ENKUR	microtubules	GO	Q8TC29
C2CD4C	microtubules	HPA	Q8TF44
CABLES1	nucleoplasm	HPA	Q8TDN4
ZNF484	nucleoplasm	HPA	Q5JVG2
SCN11A	plasmamembrane	GO	Q9UI33
IVD	nucleoplasm	HPA	P26440
HTR7	cytosol	HPA	P34969
NOC2L	nucleoplasm	HPA;GO	Q9Y3T9
SLC17A9	nucleoplasm	HPA	Q9BYT1
SSBP3	nucleoplasm	HPA	Q9BWW4
MRPL34	mitochondria	HPA;GO	Q9BQ48
FAM102B	nucleoli	HPA	Q5T8I3
ELOVL6	endoplasmicreticulum	GO	Q9H5J4
ORMDL1	endoplasmicreticulum	HPA;GO	Q9P0S3
FKBP1B	endoplasmicreticulum	GO	P68106
EPB41L4B	cytosol	HPA	Q9H329
CHMP1A	cytosol	HPA;GO	Q9HD42
GDPD3	nucleoplasm	HPA	Q7L5L3
LCN2	endoplasmicreticulum	HPA	P80188
H2BC13	nucleoplasm	HPA;GO	Q99880
PEX6	golgiapparatus	HPA	Q13608
SYDE2	nucleoli	HPA	Q5VT97
PHACTR2	golgiapparatus	HPA	O75167
SPDEF	cytosol	HPA	O95238
APAF1	nucleoplasm	HPA	O14727
UBE2S	nucleoplasm	HPA;GO	Q16763
SNRPF	cytosol	GO	P62306
SERF1B	nucleoplasm	HPA	O75920
GPC6	plasmamembrane	GO	Q9Y625
KMT2B	cytosol	HPA	Q9UMN6
USP43	nucleoplasm	HPA;GO	Q70EL4
SLC29A4	plasmamembrane	GO	Q7RTT9
POLR2F	cytosol	GO	P61218
QSER1	cytosol	HPA	Q2KHR3
SKA1	primarycilium	HPA	Q96BD8
SEC14L1	golgiapparatus	GO	Q92503
IL17RE	plasmamembrane	GO	Q8NFR9
POU5F1	nucleoplasm	HPA;GO	Q01860
CNTNAP5	nucleoli	HPA	Q8WYK1
GPR137	nucleoplasm	HPA	Q96N19
CASP14	nucleoplasm	HPA	P31944
ADRM1	nucleoplasm	HPA	Q16186
NAXE	cytosol	HPA	Q8NCW5
RPL36A-HNRNPH2	endoplasmicreticulum	HPA	
FKBP1A	cytosol	HPA;GO	P62942
CACNG2	plasmamembrane	GO	Q9Y698
NTMT1	cytosol	HPA	Q9BV86
KCTD9	nucleoplasm	HPA	Q7L273
USP35	nucleoli	HPA	Q9P2H5
RBPJ	nucleoli	GO	Q06330
SLC25A28	mitochondria	GO	Q96A46
GIMAP1-GIMAP5	endoplasmicreticulum	HPA	
TRIM4	plasmamembrane	HPA	Q9C037
HFE	plasmamembrane	HPA;GO	Q30201
PTPRG	plasmamembrane	HPA	P23470
RAD23A	nucleoplasm	HPA;GO	P54725
SELENBP1	nucleoli	HPA	Q13228
TRABD2B	nucleoplasm	HPA	A6NFA1
ZNF618	nucleoplasm	HPA;GO	Q5T7W0
PDXDC1	golgiapparatus	HPA	Q6P996
ALG9	endoplasmicreticulum	HPA;GO	Q9H6U8
PPP1CB	plasmamembrane	GO	P62140
LURAP1L	nucleoplasm	HPA	Q8IV03
CFAP299	cytosol	HPA	Q6V702
NCKIPSD	nucleoplasm	HPA	Q9NZQ3
MCCC1	cytosol	GO	Q96RQ3
KNSTRN	microtubules	HPA;GO	Q9Y448
TERF1	nucleoli	HPA;GO	P54274
PCDH18	cytosol	HPA	Q9HCL0
CEP135	cytosol	GO	Q66GS9
KANSL2	nucleoplasm	HPA;GO	Q9H9L4
OR10J5	plasmamembrane	GO	Q8NHC4
PHLDA1	cytosol	GO	Q8WV24
PRR9	cytosol	HPA	Q5T870
LANCL2	plasmamembrane	GO	Q9NS86
RAB31	plasmamembrane	GO	Q13636
G3BP1	actinfilaments	GO	Q13283
DGAT1	nucleoli	HPA	O75907
CADPS2	primarycilium	GO	Q86UW7
USP10	nucleoplasm	HPA;GO	Q14694
UBE2D4	cytosol	HPA	Q9Y2X8
FBXW11	centrosome	GO	Q9UKB1
NEGR1	actinfilaments	HPA	Q7Z3B1
PCSK5	golgiapparatus	HPA;GO	Q92824
SPRY4	actinfilaments	GO	Q9C004
PNRC2	nucleoplasm	HPA	Q9NPJ4
PIGW	endoplasmicreticulum	GO	Q7Z7B1
ARFGAP1	cytosol	HPA;GO	Q8N6T3
LCA5L	nucleoplasm	HPA	O95447
KPNA2	cytosol	HPA;GO	P52292
RAP1B	cytosol	GO	P61224
NUAK2	nucleoplasm	HPA	Q9H093
TMEM79	nucleoli	HPA	Q9BSE2
ADAM10	endoplasmicreticulum	GO	O14672
IL20RA	plasmamembrane	GO	Q9UHF4
RGR	plasmamembrane	HPA	P47804
TSPAN12	microtubules	HPA	O95859
UBA3	nucleoplasm	HPA	Q8TBC4
UBALD1	cytosol	HPA	Q8TB05
ZNF692	nucleoplasm	HPA	Q9BU19
HPS3	golgiapparatus	HPA	Q969F9
ATP6V1D	cytosol	GO	Q9Y5K8
PTGIR	plasmamembrane	GO	P43119
DNASE1L2	mitochondria	HPA	Q92874
GOLGA3	cytosol	GO	Q08378
CDH1	actinfilaments	GO	P12830
WNT6	plasmamembrane	GO	Q9Y6F9
PARP9	nucleoplasm	HPA;GO	Q8IXQ6
SLC16A1	plasmamembrane	HPA;GO	P53985
HLA-DRB5	golgiapparatus	GO	Q30154
SPRR1A	plasmamembrane	GO	P35321
BTAF1	nucleoplasm	HPA	O14981
SCN2B	plasmamembrane	GO	O60939
PABPC1	cytosol	HPA;GO	P11940
PDF	mitochondria	HPA;GO	Q99988
CTCF	nucleoli	GO	P49711
FBXL13	cytosol	GO	Q8NEE6
CSNK2B	nucleoplasm	HPA;GO	P67870
DLGAP4	plasmamembrane	GO	Q9Y2H0
RBIS	nucleoplasm	HPA	Q8N0T1
IGHV1-2	plasmamembrane	GO	P23083
DGUOK	mitochondria	GO	Q16854
BRD7	nucleoplasm	HPA;GO	Q9NPI1
GATD1	nucleoplasm	HPA	Q8NB37
RAB42	endoplasmicreticulum	HPA	Q8N4Z0
KIAA1671	microtubules	HPA	Q9BY89
TAS2R10	actinfilaments	HPA	Q9NYW0
GAR1	nucleoli	HPA;GO	Q9NY12
SORT1	cytosol	HPA	Q99523
FBXL20	cytosol	GO	Q96IG2
MLF2	plasmamembrane	HPA	Q15773
AMDHD1	nucleoplasm	HPA	Q96NU7
PPFIBP1	cytosol	GO	Q86W92
ARPC5	plasmamembrane	HPA;GO	O15511
GRWD1	nucleoplasm	HPA	Q9BQ67
VAMP1	cytosol	GO	P23763
ABCA8	nucleoplasm	HPA	O94911
HRH4	plasmamembrane	GO	Q9H3N8
NADK	cytosol	HPA;GO	O95544
SLC35A2	golgiapparatus	HPA;GO	P78381
TRA2A	nucleoli	HPA	Q13595
RXFP2	plasmamembrane	GO	Q8WXD0
RNF115	mitochondria	HPA	Q9Y4L5
PHGDH	cytosol	HPA;GO	O43175
LRRC2	nucleoplasm	HPA	Q9BYS8
KRTAP6-2	cytosol	GO	Q3LI66
CCDC83	nucleoplasm	HPA	Q8IWF9
DENND5B	cytosol	GO	Q6ZUT9
ARHGAP44	cytosol	GO	Q17R89
MRTFA	cytosol	HPA;GO	Q969V6
MIER2	nucleoplasm	HPA	Q8N344
SYT15B	golgiapparatus	HPA	X6R8R1
QDPR	cytosol	GO	P09417
MRAS	cytosol	HPA	O14807
COMMD8	cytosol	HPA	Q9NX08
TM9SF3	golgiapparatus	HPA	Q9HD45
SMC5	nucleoplasm	HPA;GO	Q8IY18
NAP1L3	nucleoli	HPA	Q99457
PTGDR2	plasmamembrane	GO	Q9Y5Y4
UAP1L1	intermediatefilaments	HPA	Q3KQV9
PRKACG	microtubules	HPA	P22612
ZNF26	nucleoplasm	HPA	P17031
CEP43	microtubules	GO	O95684
ATOSB	nucleoplasm	HPA	Q7L5A3
KLLN	nucleoli	HPA	B2CW77
EVI5L	nucleoplasm	HPA	Q96CN4
SETD2	cytosol	HPA	Q9BYW2
ARMCX6	cytosol	HPA	Q7L4S7
USO1	microtubules	GO	O60763
MTERF4	mitochondria	HPA;GO	Q7Z6M4
MUC21	plasmamembrane	GO	Q5SSG8
RPL39	cytosol	GO	P62891
ENSG00000285708	nucleoplasm	HPA	
ETS1	nucleoplasm	HPA;GO	P14921
TFCP2L1	nucleoli	HPA	Q9NZI6
HSH2D	plasmamembrane	HPA	Q96JZ2
CFAP100	primarycilium	GO	Q494V2
GRIN2C	endoplasmicreticulum	GO	Q14957
ABTB1	cytosol	HPA	Q969K4
ARAP1	plasmamembrane	HPA	Q96P48
PPM1L	nucleoplasm	HPA	Q5SGD2
COPZ1	endoplasmicreticulum	GO	P61923
CKAP2L	centrosome	GO	Q8IYA6
MRPL36	nucleoplasm	HPA	Q9P0J6
ERVV-2	centrosome	HPA	B6SEH9
PXN	plasmamembrane	GO	P49023
ZNF678	nucleoli	HPA	Q5SXM1
DVL2	cytosol	HPA;GO	O14641
ENSG00000272980	primarycilium	HPA	
SH3GL2	plasmamembrane	GO	Q99962
KCNJ4	plasmamembrane	GO	P48050
COMTD1	cytosol	HPA	Q86VU5
PINK1	mitochondria	GO	Q9BXM7
ITPA	nucleoplasm	HPA	Q9BY32
CEP63	centrosome	HPA;GO	Q96MT8
PCOLCE2	cytosol	HPA	Q9UKZ9
SLC16A13	golgiapparatus	HPA;GO	Q7RTY0
POFUT2	golgiapparatus	GO	Q9Y2G5
TBP	nucleoplasm	HPA;GO	P20226
TOB2	cytosol	HPA	Q14106
UAP1	plasmamembrane	HPA	Q16222
GABARAPL2	cytosol	GO	P60520
MGAM2	cytosol	HPA	Q2M2H8
GADL1	cytosol	HPA;GO	Q6ZQY3
HELZ	plasmamembrane	HPA	P42694
JOSD1	cytosol	HPA;GO	Q15040
RPL14	endoplasmicreticulum	HPA	P50914
AKR1C4	cytosol	HPA;GO	P17516
DRG1	cytosol	HPA;GO	Q92597
TENT5A	nucleoplasm	HPA	Q96IP4
RGL4	centrosome	HPA	Q8IZJ4
STH	nucleoplasm	HPA	Q8IWL8
GRAPL	centrosome	HPA	Q8TC17
EXOSC1	nucleoli	GO	Q9Y3B2
TAS2R9	plasmamembrane	GO	Q9NYW1
ENSG00000277535	nucleoli	HPA	
KRBA2	nucleoplasm	HPA	Q6ZNG9
SUDS3	cytosol	HPA	Q9H7L9
SKAP2	nucleoplasm	HPA	O75563
POMT2	cytosol	HPA	Q9UKY4
ZNF746	cytosol	HPA	Q6NUN9
DLD	mitochondria	HPA;GO	P09622
CSGALNACT1	cytosol	HPA	Q8TDX6
LRRC73	nucleoplasm	HPA	Q5JTD7
MESD	nucleoplasm	HPA	Q14696
KMT2E	nucleoplasm	HPA;GO	Q8IZD2
GOSR1	golgiapparatus	GO	O95249
BAIAP2	cytosol	HPA;GO	Q9UQB8
MYBPH	nucleoplasm	HPA	Q13203
P2RX1	plasmamembrane	GO	P51575
BCAT2	mitochondria	HPA;GO	O15382
ACTB	nucleoplasm	GO	P60709
HOXA3	nucleoplasm	HPA	O43365
SUSD6	cytosol	HPA	Q92537
EBF4	nucleoplasm	GO	Q9BQW3
DNAAF5	microtubules	HPA	Q86Y56
KCTD21	cytosol	HPA	Q4G0X4
VRTN	nucleoplasm	HPA	Q9H8Y1
TMEM177	mitochondria	GO	Q53S58
RAF1	cytosol	HPA;GO	P04049
RCN1	endoplasmicreticulum	HPA;GO	Q15293
DDX20	cytosol	HPA;GO	Q9UHI6
HNRNPH3	nucleoplasm	HPA	P31942
PALB2	nucleoplasm	HPA;GO	Q86YC2
RABEP2	cytosol	HPA	Q9H5N1
MAP4K3	centrosome	HPA	Q8IVH8
ZNF264	nucleoplasm	HPA	O43296
RAC2	plasmamembrane	GO	P15153
CABP1	plasmamembrane	GO	Q9NZU7
OCEL1	golgiapparatus	HPA	Q9H607
ZNF197	nucleoplasm	HPA	O14709
RAD51	cytosol	HPA	Q06609
SCG2	golgiapparatus	HPA	O00255
TYW3	plasmamembrane	HPA	Q6IPR3
FXYD6	nucleoplasm	HPA	Q9H0Q3
TCHHL1	nuclearmembrane	HPA	Q5QJ38
IPO7	cytosol	HPA	O95373
LAT	plasmamembrane	HPA;GO	O43561
ANP32E	nucleoplasm	HPA;GO	Q9BTT0
TRIM35	nucleoplasm	HPA	Q9UPQ4
NTSR2	plasmamembrane	GO	O95665
ESPL1	cytosol	GO	Q14674
GTF2H5	nucleoplasm	GO	Q6ZYL4
GPR87	mitochondria	HPA	Q9BY21
TNRC6C	nucleoplasm	HPA	Q9HCJ0
ABCA6	plasmamembrane	GO	Q8N139
SGF29	nucleoli	HPA	Q96ES7
VTI1B	golgiapparatus	HPA;GO	Q9UEU0
ODR4	plasmamembrane	HPA	Q5SWX8
LTB	centrosome	HPA	Q06643
CASK	nucleoli	GO	O14936
MOB1A	nucleoli	HPA	Q9H8S9
CLEC10A	plasmamembrane	GO	Q8IUN9
AKT3	cytosol	HPA	Q9Y243
HES5	cytosol	HPA	Q5TA89
KISS1R	plasmamembrane	HPA;GO	Q969F8
SERPINB10	cytosol	HPA	P48595
TMCO6	nucleoplasm	HPA	Q96DC7
HACE1	endoplasmicreticulum	HPA	Q8IYU2
ST6GALNAC1	nucleoplasm	HPA	Q9NSC7
NOP53	nucleoli	HPA;GO	Q9NZM5
ARL9	cytosol	HPA	Q6T311
GRAMD2A	nucleoli	HPA	Q8IUY3
AJAP1	plasmamembrane	GO	Q9UKB5
CYP4F22	endoplasmicreticulum	GO	Q6NT55
CYFIP2	cytosol	HPA;GO	Q96F07
DNAH1	primarycilium	GO	Q9P2D7
CARMIL1	plasmamembrane	HPA;GO	Q5VZK9
COTL1	cytosol	HPA	Q14019
TSPAN6	nucleoli	HPA	O43657
SLC2A4	golgiapparatus	GO	P14672
ENSG00000256514	centrosome	HPA	
AHR	nucleoplasm	HPA;GO	P35869
PIK3CG	cytosol	HPA;GO	P48736
BID	cytosol	HPA;GO	P55957
PPP6R2	cytosol	HPA	O75170
CCDC66	microtubules	GO	A2RUB6
CCDC8	centrosome	GO	Q9H0W5
CIBAR1	microtubules	GO	A1XBS5
TSPYL1	nucleoplasm	HPA	Q9H0U9
ANKRD36	nucleoplasm	HPA	A6QL64
UNC5CL	cytosol	HPA	Q8IV45
LSM1	cytosol	HPA;GO	O15116
ZFP14	nucleoplasm	HPA	Q9HCL3
PIK3R2	cytosol	GO	O00459
RPP21	nucleoplasm	GO	Q9H633
CROCC	centrosome	HPA;GO	Q5TZA2
ZNF45	nucleoplasm	HPA;GO	Q02386
SNX4	plasmamembrane	GO	O95219
NINL	centrosome	GO	Q9Y2I6
ALYREF	nucleoplasm	HPA;GO	Q86V81
PHLDB2	actinfilaments	GO	Q86SQ0
ST8SIA5	golgiapparatus	GO	O15466
SH3D19	plasmamembrane	GO	Q5HYK7
PGK1	mitochondria	GO	P00558
RAPGEF3	plasmamembrane	GO	O95398
TSC2	cytosol	HPA;GO	P49815
ZSWIM3	nucleoli	HPA	Q96MP5
COPS2	nucleoplasm	GO	P61201
OXNAD1	nucleoplasm	HPA	Q96HP4
GMEB1	nucleoplasm	HPA	Q9Y692
PI3	plasmamembrane	HPA;GO	P19957
IL13RA1	plasmamembrane	GO	P78552
EIF4B	plasmamembrane	HPA	P23588
GTPBP4	nucleoli	HPA	Q9BZE4
PDGFRB	actinfilaments	GO	P09619
ACKR4	plasmamembrane	GO	Q9NPB9
RTRAF	microtubules	GO	Q9Y224
HRNR	plasmamembrane	GO	Q86YZ3
BTRC	nucleoplasm	HPA;GO	Q9Y297
NDOR1	intermediatefilaments	HPA	Q9UHB4
MYCL	nucleoplasm	HPA	P12524
CCDC7	nucleoli	HPA	Q96M83
SLC6A19	plasmamembrane	GO	Q695T7
IGLC1	plasmamembrane	GO	P0CG04
INTS14	mitochondria	HPA	Q96SY0
AMOT	nucleoplasm	HPA	Q4VCS5
PLEKHA4	microtubules	HPA	Q9H4M7
TMEM53	actinfilaments	HPA	Q6P2H8
TAF10	nucleoplasm	HPA;GO	Q12962
ITCH	cytosol	GO	Q96J02
UGT3A2	nucleoplasm	HPA	Q3SY77
TTL	nucleoplasm	HPA	Q8NG68
HOOK3	centrosome	HPA	Q86VS8
IRAG1	cytosol	HPA	Q9Y6F6
WDR7	cytosol	HPA	Q9Y4E6
GAB1	cytosol	GO	Q13480
ENSG00000257390	cytosol	HPA	
RUNDC3B	primarycilium	HPA	Q96NL0
CSAG1	centrosome	GO	Q6PB30
DONSON	plasmamembrane	HPA	Q9NYP3
PLA2G4A	cytosol	HPA;GO	P47712
NUCB1	endoplasmicreticulum	GO	Q02818
FTCD	cytosol	HPA;GO	O95954
LAMC1	endoplasmicreticulum	GO	P11047
LCK	cytosol	GO	P06239
TMEM209	nucleoplasm	HPA	Q96SK2
RAB21	cytosol	GO	Q9UL25
FBXO48	nucleoplasm	HPA	Q5FWF7
PNKP	nucleoli	HPA	Q96T60
MRNIP	cytosol	HPA	Q6NTE8
NPR3	cytosol	HPA	P17342
ATP6V0A1	plasmamembrane	GO	Q93050
PALM	plasmamembrane	HPA;GO	O75781
ATXN1	nucleoli	HPA	P54253
KCNF1	plasmamembrane	GO	Q9H3M0
TRIOBP	actinfilaments	GO	Q9H2D6
SCN1B	plasmamembrane	GO	Q07699
CYP3A43	cytosol	HPA	Q9HB55
SYAP1	cytosol	HPA	Q96A49
ANKRD45	centrosome	HPA	Q5TZF3
ENOPH1	cytosol	GO	Q9UHY7
HSPB6	cytosol	HPA	O14558
SYPL2	plasmamembrane	HPA	Q5VXT5
GPC4	golgiapparatus	GO	O75487
PDGFB	golgiapparatus	GO	P01127
ATP8B2	plasmamembrane	HPA;GO	P98198
MMAB	mitochondria	HPA;GO	Q96EY8
CHST4	golgiapparatus	GO	Q8NCG5
DACH2	nucleoplasm	HPA	Q96NX9
IRAK2	plasmamembrane	GO	O43187
PAOX	cytosol	GO	Q6QHF9
RHOD	cytosol	GO	O00212
AGBL2	microtubules	GO	Q5U5Z8
SNX9	cytosol	HPA;GO	Q9Y5X1
SLC22A16	cytosol	HPA	Q86VW1
CHRM2	plasmamembrane	HPA;GO	P08172
UBA1	mitochondria	GO	P22314
CTDSP2	mitochondria	HPA	O14595
ARHGAP35	nucleoplasm	HPA	Q9NRY4
BMPR1A	cytosol	HPA	P36894
RUNDC1	cytosol	HPA	Q96C34
GPR63	plasmamembrane	HPA	Q9BZJ6
SYDE1	nucleoplasm	HPA	Q6ZW31
WT1	nucleoplasm	HPA;GO	P19544
AGER	nucleoli	HPA	Q15109
PPFIA3	cytosol	GO	O75145
HTT	endoplasmicreticulum	GO	P31645
SSH1	plasmamembrane	GO	Q8WYL5
CYP2A6	endoplasmicreticulum	GO	P11509
SESN1	nucleoli	HPA	Q9Y6P5
CLCN4	endoplasmicreticulum	GO	P51793
TEX9	primarycilium	HPA	Q8N6V9
CTDSP1	nucleoplasm	HPA	Q9GZU7
IL1RN	cytosol	HPA	P18510
ENSG00000275869	centrosome	HPA	
AKTIP	plasmamembrane	HPA	Q9H8T0
PPP1R2	cytosol	HPA	P41236
FOXJ2	nucleoplasm	HPA	Q9P0K8
ZNF287	primarycilium	HPA	Q9HBT7
TFAP4	nucleoplasm	HPA	Q01664
INSC	plasmamembrane	GO	Q1MX18
RCAN3	nucleoplasm	HPA	Q9UKA8
PHF21B	nucleoli	HPA	Q96EK2
PAK1IP1	nucleoli	HPA	Q9NWT1
HK1	mitochondria	HPA;GO	P19367
STK10	plasmamembrane	HPA;GO	O94804
ZBTB14	cytosol	HPA	O43829
MXRA7	endoplasmicreticulum	HPA	P84157
C6orf58	cytosol	HPA	Q6P5S2
ARFIP1	nucleoplasm	HPA	P53367
BLOC1S3	golgiapparatus	HPA	Q6QNY0
EPB41L2	plasmamembrane	HPA;GO	O43491
CACNA1I	plasmamembrane	HPA;GO	Q9P0X4
TIMM29	nucleoplasm	HPA	Q9BSF4
ZNF420	nucleoplasm	HPA;GO	Q8TAQ5
TSPYL6	cytosol	HPA	Q8N831
SHANK1	cytosol	GO	Q9Y566
ABCD3	cytosol	GO	P28288
ARMC8	cytosol	HPA;GO	Q8IUR7
OVOL1	nucleoplasm	HPA	O14753
BET1	endoplasmicreticulum	GO	O15155
SCG3	endoplasmicreticulum	GO	Q8WXD2
ZNF415	nucleoli	HPA	Q09FC8
BCCIP	nucleoplasm	HPA	Q9P287
SLC13A4	plasmamembrane	GO	Q9UKG4
DNAJC6	cytosol	HPA;GO	O75061
PRDX1	cytosol	GO	Q06830
PI4K2B	plasmamembrane	GO	Q8TCG2
CNGA4	primarycilium	GO	Q8IV77
TNFRSF21	plasmamembrane	HPA;GO	O75509
AK5	centrosome	HPA	Q9Y6K8
ABCA13	primarycilium	HPA	Q86UQ4
PARD6A	actinfilaments	HPA	Q9NPB6
ENSA	nucleoplasm	HPA;GO	O43768
CSDE1	cytosol	HPA	O75534
ELAC1	cytosol	HPA;GO	Q9H777
KRTCAP2	endoplasmicreticulum	GO	Q8N6L1
CHCHD1	mitochondria	HPA;GO	Q96BP2
ARFRP1	cytosol	GO	Q13795
UPF3B	nucleoplasm	HPA;GO	Q9BZI7
FHIT	plasmamembrane	HPA	P49789
VKORC1	endoplasmicreticulum	HPA;GO	Q9BQB6
SKA2	cytosol	GO	Q8WVK7
NCSTN	actinfilaments	GO	Q92542
BCAS3	nucleoli	HPA	Q9H6U6
OR6F1	plasmamembrane	GO	Q8NGZ6
DGKA	nucleoplasm	HPA	P23743
TAS2R4	plasmamembrane	GO	Q9NYW5
CAPN3	nucleoli	GO	P20807
GLG1	plasmamembrane	GO	Q92896
SOX5	nucleoplasm	HPA	P35711
SEC24A	endoplasmicreticulum	GO	O95486
USP3	microtubules	HPA	Q9Y6I4
ASB2	cytosol	HPA;GO	Q96Q27
LHX1	nuclearmembrane	HPA	P48742
NFX1	nucleoli	HPA	Q12986
NEK11	nucleoli	GO	Q8NG66
RPS3	plasmamembrane	GO	P23396
SARS2	mitochondria	HPA;GO	Q9NP81
NSD2	nucleoplasm	HPA;GO	O96028
EGFR	actinfilaments	GO	P00533
CPED1	nucleoplasm	HPA	A4D0V7
FKBP1B	primarycilium	HPA	P68106
GZF1	nucleoplasm	HPA	Q9H116
PCDHGA10	nucleoplasm	HPA	Q9Y5H3
RPP30	cytosol	HPA	P78346
RPS27A	endoplasmicreticulum	HPA;GO	P62979
ATAT1	cytosol	HPA;GO	Q5SQI0
SLC39A11	nucleoplasm	HPA	Q8N1S5
TRMT5	nucleoplasm	HPA	Q32P41
H3C13	nucleoplasm	HPA;GO	Q71DI3
PRAME	plasmamembrane	HPA	P78395
LDLRAD1	nucleoplasm	HPA	Q5T700
LTB4R2	plasmamembrane	HPA;GO	Q9NPC1
PCDHA1	golgiapparatus	HPA	Q9Y5I3
KCTD15	cytosol	HPA	Q96SI1
PPP2R3C	cytosol	HPA	Q969Q6
PRELID2	nucleoplasm	HPA	Q8N945
PRR7	cytosol	HPA	Q8TB68
RAB6A	endoplasmicreticulum	GO	P20340
CFAP70	centrosome	HPA	Q5T0N1
ASTN1	golgiapparatus	HPA	O14525
ABI1	plasmamembrane	HPA	Q8IZP0
CUL9	cytosol	HPA;GO	Q8IWT3
EXOSC9	nucleoplasm	HPA;GO	Q06265
RGS16	plasmamembrane	GO	O15492
LRRC75A	cytosol	HPA	Q8NAA5
RANGAP1	cytosol	HPA;GO	P46060
GAS2	plasmamembrane	HPA	O43903
GASK1B	cytosol	HPA	Q6UWH4
BTF3L4	nucleoplasm	HPA	Q96K17
LIMD2	nucleoplasm	HPA	Q9BT23
TUBA1B	microtubules	HPA;GO	P68363
TXNDC15	golgiapparatus	HPA	Q96J42
PSMC3	nucleoplasm	HPA;GO	P17980
G6PD	plasmamembrane	GO	P11413
CSNK1A1	nucleoplasm	GO	P48729
MYL9	cytosol	GO	P24844
TBCK	microtubules	GO	Q8TEA7
CGAS	nucleoplasm	HPA;GO	Q8N884
C1orf74	cytosol	HPA	Q96LT6
FOXM1	nucleoplasm	HPA;GO	Q08050
PDAP1	plasmamembrane	HPA	Q13442
IGKV2D-28	plasmamembrane	GO	P01615
CLDN1	plasmamembrane	GO	O95832
ANXA6	primarycilium	HPA	P08133
SHC4	cytosol	HPA	Q6S5L8
EPS8L2	cytosol	HPA	Q9H6S3
