node	x	y	z
P54829	1463.0117702611535	1057.1771689536272	-3610.540013947845
Q53FV1	3245.546685143948	-3797.6682948913012	368.9378691554969
Q9H3N1	-1316.4876989208697	-1948.0429503395505	-3277.3553251996186
P35613	-3567.5005134411986	1260.150562445763	1347.3199839491997
O14656	314.51043880872936	-142.1136925209667	4997.855945157997
O94905	-3396.919692211385	-2062.6154777640622	-561.8448250823902
Q9NRZ7	4199.1139528146905	-1672.840332901786	2164.15162963828
O95197	1894.9822205977534	-3754.2873979800816	-2718.833313184748
Q99442	1754.3825206162726	-2500.409234729818	-2629.3083062587107
P27824	-2680.0240920994297	-2803.3774013813386	607.9308731034013
Q5S007	-1977.1716908928893	3343.73052712405	-1081.1470107427635
P04439	-11.896969451122395	4679.745729383702	1779.3218386381643
Q9Y394	3972.234881082	-2343.5903847062414	-1953.4678162658888
Q96GR4	2672.83941888195	-3044.5791489068038	-2942.1315161237408
P32969	-1212.6419348852191	4240.582684863403	-2381.7024996910636
P17252	-1995.7885318923402	1382.9855127364974	4376.012877006598
Q13586	2175.354998540957	-3188.652325683987	1026.3229691279328
P05981	1894.0188583695824	-1035.2276778689165	4520.044627316805
P18124	-1800.4993457239207	3673.579446858818	-1674.2908509419392
P49755	-3749.5908896411875	-504.4325033121681	1368.1819203072462
Q06136	4032.1790551765894	-2362.611425536347	1811.1600808984201
Q9BVK6	-1314.5123182201428	-3433.2821162786427	3381.8690751560725
Q9UNN5	-3539.543670400194	646.4630396973778	-1823.7289216974702
Q8N386	4455.981220244699	1820.9322032013276	1404.5060313872507
P38484	4521.959364656077	-2159.2454710492034	-134.38450297946454
P60953	-3324.4406332121275	2160.7111879370523	656.3114011638717
Q9Y3B3	-617.6239521894852	-1095.5498204732696	4849.839477331182
Q9UBF2	-1146.9253981407567	-1483.0504134965022	-4640.450266310662
P50454	-3872.7299841594768	2866.850266880308	1343.8330221220738
Q13190	3610.6184982054174	-1805.8388780895334	-20.130585708312516
P46977	-3274.733783110379	-2316.9384804028646	334.1010807380211
Q15363	-2753.756446500013	-770.9215722537868	4111.84173581377
O43681	-172.26562435619965	-1753.5015990796462	-3628.281055318471
Q6PKG0	-135.08624746467427	5009.830384464311	54.926393293590436
O95994	-2861.9586227057234	2561.7355670323636	-1145.7333924869702
P20908	1402.6955772560418	3203.473307655401	3592.366121357624
Q6PIU2	-2277.4936260206273	-2610.309231992131	3604.0043175320807
Q9BV81	1194.5313259878774	-4621.100271191858	1517.4117926595989
Q9GZR5	3384.498016535383	-3068.522469759564	-1173.860826187228
Q9Y6X1	4984.072040738402	162.53951564981173	-483.1729167438763
Q96CS3	-3250.8290815881037	-1282.2860027312333	-1992.1394278427865
Q8IXL6	783.4539349041391	2167.257573590539	4443.212104569597
Q9NX47	1475.7641252938624	-902.1072557797119	-3643.0849338916655
P62987	1017.9928923308382	3894.7099439660155	-383.3895787599998
Q6UY14	2735.8447405989814	4107.363033785235	862.6915808041479
P30926	3398.8319970560765	706.0956415365033	2081.3598727441263
Q86UE6	4720.747643277263	888.7055131419112	-1422.0347123191095
O15503	-2072.777943001348	-2669.5432180218213	-3693.924043304409
O75787	-411.20689408619427	-4950.102788094094	575.6640838137902
Q5JRA6	-1248.3055277515225	991.1476803248454	-3709.098149023085
P62888	-863.2259046971675	4020.0116775859055	-2861.263671100117
Q8IYK4	2798.606334937536	3311.1273235604094	2520.6424363683327
P55072	-3577.1273028410515	1085.8257377967539	-1311.3186834004607
P22607	1754.5211896474636	3602.556384051315	564.1434854503048
Q12797	1179.3189134626625	-1808.9616410076153	-3383.4717082396633
Q8TCJ2	-4064.9336618244283	-2893.1565549319735	352.5882011617475
P49810	3119.6385747694717	2090.3872892233485	3318.5230350782203
P60468	-1940.2326139080483	-2799.944920538624	-2043.4570892952831
Q9BY50	3968.8448426468813	-2941.021653031615	816.1650671769355
P62851	-1600.7656843387954	4485.443067442011	-1547.82960439103
Q9UBS3	-396.89240421738464	1808.8078599378437	4375.993080109699
P02787	4027.768413543117	-2956.127975682929	-393.0865463854856
P26373	-598.5318644261552	4220.216253975143	-2631.1159552112613
P0CG48	-3424.382804624642	2052.8724110875855	71.25600019077822
P00387	8.027335368360626	-3935.821905496982	850.1591929525586
Q8NEN9	-85.29144426922579	-3446.313230516539	-2096.181824342137
O14523	4249.804646460606	-2464.31584980147	-975.4366350103934
P62910	-432.4504663597852	4794.409963460438	-1393.29821929843
O75915	-64.15549528600617	-5001.038219252552	-150.9381481046232
P31150	-4811.164059811549	264.2046838076828	1362.3225124039793
Q12933	-2838.264098890336	3641.190302504505	1919.8517683346208
Q9H6H4	2920.9863223403913	-2587.626992370995	-1022.4295071224992
P22314	-1858.7228674953592	1662.5567714124193	-3176.9426174850714
P62249	-1501.520523413759	4316.293851479379	-2042.0579413943435
Q15006	-2510.0572678161366	-3582.6232964301803	627.8007412132731
O43169	1705.3712201656551	-3648.062149468236	75.15896954453436
Q9Y5U4	2073.672357824095	-2123.4994532047176	-2729.972285697384
Q96HY6	-3327.5536541260512	-377.8043344249989	-2239.7730459586624
Q9H0U4	-4392.291490697094	2105.0952010489204	1155.7568468709426
Q8N6G5	3330.7553605675253	-2854.6165119612447	2407.3881804715356
O95858	3233.1057065236623	-3799.302172668602	-368.0263219458419
P02452	-1927.0354113984924	2874.705050788654	3613.0284869256684
O94874	-4472.718032786751	-1377.6670260141836	-1743.7893959945397
Q6R327	-2081.9067474258823	2757.5773877374127	2088.6498058458346
Q07020	-241.29927348199575	4349.932855462211	-2479.8096295023574
P62917	-1910.0360872528568	3728.8704057416926	-2543.05746567137
O15173	-226.45369181489013	-4281.881625058261	-2568.9671323495354
Q9H1C4	-1434.699974581	-4052.768554337554	-2547.345087374817
P09601	4306.942819060129	-2547.1915170573207	-237.34245221667027
Q86WV6	-1410.093952419873	-4399.736912978703	-1327.0719247835148
P07237	-3021.318955657035	1439.7984160061408	2264.439923897587
Q9UBV2	-4033.6490234154458	-2940.3338718683844	-223.97394601318533
P62266	-228.77175549324357	4572.471382663844	-2039.6015387301575
Q8WWP7	3911.316784783999	-1306.6968951796657	-2848.185134776901
P05067	-848.804639490595	1143.6659102326514	3677.3920635239942
P55061	3541.713241471446	-1492.7406511336521	1217.5511434301222
P46779	-2094.20917217689	4376.911578260323	-1236.8549879545255
O95070	3309.6998332279823	-2300.682214783302	132.59706922696947
Q96G97	3854.338090244606	-1086.4216139117868	522.1577507717326
P49207	-444.927324468158	3575.340072774934	-3482.0950419012197
Q96L12	-3376.359305769882	-1215.651919052318	1828.9135081292402
Q12959	3148.457584828055	721.9453986699726	3830.9813282820364
Q8N9F7	3095.935925246728	-2477.0533821321483	3066.8536484828737
P50914	-571.991877622057	4458.050011082349	-2214.5785230713805
Q8IV08	-4097.374763892567	2852.646753868921	277.5137259211192
P56962	994.0332933321484	-3617.3296037692676	3313.173715630705
P40337	-2715.053308136574	2916.6023540902092	-526.5513692234414
P16435	-3207.8888468998316	-3468.777852063075	-1627.6955158053204
P62079	4053.8955339486556	-2605.6283478815085	1363.7624324271592
P48444	-1954.8459092637033	385.2325297435169	-4595.608441000252
P17302	3368.0224284190617	2038.1035499615161	-859.9650828835371
Q6NUQ1	3204.781433414301	1823.3480332442452	-1647.8949665949185
O14672	3671.8451469007873	1019.2233779443354	1351.448267235078
Q15436	-4031.8073093588737	2495.125176950594	-1582.1042822732193
P30519	2125.2624077184914	-3382.0964821382654	408.8097328374294
O00755	-124.49702141621725	2566.1536728600804	4299.696171284103
O14880	4687.435249543533	-1753.7427057633215	-159.19048573822977
P37268	1820.6011590552812	-3189.8757924959536	-3400.7419838570854
Q9UKV5	-2895.0786955660046	-1516.0286800068786	-2346.5163475693885
P31689	-3231.5624516023563	3797.0087002345667	483.8314898238609
P09429	-968.1514846778898	3778.9842204381102	1051.852193375704
Q8N5M9	3284.613333602683	-2051.0331739971966	-1150.4438524167042
Q9UBS4	-4135.248205271966	192.32568590016552	2818.08648058886
Q96L21	1105.2745570234895	4032.04878612474	-2768.9779286754983
Q9Y4L1	-4531.882275795905	1508.538441634923	1388.8111805315216
O14983	1607.482867353877	-1723.8128613691301	-3263.870822992249
P01112	73.83531127526543	206.56513780145178	4030.395309973853
P46777	-1566.150547864599	3397.2173480376914	-2480.6265711970914
P05388	-1066.2291195015364	4061.119887190865	-2729.4866759490105
O60568	3653.810900554727	3163.1018276874615	1347.8399695510273
Q92611	-3439.135511057228	-3398.8013535884834	1247.0994041659794
Q01105	-835.156107034325	4251.511842835586	2508.226447687268
Q9P0S3	3504.724636429321	-2345.848910638475	-2712.6713164223406
Q9NZ01	90.90721630754693	-2527.588880537133	-3132.6644916723067
Q15397	961.0351370452632	4555.999240882307	-1857.2650475216615
P13569	-3091.036662373733	634.266308837597	-2431.938826315581
Q9H0U3	-3758.2664129293735	-2540.538675261482	2082.123181104736
P21964	3681.3260640148937	446.84094527100604	-1566.7741126358842
P27658	2935.891003911994	3601.5930282633103	1889.4830634670177
Q9Y5U9	3282.1817560163363	-3404.000240478771	1632.7742282272598
Q9H5K3	811.2663451689424	-4434.694512403396	1292.8669475835864
P15880	-532.9267638923553	4694.848276866983	-1668.5351479746046
P47914	-1722.3048684410144	4684.649978299592	-443.0002044823943
Q9Y6M5	1103.0023597894956	-2175.1154602212146	4366.317401760519
P04114	-3875.8710629917937	-584.4598757564239	-916.5015231092742
Q6NUQ4	3460.1619373571943	-1515.6815141079155	-1448.1738941688686
Q969Q0	382.797434025239	4975.139107479942	-477.28436278230043
P30101	-2349.793312384165	2285.8584493165968	2331.5249615966222
A2RU67	2983.832086717579	-1571.5041733191747	-3697.4358196813346
Q03518	1097.3127632734804	-318.54521409253937	3872.9504522508564
P18031	-725.8726670752684	-3830.545429807305	-916.1306436879642
Q12879	4338.766651140368	1754.1897029749437	1793.5581944928413
Q9BUN8	-1033.2207433897916	-3548.7727076045107	-1597.867851585293
P16615	-1453.7162393341919	-414.9880522773183	-3719.6194855669005
Q8IWU5	1724.8434482141345	1626.843510313948	4410.499866461423
O15354	99.20454642727417	-1818.110587323232	3599.287212326025
Q9Y680	1573.0104397339335	-4084.3973609690784	-2418.906348586143
Q9P2W9	3602.49227072726	-711.2433199710563	-3404.0788911457275
P0CG47	-2669.5132902020664	2552.382805438127	1625.8933548670525
P16234	1663.4935744081436	425.9401863820477	4700.753213378169
P26678	4004.7822003095885	-1928.7972170517342	-2311.6152523462206
P29692	-4271.325985249568	2531.404466176466	587.9043319332698
Q96JB5	-4255.74007314216	639.1635193891615	-2552.2308538808834
Q9P0I2	-948.5960749747458	-4116.612301964741	2690.608174067335
Q96DZ1	-1822.777095387429	-4421.838082338846	1421.7076771465759
Q969V3	596.1612533561348	-2722.6926629543286	2917.578630256148
Q8TAT6	-3260.3555618899313	1001.1617886644929	-3665.610952735408
P62854	16.824359336701708	4402.830576158818	-2394.1443499127436
Q92890	-2963.7036099351503	1823.171516193603	-3602.441699070602
Q93084	3528.4246220059117	1442.7242264022384	-2937.5181110979393
P62081	146.09098735819325	4530.012777696472	-2138.806138147403
Q9P0L0	-1347.6391167402917	-3485.887522060982	-1381.2338054440654
P61803	-4576.732738988462	-1672.3752659398147	1168.6844354201735
Q9NZJ5	-1594.6795877818756	-1798.5550631371718	3244.1131989197634
P10321	-2316.928439992702	1938.9411647461732	3992.042411645387
P61586	-3659.654317786365	-292.8761687938313	1664.9201731497385
P62263	-792.0369432372181	4775.036598158807	-1291.376182554142
Q8WXH0	1382.8014146520409	-2235.8523903930372	3030.214677141093
P13674	-1326.2484558555254	2913.874500692322	2455.1155090126213
Q14457	942.4447288023057	4459.342500758741	2081.1936736069224
O15155	2881.565275617022	-1666.5145903814525	-2282.6574189381695
Q6ZMZ0	1889.9966286549168	2343.3419889186466	2675.2787603383777
P35610	-1550.0728459083487	-4729.838434882386	444.03158784946015
Q8N138	4707.400657451304	-131.29952352027914	-1719.6669816458927
P01116	-1475.9656487323214	-2635.557592143372	2571.433297151887
O76094	-2862.917616732387	2518.292218977629	-3235.3567846415294
P27635	-894.175065877578	4632.193797126514	-1677.826022768737
Q04721	-938.2219588080006	3870.6387146821753	557.4112165716214
Q96A33	-1572.0777479783953	-3663.800198813754	-559.7383605803961
Q9BQA9	4693.578656872574	-1359.60665073986	-1114.8519915839547
Q8N766	-1831.795116283568	-3563.557944994084	1761.3392367819831
P83731	-1944.1218912309819	4057.862172901675	-2196.6460377311323
Q8N4V1	686.7696809024853	-3939.894974287817	429.3370249524983
Q14974	-3940.194657954079	-159.0520862353632	-858.8314843747316
Q9H8Y8	4.3786721741133405	-1324.4570696529177	3797.7842770229763
O00767	2591.2221609302574	-3191.70199679055	-2296.4390032250667
P48651	2699.317135590257	-586.7096302097032	-4174.669667050382
O95470	917.2072936200537	-3063.7602196811977	-3847.055310750418
P62847	661.8275846791119	4514.558047949422	-2079.8834707893493
Q9NZG7	4848.954214391951	-1153.1026483299645	-530.2912428140125
Q9BSJ8	-407.9909643280785	-3771.225156690556	-1369.6628933380919
P04844	-2504.5191228024482	-3142.4424738136577	-19.019047816469094
Q96GF1	-1148.8890255566814	-2799.5842799249735	-2838.378519982496
Q15125	3013.14978026452	-2652.837451319388	-379.48700208279877
P35606	-2220.193047986231	-917.1885327987274	-4392.2239390347895
P49069	-3319.5421606974614	-2507.69998009871	-2778.452451518872
Q9NR31	4727.484271104255	-660.3881272212298	-1518.900607543567
P28799	1056.801768575929	3652.916670124766	1354.3735455439462
P10909	-1485.4833613873857	2397.0913120715577	2885.8105739472694
Q9Y320	2746.712873877388	-2650.0880350477573	-1347.2835315762416
Q05707	2198.9942999360865	2992.3377852987387	3366.389829339935
P24593	3437.564023388567	-461.57251065618374	2310.434293905096
P46531	-2383.117773291375	-204.4401056502141	4097.795189529914
P20073	-1052.9679749011686	4876.661831411577	454.21160255817273
O95292	-70.85220083621388	-3923.058638226238	-845.4116807156523
Q02809	1403.9483679893376	3600.0285014177216	3191.730117593454
P14625	-3408.250915219257	-348.0031571928018	2126.051181202811
P01127	2080.682436575775	4301.855912318657	1512.9922529091336
P56180	-3388.3940352198006	-1232.6468085801866	-3475.70673670081
Q15084	-3754.193522500513	1152.3551279755018	912.4440183218602
P05556	-3016.4871966941014	-10.712776778664349	2678.8206430229407
P62258	-2328.789026162479	3183.69480402712	755.9049772098948
O43865	-4990.28607771853	343.3311100599175	-202.50054121352898
P42345	14.189928931754952	2650.0573123227623	3031.524839689282
P63220	762.9880520358041	4320.702249309774	-2426.549648536707
P51572	-2994.5284434013947	-2646.9597093180887	-146.13606890143606
P27797	-3256.0937454133605	991.7244823094354	2602.388947738731
P28482	484.810371580377	3794.1109801111024	1273.221171282198
Q96AG4	-2673.9293391542233	-2158.2874537465855	-2000.0927947710995
P52306	-1763.4217462415118	725.2689367339449	4626.4897901375625
O43318	-3268.5025430763717	3791.2910261469037	-121.08775563332934
Q8WXH2	1224.212514892883	4580.586518088983	1609.0675211405264
Q8TED1	4396.172695881812	-1856.7912288078994	-1516.0609836782714
Q12770	1403.9061259619118	-3315.98165729365	-2032.8986425401642
O15027	-2614.144810595162	1115.719120510032	-4114.159190624274
P61254	82.25495504473261	4912.301203470829	-998.2594389983482
Q9NUM3	4619.265298283552	-1686.119831853745	963.4470508578
B7ZAQ6	4985.392202480394	-390.3149358522379	333.8255200311823
Q8N5K1	3280.513091759091	212.17028764389866	-2342.74288273748
Q13438	-2864.948249955844	-834.0437230100474	2693.604833853465
Q00765	702.5965195434942	-4913.02048968339	-634.251637149955
P01308	612.200249024039	3287.9246482779686	3730.178845747696
Q12981	4121.345161795073	-787.9257324180588	-2730.1140778564563
P16333	2745.339128739308	2523.995213994972	-3335.694408586959
P62906	-1360.8341748721912	4044.0807776096217	-2622.8843303133744
Q15155	1847.64009790584	-3543.3166613339345	2989.7127135288306
P51654	1831.3727065996752	-3910.890597415321	2542.9381592521745
P55084	-3531.9011959151867	1647.464950981792	-1011.257708780473
P62273	1068.9077606738554	4824.696381642787	-847.3478745775566
Q16880	2209.735058590767	-2915.308900685458	3417.7806725912546
Q7Z3C6	-152.9495667745657	1863.4122194077336	-3579.035699664518
O00264	-2382.234631755468	-1780.0003444291374	-2717.4927934637785
P01135	4650.151128608022	-350.76739586210715	1828.519604645563
Q9NQC3	1116.7197886968631	-2854.753327933818	-2620.7239630017366
Q5UCC4	497.28300262134604	-4325.109561538807	2481.5767748757085
P50402	-1086.2107528773097	-3116.7881783022076	-2290.2155231650604
P13747	-3940.1032612618947	-1877.2474813278855	2442.1902706863784
P20036	3496.416803080348	3577.728889507138	209.42964690728982
Q9NV96	2137.4084711241353	-2197.9151270457687	2622.4401187231024
P46778	-1208.4234516209788	4734.092821004133	-1120.2716208611596
Q9GZP9	-2439.5645521674933	-4240.523024561944	-1013.4082904053537
O14579	-1461.198759309783	-678.9185520962898	-4741.712302003775
P08034	2994.5046824173887	-3797.46130054293	1279.2828904228384
P25686	-1755.8309605301172	4509.141296041418	1283.1899193944182
P62277	-1002.6506704168095	4410.018787474468	-2153.028377895329
Q5T4F4	2110.863357184258	-3958.576604366138	-2221.5794926328063
P61247	-633.1718126630285	3712.1620264778444	-1821.619876053674
P23396	-1602.9447916615982	4588.706711241186	-1189.0927307903569
Q9UNE7	-534.2157750774668	3991.812046990098	-182.73655181080613
O14967	-389.5437584325049	-3291.2365768553877	3491.9344884459542
P05386	534.6576760655713	4755.658452794551	-1457.453458593238
Q9NPA0	-931.1592267632234	-3888.6225655460253	3011.2819453533834
O14653	4719.076997419819	-1590.855860269947	531.1675998527844
O75460	-3771.4231225551216	1020.079304902186	-988.5896749660969
Q9Y6I9	2458.8772924308046	-4352.521370525409	-320.22952143693004
Q9UGP8	-2479.467409014695	-3108.716242741252	-641.6131096246402
Q7L5A8	2128.164583746356	-4334.770215716358	-1319.3011538559276
O43852	-4040.5396531940696	684.1562325739659	2854.7250339991924
O75396	3010.7884087980315	-2320.7357327700206	-1339.1402837688538
Q9Y5Z9	1682.7977929280603	-3540.5637056964624	959.1168845463643
Q03405	2139.679278499351	1993.6589917780568	4073.6344796875014
Q9UMX0	-632.6556863080388	2210.5601691253546	3293.3050581857515
P39656	-4162.645386104075	-2537.0130405139216	-647.6047042752988
P61619	-4413.601204754319	-36.364451735709174	-2325.306484943131
Q06481	1118.5822496221497	270.0734966000709	4873.959201945003
Q9H1A3	2779.670094441625	-1809.0459515419254	3751.086031527783
Q8TCT7	455.43086178403223	-1134.0989571010152	3837.707520127876
Q9BYF1	-2227.614855514835	3061.7514420797243	-1374.702035119229
P63173	-910.6291303742079	4839.665414075358	-929.997192617222
P18621	-1899.5098309243492	4321.085742665785	-1672.8792481940668
P27361	3876.422090296386	3122.3447180976646	564.4118548733204
P53621	-3893.2427533047367	-539.9027669132932	-3069.293418921354
P36578	-1563.8848682847668	4125.003293898347	-2360.8776449888032
P62280	-884.5193390775323	4261.280850854009	-2484.518214650506
Q8N511	1564.8617946287156	-4725.65407930437	-523.822717982356
P78329	3721.132608345544	-1866.2179688977747	-2786.171024972203
P43307	-4081.1203745754287	-2324.9990266574882	-1511.1293517787926
O75477	-3681.5921358008322	-2896.7889184149276	-1717.0361733642906
P61513	-1244.789555289957	4521.33454830326	-1764.7936887670587
Q5J8M3	-1447.4331744168428	-3754.9380845518576	1228.3069064490255
P62820	-3434.3404903630217	1821.5652672938666	3149.911361278752
Q99942	749.4646958076262	-3118.2665635485077	-2668.970354481062
P62753	-1266.4663179866911	4611.464492327014	-1476.8821367892513
O60831	865.1534062083389	-4377.089551921443	-2265.9271794172823
O76024	2783.1690132881054	1233.025670731611	2618.5462153710687
Q86VR2	2934.3038862072954	-3627.9685239030246	-1118.7727752165918
P23284	-3957.8345968847593	992.7202906360448	1912.221416577341
Q99683	-786.019450590185	4515.039148701309	2025.9410264277103
P62750	-1010.377227749377	4693.778730039004	-1427.9533612341024
Q8N661	3696.817985924788	-3128.1551108932385	-1253.254117680528
Q86UP2	-4596.969107859953	-1895.354204495046	380.80401055354486
Q709C8	-1743.7650807105126	-2545.7684375221397	2600.455607077815
O14735	3838.2589643793062	-1047.636830672394	-716.7531125126845
Q9BXM7	-4865.649445370986	1089.736389287609	412.468288862805
Q13217	-3605.597688997904	958.8752783253616	3330.4294311939684
Q92673	785.250110668204	4228.720825043529	2566.9978068712626
Q9NRZ5	4896.710040629446	-1068.626832574144	-38.47348031099202
Q9BRR6	3576.8284086271465	-633.2954840296411	1760.2532840723534
P51690	4384.036261739666	2354.409423448566	-664.2992253105404
Q9BT09	4418.234608582203	2255.6632790129884	747.7363802850916
P13667	-4345.549445428403	4.769395780794667	2459.9200783046035
P62841	353.44482589609294	4852.00771208206	-1209.0377902556233
Q15750	-1408.5279558708696	4712.928112369584	964.3817751253912
P10415	2435.8922398908167	3196.809949665464	99.36144115734736
O60260	-3003.290527128074	2216.0523793780303	-1134.664637459413
Q8IY26	4405.220973187317	-2348.1330612504426	400.0361332545646
P09382	-2106.0858659774603	3712.3059071242556	2606.877469550291
Q8NBL1	221.38534584016116	-1611.120063880562	4736.351182439542
P11021	-3609.842868941117	950.7843050497451	1345.5008288199572
Q96HR9	2362.9812486625665	-4297.546477443927	1021.7884856455686
Q15041	3788.507262668087	-3277.849204701984	55.065458644246114
Q9BZF3	-3219.3186319953543	-2540.237719821037	2869.0716336795113
P60866	-1564.4261883148556	4660.51769147015	-927.0358886784911
P01889	-3731.170939326908	1453.0955809535014	10.677542870632987
P53618	-2228.745715431693	-418.3937942917353	-3343.7738109254283
P67809	-2680.3647559228148	3965.913279823142	-1428.583661255635
P46782	-361.0330984816478	4882.209695382304	-1063.7643209429189
Q9C0E8	-1141.1979808102155	-3305.785689945336	2006.954444309657
Q5T9L3	2313.9793736495926	-1009.9925756970867	4325.908710152608
Q9BRK0	4898.671408200279	-193.25679495550685	-1052.4979871553965
Q9UNX3	354.86381241305537	4681.840169805845	-1755.9815662320277
P29400	3489.653823939267	2185.4479322690777	1598.574033458995
Q03135	-2042.3203519912654	-482.9903682398231	3428.043616996938
P06493	-32.31091602223832	3851.764785780529	1219.6609169541864
Q9Y678	-2690.545929366843	-552.7780397174456	-4177.461309882233
Q07065	-2082.806980271125	-3281.157440846022	-1071.9403454374897
Q9Y385	-458.85689696463436	-3526.265936942343	-1873.7121427875052
Q99675	4190.664901459698	-1401.1872869107613	-2356.676866188282
Q6UWY0	-230.80340322262552	-505.13776721512005	4975.989478286855
P26641	-4605.0600605124355	1415.9138305505276	-1334.4945621023946
P62241	-779.6248476592059	4536.305392360465	-1978.902260892793
P46776	-105.17218343549332	4161.057953507262	-2790.4118498478615
P63000	-1756.69986815289	3626.5361775114216	2971.5086870247983
Q9Y679	-4570.260453458251	-1985.7892075519194	-242.81510493261644
P62979	-1926.6231998771518	4433.835730131479	450.7435165918957
P54252	-968.8327063475487	3396.219627639253	1917.2802118865704
Q9Y5M8	346.0849337974035	-823.0211002554561	-3930.001577773261
P01111	-273.9128774288418	-189.96646905663636	4014.103148905991
P04233	919.9649073089743	41.69071691523203	-4186.729276529806
Q86TM6	-2379.1872772480074	-3228.5358360021855	-262.9129324572867
Q96BA8	2898.3764483817245	-2304.4312953025624	-1608.5591984016119
Q9NZ43	4416.586488260952	-670.3608675917238	-2263.9034630579367
P49768	53.365770736197526	802.3054538761485	3954.34913385415
P34741	2773.0580940373156	1022.5192549926867	2754.9396462977734
Q96KC8	-507.32625207682116	-3997.663008444061	-166.9867483015541
Q9Y6A9	2014.473804443729	-1905.8544335503523	4166.25900229663
P17706	-1291.5016434382537	-1108.6562170578193	3654.364465869314
Q9BS26	-2685.249319769795	1038.6082182966268	4094.4706163598703
P42677	-1217.4812030953635	3706.4570092573417	-3134.363682683651
Q9UHP7	3698.2261359140534	-2325.2169887712207	2444.246656089048
O43493	-3401.334021315664	-818.6684853801155	-1897.6175615389018
Q9NSU2	3863.506147649403	377.1406953224607	1127.7376212742377
Q8NBJ4	3694.68240954962	-492.83546966079945	-1528.9315488153045
P42766	-280.2921231932364	4683.48098907713	-1759.398955774654
O43402	-1055.443325966041	-4829.287348277216	721.2794620025367
Q86Y07	-1261.2397728509834	-1168.9164091452026	-3634.170344024689
Q8TEB9	2127.555321752788	-1246.208390042929	-3169.191696305683
P01009	-2561.228434067099	-3928.904088480828	1714.0433862242096
Q5BJF2	2149.5889837336945	-2833.839301290455	-1917.145715038196
P57727	2839.026597419635	-1052.348767959889	-2673.329031174637
Q96BI3	3031.082876037711	-586.8711530403493	3509.936740823999
P02751	-2531.8704350283933	3437.6557860751873	2611.321968008645
Q9NTJ5	955.5593710691602	-1714.262567536921	-3521.7026255251585
P49257	-3112.8102545791794	-2353.6772972521335	995.7862108161056
P07307	1355.216525649603	-4690.5999444945855	-1101.2202883129808
Q9BZF1	462.8264537857839	-4002.0758998982483	-70.97958430701769
Q9BXJ8	4317.680668294178	-2011.3274560468283	1552.8156595243054
A0FGR8	-1813.623308796587	-3596.1429541941297	4.397234517863444
P04843	-2880.042314230404	-2721.952087714867	-402.4197666288057
Q8WVX3	4896.857421424262	-823.5763008540074	-680.0023223924729
Q8WWF5	1553.8604917581902	-1229.4554877908513	-3516.9255457397962
Q9NYP7	3647.331657894809	-3157.8267880589306	1337.7562259256144
P02652	1165.1346229844623	-4002.710231222222	2762.5849297805885
O43889	3419.168994444759	-2035.0164413636387	-576.8342432056814
Q9BXS5	754.3969514635488	-28.948184488418498	6085.04297478
Q96JB2	-910.837555248294	-474.272387096699	5972.934177184024
P35613	-303.2725444589478	-267.8758102258508	5963.640039242722
Q9NRZ7	-729.4934231804144	512.2713401193168	6080.570561046399
Q3V6T2	628.0230602886674	-327.1497986686831	5708.2902452966955
P49407	316.2465980183011	-480.5537188850638	5774.175421099126
Q5S007	223.16942205591656	-563.1992651460183	6125.072278749935
Q53F39	-203.45061635047043	593.9379143987552	5997.475198994271
Q96GR4	772.4945890789405	504.5677185198485	5933.055532118124
Q8N6T3	745.9066819502362	-393.7925922974897	6226.7747415166195
P49755	-604.9557495401075	-303.20440072955324	5695.6893888021905
P13637	367.78078961868437	575.6725366657968	5938.082946722503
Q96GQ5	-514.4125061703112	355.1266700959188	6292.889618607517
Q9Y3B3	-986.7966107768618	-418.17891192008904	5888.256821667786
P12830	-431.8747385946703	-158.99215305960035	5633.0488406535
Q9H2G9	-610.8851470309096	-538.3083693747565	5931.93278049743
P53675	273.4677397992379	-589.0450930075531	6026.417078609764
Q13190	96.28787704981391	109.2535561661795	6393.91270371304
Q13635	212.3237491508666	563.4871527552715	5873.277591258383
Q15363	-795.757231924532	-506.2798725333617	6029.104324919362
P20340	96.96710031676587	-547.8025929494769	5839.92985736649
Q10471	-249.82457290079003	582.6339259634074	5930.457717704201
Q8IXL6	1243.928056648346	331.0544812495813	5969.221365668666
O75063	-727.4922743445483	457.3689903725408	5826.679939193843
Q96GS4	-719.355880221351	-227.57815805252676	6316.080111327423
Q9BYC5	-348.656192384414	492.4464316919993	6211.3251101101305
P36406	722.3901855081621	-524.6347648581515	6025.223010686316
P29317	496.5323828514604	48.52739647935452	6155.636151361592
Q8IUH5	-23.42743960076476	-225.73081266817493	5835.966114820556
Q9P289	-516.4002257452529	-322.3903931970737	6309.105308969228
Q5VU43	-24.07508388982512	-496.6051030398167	5775.979374664707
Q9UID3	-449.43119015995046	-103.41387712494944	6376.405041796509
Q9H4A5	-198.06680777587388	412.72760716340014	5715.686111431161
Q8TBA6	-358.9902231131024	68.54217327281525	6239.669381195991
Q96DZ9	-413.16823713898816	563.3349580647849	6086.837968263125
P22607	-3.1341315191116688	-598.6857654695422	6021.270583421592
P34925	1398.191369648429	175.70423638568252	6087.580282726268
Q9NZC7	98.61667873448793	-274.6110110511668	6355.59363291486
P60520	1081.2476463268229	-347.6248196401811	5848.431131577792
Q9Y6Q5	1269.580587410089	-163.74030195365998	6183.762859481464
Q9C004	422.16576001527056	-557.9084853289918	6021.934342248469
P16070	303.75847898224396	148.62259905532036	5620.055766672286
O43505	639.1446330110041	543.1910948839777	5997.603857447876
P84077	320.199213982899	-464.09714868276654	5908.352248320543
O95249	127.36313472951439	395.14698208870266	6299.223671130054
Q9H0U4	-237.76339172915857	-592.4383412980966	6015.5165673190895
Q8N6G5	-32.69585071176026	597.8521786609359	5956.048939807467
P46459	68.4573712826696	206.71883522402757	6376.639287416657
Q6R327	-92.6472986516109	-549.4674388209578	5838.8745738761745
Q9UJY4	732.3216839893628	-193.77276275213504	5783.0982978041775
O15162	387.4707394971975	528.5051899041028	5838.829894727378
O43747	921.0846870207415	-216.01746976657594	6022.7092543754725
Q02410	667.9345227116681	-532.2648685890299	5949.07986403971
Q8IY31	-118.85318420394688	-518.4446905389389	6199.429563760928
P05067	398.0593175990945	-85.80629741650966	5879.9500515524105
O95070	0.6564049617923029	8.418426580236185	6401.929000094086
Q12959	269.79128040124243	-466.9399564646908	6239.938693123042
P02766	1188.4762520279514	-364.97157184739575	6031.17639032585
Q13021	257.975191002867	505.98950591413836	6204.836864190404
Q02750	-542.1487840010606	-441.196997434468	5770.755478581794
P50570	138.14880882753792	-258.4625358055581	5640.435213328443
P48444	-713.8815603638059	-184.0608794087371	5670.183663001987
P17302	152.16031470730394	180.64260225583345	5669.564010586753
Q6NUQ1	-400.9206858014651	35.51511009350605	6384.490024147955
O14672	465.8923038062859	295.8701000377963	6326.048747633288
P21730	-328.0161090570481	546.5529457247987	6143.255453733912
P08754	454.92972149863147	-562.9248960610358	5932.037244068437
O43561	361.3244778494628	544.0072833038477	6141.810031904428
P01112	91.63092533248663	-298.55273576968017	5853.042470340988
P21462	-752.5568327113015	-324.5898917941716	5729.964193078045
P11717	511.3354600135649	-339.73382589167227	5844.543726340651
Q96NL1	49.5004703358911	265.6645790540729	6193.57281201283
O00459	372.52678044288814	-298.6311988228044	6298.779867790238
P01903	-988.4978835678448	451.47217766496243	5998.94481596214
O60499	-115.19439237020454	112.97196158375397	6393.536604213131
Q9Y6M5	222.3246510642889	207.6664250062087	5628.527595551512
Q12999	-513.4928892442534	559.2114960116901	5944.433451823473
Q6NUQ4	-344.0447237305283	582.4588850077429	6029.703164274013
Q99996	-398.16749002956766	-559.5868405293703	5901.328434689585
Q9BXS4	401.08547036846085	376.1630091919119	5804.659830848743
Q9UBM8	-891.5047986131357	483.84757933617686	5994.042244026883
Q8N1B4	-1037.1982722249018	-272.88391760590366	6226.389063133218
P48730	-20.672119422400787	-293.54361247464726	5652.838861432226
Q9H9E3	-825.8391548261561	-208.65790339369346	6304.185585547737
Q9UJY5	807.7392487253078	-80.88959839771059	5667.819185064273
Q8TEY7	480.88911226523885	385.7202389203349	5722.870913116149
P01130	-362.3918232597204	558.4969055127954	5887.514990277808
Q9P2E7	871.4772129110189	427.1455637186448	6159.462532364761
P46934	544.3571131277281	-25.990757491153435	5628.169876884034
O15126	-213.27198989664868	-457.8160208656464	6252.232303415667
Q96QF0	168.27616577387784	-591.3318995070612	6055.295574420365
Q9HD26	447.3920768857483	166.72429358091227	5740.720723526311
P51151	-10.294993118482795	-172.84305173942653	6304.643607827492
Q00610	366.23634408380605	-384.1144793609096	5899.916949555331
O15155	-105.43940432758879	223.1662105867738	6370.793690644836
Q5VYK3	-432.61195539161355	211.7985091775021	5644.366802913338
P01116	62.86120102065421	-211.95998752089938	5994.176295582788
Q04721	497.43113423176305	-361.11490143434503	6289.879803473728
Q92870	506.54430112136544	-342.75836935224885	5986.4564908786515
P83436	-1167.9615979473638	-351.9984347429084	6091.226054877911
Q9H8J5	537.1805998377374	24.277716768431326	6374.567346505916
P61019	-238.29836852416176	-555.9417364143557	5867.3864166096255
Q86SR1	1013.8404088246764	406.22535826341453	5884.8242038873805
Q9H8Y8	-524.2026412438921	-262.35835402706596	6043.208576119939
P35606	-763.3184857093758	-53.29091258461756	5657.173741853661
Q8WVM8	-278.64882079750754	128.09293478045439	6384.3240292741375
P28799	299.1830659993529	-360.0996209748025	6309.978149135773
Q9Y2V7	-637.5332492466841	-295.1732924345429	6204.7020669180065
Q9H4A6	-284.0407368551982	531.7069403516633	5828.635450390829
P15941	702.4657960840518	407.5507613783889	5775.082515726897
P46531	248.9531010381218	-180.95812080186897	5623.685769577516
Q96CV9	464.58970519642793	-434.5643425571668	5752.3763323528965
O95292	-42.761518404861945	274.2861447053129	6034.005902748761
Q9UNK0	194.6678838769459	253.85341739250285	6360.253321765194
Q04656	-135.00670752232227	-74.04018933316172	5603.680686283576
O95721	-186.40575622833563	5.420732209513243	6398.9239140734135
P42345	-291.4016047512489	-426.9740479231329	5730.551832564691
Q96E35	-1463.6824908830718	-122.13669822936568	6035.697304120504
P00533	433.00856507228514	-46.279530935141416	5899.93612798697
P28482	-138.98983379066533	-322.3908487904526	5665.611850075702
Q6NVV3	-498.18632096735337	486.9227882699837	6192.74314728714
Q5T700	-41.23001505533912	330.1617655528949	6335.044850530218
P29016	-1455.7718071118002	8.812142582556552	5903.269839034478
Q12770	191.66840635019844	594.073049293775	6005.393397019931
P61923	-924.8413918351293	-108.83468230527338	5693.478125136018
O15027	210.81689127254853	-277.5421697974413	6350.255646583469
Q9NUM3	29.474344190342283	388.2360373165831	5695.843254632258
Q14677	583.7787212515557	-136.77547020272817	6189.041999894527
Q9NQQ7	-387.6349658661218	459.86406721469734	6236.994065880066
Q7Z5P4	-227.51396860770916	563.0698548123056	6127.310008332334
P62491	204.95631370891078	-207.33205834794916	6114.386098208267
Q9UBV7	24.23018735059894	594.5284181954373	6061.936035687222
Q6IAA8	-88.33536041670779	-466.1629853402117	6249.982353601559
Q96FT7	57.668685528770794	-591.893864521067	5932.7163536298785
Q7Z3C6	922.0142097861184	66.6717939302674	5688.843447954312
Q96EC8	-1255.3618654156483	280.79581831073415	6114.559870737218
Q8WTR4	834.7638301345629	341.2446901541175	6244.108295829206
Q96N21	673.6034705433315	-494.93341035634484	6141.155268661883
P13747	-797.6962851131415	348.4977330787427	5754.645904588403
P20036	902.6264200484534	478.3766620995576	5969.844140050502
Q96Q05	927.3464309415124	-455.18092653853665	6083.4544147097695
Q96GX1	-195.2399526540865	505.6981723531616	5789.317838147591
Q10567	834.1523087263163	-330.5068603796447	6124.699496066225
P09619	999.9677281979657	-25.97101410365285	5702.275955983393
P61769	-1369.899226750837	103.0372505479406	5852.9741351667735
O00461	397.7947968583139	575.9962605568658	6032.476164865014
O14653	-42.86867755866225	436.73611532204035	6275.504723691893
Q86YD3	-1499.904454645957	25.612745353441728	6018.550651681439
Q16394	322.8642366500447	523.5117791250245	5823.665539998984
O75396	-151.77974015974263	308.3018087764641	6342.994782472084
O60469	-464.2793556019552	-563.1617577196828	6056.816429342131
Q9UBK5	-90.90561159149135	209.62828922272237	5624.784809051443
Q06481	606.8189068520566	-59.41463012296171	6365.6629501083935
Q9BYV6	1204.499029105981	-256.37887234426375	5834.801561648848
P53621	-690.088375398505	27.630715619872515	5645.94419759398
Q8WTW3	-936.8613148597068	-445.00837262287615	6096.304294658287
Q96KG9	-918.1078083180025	92.48425037750738	5690.967297743702
Q08379	-211.74236645437784	-301.7361174678522	6103.854651303812
P22681	459.50053654206397	-62.18923722000748	5805.314933833953
O60704	134.07838792702287	534.6919852855134	5820.779967738075
Q9UEU0	279.96470853829794	299.62092783154156	6337.769622877712
P62820	-266.2437858950155	-528.7372582320246	6174.331416682098
P13473	78.37039126612521	-550.1520432504915	6161.072396379844
Q15836	-65.39973375005795	74.42726239184123	6220.098206035773
O75379	188.5522971518505	106.47371166882697	6390.890329889654
P25098	18.30041687080941	-61.13847170368605	5601.830298590893
Q92673	1245.659394485067	73.51450649709174	5783.979796994533
P48051	-769.3673260645186	443.10135859693384	6174.877657503105
P19438	-79.97508728384139	-592.6294697301581	6062.121852383852
Q9BPZ7	-350.4334911987606	-582.6847551288917	6034.763513012126
P56377	966.948172688846	56.56856594174995	6304.296956119698
O60260	-14.063773892098833	-143.27468868826062	5897.335198053605
Q92520	-682.7155204078141	534.0067724254725	6006.267925114265
O95159	-682.8715653925886	204.64957841973143	6328.380280624372
P01889	-482.0677920471359	-197.11933076106146	5803.89217542124
P53618	-434.62820464675855	-18.531475823326485	5616.441756819422
P09496	546.6203261767939	-510.10585206962384	6154.98860320175
Q5T9L3	-1127.693552477764	-98.10197506637323	6256.456003287436
Q96IW7	-547.7192154327241	550.8769460367204	6060.863920814691
Q03135	300.49805722995336	-61.610462849613796	5609.795639934328
Q9Y678	-703.2569455228396	133.66162776364217	5659.126554930544
Q9Y3M2	-682.3338993750351	-522.0160543815308	6079.098850106593
O43752	12.6743638701618	97.67654773022814	6355.796825328135
Q13033	-823.0832827334694	-450.4560735692264	6146.6041949538585
P26641	720.9970178028201	-427.78233290961066	5797.258591183108
Q96A44	512.6868577958356	491.3344328042313	6187.324859304075
Q8TBP5	-231.20139661174787	357.90077463171093	6314.239030347287
P01111	123.55531833708112	-245.97976501636114	6013.409860522295
P04233	-126.76162309613058	558.9664813660704	5855.684093925272
P49768	52.66407423624161	-427.18298530285705	5717.640369615327
Q96DA2	-220.23594891383647	-259.24609730285886	5645.3154483132685
Q9Y6A9	-930.527659987037	427.50889610808173	6133.296583706513
Q93034	-23.27708049158271	-172.94499000070712	6383.134367749733
O43493	-0.13038628909953406	31.732194571227513	5976.118435792957
Q86VS8	1131.58583051645	333.66953222144326	6140.007329222153
Q8NBJ4	551.3312940633948	555.3569236395862	5965.393249792875
Q01151	-539.1952003863595	104.65846722145561	5633.851792515549
Q9GZM5	-125.88978463824394	595.9055981757026	6024.273016773565
Q08AM6	596.2264338844477	132.40499020825268	5644.3200616372205
Q9H3P7	459.40405184933104	120.81001235152598	6372.6740885873405
Q8TAD4	-674.6158149848445	193.2950387139818	5962.820652434955
Q9Y5Z0	240.6615289062618	371.9126083649455	5692.122908120785
P07948	582.4568852872173	-246.15987629820813	5742.961566588746
P07550	-57.30367513340966	131.6792276687376	5611.179548277786
Q9NTJ5	-421.6260946423729	442.3382635095333	5754.503286394374
Q86Y82	181.44994170734662	2.9079206956347057	6281.108900297845
P07949	561.7950417909716	466.8294402075181	5798.090956271996
P07947	482.4283909144673	-34.559469414708374	6058.61816324992
Q9NZ52	893.107143873757	-265.21338905276536	5733.243229415616
P53365	-329.89429001494375	-229.72401120857427	6358.9100936676705
Q8IXK2	-1086.942671102761	341.8423908458571	5846.648850826395
O43889	-139.1048906439503	543.1439012485579	6169.138422080529
Q9Y448	82.59190550895029	-78.04981889203788	5205.112599726753
Q66GS9	-12.290877511711642	-51.346713304337264	5168.897223033357
Q00987	-106.94784660659066	42.96321856564251	5318.372013780675
Q12873	-111.57145530893153	-28.21843761471791	5348.072695248833
Q14203	76.82842015983455	-5.835504921901419	5230.918264891271
Q5TB80	11.0091250585804	-96.54582279337377	5116.406086349094
Q9Y2X7	-105.0796458341681	46.86415127179771	5386.361327005736
P51587	-9.786513368728167	32.112453731737155	5397.0622449986295
Q86V48	114.18471314111288	-14.26546553377723	5228.015027671032
Q9Y2D8	24.20766430373089	-93.59113590107869	5091.869745836616
Q96CW5	-114.1442361130217	-15.513375909691486	5017.935667667463
Q3V6T2	54.761104428437626	101.44837578535794	5258.914876545974
Q13200	-35.15175047775765	109.5643452923293	5308.80294901091
Q6UVJ0	-68.26209169200735	-58.58719688411545	5147.798409444547
P04637	-75.85229409932943	34.828717767414055	5326.5433430046305
Q53EZ4	52.929410728814524	-11.850071084469704	5104.658432136693
P61163	101.00116040867088	9.13074162996745	5302.932023775479
O75665	-19.0185993310426	-84.25021669687362	5176.615498551104
Q9C0F1	113.47905797902992	18.750996163968185	5156.078665369125
O95613	-25.3932627799458	-52.70611030406081	5228.970211647135
Q9Y2I6	36.727930840961314	-45.65412771282888	5189.529553314528
Q8NHQ1	64.19704843021178	95.34965096187375	5077.894516572871
P31323	-40.2522606899403	-107.37706781091835	5331.288897189166
Q9BSJ2	-93.47094502321586	-66.68716333322907	5054.307841931849
Q9Y230	6.4504169385640475	115.09078863375517	5342.537189859204
Q9BQD3	103.97014125206917	26.428966278495913	5191.000804673411
Q9NP97	91.24390630113453	-40.54857461722815	5414.711901928137
Q68CZ6	101.81326917139192	-54.208104008207556	5233.704287960334
Q8N2W9	-114.71540138065895	-9.548614307354988	5450.268736189366
O95684	-28.990932634895156	-111.06233981676968	5178.055495173871
Q96ED9	80.63438123833375	82.40737936208696	5008.7742442558165
Q15834	20.398489255661197	110.16229446326025	4976.452084822105
Q96C92	-113.40322550486678	-17.59193283956013	5228.3704330160635
Q8IWZ6	112.89684179898019	19.98474929993207	4950.142937603111
Q14980	96.7184251782318	62.556408299221026	5369.8357568405745
Q8N4C6	38.25196105639308	-49.87994278108003	5207.432937692133
Q5SW79	-24.88240999088112	15.400014647976642	5137.3924761388425
P37198	51.442115159105654	40.791532803557764	5182.219180568985
Q2KHM9	7.249921248522288	-67.30462847960213	5125.858396914537
Q13618	12.23546769673975	44.02236988929074	5321.7016355187125
P63167	23.13113390225565	-49.04180927390296	5291.481746494086
Q9HC77	-92.6676895894311	-67.99531270384344	5128.358694078106
Q14145	-109.12921258744719	-3.4491862194303913	5363.662974446379
P49841	-54.96279729078252	-11.61610997139488	5248.080240830002
Q6ZU80	-11.411628769235746	-114.27580752191737	5155.157498609849
Q8WXW3	22.46089020434428	-112.54532710883605	5151.5168975206025
Q96CS2	89.17363242697601	-20.694795954682927	5152.924699205576
Q96RK4	113.47504130986594	-10.234096802665372	5024.266183699586
P60953	-42.03670350671968	107.48740517523969	5377.454491317853
P50570	46.047166329095674	105.77756235419731	5212.542694734264
P24941	-86.79767814086011	75.93063858014803	5268.812126613899
Q15154	13.195200856086418	-50.46619955086208	5161.811528487095
Q9BT92	10.07498405870774	-14.852779855030285	5008.177738278107
Q15691	10.215946994366147	-40.30154066240851	5262.436789297924
Q92997	-50.98552707795692	88.72426355090676	5123.9673459397345
Q8IW35	-56.10766927304951	-27.896899313163637	5068.353228895115
Q9Y2T1	67.17988579445817	93.70943643649109	5175.5694060054875
Q6NZ67	-107.67890921756974	-39.970716867663484	4968.263348424558
O94986	-72.01324499913751	-89.90990972408841	5206.778603669702
Q9UKB1	-104.38835430637265	49.08883261539619	5115.068199694769
P41002	-45.220306936227324	42.43242833872471	5223.3541117715795
P43034	104.15401514239443	-49.24811119681468	5367.171814659225
Q96RT8	-78.99080201417523	-83.90715823753246	4993.464553421735
O94927	85.98877380768019	-76.25345853981523	5258.547074325554
Q9HC98	-12.272587583847145	114.55067088954169	5175.601944442692
Q9NQC7	-22.839394541921425	-5.314727921233352	5253.234518602795
Q00613	-9.993426958758853	114.97258001966293	5278.483262766346
P05783	65.8384224973803	24.972995567086976	5014.62222577971
P23258	-73.8950866651885	-52.738455961606306	5083.625701486649
Q9Y6G9	103.9867231508675	-17.249740844224377	5352.78386987204
P40222	111.082277107048	-29.71824103010026	5146.7941434977465
Q9H0I2	36.451855886756704	96.50885239968814	5027.294565955624
Q8NFJ9	107.6695742884401	40.60198866284435	5027.1589730405485
Q15831	-114.61838905297434	10.06455201800768	5450.140399190338
P16104	-46.79149822281203	105.47450476226403	5450.082809803828
Q49A88	-29.94998395793893	-111.11696612848556	5122.556508442254
Q8TAP6	-104.14736455360776	49.15422908453147	5047.148427306825
Q9UPT5	86.07505706600054	76.6447729818461	5087.90926653883
P06493	-86.54354094115845	76.24069049008015	5193.202367590584
Q15468	-31.00823803250613	-11.62099674345451	5084.412216661396
P62491	26.708781263289325	112.4885331057067	5278.038111497367
Q9Y3M2	-53.877445136445424	102.02627049409912	5072.340065239775
P30305	-75.09794023144534	87.80003282729635	5065.90841556808
Q92831	-84.98264822544344	77.65345835864561	5379.441317243758
P58340	1.5054152994995846	-26.989631405193315	5347.751213343983
Q9NRI5	28.823224553443065	-0.05603365170843155	5204.5918825821645
P06748	-18.304823749956796	66.13615299988275	5335.989279944701
Q8NHV4	-37.28935015228402	-58.52737422050829	5096.893378484822
Q8IYE0	102.34178465678455	53.01092053862832	5112.432544646735
Q8N0Z3	42.98170450467801	-106.8932831890453	5232.800944647862
P62993	18.24883121439026	100.65524740301797	5377.6503971027005
Q00839	-43.26190220363646	85.2401332273286	5253.333915529034
P22694	-9.759581295381222	-114.66829122345914	5370.516204132187
Q86YT6	-75.45806223963993	-86.84630255393722	5152.817027769165
Q99996	-55.430626996409934	-61.668145448448136	5343.510542012374
Q9BT25	57.65935321614383	-99.52613829633901	5201.401722579553
P25054	-107.47757386471977	40.84886645501845	5262.008246308886
Q9Y5B8	-20.28475057273858	-72.36510275109322	5041.540060353276
Q96R06	27.130131861893528	-24.901074623812203	5170.725193410383
Q9NWB7	104.96649939509085	-46.58904422212415	5073.526296406553
Q5VU43	16.856415212062767	-13.938839444704662	5268.362227410612
P53350	-27.238515648238355	18.588127423999275	5222.698590294144
P48729	-105.46881505367125	11.47489099857553	5209.569653896188
P48730	-106.90933643313919	-42.22245073167167	5259.71526989568
Q5VT06	-25.69336057727522	-112.09422608270742	5229.370263892808
O00444	-107.40254489627401	-37.41643402585339	5167.560611599137
O00571	21.20942398978076	113.29493314538875	5318.252638588496
Q13561	114.85035426231576	-3.99260841392326	5257.279433457234
Q9UPN4	-54.33978624103003	-96.99950680335164	5170.85414676518
Q92597	-37.49854863952979	109.02268054880051	5352.687465485261
Q99871	75.37027966767026	-86.74148835133663	5282.5585839779915
Q3B820	91.55537822780008	0.13229451812386414	5117.413479188962
Q96SN8	-38.634166949661505	-108.46280992521424	5215.70805332073
O14965	-62.48750449698868	31.30654000621086	5234.577456509973
Q96FJ2	5.926662913843249	-80.55638699974982	5298.672318736673
Q15051	31.568901571324215	48.82876672170676	4986.320352642041
Q7Z4H7	66.19767796938821	-93.80259685811201	5228.16062889372
Q96A65	40.59743479051973	107.75854407535716	5139.777119881423
Q8TD16	102.36747016387791	41.04859005084576	5266.4494095004775
Q5JR59	21.358766722292064	20.162536099341644	5101.415061394648
Q13409	81.93917174345498	-12.898949473688116	5335.324766711233
O43303	-91.37152516470057	-13.15148335513458	5138.201187128834
Q96MT8	-3.948893994684588	-22.673764583403038	5197.195460570846
Q96LB3	98.47990350843978	-59.418903681199474	5116.037716295728
Q9P209	16.72548696712645	-113.84587887737754	5077.627667156147
Q9UGJ1	-68.25825574819035	-7.91694932631957	4969.274029924261
Q96QF0	17.047445764896345	113.85707826955122	5083.803584746584
Q08211	-78.71735995359964	84.29112119993273	5350.7099262755155
P35222	-57.168304760161675	94.93154331694663	5247.600472466993
O43237	99.67490982730062	-57.16724827807767	5338.901622990418
O15078	-14.589145959442872	-49.759827309024615	5081.509569924344
Q9Y6A5	51.237812273188105	103.20230731702952	5111.894155252448
Q9BVG8	105.06545888960045	25.146503975134696	5093.769903338117
Q68CZ1	-69.42296313180186	-88.08893647147805	5237.1521731057355
Q93008	-35.80285315894744	63.651823921144825	5158.338420200198
Q14204	64.83393685264974	0.6922050354828357	5323.956759671196
Q9UBN7	25.188292653878758	57.776763450848385	5243.99325484899
Q9UFG5	5821.714626578092	-499.4300839616465	-5917.152927883284
P01911	-9446.788290235616	-858.2563035873892	151.32702599547503
O95678	6167.939161791241	229.6116757196201	2264.2965719987747
Q99471	394.7449729184094	1610.9465364514647	-7327.090533777055
Q969Q4	-8905.39011718433	652.4861467980829	-2589.6381887462526
Q03001	-8205.978287248938	-2612.73080610515	-2775.200411064238
P02545	-8871.430823190789	-1457.4566228312638	-2287.037054086829
O75820	-5846.900922530547	-2779.2196337267383	-5229.952879907353
P08727	5621.410739039949	2137.2835892160574	3611.049230055671
P04259	5879.968866927318	5890.581376535989	-50.190391300485224
Q15149	5350.252818587386	-4561.317751378072	4175.194736964717
Q3SY84	6430.622572838462	4946.358366905591	2444.9817205635213
A8MT33	-1233.77257054393	244.34631880794743	-7443.6897043486115
Q9NSB4	6572.803890746365	4365.313494886875	-3212.3243289924753
P08670	2490.355466407057	-2883.614241434145	2987.8538358185224
Q86VW0	-9138.09124619276	1749.30888725511	-1133.861834812561
P13647	6898.447415899022	3648.22030502813	3642.2419435447555
Q6NX45	1178.0566916183986	-7443.453673980945	233.268917631072
P48668	7517.018850514405	651.7043552587437	4527.434636857426
Q7Z6J0	-6833.038990371301	3304.60666425638	-4054.013663203825
Q96FK6	-3067.910009091642	-669.3174266890381	-7089.2000018693
P17661	3272.2635709078036	-1391.255184174806	6721.529329059658
P05787	5505.149171545719	-596.3238650215595	5083.1244311191185
P14136	1446.941862647029	-2153.5883293486468	4995.451804652508
Q9HAT8	-5245.542193718751	3964.5571300509164	-4859.526069977741
Q5BKX5	-1805.7066429151805	3121.3796992012058	-6689.208413662905
P35908	4287.349497182329	5295.012038224449	4096.8914621303265
Q14134	354.3579312525845	6783.57138467494	3168.4469892592274
O15061	-4539.803957996042	-1219.6717661480914	6479.4885832317095
Q99442	-7470.452947904689	-3852.4689325263744	-2602.182210671704
P02538	5118.357549000391	4233.360939609428	4679.769136573475
Q9HCM1	-1391.8433354839929	-6975.005092509373	-2551.070444918489
Q9NRW3	-4579.214501742025	-1226.6253054764384	-6473.778420149484
Q7L273	1089.560636150667	4812.355316351642	-5694.096042054797
Q9Y2L8	-6459.810799525503	-3787.966658180391	3995.4589117737573
Q04695	3117.41519594391	2275.8907263340225	6528.935563314833
P58107	-887.7812767558393	-5074.49120657538	5482.411509400423
Q9NRI5	-5041.408534206084	1050.2200930870868	3287.749043068547
P19013	7974.922831740849	4062.267202450941	-324.75734929056887
Q6ZRV2	-7383.311764137612	3170.319781086174	3500.1887586436055
Q9BT92	7748.392553791907	-358.9715982690027	3247.3572209667836
Q7RTS7	4575.971070328292	6450.517510397123	1265.0827689317218
O95801	-5263.363857551284	1518.993317213447	-6069.3995700884825
P02533	9083.644906825864	-1536.1044856721235	1585.1473007882917
P19012	5658.288467422024	2102.4253223874703	2644.994445282283
Q92997	2265.8169729423253	-7125.778958396758	-1545.3567332315693
Q06609	-3092.364038726514	-7072.629630141198	-631.2772589198122
Q86U06	-6295.904828825615	-1299.666883312983	-5494.218751575308
P07197	986.9458375142341	-2591.663233410497	6978.456181849316
P08729	1721.7645253821006	3213.725763737613	6633.235221329937
Q96A61	-8255.252802349638	3716.2401435218694	313.7653539613019
Q92764	5998.537436755679	4018.4442340425485	794.2583983715726
P35900	8076.958098192465	-1907.152753152953	2559.370193598548
Q86WG5	-9467.874141480163	430.29189217731465	575.5292488845084
Q9HCM3	-4832.613000376689	-3858.427063127714	-5198.081258374203
Q9UHB4	5542.663884977816	-5933.112074920856	-1397.7388676827015
Q9BUW7	6713.542341534028	-3402.56076511343	-4086.2243763416036
P05783	4275.631873010974	241.6623788150562	5653.511821623609
Q8WVD3	-8201.814550109742	-739.8204940922436	-3738.128849219647
O95045	-4489.166735924515	-6502.829930187948	1232.5071656501634
Q16352	2339.16136653514	-4270.231010073795	5886.086690678128
Q6KB66	9433.091227032763	742.7812198954887	-465.589801654657
Q9C0D3	1603.0082193357266	-6138.952915131363	-4133.907314004981
P48729	-9098.010245319514	2193.467348909505	27.2105645959205
P08779	7857.51658864516	3145.846376217703	2110.4699893499933
Q53HC9	2028.4705676844926	-606.5274048370715	-7309.814528549635
P48681	-523.6997786548469	-2381.4562864375985	7102.401198364622
P06702	-7030.33485639946	106.42923681572941	-5079.794145906211
P12035	9188.037954888141	1887.6505267070631	175.98314694028838
Q9H2E6	-7959.455740597002	2720.9718351864167	-3085.8561808053123
Q9GZV3	-2466.206736754364	-3053.0074456890015	-6581.485357440213
P05109	-7476.4651574399195	1423.6141770225859	-4446.673255967608
Q13049	-3164.0049448223763	4328.031526641259	-5615.562481814863
P13646	5929.325733772851	2671.348987835335	5082.240641980961
Q2M2I5	9090.026231787358	1240.5993640893842	1749.6003736177438
Q8WXH0	-8965.627101647455	-2483.962503487503	-307.33791338649235
P07196	329.8855493579284	952.3051293057789	5816.115447258443
Q9H4M7	-8847.47145060352	-2002.99044283416	-1935.2615011727632
P12270	7909.869759131754	-2310.765591219635	3457.164512703234
Q9NRM7	-4021.4858897605077	-6333.655674135394	-2513.788646097707
Q96AY4	-2348.937986555907	3031.47448448536	6622.262285169629
Q9Y448	2282.0224767876007	-4269.320586709654	2109.830129077533
O43663	3422.824559252511	587.3158729328243	6978.406930162672
Q66GS9	-2341.840368593556	-4053.912153404057	4821.774413159488
Q9BTV5	-9217.198194399907	-1378.5012743908828	1319.7370491216807
Q15018	3065.269333049762	2144.894178214009	-6792.96265867063
Q96HB5	-1713.3899889764198	-6464.535760862701	-546.0318598327148
Q9Y6D9	2119.707111918663	-5602.037994143792	4702.402518249654
Q03001	3331.641751962707	-3294.048864719423	6210.659590398377
Q96FC9	6128.0669357557845	3963.176007002336	4177.40175578926
Q9P2H0	-5295.113189691792	-2906.8578259969604	5515.093996143307
O43566	-2714.6467613786167	5725.60237797394	-4404.851728792633
Q9Y247	890.0181774272012	-6459.918888237918	-3780.978358592312
Q8NHY3	241.3107229915201	-7245.894014896939	-1966.5724643547464
O95922	-8573.39060837017	2043.1299859518513	2552.1263639667577
P51955	-1828.2235671185454	-5143.7793472985895	5258.601043145818
Q6NUS6	7635.383580988865	4500.245017594099	-314.6124427461374
Q96QE3	9135.39988513644	790.3956397446599	2010.3157701565415
Q00610	2996.226797636107	3588.168615268476	-803.8069710931003
Q14203	1426.3678087425828	-789.261860215868	2687.2222741873043
Q9Y237	-6962.135646581723	5125.11684311531	76.53537423747551
O60285	-7992.711477711279	-4063.518420917392	497.66907656103194
Q6YP21	8350.150384006765	-145.34253565638323	-3632.524157605471
Q8IZ40	8209.342313810359	906.2926551904054	3708.3921540237598
Q99550	-5714.860239078898	-1992.4985203253118	5666.812135219929
Q53GT1	5602.405105661014	5560.474313783633	2479.023946378379
Q9P270	7667.675551569091	-4399.909700219913	624.599081299635
Q5TB80	-1212.8760975098835	-6428.178818242314	3775.190835683958
Q9Y2X7	-3282.8580132259012	-1161.0638040503316	5345.856658559442
P47224	5475.186436096963	-1012.1332628231162	-6074.390818564996
P35916	-5103.810700002027	6251.60832703781	1109.0177528883892
Q9H0E7	-8877.652031560834	-1285.5461613885484	-2375.4993967373643
Q9H8V3	1012.0050449318448	4358.0470061410515	4072.401823109235
Q9NX94	5582.367911013503	4946.310872119003	3553.2309653690936
Q8WWF8	1802.8123632146126	7268.411429921498	1326.4349578246
O43379	-4440.612661383929	-6624.3392916345965	-638.4856211041825
Q86V48	-3312.8405489481806	-2194.275302724895	5956.184804178642
Q9H0H5	2651.052079570005	6561.248865677203	-1492.3269563729793
P28062	989.1093110548403	6992.594658669742	-2668.0384341339836
P78371	-1873.0351546737234	5516.714708299162	2576.9780786792808
Q86XJ1	2315.445443538274	556.4694235939609	-7276.5243629357265
Q9UJP4	5687.979427804543	265.92945068292096	-888.464899466782
Q96CW5	-6178.630701369383	3287.5642383455665	4665.0058555772575
Q9Y5B0	-8116.493956154775	-2551.8332717946573	2968.697185792798
Q3V6T2	-2369.588884739638	-2981.567801648174	-737.1489257714577
Q14244	4129.851220234789	-3855.689108086481	2864.333785061008
O43521	3523.523346501673	3466.8018103984655	-4194.435591044372
Q96BJ3	-9174.392339514041	-207.58540608439404	-2034.9656869482576
Q8N1V2	7468.79534459611	4129.775828757136	2193.1498436077313
Q99689	-5455.997083915538	-1120.3500770240184	3178.2822349340936
O75347	-1307.2917802579736	6084.666484094692	4287.015298981635
Q92845	-7371.981415138808	-2913.840678482973	-3753.3592030505465
Q14807	-2270.5025674345134	-214.12488349708488	7301.018503967251
Q96KN3	3816.204428089244	-4755.826073339097	-4977.361554483146
P31749	-314.2350147713015	4.139457859148184	-1825.5023737897732
Q09FC8	-7781.4219495084	-4271.259836125411	-779.3246484392952
Q9H6Y7	-7679.12554836808	3157.636268970094	-3142.962912037506
O75420	-3581.2798378553985	-6797.827523955467	-1175.377451685434
Q9Y266	4851.126868553755	5182.2668403465395	3861.5157976456594
Q9P2J3	6283.775246646901	5647.368668787686	15.319760490400487
Q13200	2268.835803852483	4652.490782509879	-3006.387937130908
Q6UVJ0	-1984.8063900827656	-4795.815299282143	5560.350601558595
P51808	2798.6677336320195	3877.0180693541083	6041.05398836219
O75449	-1573.9105031684205	7397.040213964593	462.6221954524721
Q9H4K1	-5213.977501713946	-5327.1276518678405	3331.661120057271
O15392	1503.8733353588052	1031.5329227242157	-5316.115654523249
Q8N3U4	-1888.7130567503825	5215.320133543577	-5193.114117515243
Q9P242	5474.749002208834	5398.167659627201	-2966.5348131538135
P17987	-3813.162163905878	5678.29925173563	3869.069188264486
Q9HCH0	-1704.740586366214	-4441.431150043309	5910.522180479634
P36405	-8918.681524630609	1897.1760761594849	-1871.0357970829923
P31152	-6691.04831304092	1758.51027782523	-5055.072065896799
Q53EZ4	-1440.7461701444847	-4457.60569350537	-566.7370277798143
O00429	-8728.548457510964	2590.115287222866	1584.5309693297797
Q13009	-5545.484929732469	-6067.077531411331	-685.1015534827964
O75665	-1356.4702747074	-3987.5198513506652	5114.582394176549
P09488	-8123.817267874265	-888.0296444931371	-3850.264484822073
A6NNZ2	-2147.650969318209	7326.046890201026	51.13611609343765
Q96FT9	808.988563809532	830.2308594838435	7433.305609213902
Q7L5L3	6914.910001270583	-4852.709355617102	-1789.2629873484939
Q9NS23	-2373.163390168308	-3806.702749453215	-6189.555889148142
P27361	5523.873376025564	4065.2924022715238	2013.9232385901432
Q9NRY4	-8054.185849194048	3911.5520381038223	-848.4501244710203
A1XBS5	4009.175669612079	-6808.821932852439	420.2400145298798
Q9Y3D0	5398.440687643194	3071.2119002097206	5375.10878679872
Q9C0F1	1599.8754329375456	-5114.187868838861	5359.298310248102
O15344	-2479.365140823305	-6414.751243275504	-3384.45617785975
A8MVW5	-4270.042601450074	2822.223763871588	-6112.939009681161
O75351	4310.1823331243295	1146.9342450680724	-6608.586708153902
Q9Y2I6	-2300.1517704325406	-1745.0877802350944	3983.28710311253
Q9H7T9	6745.095362697368	-3837.987198442532	-3677.2237928862473
Q9P258	5208.957614068815	5892.003466182772	-2239.5962841031537
O94964	5220.374358019539	-6255.72862344183	-596.5249156605613
Q12798	-5624.620260948859	-3996.870249337302	-4565.742406345227
P50995	4130.138546876361	-5674.01971824051	-3722.7577045193443
Q9BSJ2	-5614.403200414889	2030.349912048677	5699.730779861102
Q8IZT6	-4356.736588040042	1395.3144298388859	6511.864219730803
Q96T88	882.2553101792024	612.513961987309	-7366.185008277666
Q9NPE2	8879.847452802169	-2695.822576636263	-210.54391691557873
O60936	6067.5657691605475	2875.9769755032094	-5033.37035165595
Q9H5J8	-9286.892346931763	-1622.3622487328644	517.9765161795891
Q9H2K2	-3835.1503630672983	6497.452074815216	-2232.664712897825
Q9H3Q1	1465.8421969717801	2828.120156891336	-6862.295539406472
Q9NY65	-4234.838126164858	6718.606025797061	-422.7733013272726
Q8IX90	6834.618950318655	-1121.551330487845	5106.409767301179
Q8TES7	-4736.996576467425	-5555.414298759335	-3427.8531433203198
Q9Y5X0	-9190.375402873437	-1360.9025662471333	-1470.3678285188148
Q13185	-2679.4322786148987	-1068.8326881299831	-6207.464167814897
Q9BTE7	-4839.076250072142	6452.064057139331	448.9677786829463
Q08379	-2261.0681136431313	-4986.310437921099	-1303.8411615150396
Q14511	7156.649291704891	-1435.4954488970625	4735.070052398449
Q6AWC2	9494.438205068172	-259.0059442289107	611.1951628417158
P40227	-3164.9627240569157	5402.836432970433	4586.144377588339
Q8N137	5114.0756908148705	-4993.998249570634	3917.826963816258
Q9UQB9	1024.7198995881884	-881.495677770939	-7419.753623636852
Q9NR09	4345.197537940364	2159.897043032923	-40.18679674459863
Q9P2D7	-5987.207982362238	3209.0081048665616	-4889.941517466584
Q68CZ6	-1015.051418086017	-3489.434431826156	6604.345338891065
P41208	-6461.0873650923	-3778.572062842931	-4037.3253686538383
Q96RT7	-7662.994802831629	2222.6372171754633	3881.9577948798983
Q9UIM3	-3877.8361680849057	6720.413858742214	-1287.1365382108218
Q3SXY8	-1900.0097180901798	-3058.030646230591	-6715.723700982431
Q49MG5	6468.525626287788	-2383.870643590102	4986.310454756244
P84090	-6456.003033494465	-2212.7876735309487	-5043.508539812031
O95684	-3050.356207170268	-2413.265376157812	6688.703076298091
Q13330	225.5217817825027	-1792.7454780274418	-7308.976659912236
Q9NVJ2	-8227.22826522256	2621.136620971859	-2761.8509467572267
Q2TAC2	2901.5107874010587	-7128.5484109168465	-606.1426874320717
Q8IUW5	-4020.164414878486	5486.15158385006	-4046.6799395933176
Q8N0X7	-1067.1564866894514	4472.29316222125	-5992.264243748316
Q8TC29	-7620.646016848297	-284.6477348603444	4487.731125260842
Q8WUM4	-255.9337812182841	-509.86604669852665	-7498.0554104155235
Q5T3J3	-8416.808218072478	-3296.3354787652056	-1122.6054905352394
Q14161	-1594.9343912772538	-1548.836577237963	7220.547518146099
P07355	2302.181652881463	6514.54085804837	-3297.795312459038
Q16181	2562.5796089104306	3209.3078768609885	-6499.972389257523
Q96GD0	-9527.082906441763	-359.5605567744791	-53.50904901255981
Q99832	-3338.464667327783	5262.123832544338	1604.4012220364602
Q96C92	-355.9991678487877	-5070.753346033705	5519.318842124461
Q16512	361.0529590213167	-7407.6856245453955	-1184.4676866584512
Q96ST8	5604.949916275621	-6053.15728081582	538.2604470403512
Q4G0P3	-7389.894699180891	4077.065282586964	2454.4932479447893
Q3V5L5	-8599.78160193928	861.0519847192974	-3131.339957047071
Q8WVR3	-3099.3314958149595	-2842.294959885186	-6531.453817047199
Q9H444	3049.885226861901	647.9294406403859	-7096.045218638412
Q13685	9103.303874905943	1355.8401249940555	-1764.1721847163383
Q9H2B4	-9382.97773775576	1129.4819679272339	658.1272080979405
P68363	-1288.1300608479337	7013.24864094352	2465.6710567577506
Q14980	2278.1661361748793	1563.016921152753	-1147.3063207975244
Q9BV73	1064.386104616468	-6029.641074225466	4415.071978068853
O60763	-1530.1958705514112	-1744.0600312955844	-7199.378125618369
Q8N4C6	-626.9770748749958	-2286.996856243939	5528.550378282858
Q96BK5	-6415.105205716298	1159.3634028314307	-5445.458825670683
Q9Y2P0	98.26728318262421	-5337.615784019682	-5287.690174925149
A2RUB6	-6792.56129095262	-2347.0935878817936	4711.849732909084
P57076	-7502.35571903453	2290.92048862519	-4039.1688259488947
Q8WVJ2	6165.695663031244	4755.940971263191	3200.423495257124
O43167	3583.737529822727	-6350.823175014836	-2862.872388369554
Q9H7X7	-4780.425407475323	-4757.155153089262	-4437.479819408471
P07437	923.275000768768	6447.480195144336	1474.8058545150536
Q86SG6	8880.986474495134	2745.311731892448	110.18263608507631
Q8IY31	275.4938810871031	-6137.330921477626	84.545164685706
Q9BSW2	-4468.628233051492	-5339.594137039058	-3945.7222905157087
Q5SW79	-2080.6301772168918	-1479.1032373811688	2333.2306857801777
Q00536	-5889.145951410231	-5913.542811391823	312.784729147243
Q3SX64	9422.397396332977	558.7733146192967	993.2853503060791
Q9P2P6	-8739.508681216254	-2228.8154445828127	1980.535706857392
Q96G01	3272.439727369547	-4892.587587550533	5085.890364376105
Q8TEP8	-6257.580667661521	-5314.469135345491	1936.9099993747116
P37198	-257.27639841870723	-4197.205828480334	1193.5881268905425
P35236	9047.313070518747	-2018.5303124551215	1172.998220874195
Q13509	412.16189187725314	7015.126152197026	2648.2868393310964
Q9HC35	2592.710028197513	6731.104351297126	2627.6476853306035
Q96MY7	971.7680656003317	-7457.462138261911	-525.4202452763456
Q9Y3A5	-3731.248838807127	6899.912373657397	564.1555975348782
Q13618	692.7662537841744	4177.880284655349	1153.9261360052049
Q9HCN3	6750.952118563854	-2355.3013863857495	-4753.2962228999595
O95047	-3135.548715936575	7000.83440305271	1144.31025238336
Q9Y496	-6691.923579089958	-5346.556743391072	147.8006159877668
P18074	4244.322002432798	3669.6293317264895	5641.004603352973
Q86UF1	-9075.147811641451	2155.7632740963577	801.9871087964561
Q96PN6	9374.435730871739	-1320.5042917641756	247.64869620699164
P63167	2859.6459372833638	-456.551669402551	1513.2695676209973
Q9Y592	8912.101983186474	1052.3499354771282	-2453.8018488717676
Q9BVA1	479.5479953319908	7419.660161648182	1141.7039022046372
O14576	1892.0179151325644	1971.3761468665734	4193.422787088144
Q9HC77	-402.5942557951517	-348.69553436090393	5544.621319432782
Q96M63	-3843.015327741857	-4491.172106379287	5195.826514071729
P61006	-2407.6824342308405	-777.4805550201976	-3002.5646782091876
O75330	5362.909294795967	-1833.650966373435	4274.369440247776
Q7Z460	2319.5821798612337	-3019.779317279675	6622.987156836101
Q7L7X3	8703.848247173939	2014.663813521175	2287.6062973358607
Q5T7B8	209.804509358788	-6798.689268063876	3205.652316714485
Q8WWQ0	6704.534288293048	5207.305363617846	1165.8911365691763
P42336	9153.479897834011	-1959.034924649126	-650.3703326576647
Q6DKK2	6227.330172629578	-3604.8548651816245	-4417.015218552018
Q12959	-4766.159848079711	-3151.19829062454	-5687.012929414048
Q8IVT2	651.2566356375397	-6025.100292818285	-4453.439500213558
Q8TDZ2	4453.223667402735	2624.241216730756	6108.870790453744
O95219	-3267.879953139457	3420.404078540518	-6185.981934431835
Q15398	-1693.2401976135036	2075.3042478042917	3376.627136752127
P42338	6649.738637144448	-4585.894729841994	-2789.053187163646
Q8N841	-4715.560219365497	5976.379692745187	-2639.0550957245537
Q9Y4P9	5375.101340619152	-2630.5241095199235	-5627.395141022384
Q96Q89	7554.563886238628	-876.4112073387009	4499.605424116206
O75122	-87.55240806528043	564.2073742631546	6654.574672179007
Q96T76	4282.6206975394525	5438.4551975855775	3945.5312464279027
Q9H4Z3	-9059.29396571081	2254.554285151081	-602.6613535911059
Q9BW62	849.3692706836728	5657.275171904452	-4915.04641234114
O00311	-6840.332661338154	-5129.974564098251	-1045.6661372721803
Q96JG8	-9417.935695682972	111.77328817239881	1147.5025528725655
Q8N386	-3557.414734402556	6231.569808035734	3111.6267168927207
Q5VU57	617.2608843949906	4805.320733909578	5745.1597047151245
Q6P2H3	578.215893813587	-3234.1333233515224	6771.5442831373275
Q14145	-1659.7157680320902	1891.6192019248965	-1416.5098628198975
P14625	-1803.8358237585496	6976.590612048434	-407.3936254452563
Q96CF2	4001.7609900758275	-323.7230129493759	-6822.5201688680545
Q9NX55	8954.75231857383	-1026.5753660779214	2357.857503331348
Q7L266	9430.438430661972	-608.1142473653765	-955.3865512910088
Q8NB90	7929.039893486794	-277.90479202073584	-4153.28331537266
Q6ZU80	406.80536487613995	-5559.053445921073	5036.504820407113
Q86YS3	1917.7420535427852	4289.117829162752	-5988.578637207941
Q8N163	-285.4319209412371	5830.467959113736	4723.978748900289
Q02224	-164.918238607586	-35.56681960793761	7504.44029041401
P0CG20	-1423.927085501366	-5326.702006969401	-5190.112525328505
O60907	-8180.502969860565	1940.135671341596	-3330.4891654193925
Q9UBP0	7991.0535916572435	524.1741392664444	-4068.288235763008
Q96RK4	-5292.288880844192	-4162.829394096156	4624.362260306911
Q8NCB2	3765.9934971841653	-2174.005766900681	-6568.723586955291
Q8TC05	7652.814988446282	-4101.673404753717	1792.361142627562
Q96CS2	121.35416948663864	-6238.324446250837	3661.4908205174906
Q9P2G4	-1603.551112161204	-7401.894501504708	229.033847830445
Q969V4	-402.92509326879	-7233.688654509873	-2032.1009548296495
Q16526	7685.636876024773	-3764.4279538208084	-2355.238146092529
P60953	42.03075055009476	709.9227901117507	551.8360317535208
Q9NX38	9485.83780442193	389.55171657320324	-611.8307976445998
Q13257	-804.0357216227338	-2063.449797870754	2327.520169387409
Q99741	4230.330617591838	6726.140787884961	-8.058901642024288
P68371	0.7965821739924048	7350.418267143182	1586.0969432431277
Q9UHG0	9237.179369281934	-418.803706939643	1786.0056505165235
P50570	-2801.1080833236992	1080.632099407164	-4207.651033329101
Q9UHD8	2735.232670502273	304.24388892809725	-4506.997148396209
Q15154	-460.1507117335371	-3148.5342980032824	4184.343993435362
Q9UQE7	-812.2302053216678	2802.3817314624307	-2689.6856945660707
O00139	4116.723643102991	-3465.7664598325227	5576.46331054731
Q8TCX1	8967.529921978845	-128.8265508100066	2541.3608658251937
Q9BUF5	-3506.4907994099312	6982.893942308348	-462.7201481101302
Q13123	-4098.950931682853	-3650.002967656837	-5697.526193807267
Q5T5Y3	2369.1307345840255	-1595.4110616749504	7103.4888709733195
Q99569	-6452.635369865956	-4883.823435119472	-2602.7310005785475
Q9UI30	-1997.9454739175771	5733.691349558564	-4601.369186737245
O43805	-5281.868731319127	-6031.689482662291	-1666.7990165318201
P53675	4661.965543494125	5238.940563370131	-3939.895418741468
Q9UPV0	6064.196862439561	-4208.454864782687	3962.703684923243
Q9Y6A4	-6167.322735909858	5051.2337477628125	-2675.1761871326003
P11166	3952.9175038832886	6730.67282524006	-1267.1077242058182
P48643	-3040.5775814194717	5836.700887248897	2548.27039807942
Q15691	1599.0003476100703	-2093.337056627189	1850.590496569723
O15066	-5628.548405821151	-5568.064129052088	-2409.629140277165
Q92997	2736.4080263657156	-7165.241563885911	459.7110075348177
Q8NF99	5455.066153530695	-4536.0938806939885	-4190.9086102151605
Q9HAQ2	1579.6400862276475	-7328.398418642443	-1106.3617141525494
Q02962	-9376.87925066406	-807.6660367509439	1082.2309964684646
Q8IW35	-2875.1190251894595	-6331.268561788835	3321.5592603933087
Q9NYR8	-6845.657641105485	4720.851108808058	2241.742513182861
Q96P20	8009.995807610515	2247.962459645124	3388.2563191615727
Q4AC94	-4859.9175617922165	-2696.54906798135	5869.568791890653
Q16659	-3271.8712690258385	1139.5210389019928	864.1080422821517
Q9Y6D5	-1718.462362472343	3261.764637890452	6635.814468263483
Q9Y4F5	8518.956527764905	-2074.295956490237	2648.2003949880923
P08754	78.26080537200771	6673.833762067485	-3448.5981174135013
Q6NZ67	-6949.809846062069	461.25797089896037	5128.119165585236
O94986	349.74375710803577	-5002.352983103318	5601.272319813305
P41002	368.26088343621774	3607.3189960705104	561.6300606277272
Q8WW35	3666.49711107849	2740.015384226693	6365.480334731539
P83916	-5015.965135468346	-663.39698220943	-6355.548876928253
P31689	1493.5718056020214	7387.663430405822	709.2292800968565
Q9Y371	447.40865584984397	5355.636155932672	-5268.259069016729
Q9NQZ6	3268.2423655864754	-6003.528141348792	-3719.9969762481196
Q8NFG4	-2849.812625284683	6926.429134038619	1893.2551003359947
Q9NYY3	-3454.964949503844	1697.1578719497484	6786.625347756592
O60269	2297.4443166207498	-1522.8049973783423	-7143.960923036235
P43034	2250.466159354446	4942.275887228332	4633.581327385692
O15079	8286.52008011643	-3727.6514858013406	-40.96104307983419
Q96M83	6866.135235849125	3334.128215428332	4019.5281044503563
P28482	4287.489751052498	1574.2924722770438	2614.1853504689207
Q96RT8	-6558.746333305226	1076.6375951917144	5346.520703365515
O94927	-1625.1325560180674	-2845.6756596902087	6829.391199411383
O14613	3614.15532578555	-2471.2432520690704	6487.1201778647455
O15265	6378.826529587965	-5439.069075290998	-1275.1752997952965
Q9BQE3	-757.0378044792757	7331.207361386945	1520.1272310495358
Q9BUW7	-7118.770262630217	-3413.970425854519	3647.6372991693274
Q96M91	-1090.9040667370266	-7406.518399034065	-997.8559858001431
Q86SQ7	-6063.304260261934	-4460.205780531537	3676.095850210503
Q99501	7677.499352194096	-1686.7867496183455	-4094.355877049269
Q9NQC7	-1311.6738350645749	1464.6987550150845	2060.157814762029
Q00613	-218.21627914953473	2879.886130421791	-4287.139830091409
P05141	1913.7366848171132	7094.081665663531	-1993.3124902159902
Q969S9	-9319.70399535961	-1499.7821920716244	-574.0755957350962
P05783	-854.2119117449241	-5247.024048300202	1242.5644741702788
Q9UL59	8376.370973503817	-3168.8761303724914	1671.1394031871882
Q9Y6Q1	5186.042830037298	-6031.323216912075	1878.232615019289
Q9Y4K1	7482.191829183415	-4267.325590647541	-1850.7757021618563
P04350	-133.9547691957559	7156.843276546691	2290.9303614101937
O43813	2866.332580384217	5808.255620148332	-4209.80108299644
P04899	2504.276447684913	7209.319876033999	-821.9035618408197
Q08AG7	-7662.912369146678	1273.9711575124677	4270.003625311488
Q658Y4	5789.543022671203	-4904.583855196984	-3406.762537466898
P11021	1728.392223521955	4201.398851856913	-2041.938673560059
P23258	-3824.357393962198	2951.3980933575544	4449.208537647914
Q6ZPD9	-9260.490785628119	1710.831484202856	555.1735662425364
Q8WWK9	1762.903161287737	-2397.370585141201	6972.138678579621
Q8TC44	1756.5228564153326	317.2569802304791	7369.875621815349
Q8WZ74	7670.407004519052	-2576.5856940794756	-3638.65736600038
Q9Y6G9	-591.136151526589	3137.3256998224424	5749.974447024198
Q13576	3231.863724298179	5526.525430430928	4378.45573129493
Q9Y366	-2448.8571549289463	-5994.876584857768	-4098.568336494396
Q9H0I2	-1920.0477941891436	-6855.3491659390575	-2673.630552933884
Q9P1Y5	-4094.471940970494	6406.397328321164	2235.0926161546
P68366	-1294.0921374693692	6575.510606844012	3473.2342434159787
Q9BY89	-2574.9326677429212	1456.921424461996	7073.310540604175
Q9NV70	-1223.933793203462	-4345.328355059595	3240.6413999837823
Q9Y3S2	5614.667789669012	-3318.953182009109	-5106.9773012109035
P40121	-7414.0101379407315	4614.655596014338	-1078.019503163876
Q86VF2	-4293.835118117635	-6526.567359968154	-1549.5391948829088
P30622	1882.2586111925568	4078.272494104896	2890.0341692320476
Q99661	3521.3890329372243	-5959.617355345197	3625.518439659135
Q8NEY1	897.2637886555673	-7052.067018122262	2511.3626307676304
Q9Y4B5	8281.168526891324	-3526.8418997917065	-1150.3582670831718
P11388	5312.072631044308	4272.124400471548	-4533.764027567286
P10075	8487.77141583263	-2929.8046893453675	-1744.1414604612332
Q9H4P4	7531.3790562129325	-4443.004396831403	1149.4125776217454
Q96K21	4709.473423921749	-3143.214574457007	-5722.229064898024
Q96BN6	-8760.259218477253	2680.277547939383	-1283.4688863965905
O14645	-4854.843627920541	421.603405955292	-6452.653216399297
P62330	1084.094618762182	5176.710090208631	-2259.668047305731
P04271	4660.100190413466	886.1112305491225	5224.994601451791
P25025	7936.830934795616	2280.4205263135655	-3484.6482640497507
Q9NSG2	-8117.697819034411	3736.179343140393	1255.588712775531
Q8TDX7	6215.287538421964	3019.327866013286	892.0703718160141
Q86VV8	-8424.15214733328	-1872.1931889387567	2970.3548391288173
Q8TAP6	-453.5635196407911	-7453.850261001162	-851.1617253387502
Q9UJT2	3975.393695337501	-4602.509718316604	5046.994669039533
Q8NEB9	6139.083059249592	3902.1464204981853	-4229.4986990766565
Q5T280	8926.412845622168	2279.3001671297734	1271.904604624157
Q8TD31	-1093.1314823041685	-6214.089336640509	1440.6090318287634
Q9H2C0	-317.2884634244169	2130.506571096167	7185.273061134148
P53990	7229.183453087664	489.85227222119346	-4877.7316518479665
Q8WZ60	1534.1901828343196	7082.305860271692	2202.7219316101036
Q13163	9318.027293324669	-1145.8788358953077	1061.5557627779667
Q7Z333	6612.0320061050625	-5393.493754062972	368.7285041403835
Q96BM9	-9258.734688468498	1311.0686823220105	-1194.7224492064502
P11234	3948.1555808060552	-5198.250556301934	4447.492589620811
O75319	9190.676112257597	-1257.8065152338213	-1562.7104637647087
O95157	-7105.819405932485	4814.277433607556	1440.0192625437319
Q15424	-7223.466541080446	3362.3927042120354	-3579.5329619662903
Q92993	-3193.298790250486	-1068.8725493132283	-834.9374790619979
Q9BYD5	-7399.260626433172	-4151.336480466682	-2306.611498055519
P49354	-1738.3510135885092	1400.5525067047367	7255.9171217287385
Q7L5Y6	7887.227951303091	4096.069500190244	1054.2434156313734
Q9BRK0	-9393.819145179703	-257.04544421072023	-1235.4666713589238
Q9NQW6	45.675906123715286	2271.523254306287	-303.0046906436591
Q9C0H6	1548.9178759553827	3395.8569768684565	6582.708472733816
Q9UPT5	-112.37293769916404	-4303.31878425555	6135.013486137975
Q6PGN9	5938.107093232956	-5842.292469709972	-650.663459531176
Q66K74	75.31929494088168	3203.132237542184	-6802.140870731901
Q9GZS0	-5228.231678461023	5558.13681504555	2944.773594611427
Q13099	-4294.007603390469	-6096.733951151293	-2829.3230757048054
Q13813	-3159.4122648218736	3104.2121795029	3934.308743695515
Q8WW24	2414.230418973953	-6534.092059455479	-3163.191372607041
P06493	166.44250492749532	1536.1097794031452	-114.72647930705469
P08670	1481.565196961845	-904.6430752563953	2279.589077127789
Q15468	1486.1051122957156	-4637.876279286065	5790.390950775806
Q8N1W1	8878.149052293173	2180.7997037137457	-1647.982518409371
P14635	1584.8362829692326	-2494.957780469357	-1573.856769711538
Q7L5Y9	-2398.5105998530307	-4823.627429063928	-5451.544360876139
P51956	4202.203660749376	6136.184615244861	-2836.007432802005
Q53GS7	707.1642757258371	-2883.7574074188065	-6912.689449715057
Q5VTT5	-8048.146527555146	-3767.209934871614	-1437.6156360356276
P10636	1700.768719148203	4026.1684742175235	567.1941341921466
Q9NX95	4298.341712298421	-6098.029221627268	2781.0574836051724
P13807	-4426.826582402291	-1085.318744376879	-6570.446482446905
P62491	43.39229852453124	331.51778747082966	-4446.498452253228
Q99707	9329.98536381239	871.9837180240263	-1308.556196943282
P22612	7117.1572576942835	-4921.413905738573	837.610614306696
Q9NXU5	-6512.790477164647	5082.2388019605605	-2082.1694507210273
Q9Y3M2	-1721.5274641754586	-6958.366357347248	2448.492027055705
P63244	-126.06242761238731	3760.3907639647427	-1358.9633295060207
P28838	3282.71669788957	-2647.6222543713743	-6541.6387137428765
Q6QNY1	1959.4632782047865	-7193.385645734393	1524.2979459114958
P30305	-3108.7927248377873	-7096.389519053914	-65.56152451495313
Q13432	-6148.164758214679	1250.262980703202	-2697.301917602891
Q96LZ7	8612.730674371816	1762.871175380408	-2698.9741688565136
P54105	-2633.96675336258	5035.687799888427	-5202.156668485827
Q96AT1	4468.769340285117	-6339.748433866794	-1985.086771685693
Q5T1N1	6728.925076109877	-4598.760626369175	2677.460338979558
Q6MZQ0	2669.5827621236367	-4653.096419164616	-5514.678781152048
P78346	-5892.494284671511	5870.018535254104	-634.9471015327505
O75344	-7211.423812754207	-3631.583731488336	-3283.0693765519854
P55040	-341.76455527296287	-6058.044949642239	-3249.824273027158
Q8NEH6	-4987.034700677808	-1911.6208413316026	-6114.923291382577
Q08493	2995.3643988208337	-517.5629044313766	-7122.908280835776
Q9Y624	6816.436832816233	-1415.822110592804	-5062.560214804094
P46439	-8397.264934576542	-1267.4000060641335	-3332.5619603980836
Q9NQS7	-1173.6035316584073	42.23696130394876	-7455.521961640288
O75955	-2767.724542660441	-3452.5394207351123	-3940.3944135002366
Q9Y6R9	-6209.308220585908	-2996.7996135128255	4848.053612560877
P42679	-9229.056598589652	1108.0901966922374	1540.5355516444276
Q15058	1638.0357088451647	-1532.659440058693	7218.490178398715
Q8IYE0	-555.8521379502846	-7135.477446810817	2298.0204922250755
Q8N8E3	8686.078526062209	1431.0415974233663	2744.2715100019614
Q9H8W5	-6548.736252797625	4428.8571260220715	-3193.152982224511
O60716	4009.665067311497	6584.901064396194	-1722.4557846492496
P07332	3481.436929121211	-3587.019586696394	-6001.8374459893175
P34897	3456.9827044219933	5297.473647886148	-4573.439480548161
Q6P656	8413.388538465648	-2519.3676864712643	-2482.7004634686223
Q96TC7	9059.716276658572	26.648688937933848	-2346.150429762821
Q9UHJ9	2721.5134856576606	-2861.5381258473594	-6629.5403181327
Q8N0Z3	-3467.037435559135	-5171.451082042448	4722.375512272227
O43264	5536.177382773681	6125.601525312507	-72.15682756442428
Q15019	3222.701680298595	3877.020050478388	-5921.271988564843
Q9NRW7	-7423.374045112439	-13.880243307502617	-4709.780114092524
Q9NWV4	7635.9533385113955	3147.054623431541	-3229.355148239327
Q8IYA6	5236.262898508125	-2117.379772522908	5908.243678089074
Q96EA4	-6027.25764072408	133.88560075242222	5823.773653753307
O60830	5612.029977903847	5896.301446588004	1449.035579968523
Q00839	1089.3693363435918	547.7127275048639	-1213.5822288134732
P22694	3454.6345033526018	-6750.191288123346	1833.5687214618779
Q8ND56	7429.620777472224	-4022.4833175727977	2420.4768473502836
Q86YT6	-4563.25049196143	-5138.579634809246	4112.232409973879
P52732	-3237.508036577549	-33.85849470061356	-7060.5293945463845
Q9Y6K9	-1429.9051562618877	1810.3808798834373	-588.3376841884364
Q7RTP6	-6617.0528603454495	2437.603493107232	4827.405562324996
Q96KV7	8471.212801049594	3245.240227210034	1169.7215579826714
Q8NEM2	5446.118652609532	6073.73725775319	-1092.6989742233156
O95834	-48.35079057482872	7519.564510207886	101.81582060903082
O94915	-5753.322831682948	-2786.384665744503	-5315.10581915652
Q9UPY8	4155.649552233859	-2944.7293890389324	671.1701728192829
P62826	2854.5086787265436	679.9412731133995	2075.4048673701523
O60828	-1960.023006650681	-5676.258978454915	-4681.814496948134
Q9Y5G3	-2754.699970372375	5198.01203650678	4975.624008819613
A8MTA8	-7924.81555183627	1749.9935869527772	-3800.044401601373
Q2VIQ3	9531.122181730876	-295.5937643988957	-58.735786023812025
Q9BT25	-506.33961797058834	-3332.189961652929	6708.644696523817
Q92876	-8006.700146951355	2616.661085707693	3098.458048857065
O00329	-9385.351282214004	529.7006136149749	-1243.3899249717422
Q6PIZ9	-8144.830105575172	-2364.3578516247994	-3115.4296370369275
Q7Z7K6	-5365.9385092938755	5070.015224668798	-3584.3558985008503
Q9Y5M8	-4574.055584396295	5045.894475569097	-4231.890967651281
Q99490	382.42666788461537	1763.9858556618494	-7300.6448222675235
Q13885	-1163.2857723372379	7382.0585317424275	1038.4745415233333
P42704	167.58658786553477	6334.0218886471375	-4049.3539366110435
O75832	6023.040120371928	2187.5933042227766	-5404.72393213203
Q6IQ55	8239.355920229922	-2897.686159756548	2401.432676073405
O15379	-7043.120531401777	3179.3770186829706	509.55417658572156
P35580	-318.0973129967812	5706.367115253199	-4885.710114758995
Q96LK0	-7227.690647558865	-3841.8084340604273	3039.703132576628
Q14683	-1303.487227243726	5439.744335726206	-3235.016954182504
Q9Y5B8	-2732.3424261259047	-2553.0243304217793	2599.0898094381723
Q8TE60	6863.413304570918	3036.446347913314	-4241.792793162039
Q68D86	-3068.4790191560082	-6727.235042246538	-2309.6557805956954
Q8WVK7	7275.793277961917	-2617.8378064478165	4077.054407917855
A8MQ03	980.8083628531416	-5070.629742666908	-5487.0606879845245
Q3SY56	9208.34956804841	1810.755291148025	-694.4436182703797
Q68DK2	-4064.208295777404	-6688.737156915732	1199.6564801640616
Q96R06	-51.64807271904393	-6280.273956365366	1490.5111915195512
Q9NYZ3	4519.183625569204	-1001.0787270564884	6523.0844846994105
P49356	-4669.210796903934	3595.2359356246156	5473.953522030324
Q8NBX0	-3840.8817760551215	-6615.907761359543	1858.5586202324484
Q9Y224	841.9632532966443	3788.4558963683567	6455.363898056238
Q53HC0	5078.303050566152	-3870.9532209103263	-5017.436313157973
Q9UBB4	-2304.0264959248825	7200.616563295284	-1110.9175266185496
Q1MSJ5	-3760.1421904370295	-6247.038294199246	2934.1575511330434
Q9UNT1	-8215.249539802224	224.02248766594292	3790.2665987395976
P41743	7542.921353292481	2083.438076588169	4089.622339372525
Q5VU43	1733.7548055594343	-5416.027955014662	-275.2095329629354
Q14008	6265.953310296069	1053.5986867786753	-1679.6844607084738
Q9H9H4	-5805.411909568431	-4827.9502677719165	-3505.24905519272
O14978	4351.026601186733	-5094.910077751435	-4295.452733039354
Q9ULW0	2479.031685691728	-3502.24350241779	-2803.405815882164
P53350	1142.3252922424579	-103.14661598132379	1873.794138164598
P63096	1630.5213251169985	6365.354841757259	-3788.520527973931
Q5FBB7	-3074.727844342421	2407.1962130429456	-6702.040734933253
P54274	203.71812002253498	1957.2680779694333	-1269.1710444377343
P48730	3668.470297459855	-372.4000897439595	2519.6942262216176
O95239	8437.594440596693	167.88553852712045	3482.7535459931796
Q9BYV8	8758.952252574974	450.3949750896051	2930.4216184528495
O15374	-9458.727636881826	-853.4769363216826	-392.4562079661771
Q5VU69	3912.335421560991	-1700.303090967894	6632.129505510833
Q5VT06	-3043.102775706945	-3109.1888004209018	6411.410515891911
P21266	-6060.391840920919	-1617.3297811894836	-5577.178883733968
O00444	-1164.3843785963134	-5390.394828792895	5122.814241762374
P46940	4818.0514136326565	3654.6986766493023	-1029.6697810979842
Q16584	625.3803068968984	-6833.987003967044	-3075.684038216512
Q96JM3	-4011.902403916507	-4247.109828681235	-5330.5459853501525
P11362	-2738.0874231767293	6209.027293003051	-3662.6712614201483
Q16342	1252.4129562980131	-2928.5660458449765	-6855.314419976371
Q9NRH3	-5208.233311036627	3932.159473952669	4913.675467978197
Q96EV8	862.2769415262006	-4044.4616243963187	3828.4872996218455
P50991	-2653.004905072399	5939.671402389265	4103.36480097464
Q9UN37	5725.116217684056	287.9651213901437	-6011.046382821342
Q9UPN4	-2833.6664024934307	-5064.986621297555	5056.596399343238
O75376	-7633.40972649137	-1155.6622110613698	-4318.159386092848
Q92974	2108.7010949382243	2603.1689723795994	6830.73113192942
Q9UK76	6018.961726767335	4816.5042011431005	-3296.6803188814993
O15182	-5583.287653297186	3924.1627267448325	-4654.562627597931
Q9UL16	-9202.928960903924	180.0303077708176	1969.7363158696605
Q96NL6	-4184.908232102932	511.3825957418107	6720.398389498292
P07196	1391.811844991016	-3786.9209734673195	520.9712931682977
Q9UKK3	-7818.7966288181715	3335.643878175206	2732.73932214344
P49454	-2264.1752972484805	4272.289586620641	5907.929588821578
P0DMV8	8189.413370972918	3821.5184839333065	-230.0674923815043
P30260	-4660.715123292201	-1849.491256895253	1706.4285652459566
Q86Y91	4279.855163709641	-6685.955322198555	-455.55977662873147
Q96GX1	8764.188456482443	671.0053938736489	-2873.875007152705
O60733	-6229.525468913298	-5385.036590771697	-1829.2586438737883
Q8TD08	-6457.30180896553	-373.851913582407	-5526.857365913743
O95235	1406.5135452198217	-3700.5290850153824	-4570.275322709942
Q86TI2	-669.271722523836	-2845.2724688305175	-6928.931688949555
Q8WV92	7123.621428953921	-604.3751708337801	-4960.5544179019125
Q9Y6I4	7464.349048164088	-3220.1368348879646	-3395.337973017515
Q32P44	9362.25223508119	1397.7009986471048	-92.37968145134505
P61201	6997.507865966099	5044.623179972886	-754.048034302974
P61968	-663.4694054318089	-5763.260621818157	-4781.03290241023
Q99932	-4264.200415646934	-1112.4937330418084	-1566.7930040171113
Q14194	-4040.7551329990015	2189.4754319849435	-2897.472029253377
O95848	-4289.607091605531	3657.4557992225746	-5641.016059627059
Q92597	824.5675023733714	3210.5290167406774	-4404.6196539349785
Q9NRG9	659.316902115082	6086.899546488326	4401.790389125366
Q7L591	-6953.8193445054885	3764.278677629323	3489.462129330343
Q9P2P5	-4188.4310434543195	1620.748096323379	-6574.167551168797
O94811	-6315.10595822076	5443.117674769759	-1461.7773045371962
Q14155	-1346.9079870362211	2048.359764529864	7143.188782795631
P50990	-2188.130592512492	6451.611127393249	3453.754922819409
Q99871	-3446.0865869319405	-3646.599980273438	5980.726382811873
Q15286	-914.8385808828438	6438.171687089202	-3818.6049691737
Q8IYX7	-2883.7478471874633	-2163.532752268672	-6849.168521313641
O60566	-6484.814752837798	-461.95982743760555	4636.773865397501
Q3SXZ7	-5868.661139145031	5441.970230235971	2351.41801492745
Q9C0D2	-6098.925590941277	-3839.228660762987	4302.0548304863005
Q9UJX3	-5378.557662352695	-1064.5262990848462	6090.806833221412
Q9NWZ3	-9510.864294714247	423.8480783326958	267.1340418230539
Q9UI95	50.84539152901979	2.942367658040509	-2974.491448297636
Q3B820	244.2782426021171	-7217.134492496784	1999.007529777389
Q96SN8	-1564.9937097954905	-2459.316792853264	2746.5437796149763
Q9H079	-1916.3209068102817	2255.1027238159118	-7009.098205219437
P49910	2714.006762043365	-5801.948560999024	-4289.217901372454
O14965	7.010121192655984	-2829.714988011403	-971.8430388638118
P17066	-282.02056327688456	4788.523044891103	-5803.1196346211655
Q9Y2Y0	-8581.621987864915	3274.4254380959983	189.62508298119133
Q01995	-9508.563227515648	282.17581592359016	-360.71254128544234
P13693	-1608.3092804159783	7105.142336724315	-2101.9551619579506
O95716	8460.173093459896	-903.3782095247909	-3358.156362281374
P50748	3206.9314285847695	6717.367884057955	2271.6387616662573
Q9NSE2	-246.86828504231366	2646.194611675152	-7048.697297068967
O95835	-2347.253738233267	-6461.940192666926	1701.533290102117
Q8TCU4	-1068.1529454032518	-4353.900564538807	6079.769968657979
Q9UKT4	-7494.930458928003	-1888.218304411346	4223.007981354636
Q99962	-4049.122935774341	544.3865778433942	-6783.601489362004
Q5JR98	5195.722239813815	4056.9555371372044	4830.559352731461
Q03013	-7989.779198059264	-186.20808486170512	-4106.242366881838
Q9HD42	4811.014040736167	-836.2355086969953	-6437.239975545307
Q9ULD2	-4653.9449875681785	-4638.165270733574	4619.011983266114
Q9UIF3	-7691.68498037426	-3840.952130374723	2200.7453504291366
Q8N6Y1	1970.7494739504423	6085.348846385079	4142.676436234881
P08F94	-5587.64149974622	4492.325638723574	-4131.3164207137015
Q96M98	572.8362188919959	2111.5199057073282	7189.5083170445805
Q14188	-5939.2935054610725	362.2336127927851	-5878.871963218499
Q9H6B4	7102.656594966866	174.42006189985716	5015.747807498624
Q96JB5	-8461.757104830795	2944.655770579544	-1798.3221127924096
P05062	-5476.709851197799	2613.6574419907115	5563.599624241362
Q9H7N4	7399.692779533178	1777.4464661736001	-4407.799143313733
Q9BV90	-804.8392398164503	-4355.511121496253	-6101.704425553389
O43597	-1791.956267279063	-434.57740115571863	-7379.584090674107
Q9H0A0	6801.542132036171	3924.61957437129	377.5207813681899
Q8N6Y2	9373.684404033922	1219.3058042782893	628.9772067775352
O95886	-7920.834882552603	-3335.4411063182356	-2529.235014658271
Q7Z4H7	-1726.2145141227052	-3988.270585376923	6213.524166641181
P36507	4001.3564737808406	6633.670207490812	1590.2679501628832
Q16555	-3307.653624831154	6527.180739523706	-2682.577052270142
O76071	236.70205582728588	2456.742433294814	4108.902539720012
Q8IYY4	2188.159477535292	-7309.229744169387	380.84382203948184
P13984	587.108211135575	-548.875937236459	7457.343885890061
Q9UJV3	-1172.9494291756605	-6502.856678131179	-3294.382768718258
Q86Y56	-4744.36493963449	5622.717965960952	3301.2686476287377
Q8NBT0	6400.395946493262	-652.8880218515258	5518.426974340131
O43293	-8557.002973316166	-871.9395034882491	3183.8082573509714
P23396	2995.831755371695	2446.063447678269	-3046.166644203781
Q9BQ89	-5139.567027003786	-6157.502659416329	1394.0378439836843
Q8NG68	7860.23140861416	3914.519017084592	-1657.169086570711
P53671	-7789.535572992127	971.0105800435891	-4236.065925004359
Q9P287	6009.772738185424	751.7968177122495	5794.286391997023
P05387	-745.9560919911775	6851.523288615759	-2996.1420520906836
Q9BVQ7	8801.718167905754	2678.658172481489	-1027.5468521200298
P28161	-8655.489051171156	-607.490640612558	-3099.5834834134607
Q8WYJ6	2546.7098245000902	-1140.0142947306197	-7161.926500987391
Q96L34	3426.256192038186	1659.0581938692685	6799.338569977698
Q8IZ41	-6397.082213872478	5108.968826045956	2184.852150725001
O75037	8378.394213607564	3113.9585531811103	1786.3829370931576
Q5TCY1	8329.140959701528	-3485.006478912571	1063.9743995771375
O00232	4779.794996991327	3043.7639122176415	-5746.818223531293
P11171	-1344.3898414746434	4361.703822296825	-1348.6843706983504
P27816	1137.5800743510715	7366.805592773493	-1160.7407113588029
O00423	2904.011052762798	7050.100082718822	1318.4142171767605
Q5JR59	-1935.6784549551603	-6123.792607433938	360.3882793797499
Q9NVX0	-2509.672005930165	-1604.8203354164748	7056.7922316996555
Q8IVL0	9085.293516924836	-1583.3078452749003	1607.1512339005553
Q9H2F9	-2765.0658066696074	761.2330886996061	7146.369207016307
Q9NZZ3	6352.011412932289	165.42739930481787	-5619.748178609373
O95999	-5789.282344884884	2681.7272376898013	-5344.256518529383
Q9BVA0	-775.6154891169593	7430.399315932248	-940.0791027583598
Q86YF9	-7290.036125630036	-4817.63862446308	477.9515994234263
Q9NUJ3	-423.11189436117587	7259.916489059655	-1909.4651628521694
Q9P2Y5	4684.903066591866	3735.2656027780404	-5396.278363233203
P63172	1859.920182795868	1208.4229805145317	6110.2558699993
Q13563	6401.687138470895	-550.6186853095594	-5545.335572436045
O95271	4314.309092294141	1164.5630435616065	6575.9315535986725
Q13409	128.68805073770318	3483.6278786753105	5994.563416034696
Q9BXF9	-8981.449645223476	75.51262593774074	-2521.031499617025
Q8TAP9	9189.027876208032	1502.3827033564712	1311.573044564739
O43303	-3211.186826481856	-4788.086684488501	1842.2711471077616
Q9H6D7	-506.5552920998289	-6185.552186953419	4239.349014798427
Q96PQ7	7958.318222105302	2913.464328261619	2920.125722527334
Q5JVL4	2426.184889697219	-7143.52372207868	-1325.7881341037894
O60336	-2043.9922111844376	-1086.6471784673568	-7268.0009796634695
E5RJM6	8615.229531609722	-1520.5104732259915	-2832.8660044237804
Q8TF44	6636.368229762499	4094.787519126828	-3532.0152281964856
Q9H4A3	8327.847330997896	3076.054361148173	-1970.904539103391
Q86XR8	1760.5796228550741	-6987.392841446078	2395.6431456158016
Q5BJF6	-389.84246297548356	-5601.034987650636	4978.55106500538
P58753	-9391.837139089641	1271.1964193191538	-361.2191500060503
Q9NWD9	-8976.39444991958	-2414.1232542128887	-752.3296496293793
Q06203	6682.907023396227	5003.888327968359	1921.329437461726
Q01523	9198.692454952276	-448.0006031888133	-1920.559887233816
Q16513	-1326.9153634475329	-3600.6058122865356	-6523.83906752161
Q8NCM8	7360.713619567195	-3320.441546557159	3427.471189305609
Q08AD1	-4385.705508431832	-6199.742055865237	2436.3492684524604
Q8TB52	-9.31825090704065	-2720.5282712040676	-7013.808341540525
P50221	-1058.9103780791002	-1427.3384937384062	-5113.219082807013
Q4G0X9	4429.115376690498	59.46667841974921	6652.027075890764
Q8IYM1	4594.878648731869	43.64571277384486	-6568.697164141529
O43164	6764.295219194774	5032.620208605844	-1685.9417190592137
Q5JST6	-448.3283744714741	-6838.11881219732	-3100.716405622188
Q71U36	-1641.6450256601422	7122.697361253737	1971.6281921284012
Q8N427	5531.04224994533	-5866.9755742039515	-1758.1494285691858
Q8IXJ6	-9020.606149970075	1302.0112019772812	-2006.38297194467
Q9UJX4	-6789.728272481722	-4234.068445127016	3109.379510821727
Q8WVM7	-2166.4154788807055	4126.152188535018	-6060.199811449029
O76095	-5605.283575081245	4787.411893207455	3745.1728297341374
Q02241	-65.34569601220889	2798.2945315571305	1684.5946128467094
Q12840	3545.919903492669	-6326.597336888339	2949.8376922882344
Q96EX3	-73.1362286999429	4700.292604946415	5854.235258164895
P20749	-8024.168338270147	3358.6515172246814	-2258.261527563403
O60610	7493.897746231559	3961.3156238507313	-2407.4911889869522
O15078	-3666.9374515248487	-5856.80701377269	3692.6297769699468
P81274	4744.163131825276	4724.253217769242	-4491.222309129187
O95995	27.31392879587295	-7488.70971175941	557.6657176624141
Q9H4H8	6873.364941673722	1597.7045264533097	4939.906325898924
P78406	-1635.1657481590253	179.896696756384	-1059.8899182567768
Q9P0V9	3691.8041221700046	2135.1386713397596	-6605.514501943584
O60308	-8572.437678287619	-3126.6892761763715	980.9231883659592
Q9NSV4	5207.017794235147	-2903.5618971015415	5569.780918684732
Q8N485	-8769.1935163028	-2940.6795396341727	148.99731968310488
Q8TF76	-8563.74287031879	386.92708323950535	3260.3248468570873
Q9H4B7	3145.8690724865132	7054.256100467472	813.0578595254534
Q5JTW2	-584.124875387791	-1322.2207074623298	7383.729602888334
Q53HL2	-740.5519038375488	1476.9530511814203	-7345.418455026619
Q8IXV7	-5859.404667570797	5772.758803425881	1391.001525640644
Q9BZK7	-8432.599532007065	419.6992864290292	-3488.053299491768
Q3ZCM7	1612.1041601316347	6652.678558053711	3247.234400212848
P26998	-7700.53820369856	4382.915095067878	604.9848526284842
O75154	2866.4820952252767	4628.174781126509	-5490.096982052922
Q8IVD9	3840.1204595906133	5927.634546612649	3484.056324735382
P31150	-4159.527974631322	4720.398695643365	-4833.380178401761
P78318	-4470.998117957697	2077.099247190511	1614.0609339979867
Q96IG2	8247.158959389066	2261.013689227014	-3035.478852855151
Q7LBR1	5891.931610368291	-1529.2985016297087	-5712.342094632541
Q9NS56	7783.378000957869	-4226.9001931912035	-944.010425241276
Q8WVS4	6105.433012782209	2072.0922582555418	5384.799029417415
Q96GD4	473.8854767153893	-58.51698253453851	-1821.173574832313
O95996	8606.739854424879	-3195.1686719488107	291.9929053547523
Q96GE4	-5040.760390010433	-5792.48219887345	2661.1059524257084
P49368	-2978.3832957635436	5669.385652434505	3677.0757670426665
Q14204	-427.03702931156505	2823.9753811929077	2385.3587664960787
Q96BD8	8228.275746098538	-962.5261412430094	3663.5470214777743
Q9UBN7	-257.44301950118944	3581.255904812678	392.9512916513639
P62249	4716.006292984341	6824.251677003167	-301.18402650974514
P35579	1482.7449606843745	-1943.1827667371392	-7470.007504811325
Q9Y2X7	534.3546469830053	7757.208778642449	-710.0080891330263
P35613	-1806.630676241092	6381.664271654254	4266.930271116958
Q9H8V3	6419.190466440671	-5280.194810369887	2609.3853083128206
P63173	4733.276712839702	-5738.324442040747	3719.3761102085314
P01116	-3677.765484755817	-4651.416307490623	5521.822004248589
Q6WCQ1	706.636908023273	-2743.4009574656	7287.963588985748
Q9UHB6	-1506.1041154991742	-4811.133402779963	-6029.0163012691355
P49023	-4536.07516895861	-847.4966269135632	-6853.314276358688
Q15654	-9030.43383621255	3007.577031147891	-501.32964029959993
Q14289	-5721.520296993697	5779.275258021092	2594.339464373419
Q14847	677.7612483598429	7787.980750549618	89.20237664957169
P36578	3319.4157361314815	6740.733815988374	2917.8742222576793
P11142	-2762.3477980006483	-1793.0029538296399	7271.91397776694
Q96AC1	-6916.4355447744065	5484.440416468735	-638.2429737892757
P62899	1085.7744226328914	6287.598837915567	4512.885024448089
P46783	-9032.676614851835	-1533.2525791625044	-2601.9871472999166
P62280	527.3493887642447	7689.046750120776	-1208.1884361275197
P32969	3693.1871087796485	3079.197632826025	-6532.216107652822
Q9H3Q1	5403.188662667243	1390.853341169455	6359.3837932761935
Q07020	-2260.7682164692037	-7304.773334041085	2023.6224639467976
P62937	4429.073687194348	6697.322559306786	1861.134289864755
P62917	659.4526080676264	1110.2337725630614	-7704.2915072745645
P39023	2275.6685154291467	1408.287719147265	7443.887783113591
P61353	7885.788859433771	564.8300475358845	4594.652499293295
P61513	3193.397535128667	4897.673384655876	-5499.209086409449
Q14161	-3443.8863597881973	7268.928970811315	706.7415158757291
Q5T5U3	-4021.219712134845	-6341.950509903613	3231.5699521998617
Q16181	-3096.8271174711026	1318.6565027121185	7448.843631299152
P36873	2617.33398870009	5650.343466408176	-4956.8081964752855
P11940	4252.486197246147	-4930.026124804759	5000.6815031860115
P07237	-2636.117740931041	5818.410087226589	-4744.252827075486
P62736	-5242.919928352348	-5797.791093372096	-3126.53337577588
Q9NYB9	2796.6776566665567	7459.358637590803	456.2393295038206
O75607	470.30096893069214	7024.3500867638795	3355.911870778478
P18124	4931.398990597447	-1471.9603240569288	6574.095510975967
P46108	5691.135995957392	-1547.1045427003962	6146.121287712848
O15143	1005.3413176504346	1681.6200366656988	7584.695107332643
P37840	-4945.60095048825	5041.467801826558	4460.4453165379
P63167	-4770.885037307257	-6986.350872472258	-99.90336297605123
P23284	-6040.973060868682	-5243.475958926326	-3216.103376635122
Q14247	-6849.015270444911	250.11367126770475	-5582.336129936898
P21980	4457.477422913575	3316.3873011773303	6102.079993866095
O60711	1074.5413277793516	3728.6608894329465	6800.989934466798
Q63HR2	4753.998945150832	3141.4061205185535	-6054.205696057834
Q9NYL9	1327.819391625388	-7171.424135681221	2869.816700622811
Q02750	-2881.2694463007556	5237.487082088893	-5304.135965048174
P30050	-2826.1274010614384	-6916.991909450362	2811.205543969223
P60953	-137.58967072824782	7435.35751620928	2349.139181339238
P60709	2291.7398370212836	-5166.4846604478535	-5535.022397111824
P12830	-2376.0983212839915	-7227.672479229012	-2208.0825980295167
P50570	-284.26071363695405	-1111.3794654849332	7722.028912808405
Q9UHD8	-3678.0830576995713	-13.267722735299506	7400.982778862459
P27487	8511.26383722733	2862.7463639886155	2594.610604941804
Q86SQ0	-5412.504373952539	-4604.571223411274	4592.358578681132
P05556	-511.8261472861066	-4453.649755824385	-6397.28158508765
P62258	7421.678909146528	1755.7607435288216	4786.755076449315
O14672	-9326.262113943552	-1844.8155838091127	1569.8642791383575
Q15691	-8426.03073317912	-3828.4371613701574	-1061.4253680975912
P00533	-6755.470891265156	-5375.70634882098	1760.010288554153
Q05397	-3770.0127359625703	-2249.927874113786	-6829.326862347227
P27797	5569.316790888343	-1495.0883505971713	-6241.144529644483
P62841	-1066.7974247799273	-7184.864070231812	2887.674148672714
Q06124	3774.7029749792405	-7044.811126992398	-1440.79622637992
P28482	7224.405348427514	5184.711108961459	943.6836968271529
P61158	4199.789807656002	6363.900774764609	-3032.082521498237
P35609	7070.976567251773	-5405.877192885055	218.82146266223126
P40429	3880.9771428631925	-1073.3513356240508	-7077.3331768934195
P18206	-8340.665976504566	462.4212774369179	-4061.841843529629
P42684	1135.5968731367127	7178.041868656944	2891.698499833198
Q15942	-7159.791501135349	-727.6014715545659	-5284.4691414082345
P11021	304.3469267625476	-745.2387465691255	-7765.055694595699
P04792	1817.5906040450757	-2516.8315898936	-7249.088823050002
P46777	-4662.3534572077615	-3165.53976593812	-6086.674021091988
Q9UQB8	3666.6876936454078	-4726.818605879855	5470.615780816281
P05388	2450.53452629741	-7552.25303257686	-68.66665469670728
O15145	-3852.694105823416	6395.768931235104	3267.2981950121066
P68133	3743.722852528057	-7202.618092630478	280.6363523931638
P62330	-4240.942560199196	1974.6795784966546	-6746.289662389582
Q92574	-640.6969284719128	6306.19533366599	-4568.7900425482085
Q9UM54	4458.470268570256	875.1147770499226	6889.372010914993
P46782	1990.667310074272	-6405.411035577231	-4140.902685953737
Q8WZ42	-2123.08362702675	-7521.0580902723095	-1157.3156781509015
Q96D03	8388.040564006966	4029.2930223289136	-26.86025045027909
Q16643	-4761.031450729352	1218.5212901540074	6701.679016731604
Q03135	6545.936559848848	-685.8256634119869	5754.616488631508
O75369	5627.4442686607845	-3886.0609331397595	-5065.882971904089
P08631	-9790.71789938949	296.83919205970784	-129.14840296351
P08670	8905.350848261634	3023.2961255697887	1184.7213335492156
P61981	-1547.3503652274608	4191.389049360145	6447.410769785753
P15311	1316.2269343632097	-7667.719505298514	1024.7999218961882
P62906	4882.966087838076	-6108.936053650784	-2898.4638098497708
P62491	-1527.3522390423038	5503.161307762732	-5402.283556527947
Q02878	2651.426784289243	-1820.9020879219368	7279.623092882633
P62745	3388.5965896804137	1751.1293637704491	7096.719498400291
Q86W92	-5535.358871380146	-1716.66251502292	-6208.378051361586
P35268	5959.805745659634	-5814.476067811739	2099.0888936886845
P15880	3799.9577009022237	-4989.833922785807	-5178.608427227351
P62273	-3790.7401851982477	-3417.4129674954247	-6329.127159001054
P06748	2611.2506368704267	-1933.0381417619053	-7271.743023076635
P68032	3743.9836749342135	-7173.251057070161	762.4888395427691
P62241	2828.1219672711277	-194.24386316597474	-7454.043315669641
Q15019	-5943.396430648282	5370.0300036318	3094.6184542819606
Q14315	-5113.586836717882	-6300.027800296597	-2128.116692223039
P07737	-706.1423895417854	-5935.65664430699	-5012.599001105885
P62269	-3964.5447974696003	6986.723889341835	-1458.534261770778
P63000	4214.081786523064	5795.024799619044	-4018.152127484289
P56945	-9235.50132450019	2627.6189281354004	-104.27018349123078
Q7KZI7	-1671.9696258576948	163.03942876567652	7849.153992294555
P30101	-2244.0635616872055	-5943.473177066282	-4735.1682141006295
P35580	8446.761488702814	-1094.8455838866448	-3825.6962581053017
Q15599	4776.491652755293	3832.2688472263835	5620.513387268856
P29317	3014.545519593287	-7417.62560571344	-274.94152172353165
P53355	8855.352138215467	-3224.5672613553215	-944.6082397119163
P31946	-4065.602437152238	2746.718989561838	6530.370858958758
Q13418	9050.051982645513	2743.272920764846	-1164.9383882033617
Q13153	-9650.132485998547	746.3881672868488	-1147.4148183384468
P38646	4412.658939117312	6188.378365355146	3210.909670022997
P00519	-1600.1028892792785	6865.4291449822085	3452.2862534298824
P46781	5110.233725246409	6146.189733930011	2533.231987409631
P21333	-154.35714304290994	-7796.837280262924	-424.1957901313984
P62888	1305.5500782543718	-7609.3326502614045	-1401.8928830370621
P46940	6360.264405705351	5218.400396455429	-2827.4865758048627
P62424	-3874.1541040602683	-6910.977281646471	1890.7595329735586
Q92974	6023.183665857839	-2731.278107329154	5516.010878424362
Q9UH03	-8547.904142073798	1633.169569404057	3462.58790777994
Q14155	-6962.987699463313	3805.5972786304924	-3945.5642125329323
P22607	7925.819321832434	4729.552530929867	-1146.79827514178
P35241	-458.3935405460231	7659.575395374045	-1472.6991550135463
Q9ULV4	8445.412651901326	533.0497068584357	-4211.16378804102
P14923	-9079.011574722817	-2837.8686997337095	776.5328838679819
P62277	4845.370776269302	6486.337692829612	-1963.0739986087904
P18084	-7611.95003255748	1201.0716777435684	-4763.1606030435505
Q9Y2A7	156.2117976576803	6164.308338421713	4779.128072964568
Q13283	-5293.802703316813	-5570.245450786288	3486.9871923447436
Q9NVA2	2335.637662776725	2647.821573638814	7269.693001002786
Q13177	4545.0538886858085	6268.955993204927	-2891.925600983751
P61978	-2550.8546176470527	2386.055240725672	7141.336538312455
P36507	1183.5008639390346	7376.950337628228	2369.721443141736
P61247	3674.637168802168	-5796.627354068151	-4304.746578442486
P23528	7394.865846470797	-3693.7482159708293	3540.564864388943
P23396	1441.1392237444104	-3915.7829368183593	-6650.391361939174
P39019	1965.0372980458537	920.4609748107079	-7588.743401562814
P05387	2569.1271976669777	-710.2958522298745	-7495.779132382044
O96013	-3989.4374445304466	3137.721290373978	6397.0270691419255
P27348	-5487.798600937299	5935.330962360697	-2557.2885343257094
Q9Y490	-9704.76672725096	906.7094327423567	-527.3605024680903
P63261	7109.346854217931	-1847.9747985942956	-5027.256493911326
O14974	-2174.7923135634937	-6460.844764537105	4022.058307574866
P07910	3120.8743153355163	5537.400450286943	4898.420020229346
Q14192	-5378.960212281783	-6470.267443791648	-838.957713422483
O15144	7579.568674672651	4865.095734800935	852.0470796228872
P05386	-5125.341065217736	-3574.9362297999583	-5604.680752953763
Q9UJF2	-6061.273494384687	1097.2748567837864	6026.055367848318
Q96N67	-6593.521066500725	-3721.300029871452	4414.320587108794
P07947	-6393.964558154151	2981.1735442671825	-5098.002320195774
Q8N8S7	-3849.8832917319914	5795.8761485208115	-4223.752757150775
Q08211	2243.8240015169354	-4609.628740184537	-6044.7417878729675
P62081	-961.7834595457689	6267.648807386004	-4590.113328050781
P49757	4730.284522974694	-5462.35911139485	4110.4297798475145
Q02241	1865.881292695918	7213.482763715241	2563.5876057040373
P35222	-2272.2710579283525	-6624.4575337201195	-3707.703351114285
P50552	4800.1019343959915	4336.8606960238285	-5238.721381643381
Q13136	-7473.793448261023	1261.7498332784949	4876.759710550423
P12814	-4332.447544799901	-5167.5756559096235	-4723.789165473225
P62701	8319.115291600514	3310.517464588881	2474.1910792682506
P63104	-7578.431146576922	-4778.773587033708	1285.879120412084
P62829	9460.403705766372	1994.8828768510566	303.5868053762327
P06396	-7432.15742901303	-3520.9117319541133	3685.2079260498867
Q9P0K7	-5353.047528529356	3427.2767636246085	-5574.93736304442
O43707	2417.0321707102416	293.6059772754438	7554.893499623664
P68104	832.95549456193	-6489.191435405049	-4260.761588427217
P35221	-3804.36149177855	-7121.340867509334	-1041.9350801948185
P61586	-2484.0756423180683	-2598.9290162257034	7082.915142589621
P62263	1680.9226069130782	7272.163061665029	-2469.2198111804773
P84098	1410.2244459060018	-6468.2828531398445	-4191.608597215859
Q9Y4A5	2053.2212545453795	-2073.7610634115663	-2791.8034731796324
P23508	-1340.4736925293225	224.1465624697448	1282.0650211956813
Q9BUZ4	-3062.8386833515647	-262.2357942329049	-2604.300551667094
P08579	-1494.3344558460424	3725.2407703395793	600.8823648137839
P48431	1423.7042807835278	-1570.9996428531085	246.9422968835534
P51665	-3930.087818840006	971.1669964390802	463.75926368513257
P24863	-2314.5797985837753	1249.8366680531983	-3042.3256830297887
P49761	857.1013288041827	3914.46967179966	-160.32084212510767
P25788	-3102.1136869936017	1452.5922129422415	2084.8726688462334
Q13185	3522.077535760266	-1595.4037365436395	-1152.6349577269123
Q13895	681.1612500862223	1979.1580533156716	-489.4559510718029
Q9Y2W1	1914.858872505987	3490.235489080561	518.9515436343773
Q8WV44	2430.3257804037685	1499.2558377505684	-2862.2598980901957
P35998	-3944.2457407218676	675.3791118928528	548.0084306846085
Q9UPN9	335.23593847855653	-3156.127070088961	-2472.3159137589287
P41182	-1173.8148151402681	-1614.5531510593296	-3510.709751783333
P22626	79.93112500925712	659.4673145491682	3222.9772233165695
P08621	-125.50015333087603	2428.6549641427	606.6327740723609
P38919	-299.31969336433554	3897.1558279316905	925.2654254650357
Q07666	-631.0481833640125	787.3761271607194	3871.0674783235986
P08238	-650.5446115464192	-1206.0932700539834	1879.8690770418025
Q49A26	3665.4023680581604	1577.1022530441141	411.98477595192634
Q15369	-2769.6883047548736	1099.4694979671362	2791.4814196270504
P10075	3172.780837872474	2477.620037048608	-708.326695904525
P16104	2617.55485668962	-616.0750584577866	1671.2042308234675
P04271	-3578.924948690497	-612.2866595909406	-1846.8839082639658
P62306	-531.8856994081831	4019.665307511426	290.46649611948635
P02489	-2462.8916991150413	-400.88469667249007	-3202.156866320407
Q9BXP5	1521.7731628850336	3605.7273459695484	-1005.727808872872
P62875	-1858.2148859043193	2540.438713121778	-2608.0420640500092
P62807	3951.5269111799767	-503.94282950196146	-430.59411457350774
Q16539	-1364.0770479624716	-3795.0077258564747	159.840788730747
Q969H0	-1132.5215498109353	-1462.6787716877518	1094.14433893305
P62314	-845.8867275926254	3853.0303575357752	936.0771431628344
P49959	1170.0492402021125	-3069.6564158533297	2322.2610563891994
O94906	17.175252172053728	3472.217490075599	2035.3411974827618
P0C0S5	3498.387667184002	-1354.5020007815085	-1515.12228546985
Q8IYB3	555.5620157334313	3923.7749740907384	824.4552421107162
Q86V59	3428.6496523002165	2214.4836789724254	-315.878175742547
Q96HA8	-2364.7589917467026	784.4188738224966	-3137.507948952316
O95619	2600.031533525086	297.2398726251158	-3109.754491406828
Q9HCS7	-57.81725070620998	4056.4993854095446	-405.9059079727796
P30153	-1012.324171707809	-3659.4604485113855	1301.7342341996598
P05204	4011.983232106033	541.2698151940939	-573.2888311022929
Q8N6T7	1424.3111350780764	-2470.432267049486	2826.808129000336
Q92769	1222.1548327439182	-1807.8159484410023	-736.445902275279
P61978	62.897860152365	1032.1571530435165	1803.023701369784
O96028	3822.0479643807203	738.4200956016574	970.031076363907
Q00403	-2550.810431450003	979.31870047838	-3002.3955196951792
P62333	-3417.030462115812	1734.119481247416	1338.617303082723
P43364	-2140.2050311904572	-625.4738104774326	-3396.354483278828
Q9UKX7	3467.5213647083488	-2074.055040338939	-435.9673526440077
O75031	647.603495893572	1068.3208978206656	-3807.088311473957
Q13627	3028.545227624207	-452.09182706645254	-2574.6915053044236
O00425	58.102630935800995	1985.594745543085	3486.9613578140206
Q12933	-1384.2985378714043	-653.876467890821	-1294.6331303703025
P0C0S8	3880.349417392571	441.62050263169994	1018.3369110918057
P56524	-49.86773074206461	-1984.288533607283	-3483.2911894863983
Q9UBU9	674.2494439053563	2467.0542616776215	14.757154729908354
P62195	-3904.410648132612	-649.2603585325371	643.4153202801228
P49760	528.5050986400482	3912.374995014299	-895.6833987165552
P46087	3570.51017701541	1365.6925896252903	1342.5995976808763
P62487	-2888.040134684326	2476.6506102089006	-1520.5220282010387
P62266	1168.4149171454462	2490.2339097120907	3022.497913603433
Q9UM11	-1281.4116579295182	-3539.6131178747455	1521.197350988267
Q05519	1303.817581960159	3550.025240137712	-1479.4777920267331
P37231	-756.7880083589899	-3868.997985018512	-883.2074460478241
Q14145	-1891.9670675199993	-3548.904570538635	123.43718877123824
P60709	742.8527729441952	-917.4802788185895	1554.2759973333661
P11908	-1427.84942509531	3079.7756649015096	-2245.776189065213
Q13485	-1408.6497180338424	-3027.1604775978776	-1816.512424995854
Q9UJX2	-1797.3610535342207	-1178.7523269861133	-3418.023649709853
Q16659	-2968.007946316555	-337.44096001857156	2727.2216743243257
Q15427	-1439.3742610949332	3627.8894444586836	1028.9344063347528
Q63ZY3	-1254.6840337360707	455.99845585030823	-3787.738426810747
O14777	-279.6125377710235	2993.569306810733	-2723.1991723719643
Q96GQ7	3381.585356113139	2182.4482422368355	625.6223732344807
Q8IY57	446.09448918741094	-3575.798723854814	-1862.3222601707434
Q93079	3674.9849553728804	-215.6189353604221	1287.8955880846058
P15880	1684.0275660314078	2184.824478704273	2917.8449584207756
O75569	2921.2645210407486	2512.0994968337172	1222.7365195347204
P29034	-2607.351652834915	-2223.0969655868066	-2138.1835425698873
Q9GZR2	3137.5678717857522	2480.7868957989735	676.4618908844187
Q15370	-3028.1376960522857	612.5063489325454	2668.2957511542686
Q9Y6Q9	-1099.686469525752	-3759.2498622254143	-932.8381830169703
Q15008	-3418.7467104480415	1416.1607817090294	1722.4669221800218
Q9P0M6	3897.4712128340148	1170.1928829884187	-296.13487985207877
Q01167	1646.2155251283084	-1070.874768204641	-3537.6800582189308
O00422	1514.8762488734587	2885.807917654044	-201.08953113381403
O95071	-21.60089338758338	-3258.1246105495948	1797.845709970313
Q5SSJ5	3177.8663399143384	2084.3529705592623	1442.7350515485437
O94776	2937.772057491633	-2560.2748963207728	-939.7232769941419
Q96MU7	225.05116401180928	3929.6972912788956	1046.710002885332
O14965	115.7476651636895	-2598.946421374659	2527.4050953345145
P33992	-104.45067996003259	-722.305294134737	3745.431844378615
Q16531	461.5561864755796	-1914.3220509676105	1137.7207442096696
Q13148	-1148.3127931535396	171.23717713529257	550.9143428845782
P62854	1450.1427139931357	1584.0143654526537	3463.4939268546887
Q14966	2621.1268084342437	2772.0801286952155	-1318.954876819556
Q9UBN7	-581.8628349032186	-1962.9601485212434	2781.029278777559
Q12800	2841.8982077964215	259.7151615514392	-2814.622765830875
Q13077	-1921.8802573657367	-39.87218747572485	-1939.1213524840925
P51587	64.2418012270726	-3988.5333981833173	-623.9314615745739
P15927	464.9772657936761	-337.88465638465846	1847.187924140834
P00441	-3774.509577284992	-1234.94617982679	-733.352166497188
Q9Y266	-2075.259570096568	498.5535792313354	3469.4371513438064
Q9Y297	-549.2734528772911	-2215.0885803602678	2122.8051623704014
P08651	2397.3282106068327	-2279.4244382419	-2251.4773594828716
Q12834	-285.9150121923303	-3944.82001501107	956.4826526763744
Q16777	3966.9971844225042	-83.63029547146215	766.8507170512258
P68400	963.6311257008722	-20.348519377526564	-111.18445931032309
Q9Y383	1632.7594854281494	2987.276398841971	-1690.5060421742892
Q96SB4	724.8422354966308	2080.8222022745667	1872.320863126611
Q9Y2V7	-2343.1429679322264	385.74781349263503	-3321.28358420156
Q96CV9	-1496.1089403640794	-2009.9254055542026	-2135.73764760462
Q9UNS2	-2093.5307431118827	-157.1354302770476	3476.0292457816904
Q9UBL3	1331.6264006145864	-3666.384156960282	-1042.0626664256747
P35226	2837.902011311165	-1338.947608664083	-247.0229355092428
P28482	-1745.0962466536	-3057.5463633864733	-382.6381706710995
Q8WXH2	-1635.6239997834477	2151.744562051062	-1195.7961433220344
Q15831	-3045.767272203956	-1188.3490337898684	2384.8152195626244
Q9NR30	2636.3154121609464	1657.9540206863242	1956.5061359149374
Q9NZM5	3068.4725225179077	1464.7603855070688	2228.274990627555
O60832	3270.772271593284	1836.7387361769022	1496.2373094099048
P06748	1702.3655998096115	22.345272696085917	1791.4334668812896
Q99460	-3885.5374172852717	21.894716126597842	1199.473352529247
Q9UL40	2028.288118672238	3510.3415286377385	9.322986889968522
Q9NYB0	2518.5995445830695	-2586.6754002798075	1806.4288619075076
Q9UHI6	-1968.35822677601	3057.746214275952	1775.358094952935
Q00839	801.8479389580323	875.4540391751942	2432.051782357386
P19387	-2714.7951400553134	2755.7812235452066	-1250.4288692693278
P09936	-2043.1125184129048	-3392.619261732171	705.5061404844784
P30876	-3221.7462018775723	2337.551148448841	-619.5251239678911
P25963	-2400.4320898967544	-2787.185609195662	1577.1894388401067
Q9ULW0	3608.013152773863	-947.8078736138102	1591.8893037643468
P55212	-2305.895908175632	-3171.82783027729	-889.8151318029346
P63162	-1476.7781611917299	3790.3370912941296	35.498021443479374
Q9UKV3	1180.8362620965806	3834.225426447719	-597.8442444667162
O14744	-665.21861138087	704.7715845088763	-626.8592951519256
Q86UW9	-2040.2745019631475	-1281.0563714405716	-3218.4736138819185
P45984	892.59294876003	-1227.0132024255283	-3765.155211559336
Q8NI38	-2750.775214417613	272.4956973012607	-2976.6771252353437
Q8TDD1	3588.1854940982603	1602.1995887038265	985.0127060386683
Q13404	-3982.6398590549315	-705.7494932018664	-388.1543520532789
Q15554	1749.4455869865437	-1608.8533908595932	800.9903480465524
Q9UKV8	-262.13542808689215	-1559.8841575288227	3695.601849714115
P04150	897.8044330171647	-2707.5934147559387	676.3695840587939
Q9HB71	-2669.460926510609	-1830.7305436649776	2460.411865036855
Q04864	-1664.5551752858594	-750.6293873279461	-1806.4655582223388
P47756	-862.7113475266707	248.02007614518777	3921.592388538317
P63104	22.90036069515998	-192.77871520914812	1491.0665190668901
Q15428	-673.0094566160677	3398.573484808622	2010.6077751918183
Q00987	-247.96335741198956	-1250.1768211894434	767.8827650089015
P24385	-932.058418666701	-3885.613041137948	660.9039166303515
O95817	-3472.6789592100736	-313.94620197442555	-796.5464866841512
O60341	192.15321743927637	-832.5502378649591	-1550.8917329536907
P38398	572.866066499163	-1508.3930428490526	535.4618228055785
Q86VP1	-2900.941178014735	-645.2851574540634	-2735.1276089499333
P31948	-1800.6618418688383	-653.4694247839977	3550.313808132741
Q13619	517.4152190898303	-2525.037377747861	2689.6434672064465
P49715	-433.514663750295	-3342.971726488939	438.60071390682066
Q15014	2014.8316341126172	189.83501524226517	-3494.881863806258
P26358	2123.057068502019	-3265.3608975083243	-942.5053922026156
Q96KM6	1830.6732766799712	-1414.0108270176763	-3312.724987717888
P38159	-443.19989365389677	2992.548190123556	2686.2008803688027
Q01094	-1255.2575021468806	-3781.826635205693	-495.418774843474
P09651	-339.8714423420331	1525.3019572391033	2815.089622149301
Q16695	3602.872244078518	-1768.4727158535932	-76.91173297554238
O75367	3935.312872054511	-748.943012431662	-240.92718296221327
Q13620	858.2871738047006	-934.0215959898953	872.6937219535569
O15350	-1367.6885065388822	-3662.8254361504746	891.7055123462497
Q9NS91	1734.7517283673205	-3503.2860908121424	-949.6794740726718
Q9UFB7	2417.4132624847507	3279.795977062192	-382.12853813032405
P16220	878.6143379990007	-3593.159074410485	-1689.5284895900857
P54725	-3568.8758304622584	-1710.143393823589	760.3630041053608
P46782	1420.9704641392816	1914.8206369215711	3265.9875775836117
Q9NUX5	-702.6669530910149	-879.5469259908522	3930.7952376082744
Q9Y3I1	-3691.2026933555176	-116.44163741836985	1690.7004542771265
Q13523	1594.8556161495499	3734.417855027	152.43989909388557
O95983	2323.2789140591494	-1764.6520662113135	-2748.6706554507837
Q8N257	3939.8394852085057	260.99781555071814	-1005.5967728201659
Q03701	3627.19431215394	1780.441020509808	284.0911576906716
P62241	2058.843075233438	1771.2336883143364	2963.159653094514
Q9NPJ6	-2681.878891968823	1322.4871360756786	-2762.5774909842785
Q92876	-2703.971577687848	-64.93459714690812	-3040.3867127182557
Q99933	-3773.6051960570276	-484.7202282617587	1394.884307976843
O75190	-3821.770911514207	-1048.8403990496888	877.6116321740191
Q9H204	-2861.0424309946548	2023.5605671170606	-2116.6343904052646
O15111	-696.5507885896136	-3480.6173594399042	1889.1704853955562
Q8IUQ4	-3153.1120435932175	-1772.7617791812468	-1738.5796131225777
Q99873	-812.4085047158791	339.24257767352714	1516.3972287573158
Q9NQG5	-1788.7461216387915	2116.590194947647	-2948.2129614703276
P16402	3005.7939019957735	2321.7945706072805	1517.6781670351777
O00541	3566.421190394953	1796.8267625522353	-731.9695375397251
Q08945	2672.9389428286245	-370.50670744512394	1280.9438911017876
P07900	-293.67668293702764	-1530.8597885228578	1639.6372033854511
O15213	3067.4591417186025	2691.6128937297076	-233.26947389927665
O00232	-3663.909131928159	1684.7585885815145	710.5043581968138
Q8TBF4	2517.910978245723	3034.0576715342786	1092.5544780338726
Q9BTC8	2778.9032236300836	-1798.5888211436147	-2368.4987242780053
Q969G3	1062.5283384711306	-2890.926970061803	-2434.371125012285
O00629	3661.4463435281154	-1536.9748942863641	-618.7549068550543
Q13601	3293.660293232248	2119.8879751240966	1069.5957095056817
P0C5Z0	3480.3336547028184	2121.1854078090287	323.24563843777383
P22736	-797.0297354332939	-3931.4162705800027	161.4745874213637
P28062	-3731.126989000704	1697.9809938629537	-63.8050513320206
P84103	1150.377212298465	3620.464708716058	1400.9592319118792
P61218	-2385.1535414514083	2913.363558597699	-1648.6531268623128
O00712	574.0740783949536	-1393.774529600771	-3773.8679707735187
P11142	-590.199245126845	-557.3656788875112	1189.5446911931642
Q6PK04	2888.1951150425557	2890.76340557941	62.448467227732834
Q13330	2086.337785164563	-2438.5926381477293	-2444.5679678489983
Q5TGI0	-2981.813403700639	-2259.4559339542207	-1610.4374886803266
P63167	-956.0425955552655	-3348.3489330438424	-2006.5037162522763
Q9BTT4	-3293.2739726771515	1926.9906398312285	-1491.0380805172006
P17676	1441.4328576314317	-3720.510947444847	-223.22021344155266
O00257	2670.8698754615657	-2402.644012087831	-1887.3683374654688
Q14566	1501.9497501254598	-726.0509597695836	3656.876535673664
P28066	-3828.31156337984	1069.0768690925458	964.514997323121
O15042	936.7310509096559	3599.387536805183	1618.045690152441
Q6PKG0	1391.686022660744	3114.870236395906	2202.9781626511335
Q93009	410.3297062781825	-1900.620748552129	105.12795683817761
Q8IY92	2733.5143441426235	-2983.7716670186765	-125.70660625333011
O95863	-1184.7593249937051	-3635.146849410073	-1185.8642071122408
P51784	1246.5559919489112	-3112.207024844611	1701.8030312536869
Q96EB6	1051.6778884177504	-2047.5680327093091	-308.91987984996615
Q9UKE5	-3043.514774831836	-1388.9006120649387	1311.7586856706625
Q14498	543.4708346516709	1620.4105993197898	946.9570068794864
P35269	-2467.4317473240903	2821.607637430425	-827.5251676263908
Q16594	3095.8526890608277	507.35495490468446	-2530.318843476041
P46781	1879.0000363397705	1933.0809685799222	2552.2436356236385
P54274	154.20262438090217	-2064.2371445476197	2376.6354864169066
P48552	-1553.9522449496208	-2805.1389981801267	-2438.330974275777
P50750	638.6154417241017	-525.1787625152617	2719.2896832676965
Q8TAD8	1594.8189477025044	2140.62762435209	-1711.0726475065037
Q9HBE1	549.1051203992364	2839.019700527057	-2213.9054590422556
Q9BUJ2	-1666.7216230889737	1164.7761614254555	2818.3999951287287
Q06323	-3796.729649843138	1457.4163868031042	-335.6183428863901
P27694	750.0445198719425	-244.49313964207292	1464.8013389576276
Q9UJV8	1809.791095162647	3464.8043130977203	1230.7547576338857
Q15291	2586.4516112640454	-2931.3602559702626	-1101.2056803752027
P62851	921.2859411205692	2903.8597165097844	2665.4974317382444
Q13243	2331.2088208028417	3025.6903892848777	1330.594262764866
P35222	-574.5504752468062	-1611.633355992337	407.3196461172277
Q9NX04	-1209.1662067777158	1728.6037178946376	-3516.1844960636145
Q14203	-3168.443691458106	-2128.207145370545	1262.2951467039636
Q4G0J3	2504.005396943145	2667.632514590854	1648.0913649733252
P60484	-167.5605095909358	-2593.8374495095813	2891.5701521800474
Q99750	-676.5174554830157	317.1451675964004	-3985.2319967311682
Q13200	-3352.1116731713037	88.00049638062939	2062.3617777842
Q03989	-1848.8930788941473	368.9984961890734	-3619.9440447249417
P62917	2612.721968623979	2146.90401474023	2252.6372017495387
O95400	-1992.8205024387835	3357.6666361534326	1152.4554238784017
P36873	1611.6061682395505	-710.9096055199809	1717.079319588254
Q96BK5	506.33790168865676	2413.6575998412113	3204.7344170821184
Q9BY84	-1636.4458547966246	-1828.530037100421	-3295.5152562103567
Q15185	385.2439546501822	-1670.9494814015663	3671.292902258165
Q7L2J0	1019.1146038430178	2376.869614115464	2398.605102929026
Q13064	-2986.9790755209797	756.9177139817979	-2615.613338669585
Q02539	3512.577862702455	190.9356039248434	1901.2138405015207
Q14103	364.65890021016213	-413.27698596417326	3395.052078150922
Q06455	-1887.8773372246312	-1632.3145508766831	-3205.8066468112665
Q12906	1000.2361112613562	1647.36779623498	2336.26888287814
Q13451	-1187.0992042320524	-1582.6782358812486	3531.0339407632678
P56545	-596.702358248056	-2720.421642756343	-2928.1591653928995
P98170	-3111.381251945092	-2575.922015390111	276.2115912621208
Q16236	677.6911600922069	-3970.3406673941763	235.5771090743614
Q96K58	2778.7662652062995	2954.9477429495123	532.0967161556122
Q2NL82	1809.6916469001674	1075.1633341446525	3465.273379396441
Q9Y4E8	-1238.8211707731114	-1237.606147879992	2804.448371600086
Q15047	-19.516122132390837	-250.51090468861022	-1979.8695026505864
P61081	-2592.38680773634	-400.2239235159796	3106.300075368693
P03372	185.0635746738508	-409.46451878777094	289.7459377346203
O15379	-322.5744583658461	-3179.2770955917513	-1800.6774863767348
P61289	-2022.98081453619	394.67709529879744	-555.5659899202747
Q96GM8	1095.1218751052409	3783.835041695703	992.8833524400642
O75446	1636.9168164517284	-1984.1814112466834	-3152.2397577208494
Q99081	-1480.2354374789957	111.07519350774656	-3819.802889419975
O76064	-344.2013900952959	-954.4494548808179	-819.6457934585353
Q9UBB9	-630.673545582852	1803.88782666321	-2062.4424049833174
Q01831	3382.382555335776	-1974.4459335660777	899.1252868866756
P49721	-3847.7510053975425	1272.8835426621122	525.5368817555744
Q14690	3518.1834374677555	889.2976609011918	1814.0164633831891
Q9Y5Q9	-1220.9139271191707	-3471.0363858537303	-1582.893062625539
P0CG47	-2513.661709453257	-2385.7396008053947	196.20234379008912
Q9NPF5	3238.785666460507	-714.8381221408512	-2333.95306541408
P25440	3429.4066761261097	205.85452162227747	-2102.8406908007164
Q15788	-2517.9112833037534	-2802.993968670564	-1496.7100780289243
P35232	-175.26199709102966	-2288.780812933241	3276.261235339656
P57682	-456.78657591430215	-941.2242530634884	-3948.3136456010516
P61457	1083.8959719393722	969.6441754509177	-3769.534515527019
Q96PV6	-459.2626894972716	3144.148948248159	-2520.920572332812
P46934	-3295.2670725729504	-2208.1195711874907	609.3869249113799
O75386	-575.8096324182297	-2015.2414275868814	-3497.944792292828
P33993	-820.4081058717076	-2074.6993309952677	1069.4874390759298
Q92560	-510.2234566951931	-392.82582047764885	645.9232705054725
P62263	1667.3248000188034	1874.0922246118478	3153.1993264323555
O43189	1350.2060852852142	-832.0334395058173	-3682.4484554484534
P20248	411.0893783915926	-3697.2785600040856	1642.508120589455
P62304	-1315.3419681277362	3839.8317864994483	253.49504845132995
P04637	30.184311939821246	-919.5384454564526	375.33823835250513
P11308	1861.8820204450576	115.61973160652514	1062.4536264324533
P33991	1469.1472968763903	-1113.5258098072147	3600.352463313271
P63208	-1448.3793952905837	-3192.5749967049323	726.3324553071137
Q96E39	1221.4244140383278	3882.211344638937	-157.64012750356724
Q14974	2463.838205408074	-1357.325479892697	1487.999961332826
P11387	1648.9221245734534	893.5090318264707	1213.7961708063312
P02545	1026.0188387016342	-4.360914164793455	1151.3779131772478
O00231	-4017.1842931371216	-5.75478601574614	-301.25530346211985
Q9BRX9	-2086.813340204215	3350.4496486208095	-840.9332311099364
P51991	-1039.7869320321684	1670.3211193388472	3518.7219488043006
Q13422	2.654078308862169	-265.6941097044717	-3252.585734794307
P42696	3161.265121239057	2369.2405471324896	1027.7145551628712
Q9UQM7	-3548.7284119209207	1881.194042990773	-622.9368277365007
Q15020	927.9158524546137	3363.5364744627072	1987.1401049531805
Q9Y618	-41.91790583728781	-3456.2346649848264	-2064.685380316467
Q9NQC7	-2197.6453121330505	-534.4198624298382	3328.018790716347
Q96JC9	1893.3260002815048	1536.5218731411212	-2753.40022216708
Q92567	-3082.490581637242	2433.1836442618874	-1039.6452241428267
Q9BXW9	1992.962977087599	-2471.9728287774633	2532.600812858517
Q09472	91.48741649832084	-1070.1972926418728	181.7304092279731
Q15560	-419.37386915644925	2117.1618213137235	-3465.998541517597
P79522	1400.0253693622312	3540.149843513042	1479.752333121266
Q01658	-872.2081053180005	-1840.738956490772	-3519.7432836821754
Q92831	1130.6345358754052	-3315.9942614761676	-794.5003522563644
P62633	1717.741622146256	2669.3454898360956	2545.106894912201
Q6P2Q9	191.51781085751182	1882.1434893283729	1603.1491171057487
P09234	-1928.7679308781064	3234.2929502742386	-78.24229974755048
Q6NYC1	167.70779404518444	3626.4304004061883	-1730.126778416829
Q15459	-643.3679295230842	2306.6280899690532	1465.6215703212606
O75400	668.6036042368831	1759.0097425139588	-807.2830847790018
Q9UKT9	-833.1619424746233	-335.1538279431019	-3920.9830221045418
P67870	1304.3557291625245	-1027.54774164021	-1183.6872478233697
Q8N7W2	1631.2348400229623	2493.069009957668	-2753.065929940427
P61247	2037.7449347415322	1556.9502627284342	2423.1654869205636
P39019	2067.471802490238	2383.6725810651965	2472.0219276735615
Q9Y3Y2	-893.5568750717435	3491.4807312860407	1888.4939429450806
O43464	-3396.9110773263	251.11742953046718	-2198.406997128099
P49736	2317.710026538523	-1563.0820401026801	2751.468858793344
Q9UNE7	-2476.497565662521	-2133.7564027019125	1352.7090689574786
P25787	-3899.895154056728	731.2827077520043	996.8822235261669
P25205	-123.92351412909267	-1147.5278648727754	3854.9457525727034
Q06587	820.7279488937861	-3255.884283682298	-2222.5330418101876
P01106	398.71054820271877	194.69685536688874	590.1773192625209
P38432	1200.3877445548012	3049.234238958482	-2308.0495726010063
Q9Y3C7	-3585.040512905445	1611.2796087889471	-1092.1595472370266
Q13838	-1093.1009230768377	3057.9874585441644	2353.502538102702
P16401	3612.9932888827784	1039.7070963380704	1379.7902162686526
Q1KMD3	-48.53230346795317	3820.8963710621138	1395.2229729397552
Q04724	-2526.862675301845	-1844.7728159189905	-2565.1214807248125
O75683	2690.8266768766507	2977.672139351569	758.8755823802322
Q05516	-1134.2440330124105	-2588.84405890113	-2500.838420645352
Q9H2G4	3523.741900094216	1394.724763789536	-1387.3849601551422
Q9Y478	-2478.5185903586425	1257.437991877573	2921.778049798963
Q9BWG6	-798.9501484456653	1064.6989064670113	-3850.837443099255
P49674	-3837.866801772222	298.3426613149916	-1243.3594784270513
P62753	2505.3144281491604	1863.9036449204348	2522.239869974879
Q14938	1368.5969617427959	-2558.442016218315	-2801.502579838812
Q13247	2321.2958001174757	3162.244162331992	941.7443563709761
O75528	421.5449875434292	-977.2349746992013	-3890.93378309771
Q13625	-706.2087451873092	488.84219733284937	-1493.1261692521798
Q15025	-1655.49872708841	656.7644350194668	-3611.0445107009577
P14373	-1072.7331870125397	6.968193410484657	-1533.0722943134838
P52434	-1867.9654306020195	3049.261420209073	-1973.686277522476
P19338	1694.1135956989222	441.2451691434126	2060.1676840779514
Q9C0C9	2551.7175571112366	975.6134715063073	454.03080890972785
Q9BQG0	3303.4422458985614	1378.1694400899626	1881.8738218053234
P78362	1709.1733202478595	2328.1388826893335	659.2334186308723
Q9H313	-1790.1773510195596	3442.07160014173	-1371.2137821051272
P83916	3037.915935795328	-2016.5051583674508	-1820.573002433873
Q13503	-3235.3478115674407	1623.0141483406958	-1891.5165275855843
O43143	5.345031406911119	2966.7007994092614	2703.416365099647
Q96A08	3918.0766057642327	-746.5669429486717	-770.9212778828852
P16403	2699.6305776859017	701.309105958932	1505.4962642988016
P06493	306.4002479509408	-3321.5389383698466	2220.6889757078497
Q9Y3M2	3192.233719921999	947.5621033544616	-2293.1652232462557
Q7Z699	-451.0696812187672	-892.0397728160729	-1815.8810337012665
P14866	-461.4686098378663	809.5380640176538	1947.528063989373
P58340	-3411.9988541529137	-2176.4839989711304	-285.04436104531703
Q92922	1461.337380363374	-2731.1200759205053	-1013.4590883405365
O60812	1819.2329983455843	3489.290532595669	-1065.8909526568543
O15164	1548.11449489656	-3336.181947602803	-1646.6162502618283
O00560	-311.2151008996354	1556.941906778096	-2222.0791462466686
Q96ME7	3537.5224998985673	1998.626662981265	-50.58236588491174
P62979	1434.2855304690063	256.7925269679597	2885.0644207722607
Q9P2K3	-459.2503923822287	-360.41545498242215	-4034.8073776650976
P54252	-2654.262835561835	-2906.9815493550564	-731.3268494466844
Q14683	1634.1173739649648	-1362.472231411088	3078.905913821819
P25815	-3510.5243740695123	-1815.367443161053	-744.45506806211
P45973	3661.2034751846513	-1147.8758975317353	-1203.2760360886252
P61962	1152.3363833918238	-3616.66845909753	-1386.1564578189323
P61201	-3021.2033609917585	-887.2993208664087	2558.305072812661
O75530	3395.825582983956	-1566.5479701059328	482.74409502478915
P08047	518.0912132038952	-3240.3275888071976	-609.6984654251272
Q05086	-3012.8609998232264	-1014.6597959970684	890.8215607712511
P26368	-134.0255198994067	2245.442793790939	1195.5333868580224
Q8TDN6	2741.092025032216	2376.7002115217942	1791.3670080151308
Q96GD4	2085.4807010667246	-1626.2727846700602	3018.011796521844
P62316	-631.5307979642006	3810.2032308096655	1220.9358528281382
P54646	-3461.154309899293	849.3689404099794	-1886.9892343381177
P78527	432.121107795278	-1832.970462224987	2018.7556517833307
P49840	-1303.2400872272713	-645.9364443807025	3772.127743737373
Q8WXI9	2639.6448116107476	-341.34306770026603	-3046.100529772117
Q96FW1	-3414.7375172858883	-1653.8538648395552	508.03494113432953
Q9ULR0	-664.1864204208132	3891.8248328161167	-951.5006735407902
Q96T88	1627.092242794582	-3619.9608393688486	703.1621143420465
O43186	-865.3479585769427	1956.6116419514117	-3486.887908684112
O14818	-3535.3634743146154	810.5751352430995	1801.3133168163627
Q15717	-464.6208929147424	-353.86833753546705	2637.9812412652495
O15294	1200.4641183819067	-3527.992992156647	1579.665165666098
Q96ST3	1899.6733711770585	-2423.89519993746	-1392.8336049732904
O00267	-542.0513197960632	1633.9726896874047	-49.69970454564799
Q9H307	1030.4670504807077	3745.9976302874566	-1058.8932474879566
P14678	-918.0852495775589	3318.0952972076966	-213.8798104271662
P61077	-2640.657383671098	-2731.1716132993106	1284.555277788194
P51531	3178.6557769458755	-1788.5886683617891	-1653.4454240049324
P46100	3801.6031387355297	-974.5738859977517	822.0859747561915
P56537	340.98906489400315	304.4027532718002	3997.394171903609
P60900	-3676.4522395471668	452.73024899207996	1683.8313615441598
O43159	3216.069345155836	2483.5233549635986	356.1477357230308
P62140	2141.9273394863226	-3093.035070185743	1313.4148191946713
P61088	-3510.389075597657	-274.12274264044373	1959.5552982566346
Q9Y2M5	-1982.3784756886666	-4.376360895163911	-3551.3554777498694
Q8WZ42	2718.063249825678	-1475.515146214413	2576.737841484734
Q15434	318.4911716150617	4050.7947302703137	494.23058296572424
P14635	796.7241037851991	-3456.240045141502	1869.749744605553
P62987	143.3567599541343	-1075.839418038456	3521.8906496085156
P63244	128.8593263837748	267.9539387773511	3230.276488137254
P45983	-1830.5122061160496	-3430.8219654705504	-1216.1342912542125
Q9BRT6	3036.2597260709413	2720.478239350956	388.4312566488606
Q92569	-2937.149275401051	-1637.774336044987	-2295.9714891488356
Q9NX58	2954.974833971526	1855.061371450287	2018.5965952916822
O14901	-851.1299854316674	1539.8319384864255	-3656.934193576709
Q8IX15	94.48229084078962	1550.5988381667207	-3732.648081379527
O43290	442.0819050746501	4004.809581594607	78.4879709281808
Q7Z3K3	2045.9995355402707	-835.6368980610777	-3398.2688031725775
Q9NS73	-1509.5436388370379	-1366.9160696292192	-3513.721785892114
P55072	-1290.7885794510742	-964.4783538670789	1821.7213417571757
O75925	358.44937402098134	-2395.462763484042	-1206.4070075151224
Q9ULU4	2901.271967564501	-1350.6246166978665	-2426.0459938757754
Q15287	426.0247931118075	3133.3824335499858	-632.2929683419468
Q9NZC7	-2967.844266608874	-231.66610643736806	-1357.5005401686808
Q14192	123.83348182395227	-1864.7274215833302	-2604.274809891344
P54727	-3900.464799502147	-321.61662831713886	1028.0181049434948
P62701	1567.4014161063053	-53.46628223144634	3284.9496034777103
Q0VD86	-2782.488462375942	1560.7325078349247	-2468.8125076955757
Q96DI7	-182.88585238194133	3977.429696810755	646.5909423356967
P62837	-2577.7480498791497	-3071.44744895198	334.0333133297681
P62249	2301.7256282563862	2014.7022109025916	2596.7085356686957
Q00534	2784.075825890383	-2868.4080278928104	246.25696386281595
O75934	-1402.0121195119596	3414.9762185540685	-1609.9420883500482
Q9Y230	337.96854767174267	-406.15802582002397	-154.3802956075087
Q13490	-3866.881264397752	-1062.8547293741417	-452.4565684935558
Q15022	3047.3328054663966	-730.8932132345278	-321.48789181828795
P25789	-3972.0823860628957	353.193277895132	721.4992357030113
Q01844	-729.5436357166805	166.55102862954766	554.8224100157873
P15976	-2208.4539074767795	-1630.6605896959045	-2985.900284655456
Q07955	1801.1205378006246	3440.031507064286	1003.1817544129174
Q9NYB9	-1784.293408557878	1535.0059168796902	-3311.1907167989034
P46937	-588.3099224245374	-755.4013306785091	1296.286144130228
P37198	1333.8982989146602	-1417.686728983375	-3553.1562651699783
P62191	-3635.07699083445	1077.970418247475	1427.4734714388726
Q8WYQ5	1938.7057048488507	3162.623936450544	1710.5047171036792
Q9BUQ8	-111.19134699874144	3687.206877584817	1665.1767703361338
P24941	37.184401426233954	-3027.13041189485	2587.199111650211
P78563	2952.8313992057742	2620.166756757616	842.9661339033801
P57052	-850.3983700555103	3126.6316528365983	-2439.9410003621447
Q15059	3494.0039842210067	862.9049944493134	-1837.6415238748712
O75533	428.2618614666444	2106.2218742704563	759.3595981080849
P46777	2461.327890836914	1375.53831501975	2886.145857106891
Q6ZN17	2414.1567210051962	3257.4652342249806	488.8250722082111
Q16630	-1915.8420426626071	2495.0915430209548	1768.94675211838
P11388	2524.1347782134835	-2300.2770230848646	2044.748824067945
Q9UBW7	1773.229681895438	-649.9286300042191	-3563.743483176039
Q8IZU0	608.4841219891401	2611.497916383076	-3059.373914807532
Q96FI4	3269.4208756288117	2467.0110828372294	17.389686321718308
P17096	3259.868169579016	-2283.480129642143	538.5766577139228
Q92800	2853.7825003486237	1003.6262013720003	-2730.511007718461
P62269	685.8237836047534	1899.5659506101997	3538.0113761177827
Q9NRR5	-3730.051100019293	569.0732919826869	-1500.1988036749874
O15198	-3465.5417423794715	-223.6512648247404	-2119.7155412196416
Q9GZM8	-2150.151187171696	1696.109715073186	-3008.8731403674706
Q9UGI0	-796.8926901411216	714.0397661358685	-1009.9461088360838
Q00653	-1018.3575053474052	75.47445712055142	2773.3121005410294
P48730	-3729.505009069517	-679.3840652894061	-1354.9114227379848
O15160	-2081.306891750707	2487.011870793267	-2402.7905139762597
O75376	630.1028971177909	-2805.813527934081	-2780.983527140152
Q9Y4X5	-2185.0855270500124	-2764.694297325046	2007.5560966044009
P32121	2685.110468190057	-2871.513565144848	800.7752751895823
P61968	-1159.9197962782468	-1074.6974587540083	-3713.1179571907674
Q86V81	-846.4143783780913	2592.316906502745	2984.639430158401
Q15776	2444.0464949859206	2736.3036602338	-1685.2706946906262
P51965	-3370.6642778946593	-2052.717963567756	-1002.3742205866909
Q14562	604.1031906855391	4009.748757210184	-374.1876763890877
Q7Z6Z7	-1732.9556866313171	-633.3473129005657	1522.7334642227202
Q16637	-1450.893903974857	1466.7427682247812	96.7734723650332
Q9ULD5	2762.3223090272386	2901.2595514018008	-790.4650476113957
Q8WWY3	-559.6349919852663	2263.9674763584135	-564.3529156008328
Q16576	3170.178124198631	-2101.984798296766	-1239.5200346561494
P20226	-1355.505925928812	-2087.1043347605973	-3187.6225275970737
Q08211	555.7714315820276	434.44416759541787	3070.7667901169493
Q13501	-1270.139647877341	-1609.8245749022356	519.8989593016909
Q15843	-1973.618661579356	-1971.1452863378922	2909.927349713399
P84022	-1086.6250138525654	-1788.121839018645	-1065.7090184924953
P51946	-2995.3983393644876	353.5547226433847	-2685.7565378141053
O95273	733.28264455716	-2484.3509794446572	-3101.297356422811
Q86X55	58.56953620774239	-3929.691257533349	733.8762194689466
Q03164	3730.7514043009637	-1402.7178129776107	107.68916556624846
Q13595	1618.2569276083016	3695.903244197127	-399.209116805189
Q15796	-591.5305775355081	-996.5277313979424	-267.0965432080364
Q9UMS4	-1535.5120551711025	3286.287364731465	1716.9078947082646
P62805	1153.9992997268166	-546.5077654068608	236.7764082954384
P27695	2949.2607229649407	-548.0606697749321	2605.145837664375
P15884	-1353.0980899234291	-721.00443818368	-3709.533153671667
P54132	2434.8221661948864	-2228.26080003979	2342.6544986181325
P31749	-680.5194445518943	-1941.8568698644167	589.526772831016
P62913	2088.1534283928413	893.3531897431249	3059.588027034796
O60306	-332.48260734871087	4062.3552858420644	-248.30903424713907
P62847	2799.93809890092	1624.7725109729874	2436.9090907774157
Q12926	1325.3974906767755	3830.748284687001	463.85630471465026
P12956	1238.5444039890508	-648.7352579021676	759.0018651461337
Q9ULJ7	-846.4583849467703	3662.859866745204	-1634.1659738020937
Q13617	-2408.289549508247	-1309.023915631101	2957.126687827505
P28065	-3949.147653507817	1073.9865665975174	30.410894620459697
P46531	-1829.1159536994421	-3582.6197164493587	-437.3368053920664
Q8N720	-240.38484660136783	105.45682534269318	-4059.530749419977
P17980	-4020.6252364078146	82.25071765644937	281.1058753549447
P49841	-867.923573077098	-1100.8400187265695	720.8271965960453
Q13257	676.9188230120416	-1755.3232714534972	-2136.1722984567887
Q86VM9	1373.086808011107	3169.999159654476	842.8254101474388
P01100	-1235.8888421960685	-2054.9973726653375	-297.47978908845596
P13010	1959.5977338061712	-1778.7930726014238	1444.43048624009
O60885	521.4457628438743	342.43567477232466	456.49810613016695
P51608	2558.9436002052003	126.91769098817913	-255.39277458539078
Q2T9L4	272.8226181294054	347.926754893117	-4036.868110915743
P10276	-1858.9443710210328	-3181.8706727160143	-1633.2093254038568
Q6NT76	527.8740986246655	2248.506574357524	-3334.9179072527445
Q9HC98	-2566.253798490792	-960.7588630447233	-2933.1238413588094
O43318	-2649.676822576043	-2169.1549349580673	2146.5438128565333
Q14592	1746.9459791442516	428.90521176184797	-3656.62997495991
Q13309	-1387.8511980313017	-3332.130900683155	1768.4294434688547
Q96D03	-1389.2870857356434	2773.644399289914	-2665.475831922868
P61956	2272.63816280579	-2725.3518529580147	-89.30363809596739
O75586	-3641.679251568615	1107.1078045614997	-1419.8716899095602
P62244	368.67907279320724	1453.601169400884	3773.1037388657674
Q9UNM6	-3632.909325127578	1372.3241613257514	1294.6842593781048
Q15038	-3314.390411556488	-776.0045660971703	-2135.092342245624
Q96JN0	37.839246017474544	-3776.87598677851	-1394.1252300367491
O95751	984.545241204525	1588.814830273771	-3608.966113554736
P35244	741.7904981927801	245.6062072057928	2465.7655805324857
Q8N9N5	-110.12770920873176	-1001.0546694687816	-3895.0839650433327
P62277	1940.2244715132545	2130.114884004652	2852.905637245399
P37108	3243.587617936283	454.4250783295656	2358.2972800008392
Q13573	-352.50392330459647	1250.2255561230247	-235.0108838093799
Q9H0A0	3454.160924960217	504.2570519743082	2043.052852725378
P23396	1616.1354646305774	997.1527782790598	1755.675096264767
O75604	-3131.430423549599	-1321.4132149791635	-2168.3801872530594
P05412	-282.6889171233266	-3370.731516257468	-781.4545759150944
Q15910	1318.6145658801584	-776.2791637624738	377.64626218434483
Q9BRS2	-300.15205656790204	2800.826935192192	2921.5373801302417
P31943	-1025.4246206939836	1189.3080490312198	1517.623588840921
Q9UER7	1818.1833652846512	9.652597406503862	-410.3817959988357
P52597	-1954.8782491273457	1386.264950249665	1686.0402079832163
Q96ES7	1463.8792786290585	115.76989193851229	-3795.6505078509304
Q9UMX0	-3983.8408530291667	-323.6029494701207	314.3324873302239
P48556	-4043.4474550058117	379.98830817534486	350.2529291434261
Q14164	-1630.817708843392	267.43322928363995	2045.43128576887
P62280	1031.569065194359	1201.9916340344748	3730.8935027291786
Q8N2W9	1373.4981811580642	-2203.6798502488723	-3048.6917599595554
P29590	-406.0271722817908	-2361.7243997632845	-668.5943741669174
P52292	1939.1416705035829	-1470.4761609637712	-262.96029258464966
P06400	329.81523619358785	-2960.6623479322884	-235.64307402538512
O00255	1601.755807094469	425.68887236411393	154.59518904924548
Q7L5N1	-3149.2948489191144	-1541.0879953501296	1995.0857103394733
O75554	-1379.87219767698	3560.717159977143	1443.5025269144076
P25490	1043.5940549795378	-2419.628902907801	-1210.9283205189804
P84243	3210.8961588390475	-511.67809469135557	689.4023526812871
Q14694	-2176.572484075342	-1650.8675796027526	2932.1434132206605
O43242	-3491.5557856007827	1069.9363000013093	1783.2369865042233
O60934	1534.2398222446816	-3580.7293600379608	1108.4681048247965
Q92997	236.38872219471676	2246.3570031156723	-2667.1400543379395
O96017	297.9560760774515	-3852.6872463831564	1227.2332975167096
P19838	-277.1926039080073	-4004.006402944689	-103.78288372504197
P28070	-3991.000421643633	663.380221710547	-346.58161978843236
Q9UQ35	788.5515617138062	3841.971081872126	955.7670066712368
Q92793	41.3970818490554	-2794.6797417390767	-399.832169656126
Q9BQA1	-1970.676261888256	2209.495781908752	2381.9320065821503
P60866	1375.7925766322962	1012.8250671642096	3686.8044386268916
P49720	-3516.936471985616	1764.9814563691043	1059.6472426026507
Q96GM5	395.9680675991698	-652.7123475173246	-2748.7541719585292
P12004	666.5321849359043	-1192.7876555902828	1969.054120881643
Q9UKL0	771.3555222644421	-2218.02751461684	-3304.012553081719
Q09028	1806.1258365273497	-1643.795563149864	-1016.8137699504283
A0JLT2	-3141.2376462081997	1088.991625875498	-2365.274282285678
P46776	2341.9410476392177	524.4419052006467	3274.748477630462
P63000	-2263.362093466016	-2043.7805111290318	-2663.8279729327337
O75643	-853.1697500368465	2523.1161605494653	2335.817066318801
P25054	-2906.8186290770104	-2135.213809515643	1816.572171510152
P09012	-1012.9401012770633	3630.3772162865293	1402.4090081820498
Q9ULT8	496.0088564329859	-2207.8530736230855	3058.0842634577452
A8MQ03	-376.4094333190546	791.5211786829144	-3962.3473094588985
P52272	-1435.05112400513	1664.419333732792	2120.5869651536705
P00519	-2109.704300197634	-2390.3550409065383	2049.3515863700077
P53350	-1263.1018745142824	-2133.604817526988	1369.9226166410551
Q13547	1009.8708335604879	-1970.8581805013457	-664.8709830942901
Q8IWX8	481.85969849924294	3740.627120977258	1530.4294869649152
P15336	-163.64699019089065	-3255.4033207184907	-2432.947309121287
P19793	-2110.174029274375	-2636.7407553566604	-2249.534005650473
P25791	-1381.1129671903134	1199.1646080028654	-3596.5932398167574
P10074	2191.2637608045366	3045.331581390601	-1457.616586495278
P05387	2237.696255484873	1516.8835268638968	3038.2137198440864
P40937	-3200.6455632920465	2419.8834969702875	249.50623332996608
P0C1Z6	686.7160625789625	-7.9694798919994145	-3968.3858302640638
Q92841	-158.30347997625375	848.9768393057326	3666.157015288569
Q8TAE8	275.45583568495226	3116.007012534425	-1709.7240723341615
Q93062	-2111.8339496839635	799.0314574975926	-3357.8016366386796
Q6IBW4	-2636.5816603532567	-1270.3477874134712	-2848.9829324726884
O43889	-1769.689950759905	-2793.8244547222534	2412.7937382833593
Q9Y4B6	1043.5872549262813	-1953.245887558801	3373.454545187392
Q8TAQ2	2117.89442996387	-2122.0702718918315	-174.0136907400597
P62136	-122.42780363970743	-1133.5227282269343	1867.7388156537534
Q14676	2784.415243305355	-2563.8342496059954	1287.3896838097578
P09661	-643.0038620206864	3943.142840699345	696.5795636964673
Q9NX70	-2944.8749725020866	2162.0173863632986	-1854.035207185085
Q06609	1963.2911478717099	-3450.0343300840896	688.6932091941923
P17252	-691.0726920136763	-3606.9590319518497	-1659.0891413844442
Q15797	-2801.694485141926	-2851.4298021741474	-154.46407758799944
Q01201	1686.3869299163944	-2551.827487997964	2032.5547359295101
Q14980	3324.652091386627	-968.5981628270337	2066.2868513087146
Q13618	-65.7506890245646	261.40726628214776	1417.5550318619755
O43809	-1571.1791614434676	1886.9576484582274	-124.01264695891084
Q15365	-1229.4628080562247	1914.6907597816412	2938.3995836978534
Q9UNN5	-629.7947371171276	-3273.0457831103954	2274.3844051690044
Q13616	-2129.809914053627	-1669.4998277130642	2021.8234267019868
Q96PK6	-1448.8930464785199	586.4874333252623	2466.4106868487092
P19388	-2593.4265268853824	642.4412197762529	-1683.2702593760773
Q8N163	-1863.613724251873	-571.8165403355656	2303.4271643333345
Q92624	-2906.082400614701	2089.6119417718187	1895.5869868074815
Q9H2G9	-1682.3133377237375	990.1001117173802	-3575.2824770319826
Q8IY81	2450.4305346871956	2580.3982498551204	1936.8371317859296
P43243	-390.75070935906194	1136.2457066214492	3114.942791958264
Q15233	-260.44137617916664	-1380.6253475027595	2678.9390540447553
Q13315	1202.1934844364405	-3674.7699714267674	996.6709385877109
P09874	870.1566812320995	-1140.4547102227123	351.9738663344023
P41002	-135.86385883470837	193.10095727775655	1728.425999328863
Q06787	229.16671281779992	106.05241239142939	-676.9008833391763
Q16778	3383.742721916989	-457.2677939206594	232.78845677654152
Q92993	924.9026751401408	-903.7380804923667	-1267.5564047710193
P52294	3114.6963057955504	-2471.7180607442874	180.08399032178124
P02724	-3734.644823977373	-1580.3649693474213	-641.0437251563758
Q9ULK4	-3650.2475130710477	-120.03859817924177	-1741.7934265104266
Q8N5A5	405.4306744398239	2843.264212785089	-2870.1613286270012
Q14258	-351.4865705967925	364.471284048605	2365.752173009024
P40763	-858.3827411458984	-3111.5013204432394	158.48584059222222
Q14839	2212.271542500534	-488.789207445812	-136.98260284754934
Q96B26	-2418.576311825891	1777.6910337633242	-2711.9704874838326
P62826	2208.428231355147	-2585.0585988830735	729.3243469087723
P43246	-549.1725710011291	-2877.926071438456	2750.7962139278134
Q16665	-488.2726434592125	-3004.6343879757583	631.4210443262127
Q13098	-2169.315977018006	-963.2474278680139	3323.6055431130544
P07196	-1154.8339041454728	-252.52009756979425	-3875.598895031116
P19474	-1390.9230515739391	-3046.0389014757206	2236.5365656280014
Q16666	3036.0525394366437	515.3300580803494	2585.156395432324
Q9UI95	2596.99181537728	-1664.3155634565446	-631.4807553284969
Q15050	2247.1469581720366	2883.9832670184137	1797.4867545645375
Q99459	151.6338644336742	1936.7687333239348	1205.378837562913
Q86XK2	-4025.0964918291857	-308.283835509114	-165.34480691386682
P0CG48	-1566.2395039803696	-1195.5848448662987	711.0160643163466
P50221	-82.6335539221315	2178.0184005632973	-3435.011130238219
P49711	2763.168704016968	1126.2065642951259	2732.9845816648253
P51532	1369.4336141821034	-2319.1475976464717	-140.5073094843694
Q9UKM9	71.26436155221643	3052.173342985198	1717.9767295916936
O95402	-2574.5742108143863	2451.8730077540113	-2016.1990587526268
P19784	2040.9137302179618	-108.87125909959197	-844.7762155386167
P23246	-791.1874237368896	714.658276170651	1719.9270986885813
P22314	-3063.406272338674	-2442.2228062663917	999.0733780850709
O14980	733.4544570677929	-3731.0231935635347	1284.6951936556732
O43395	-901.9595602428111	3907.595607193425	-345.7490740665048
Q15393	-802.3517017052628	1613.7253865698772	867.2896718525827
Q9HAU4	-2121.784972340691	-3203.299502087498	1239.418218937452
O43482	-1043.1983041393064	727.0654978360793	-3869.424985649635
Q8TBK6	422.9311970068287	2403.8170499693088	-2273.7034756126645
Q13363	265.00689860983357	-2862.214745279568	-2707.1480207439445
Q9NY61	3843.5609138815994	-450.2235395195704	441.8716058169919
O14641	-2135.743072066957	987.7356208729315	-1976.1289263330798
Q12874	-2034.0320177443696	3427.8870983671873	710.9729267729357
Q15029	215.5954259906107	1352.5933178456978	1269.6533985316275
P61244	1698.154304977085	-1714.0536537301098	-1609.8235712579644
O43167	2935.56409794994	2235.577950452295	-1566.4698615785203
Q13526	-1023.3661291231674	-1475.8022899969085	-2284.9294245195374
P12757	-347.41341291148836	-1475.950150038575	-3762.521926379102
P40337	-980.545411646454	-633.5797277501047	817.1683922249025
Q12824	561.204388128066	-711.1183170848152	-1950.6466236672725
O00487	-3895.0581598843437	305.09848972149393	1081.4890905326472
Q96LA8	-376.1256384927689	1762.5969490436069	-3620.8209793920105
O60264	3344.6388385869323	-1732.5735751443533	1333.3910292063742
P09429	1725.4131468260364	-1898.597184512111	2543.510310927811
Q8TAU3	47.77523490989706	905.4660707905296	-3959.6483088966816
Q00613	867.9343272856548	-1629.7775494794682	2088.22442434658
P04908	3811.746298952103	-527.0956406839795	1116.3565405224822
Q08117	-848.8372678087129	656.633363098339	-2397.0911674220065
P01112	-3446.607934827793	-1185.158025902958	-1735.1953461952357
Q04206	55.52152649069283	-1734.103505239339	540.6036056607089
Q01105	1272.4931261994584	-2613.6293639081205	1180.3523166089449
Q92900	1175.6776590224913	2839.181764659808	2570.7731477996613
Q15397	2741.4270188729583	2665.297815603921	1465.4224286672277
Q8N488	-678.1052577008561	-2774.5646469543453	-2183.237835761495
Q5VWQ0	3304.231773110501	2213.1529375596497	-838.7645011837377
Q9Y6K9	-674.4969605471147	-331.23786106864566	1088.825644734845
P38936	-1718.2516027716592	-2343.9817476229873	286.46336087792
Q8IXK0	1630.1662794358497	774.1380296448276	-3579.074303608691
O43463	1459.4676418041636	-659.9974548091208	-3174.7295532109415
O96019	2435.1477825506367	-1420.2789248352726	-2866.6257921516767
O95503	3750.2854594058726	1363.2340716520569	-642.0398672044196
P20618	-3767.60821694343	1229.756844520052	-611.2655749638286
Q969T4	-2511.7235238862904	-3177.173466463238	-360.60268396988226
O14503	-87.45678316371882	-2444.6360284639336	-3176.942404562045
P29692	-954.2579150086808	-259.3566459658148	3892.2159331371745
Q96RU7	-2505.4417719525345	-703.828193533364	-3097.9068051118143
Q16186	-3760.494335305439	1377.3441383669744	842.8642028638966
P51610	1587.9139738399565	-3414.2771135595463	378.369856822258
Q92830	1396.003752122779	-3719.59750208412	-636.8618922334929
Q96J02	-3785.128981865994	-1299.872617840599	312.0411704583146
P28074	-3408.682027916969	2057.9772441604687	908.2859179079788
P62081	1047.4370357876755	530.7756807351744	3852.7196990019734
Q8N8B7	500.02441214065243	1690.8232859770108	-3676.4321391905723
Q92905	-1669.7112849362036	-2488.5876866248145	2655.471880716109
P63165	1501.0069566209024	-1004.3211965546109	-1729.3747655398172
Q9Y5B9	3655.651877324059	-1160.859350955179	1165.8067322168702
Q8WVV9	-1293.9636955439946	2128.4430782705817	-3171.9702188730034
Q9BWF3	311.4438821391753	2978.673976333617	2688.2535125102304
Q99496	1758.926557343589	-2801.4842689671264	-313.903730343256
Q99436	-3659.473227851062	1822.16747286743	389.70711544111566
Q13009	2199.2978368314534	2106.0361717573246	-2656.209182747971
Q92878	1834.3550472241325	-3131.7400474199176	1800.131033757516
Q04721	3684.931698824944	933.2389400526724	-1334.2397318445526
Q99728	2638.037654410354	-2272.9172508525135	-1336.8684421088944
P46527	-292.81417730441433	-4001.5800564017345	454.7156303333729
Q9NPI1	2822.3710423704333	-828.0331432725171	-2734.122376249938
P46783	2399.4786378705244	2375.217834672933	2212.4765806965534
Q9NWT6	-3744.7897483740585	-1596.9103849762491	-196.32575404136557
Q71DI3	4004.714630283875	-224.661471865383	-173.90761088695663
P52435	-2162.284814019461	2724.6557969432906	-2177.2605274794696
P55081	874.3849027002747	3435.8443894755223	-1877.5330976111184
O75152	720.741781777496	3994.2426718477	343.38741541377476
Q92731	-1913.64860614379	-1782.5539326946582	-1614.1680649295909
Q9UBU8	1823.0240343907035	-380.8408237239458	-3563.447831965274
Q86YD7	-552.8413102876444	1228.0381933335325	-3813.8481778312653
P26367	161.7546884868043	-199.41936631353514	-4045.592910266574
Q9NVC6	-3273.789496517575	1276.736452568139	-2062.9807681293028
O43741	-2011.8836085554422	1205.3129638258656	-3329.0553717210296
Q99848	3311.853911465799	1995.8519190592147	1226.909075902203
Q06330	1587.1617312101223	-2996.441892625321	-2209.2460827544983
P63279	695.7780722404003	-1776.4048038874903	-761.8495374444021
P42345	-2701.1035581941483	-1180.5623913732381	2789.383622160733
Q9Y5K5	-3999.3116578977997	264.8565509166472	-413.1658041089058
Q9HCE7	-3457.4358654492835	-1786.4173566812988	1098.253634925923
O76021	3043.1654030830873	2066.164548175588	1671.499848655407
Q8WXF0	2525.6107124382297	3078.631996150471	-850.1859107760542
P04626	-1923.5400190313167	-1529.1483513513724	3196.013619381671
Q96JM7	-769.0976540757501	-1270.0467858455033	-3744.991385085713
Q13042	-5.255122510924765	-3668.614463393147	-1765.0045755715337
P24928	-955.2835078913677	193.91604823606824	-101.88543369704018
Q9BTM1	3165.674414603699	1723.8085913856069	-1916.7584575173967
P11802	-769.1107255960741	-3789.2641043233134	963.5167775519056
P10412	3727.336831508354	1365.105020043179	689.3116877372673
P25800	-766.323021196076	2426.5517030384312	-3195.680495715324
P49336	-3570.290059359179	-1100.5518432904232	-1498.6775912745968
P43686	-3741.2166085559893	686.117223559583	1415.7850464224584
Q13435	939.2129030594249	3103.888301834856	1218.6735285549844
Q9NVV9	1027.6095975608596	2224.3464246827893	-3230.4237047514653
Q9BZJ0	-341.2189291123985	3961.293688027374	-841.6254562809047
P30260	566.2734587389555	-3979.292999903365	643.1820280289024
P61964	1001.8146933472937	-1078.7336327857217	-257.66263180386215
Q69YN4	859.9787684944367	-8.079016254697477	2491.7321510085408
Q96KQ7	3125.0701632222867	-1512.8648933834231	-2051.6334689659157
O76071	-2919.699916218249	1289.8913208989568	2476.9178795029407
P35637	-554.2713862672372	1009.9761380868325	1156.0633936250724
P62877	-2158.716465031895	-2157.5611818224093	2638.2011824197516
P19404	-1407.1218100724127	2457.0265871636725	-2911.9611948168244
Q12905	352.9363751838509	1342.1822415561776	2636.6863973539766
P07910	722.8853846741546	1721.041208107578	644.6052768121823
P54253	-937.2202723096972	-275.1105212871859	-1110.217900654785
P14859	519.8138337428562	-3865.2351261656663	-1103.1344968470594
Q99759	-1224.553668427991	-2330.61799525446	3054.7355912876856
O60244	-3768.5656657666027	1044.1035785224046	-1058.346872911513
P68431	2357.7402248858925	-1270.2569474294673	236.0788515347421
Q12873	1852.630060985537	-561.7017740124021	-1069.5925317618967
P48426	1757.8476759680607	2222.3817496421266	-2906.151950876108
Q15714	-2656.597399342662	279.890214705045	3006.2344885617176
P27361	-447.84995957480066	-4011.8396044480855	-547.0200406428055
Q9UHX1	-1040.790473573015	3857.3017530896605	376.04312592194196
Q969R5	1129.3779408766027	-678.4073039859044	-3827.284520688854
Q9BYG3	2837.778316196965	2717.234704690194	1045.5287277648217
O94972	1589.1987574109605	-2678.6226311247283	-2526.001105192178
Q9Y265	634.2253043112006	-744.9752674980996	97.329193885436
Q12857	536.0608808382182	-1948.9712342739165	-3521.4362174920793
P10275	-99.85116521116494	-1144.3289541732377	-101.7312244877065
Q15646	2977.951036455104	2753.817552455454	-596.3406077523639
P22087	2575.655756287314	400.3394617578422	2482.5147811354286
Q13643	-214.33043988423788	-667.4696657619222	-4006.130372725814
O14757	-145.41198898346855	-3721.036343782586	1578.901923619084
P46379	-3006.004021533245	-1189.4572931209702	-1268.5951762688367
Q01196	-2258.6235957713907	-3080.898398830082	-1238.4028204695192
P51668	-2555.2069382867867	-2956.432950435406	954.2634472863193
Q9UQE7	1255.6929834296436	-293.32961924537716	3785.3888533883733
Q9UKB1	616.3422346187325	-1437.0004905240764	3435.57509827199
P62841	1987.807361672084	2739.424993450002	2254.2670662636583
O60260	-328.42776999851276	160.33028261844998	972.5597847152708
P55036	-3767.480940350848	315.7486550462814	1404.1768929419568
Q9HC52	2382.7162800645547	-417.16337233945256	-3197.2129922513027
O00567	3329.262748654153	1059.1407733186313	2079.235276239832
O00505	3574.915953499769	-576.4550678415704	-1716.0220792364266
P67809	1432.190110710244	1422.2998982899562	1718.3449736322202
Q9NQW6	1159.8777698279278	1088.4781963095406	1685.7792858642927
P62318	-1269.5919815071418	3768.683060846478	822.1947429665855
Q9UHD2	-3239.2950007981945	-1117.0931588338708	2091.2488981832016
Q12888	551.463671351405	-3933.5545060597797	-141.14822564148506
O43390	442.4271478228414	1695.1163426729406	3610.429238009264
P78317	-233.77015022485708	-285.05194436381396	-276.527747945468
Q9NP66	1108.9866953711564	260.76341469393725	-3879.669895450973
P34932	-1642.5919858608254	-3102.8166988613807	1918.6798841825907
Q93034	-3291.8605449637585	-93.45220373273264	2391.159667482913
P25786	-2945.586151319895	735.6318933090813	-589.1717154847348
Q08170	2296.2672523903507	3353.8008966144125	187.09850867201288
Q96EZ8	691.742873919739	200.37515218164648	-2310.4733099549444
O43791	1120.6403417774081	-2196.9934814525873	1505.7968816900138
O94761	842.7589758851191	-3025.570641397271	2554.9065484966914
P40692	-794.1452853552669	-2186.4440904832286	3287.6316116241287
O75928	-562.4477828682169	-1667.6337195670794	-2623.423340073733
Q13263	734.2203495621756	-1289.5591621511433	846.5353409875274
P17844	-59.21918186949874	474.24777175001236	2041.5438657682303
O43251	-2619.0628718292933	3007.4250299707137	605.8535655882876
P17028	1430.2865755746263	1208.013154273033	-3551.8643939019703
Q8N6S5	-2846.8155957349118	2331.067761043901	-1679.2525266247712
P12270	1595.199807647793	3236.154464963032	-1816.8349409940708
Q86UW9	2835.6150148219185	1720.5962965383596	-2315.0230496123695
P37198	3263.0444422083683	1496.109922336917	1855.3671915049956
Q8WTP8	-2531.226822512333	-1972.316217256066	2467.3121145829887
O95476	143.52900557393457	-4043.664585844757	195.66562277339602
Q86VR2	-2308.988747931313	-2161.879377961553	-2529.341654539648
Q8N5I9	2686.2045030196687	-1936.1537481252426	2324.974545239299
Q9Y2U8	-216.69969010414914	3963.3948261945757	-774.4216951500272
Q9Y6D9	922.350593201803	-1144.0311447758565	-3769.45273442915
P63165	3361.0772753192846	-360.7828320929103	-2222.81317098162
P02545	707.1331469541344	3906.686835705391	161.89820012865403
Q9UM11	-1529.1405643050273	2500.8732928741965	-2790.274235160579
Q9UN42	-3378.8284443686116	-1956.5421291967957	1070.9538900126324
Q9NRG9	1862.194807685893	287.92920322534206	3580.766966199383
Q9NXE4	-3053.6718807376296	2568.3265187236625	-680.069264630893
Q6UXG8	1038.209676981117	1356.0579142829322	-3668.705298690559
O14715	-253.11474100475561	-619.8856356842765	3989.5157229654037
O14980	3910.11143344696	1012.8022674818128	169.16297884106157
Q6ZNG2	2239.143621714624	-1418.227052543973	-3059.9864967459853
Q5H9I0	2252.627580813575	-3285.2049479667157	724.0143344782255
Q96BZ9	-3595.4061972143686	-1763.2477557950567	-627.3350586070646
P20700	1344.6452865257957	2950.4306274363285	2410.5537717579714
Q6P9G4	-1901.3002557955313	-2624.4709834209702	-2435.6361806240534
Q53GS7	1571.9231331880076	1126.8918254872794	3554.4695946416646
O14656	2894.089231413129	-2478.630560494947	1362.4578595169494
O15234	242.70716409586646	54.855073510204456	4040.280523485958
P22736	2093.1686902068545	631.7682129985395	-3402.1158588877843
Q9NPC8	3532.035841910141	-1773.9797410789	-865.3917565638905
Q9NZ71	-1761.9768528320644	1432.6685107554426	3348.4621698735177
Q8N1F7	2836.6240802472144	2882.0902289569995	-68.7115368982585
P49810	1349.8047554249224	-3342.8176552269524	-1840.8874999852542
O60318	-2454.1481271513017	2502.5157897411564	-2021.3419533048068
Q9H1E5	-1804.9416250576635	-3401.835213842315	1262.125798576952
A6NKT7	3084.2789738313622	-1106.630008700122	2376.9684285122653
Q8WYP5	2593.135598417441	2948.346900382676	961.063183462558
O94901	-3083.6290359363134	2029.052402070833	1653.8991967886043
Q5BJF2	-1934.5342584850823	-3483.810188522928	-718.7899503899444
Q5JTV8	3844.303768033647	-1235.9345692230681	-215.41012639126998
Q9UBM7	2653.0368855357638	-913.2255320950983	2920.9216537025445
Q15013	2791.4684753090833	-2467.1877558354554	-1583.7336122454851
P32856	-2999.9824696320447	-2662.2542012900017	566.2425261231466
P20292	-2626.091832676742	-1547.4056514001156	-2670.183808944606
Q14739	3991.8810553524736	638.3527273238406	-19.725348013875212
Q5SNT2	-438.52490961506624	1005.0384765038781	3893.339925033654
P57740	3314.4531430411944	2222.552165920065	-643.5443500415663
O00750	2357.7967885880576	1077.6857232225075	3109.00980488762
O14735	-3796.2204621346405	-1060.2441590300086	-931.149772624232
P17024	-2641.0868737640108	2187.8099526895617	2145.414541294982
P35968	-1067.2230904415726	3248.091572034781	2166.279184855267
Q9NVR0	-2776.8223123892694	1053.916887361241	-2750.6753516865924
Q96EB6	828.7921289795711	1209.8398588519624	-3768.210132529624
Q9Y6X4	-181.61815284319974	2950.486247667101	2761.9729515994095
Q8N9A8	-848.764157323359	-3960.8302053693837	75.39642899832074
Q9UBP0	3437.3151170943543	1358.1063707148855	-1644.094061513206
P17096	2420.6785797434545	-2843.8505328247634	1559.5214877958117
P52948	3057.133215510201	2627.681944676202	-328.13318466281976
P46060	3902.85272485742	-32.103952485695935	-1070.525721683767
Q16526	1014.5110274046452	-1300.5503565982087	3693.6407390717604
Q13009	-2149.342693675083	1493.5314270212268	-3084.9389126738383
Q9P2F8	-1091.9930846442103	-3463.2688013916077	1790.9574819377685
O95661	-577.1428119117886	-3407.3968345132125	-2105.5295195221706
Q9BY50	1075.7311578432168	-2331.149229791391	-3127.5753284041202
O75694	2685.634084212243	2522.1937087637225	1664.179081090281
P11802	1461.9884139034396	2117.8466256490683	3119.2912356391375
P30793	89.03566425409961	2019.1777652120993	3504.685398739782
P33151	-1189.489633506875	3844.73403790002	-428.8691733850001
Q9BTE6	2879.2025762151698	-2219.1757927280923	1780.1498773812182
Q9Y6M5	114.71515684760702	-2876.2338370692087	-2845.007813445311
Q16623	-3553.8695546267804	-1936.9201748535097	40.909658929774764
Q6ZMZ3	-3534.42203814829	1412.399481107685	-1374.5729558342014
Q86Y25	-1260.3636307138015	-1035.0518388447044	-3704.6257508376975
P49759	2418.88734110277	-2328.034345203096	-2256.639125431129
Q8IXM6	-4014.717103346778	-350.69608390526145	-389.83967198759166
Q9Y5J3	-3257.917555517981	1962.1224713436302	-1389.1758286850918
Q9BVC6	-108.6350228948197	1834.3332016639747	-3603.8495855040146
Q9BX63	-3146.0389937572754	2535.459417906903	195.42916103226926
O95271	-3484.0500532925394	-1088.0457022039182	1756.296437636206
P30279	749.0710406153098	-1858.606305300607	3514.7468838686827
Q8WUM0	3152.217795109138	2261.0313692573523	1140.8646035093275
O00560	-2817.618111173634	-1115.8754081632817	2681.260785198793
P31268	695.7609622518821	-2951.9109550287108	2676.3378973111426
Q9BTX1	3552.04272036993	73.92788699851256	1929.9296322418138
Q16873	-2585.212904200412	-2989.689319468028	-888.4821342141207
Q8NC56	1897.686653153902	2680.1384194077627	-2362.69118111067
Q9BTZ2	-3657.464178010759	1359.2450124475274	1068.9511398540253
Q13277	-2470.5524918126407	-3160.690829663249	564.6370547487074
Q9H8M7	-2663.4875894973907	1590.6569248734106	2596.29097536744
P35368	-1607.9830755355342	-602.4178542938149	-3669.6405218721648
P25100	-684.0854603613235	-2297.1865388858932	-3261.209225593348
P49903	-944.211954623348	-2939.5716758182366	2621.7663016889983
Q8WW22	1446.1763304028307	-3031.431544389783	2260.564447581207
Q96SK2	-1075.5764477971395	1999.0319280419583	-3347.618718177849
O75179	2738.3064012412065	-2915.800063635552	-602.2973265988886
Q8TD17	-3272.6426208225657	-126.92436475302856	2383.4913338574247
Q14974	3600.617059767001	1729.3224612832369	115.66084719958273
Q96IC2	-3968.100413379508	455.722717710038	654.0552381265851
P49790	2970.4899090578083	2633.138679720239	762.1211556374528
P20591	3364.382621818072	-1037.5781140694012	-2000.140381675838
Q6UW68	-3887.689987793331	700.0870582362429	-891.4679947340239
Q96PE3	891.0547635377145	2334.5558214480516	-3180.115476122016
P42166	-91.01881364934252	3903.8921872055103	1050.0051234189968
Q9UKX7	2352.1556100273015	3250.850226673524	510.41232659006164
Q86WB0	-2246.702120648379	3352.4451563218945	-255.03156400965423
P10415	1471.114107258183	-2621.0875205860457	-2711.000118384155
P49792	3967.5991121767024	-105.97651464730309	777.4924703290488
P29972	-3843.5543449474217	-183.6528707737494	1265.164118734871
P49862	-739.928850398272	2144.4244093705447	-3352.9112652697518
P50402	-2088.6757549630934	1582.4383749992721	3071.472945712021
Q6S9Z5	-1341.1894771563707	-1954.6187131733134	3279.343574705277
Q8N9R8	-3052.5787133423137	-267.0721704948509	-2649.919988361183
Q8IY26	-1367.9754026258638	-1741.5775568535637	-3385.682360165272
P05981	-257.3462223954551	-2724.3593720346717	2974.3783743477484
P49768	1398.0849517151998	-3691.8704591248043	-890.0800212468176
O00410	3841.1872999585166	-213.49907892463796	1263.043217465741
Q8NF91	-2663.0674162236137	2733.721141717989	1348.9446651537014
P29590	1811.470597694401	-191.60960437056045	-3611.7460555306347
Q15797	-345.5649349957307	3137.0111920489417	-2534.454067022544
Q96B42	377.5556833391124	-3957.530386784961	-766.0120098197758
Q96HA1	1604.0417592143228	3580.3395971952696	-975.8681039257145
P52292	3443.61606753271	1957.9533311319071	785.5359628550976
Q9BSA9	-1349.757054417686	-3550.076491785988	-1410.8139292360588
P08758	-1690.999881120487	589.8035796640577	3627.6136103928948
Q8NFH5	2103.9328185383456	2851.645607929986	1847.0498572733932
P0DJD0	1591.2545081487942	-1520.082791698689	3397.102216106681
Q5T3J3	878.7459846031658	3624.62690044105	1572.390335177461
Q7Z3J3	1868.7773832726443	-3376.840458992521	1216.5880525887426
Q6BDS2	-584.9089607421093	-3881.190316834942	1002.8542364452002
Q12765	-1137.1248367685557	3882.002388538485	136.39753774145862
P84022	329.0660568798033	3690.1126179844714	-1615.511894836362
P06733	-230.7005659731244	-541.1808556044527	-4007.958822945166
Q15125	-3323.260017019362	-1477.1281311840169	-1771.3794271686702
O60281	-1867.0373590423426	617.2011296534945	-3539.4683512366846
Q9UH99	-1625.4186680788184	2737.357786491559	2412.951110464805
Q6ICG6	-2758.086426831117	2790.9822449036305	-996.9181322273076
Q9UIL8	-3015.35611614659	-1880.667919780286	1946.7832274197956
O15504	2061.092892420062	-47.516948021493846	3479.9595105491594
P04406	1440.01794278555	154.3629967503501	-3779.755125345882
Q96LT7	-2175.396838276893	-1222.3195792144465	3186.5657108730315
P30047	-355.0753063663035	3423.2533437274324	2124.09001851404
Q8IZF4	-152.8693904099509	-3857.478907353316	-1210.8592714023532
Q5SZD1	-120.67919173316426	-3738.332591371532	1556.5706048690688
P09917	-1506.7293041662256	-2926.6135836011763	-2360.978938546472
Q9BVK8	-3343.910209755964	-846.8922506852824	-2123.3160667652087
Q9Y252	-2690.7980766305814	-2628.6486045476404	-1495.249087206448
Q03252	-1687.3299887913442	3268.2592968803046	1685.2805263411485
P0DJD1	2315.799319159377	-3320.4118443466914	110.67122536254408
Q92621	2018.5117383339273	3499.076632047544	-165.48245442371314
O00629	1530.2643698207216	3668.498422874291	749.7038235150341
Q9UM54	526.0393259693923	-3087.5079507731166	-2566.1383341869655
Q96RP9	-5525.505734418019	1850.6331893362144	-121.23704074433596
Q9Y512	-5439.178406074691	2308.9208906674585	162.35605132421153
P21796	-5663.423924987335	2179.454755606335	103.18780672004772
P35613	-5781.285277505398	2064.2085440071032	139.3180298988521
P22736	-5609.288519102762	2004.702794584548	613.2805278722262
Q9Y3D3	-5326.344099931061	1764.4238379863532	-285.00836210070037
Q4U2R6	-5370.12046792328	1726.0188945375091	237.9060216652739
P56181	-5425.990929986346	2165.87126403651	-295.23509361465256
Q14318	-5580.846965626301	2238.9983574413113	409.8430670207851
Q96EY8	-5626.834591328823	1797.1070106984757	45.77301956146375
Q5JTZ9	-5573.777810558062	1849.8667075319902	-91.60027014623458
P36776	-5413.3745975102265	1949.5005070695483	-173.86087856453807
O95169	-5492.258439873625	2297.60646507902	-259.9506938050994
P82650	-5216.47047936441	1857.2900459007178	-97.29749491229266
Q5S007	-5616.829490731606	2051.10404524471	261.4477349652915
Q9NTG7	-5619.485479932426	1989.86538963466	80.77324880760376
P31040	-5740.170751366057	2017.7147565158498	-76.82799246696435
Q07817	-5601.134081300102	2205.4964789958644	461.27705692052155
Q96I59	-5587.330271384415	1716.339777450967	-265.0378914254133
P17252	-5343.085879622571	2090.2558205663554	318.73955968377055
P82930	-5243.577126759248	1840.7490040575572	-243.30011971925043
Q13405	-5435.515805764779	1695.8191217375374	191.80071127760678
Q9BYC9	-5250.105746885905	1825.2805320746374	229.43661286346733
Q9NWU5	-5265.127366625984	1799.1850451052967	207.5358808051555
P24539	-5710.019159105172	2069.8092870251744	-119.16077682630993
Q96EL3	-5353.725761996507	1717.537213742266	136.61930656921078
Q9H9J2	-5335.1696395595845	1822.6810499802973	111.18906163864733
O60333	-5701.884298634949	2215.1156622515005	273.1027270738826
Q6DKK2	-5803.0933059710715	2116.5885250265546	5.0761302860245365
P20674	-5764.002534700636	2164.2333361584083	-168.23808671426312
Q96GC5	-5255.2548464042375	1795.6400671898596	130.3559229867027
Q9NS69	-5668.387265511448	2275.6107188208766	68.42982929516505
P32322	-5748.453467519277	1946.1558737686908	49.63375205061218
Q9Y3B7	-5418.338455069345	1752.5711102472935	184.220086975643
P08238	-5689.3618888686	2103.7791971397555	346.2222211449943
Q5TEU4	-5415.722130750016	1775.9574889235416	-238.61031475784338
Q9HA77	-5480.360834075027	1889.759586078846	131.55261792446188
O94826	-5568.643233012661	2297.894063637448	208.60020480141063
Q5U5X0	-5515.949285834728	1720.9436988018567	-333.13557119175607
P28331	-5532.261131755125	2152.4110505487834	-175.09514341785345
Q9H9B4	-5573.971446567854	2214.9886198818112	-45.310793849667554
Q04837	-5575.6999761506795	1843.2569202199152	-15.036944149727706
O14561	-5457.754286784952	1803.4275277422043	74.65527270630237
Q9Y2R5	-5278.102064200938	1796.546766453882	-108.54867924703011
P05141	-5741.43147968491	2167.053140415116	277.51646789644246
Q92665	-5226.249964456871	1862.7466166587533	-216.8108763635507
Q9NQ50	-5391.645612435032	1710.699644991711	208.3638040302849
P22695	-5689.488905248151	2138.1152480556975	-167.36875280897794
P10809	-5584.301378809593	1911.4179073765918	22.040790213276058
Q96EY7	-5241.77699097401	1927.0816785419722	-195.05555181705165
Q9BYN8	-5296.805134391522	1805.7524566749762	-169.48810962203746
O75385	-5695.732447739775	1946.6929929214195	507.6695768353235
Q9H4K7	-5643.6219256831055	1888.4307297150049	-35.97816691135861
Q12983	-5373.022715786291	2222.8408548492703	401.963480958103
Q9NX20	-5403.516800893237	1717.8040953203508	262.0799054395687
Q07812	-5651.706525488154	2102.8124044639503	536.4711766905476
P13804	-5613.483880144992	2010.7750202656048	-286.17378120745354
Q9NX47	-5326.633430727607	2249.7440176083765	232.70582853681077
P62987	-5650.5560825164475	2219.122127533361	371.89789088976784
O95182	-5421.301710874267	2197.5500592500903	-328.2527500664978
P63244	-5623.938345000682	2159.401463529526	509.04855842449314
Q5SXM8	-5578.541448602337	1691.0524254473194	-133.05247088335355
Q6UXV4	-5333.212581236803	2274.266076373955	106.32902611302946
Q6P1L8	-5411.929961555186	1724.1452556070917	298.96190667255934
Q96EB6	-5633.8923595752485	1904.8529052809913	320.7265982097396
P09622	-5691.310944663728	1853.003832180732	87.28391254467755
P08559	-5591.588761260845	2018.834322640655	-39.84082405918881
O15091	-5401.590276804268	1905.584840764131	-262.64945159565417
P34897	-5494.151304257242	2018.3043356433427	-135.2891424560784
Q9UI43	-5473.197843177341	1708.5299590228842	-284.94194244612027
P03905	-5435.313302938892	2226.4937142424214	-449.58958927095847
P42704	-5507.407258642005	2013.6891984627332	-31.531068056862594
Q9P0J0	-5462.902377380715	2288.8654881079656	-235.8419331634594
Q9Y399	-5256.0456850317805	1802.7685931540207	-174.38353647379753
O15239	-5413.943943967445	2209.9436820024757	-467.54546785330996
P38646	-5658.798785654198	2050.8618419885224	76.92913905229982
Q9BZE1	-5401.845796775481	1695.3592580171944	112.3968734063756
O95167	-5351.267925500929	2253.9151897374713	-280.429315865968
Q9NVS2	-5283.804152613446	1793.3021317515297	260.0355081179985
Q96CM3	-5224.647320535948	1828.086843827335	42.810341332506894
Q9Y375	-5372.701878543416	2147.6390524645667	-366.9970231947186
Q9GZY8	-5314.331912467974	2198.2632037499757	360.2867673150087
Q9Y291	-5272.636199489572	1870.4928344524003	-388.7096768125376
Q9Y6G3	-5326.664984272526	1733.4972604581917	138.5090703183295
P12074	-5682.305542531615	2152.9797717929537	-443.77022271257323
Q9BQC6	-5332.477589354665	1770.442306665295	317.2340106417198
P11182	-5473.464574598863	1746.0533258631597	-205.56911009838302
Q9HC36	-5408.043833830578	1721.2886501409207	-43.527369272769775
O75127	-5359.677345944702	1706.506169276764	0.7583092274617123
Q7L0Y3	-5290.666070426612	2057.2460161709114	-47.99959323970108
P82914	-5245.021373300628	1862.3715432579256	-295.30723172134697
Q9BUE6	-5423.043111564875	1846.7221152182317	-553.0245850164133
Q9UPV9	-5371.457975606952	2245.8985811290745	339.3944962071798
P36542	-5676.932098194896	2203.0257522419834	-148.12612804444356
O43674	-5532.109837601535	2206.942736590188	-375.3125444254019
Q16718	-5522.723733682708	2208.451307148413	-303.2551760421802
P0CG48	-5549.0953672322275	2086.922037012814	219.0991944163619
O76031	-5422.028078887562	2038.4760328202822	-121.37730228504294
O60783	-5221.846298919614	1905.7441140947774	-282.6757249667884
Q9NX14	-5405.910179995469	2257.432426266213	-349.2901247884081
Q96A35	-5333.868563270549	1723.4157845553368	95.68167588815959
Q07820	-5647.372973759515	1982.878380363676	578.2025065767004
Q9HD34	-5659.430162110848	1716.7209482443986	13.395713648532746
P48047	-5722.025026974674	2097.3534146083794	-151.77939765168108
Q9NPL8	-5323.123214424006	2267.3563372712874	-104.63305506847058
Q15526	-5361.575279098698	2271.2375864255364	-228.40735777973006
Q92552	-5237.573943806827	1833.1780299873042	-195.49131221484566
P22314	-5792.9351340832	2006.4700932995788	280.1629900174858
Q9BX68	-5597.20451496622	1769.2463052855028	-247.2547909087942
Q9Y2R9	-5292.6296454713465	1883.3203687672926	-125.35400439860493
O43169	-5422.463294665812	2189.1630277692743	242.3971559680346
Q969F0	-5277.794636275008	2235.608611903227	63.93268072611168
Q9NZJ6	-5554.978063035542	1783.9462329144612	-473.8508064617268
Q9BPW8	-5409.124129943365	2118.213265734689	10.830635001672025
Q9Y3D6	-5355.972498088343	2143.6833406052515	508.0810648518055
Q8N183	-5472.862590203999	2266.7678127569434	-45.94139976790422
Q9UI09	-5448.361016950197	2187.4947849650966	-338.0028858513033
Q99497	-5696.9455358679725	2237.2394615489316	201.30112928076136
Q9H015	-5432.704615158902	2306.7762015801	-173.071703634146
P36957	-5655.478126688687	1944.3663316641732	146.36830681041658
O14548	-5718.498357822357	2144.2204433999127	-384.5682354606579
P40939	-5653.912193076457	2026.5972682675767	-1.8708505449611117
Q9H0U6	-5326.55345954729	1780.4215645526738	100.21071027428405
P36873	-5555.927760551364	2192.4453964057484	511.4770994789976
Q13084	-5371.250127114445	1709.7736379669566	146.77332163256617
Q86TS9	-5319.850098757231	1756.9798949727037	239.12908308622065
Q7Z7K2	-5285.995087596858	1766.998834351397	-162.14159400465056
Q8IYB8	-5199.00014925251	1892.2430433227291	-123.79032936240326
P05067	-5573.923218013818	2135.58722195813	197.9645477941941
Q9NRX2	-5346.782524619334	1744.3638036931015	264.8274190978145
Q9NR28	-5502.233908265045	2325.2574927882897	-4.439089184859249
P31930	-5729.607599670735	2219.442257113961	-132.85260302257032
Q9BQ95	-5435.415548484433	2131.052984055658	-269.33462817691475
P12931	-5681.8716877964325	2140.6185707463023	458.4320653895993
Q9NVH1	-5490.4514541384015	2322.787063127744	78.72511300460718
P56962	-5489.392732153165	2038.8953825785047	646.1396920136935
Q02750	-5579.01747287793	2095.077020213459	601.8764311339081
Q9BYD6	-5263.054995836851	1792.389382219445	169.3271428031719
Q96AG3	-5367.330338787054	2287.136736941928	156.34725857120196
P51970	-5529.051627068701	2279.3278961932715	-259.8295555175761
P82673	-5207.935242606835	1888.8450872306848	-178.87146422896237
O14880	-5400.252396266161	2306.4682390453836	76.99544483550194
Q12906	-5550.21052947047	2139.546775768929	306.5403450873324
O75380	-5470.6424056746755	2103.8387122903496	-311.4338823077559
O75394	-5296.879650850981	1789.0344896661907	284.7869396928092
P54098	-5487.288287559644	1886.822794920648	-263.6337563977693
O96000	-5538.598313168565	2255.8482871849624	-393.4848460413662
Q8TCC3	-5291.7939050167115	1762.65107106481	162.3569200086011
Q10713	-5646.685493148685	1846.1170649145247	-155.32947072473175
Q8N983	-5233.667791348476	1824.177216226401	132.1499207949341
P82933	-5256.08440899733	1864.2597572223422	-137.76862453375247
P22830	-5676.00469338233	1727.5937810374448	-46.988250563436665
Q9BSK4	-5644.541156786026	1720.7399522410303	164.37388398408496
P03886	-5541.628661329704	2277.8658462194226	-326.62322541827496
O60313	-5535.43421842153	2315.475103474055	142.71141152414992
P10515	-5735.506023273034	1796.7102097061716	58.72068603052419
Q15031	-5640.907652886411	1846.874803518536	-212.00176939671545
P10636	-5754.4774976208455	2045.3513056224242	354.04698415399406
P00403	-5686.77102429286	2246.5715631636554	-196.30067317632574
P53701	-5453.020967765928	2238.3922658415972	-432.6510298607164
Q16540	-5346.111537947466	1718.4449040116465	69.4652723450666
O14949	-5711.717208756	2221.1499138018003	-215.4419064014277
Q6PI48	-5748.136405645366	1790.480427033256	15.643117188188834
Q9NUJ1	-5647.244434090856	1734.4375965219845	-234.90494545830114
Q96RQ3	-5762.2068569947405	1816.3486890659474	-106.97665956623362
O95831	-5505.585888497659	2139.7243937349817	-47.88215233168333
Q9BVS5	-5520.334616457088	1719.9149518990585	-127.81230518802056
Q96LL9	-5416.829482681858	2284.9145328936215	-263.89719074858266
Q9Y277	-5689.584827093899	2263.498631719398	17.446702453331117
Q5T1C6	-5424.7910954057625	1709.9258393958412	-254.1693928044472
Q8N5M1	-5695.451204058732	1763.4330697904038	-207.64904155122485
O43678	-5476.398751113146	2137.9933831110793	-331.6034548108615
Q9Y2R0	-5590.904418619252	2273.558860980672	-301.6940319178728
Q9Y6H1	-5822.101968832117	2000.9436810836414	86.53505990229715
Q9BQ48	-5316.165422717215	1792.1528805492887	342.37927567365466
Q99714	-5562.953552442336	2052.38154648544	43.16477332746178
Q9H2W6	-5324.483883672693	1726.9035952480629	36.72398395758004
Q7Z434	-5489.782318946852	2235.796765507387	289.07391707531934
O75746	-5371.9891862637005	2298.8441300258	39.83294610354143
Q9Y2Q3	-5738.798216744206	2217.7683065522715	-14.311627767653338
O75431	-5363.790903169108	2276.755990194627	208.56521166552545
Q8TDB4	-5480.573057555658	2318.0438355388587	128.74869453071034
Q16611	-5651.161482421136	2165.004369857098	472.81343640562324
P0CG47	-5466.579285800889	2206.1900996387512	497.8948794891294
Q9NYY8	-5290.7865668481145	1840.7802996491255	40.48218705991174
Q9GZQ8	-5569.347398035568	2100.7169828292135	337.61199711081326
Q96DV4	-5405.309379705171	1697.958276239883	155.06527255820131
P35232	-5618.890776018809	2116.637316344842	-8.025992974774825
Q9Y2Z4	-5443.073512847883	1765.9438817399023	-43.067878126284725
O00217	-5500.563898440312	2169.2246521662887	-204.29944960983164
Q16891	-5509.019167297602	2266.7253923367657	12.835847655940537
P82921	-5290.779924577719	1838.343091832155	-381.08837611571926
O00165	-5627.299072810081	2280.2820710423293	205.4161202564051
Q8IVS2	-5316.623916711882	1739.6011640771185	-134.53612692006791
Q9NX63	-5442.233787602931	2315.1935196587838	115.34610616194723
P49590	-5546.3356398471005	1817.2001330887215	-84.62543848659139
O95139	-5443.330826379411	2195.9740042656067	-506.5824041611018
O75964	-5795.579970045737	2081.993986532133	-214.7419217688392
Q8IXM3	-5290.9499184311935	1774.6228947554719	216.08802730709755
P13073	-5569.77108551888	2140.310392783843	-105.55981955753852
Q14653	-5524.013150359056	2185.3024998498954	531.415610725999
O75208	-5500.193799224752	1965.9491433798494	-647.7010094776185
Q86X76	-5613.607416472421	1804.8598490388772	-467.706734634944
Q9H078	-5418.222758069415	2313.0719857495915	-56.91489345630723
Q15120	-5694.4169054163995	1822.9402333017545	-75.9459504900513
Q13546	-5706.572321252269	2069.88749399054	480.60794256590015
Q14457	-5752.305144103398	2114.8688500091066	337.3867682006817
P51149	-5707.9977884329855	2243.6574085850457	113.10389275328552
P01116	-5602.9055941095785	2274.357668811344	279.132511568071
O43521	-5545.718265229086	2041.5909948862343	639.7892929371363
P18859	-5789.342464985596	2007.507487598279	-296.1381280029244
P00441	-5533.490327476378	2250.0871973485196	410.89232761682075
P04637	-5669.5629237456205	2054.7914506814936	330.6713366130892
O00429	-5469.700292630987	2265.4191489333775	369.7039868728235
P17568	-5488.326322644467	2249.921806979997	-414.3475754400516
Q92870	-5457.498936723616	2249.1713399620207	410.3213354625875
P43897	-5594.412859121398	1764.0458871727074	-69.73687273241181
Q9NP92	-5357.200301253654	1724.1630588131502	194.24366979772932
P08574	-5649.068079010404	2268.984541987884	-214.28201569168104
Q7Z7F7	-5408.255922509712	1709.4773691152527	230.28015438310658
Q9NPE2	-5226.373063653752	1847.4327937705314	176.79767460219148
P03915	-5337.871081557157	2217.843528020671	-356.08216124601336
Q9BYD2	-5342.44331400267	1737.0175774474465	220.45429658635345
P14854	-5702.423276546402	2191.7562539115374	-335.12225461946565
P49406	-5430.17044757807	1690.8768365195701	150.48237910747272
Q7Z2W9	-5410.756446741834	1721.165915801711	32.011612427413326
P10909	-5732.41038443043	2083.8321543052007	423.3911198278777
Q9Y320	-5301.683295902001	2258.764207887704	4.094749993379396
P37840	-5644.967067623962	2127.5468636417754	317.2568887314337
Q96E29	-5263.954654909556	1779.050622044719	74.22998361289241
O75306	-5475.032434093786	2082.929332741105	-206.34444274840496
Q8IWL3	-5519.700785803921	1954.6808129430988	-173.1497230169497
Q9NWT8	-5283.529785938183	1811.073237698066	-307.0429550806172
P82675	-5233.6498541330175	1830.5135949329979	-158.79877461696873
P82912	-5285.489882796476	1819.6745703936097	-331.80376741453784
Q9BSJ5	-5721.115738420111	1880.1307467108163	-212.20877414970346
P62258	-5640.7192018733085	2080.467982841313	366.1122282817356
Q96I51	-5190.7946358352	1906.179689277105	75.53888139539838
O75616	-5365.412758224686	1718.8052822501427	-116.82450424805916
P49821	-5481.276946904726	2152.3709425621587	-158.60868034129965
P11177	-5822.841538988503	1972.0180925756245	48.19796469961142
O43920	-5504.341623951488	2267.9664274573015	-366.6924947000716
P28482	-5590.689583347287	2136.335709560599	561.3491048878948
O75251	-5519.029228422744	2056.9881986841224	-233.05414303441682
Q8NC60	-5285.481253215265	1921.0946742549572	-208.9041437038902
P52815	-5395.774621267321	1785.0842534243222	80.61603444422748
Q9BUV8	-5237.09796068704	2132.625873785832	6.692676382879566
Q15831	-5579.4848311293945	1978.5424079467496	629.2359403455811
Q9NUM3	-5362.868557859313	2116.5043186648127	542.7505519960365
P40926	-5698.673863863552	2007.586955132848	53.185139531400466
Q9P032	-5458.340093773623	2044.9831427257582	-266.3463089798943
Q7Z7H8	-5312.632809736402	1745.662517007889	161.59990338863196
P82932	-5237.298507955719	1865.186742885091	-272.70660031967566
P14927	-5788.51352986291	2125.1479068527537	-161.33650370102202
Q96E11	-5447.031027910717	1878.1502296371898	-342.37215107461606
O75390	-5476.053847943793	1904.5318709266828	-98.05364022979758
Q9NUL7	-5246.423384500442	1800.390390380331	84.90438238970576
P55084	-5805.079225122386	1898.84756350956	-89.0189366903781
P10606	-5639.545288018039	1988.153778830764	-401.39502687696444
O94925	-5559.643631803864	1889.7342940025408	17.167226836171686
Q9BRJ2	-5360.694768466856	1750.76015464173	314.8410995492488
P46199	-5490.314965112965	1876.810424424632	-145.1175344641966
O96008	-5593.52670201417	2310.536706399034	29.17385284734066
Q969Z0	-5475.852055478557	1953.6969491561472	167.57855605137203
Q9NSE4	-5568.639960111375	1997.3893105525715	-113.28495482065632
P45880	-5645.233998142358	2280.0922027720026	6.389529798443333
Q00059	-5335.840515039059	2060.7553171730665	-133.06724223576938
Q9H845	-5519.9962733003	1976.7543663285326	-139.6765652102682
O75947	-5819.823968914708	1998.6523125867316	-114.20467443416706
P12694	-5361.991717391547	2285.00856847363	-143.38307793680437
O00483	-5577.211723082611	2236.998147768983	-140.04334677248184
Q9NVI7	-5455.714909051685	2230.755834008648	95.06594130280496
Q9Y6C9	-5583.332403964105	2270.809996346389	-49.793237847661935
A6NJ78	-5699.07195556141	1743.1059267843925	-8.263943621372741
Q9NYK5	-5327.9815747593	1737.405172517626	174.90938678085877
A3KMH1	-5508.472859815713	1692.449284374214	-212.00302968481415
P05091	-5778.05446017038	1847.8072998942225	145.33425439830384
O43676	-5460.995144730911	2272.544795404027	-346.4496740041458
Q9NZE8	-5331.952474933315	1759.3151464495206	283.27493009239663
P56556	-5410.181883125422	2089.4043494136595	-421.2700165330399
P23396	-5645.475614715693	1989.6334580444206	352.4674813266434
P56385	-5775.8611529330665	2046.112849209294	-331.4453827644618
P19404	-5493.348976742317	2167.9241950386745	-283.1036758598511
O43464	-5487.523054821298	2201.8701667424234	47.35746146444919
Q99623	-5570.470813688612	2237.5615041399124	24.987825902974997
P04150	-5751.6174131375365	1963.3540698794618	326.75697293548626
Q12931	-5591.618563803355	2040.6483352309867	157.11047201180378
Q9Y676	-5280.521015011168	1790.9142703291466	-233.28165341731778
O43149	-5236.4983733280005	1809.944919239002	-61.732815222296544
Q02218	-5705.162316549669	1749.3087962278746	45.794947077956095
Q9P2R7	-5643.192935131235	1719.942078677302	-162.3189499237138
P09001	-5292.139516854234	1756.3066893168398	113.47781678669917
Q92667	-5502.940158079728	2305.507722439718	222.84977075062747
O00411	-5192.051884142521	1895.556500906715	-45.61468415538722
Q14790	-5533.917263690109	2103.2543287393178	613.2414134325286
Q8NI60	-5683.146252713677	1896.1609206863177	-472.0462539194852
Q96EY1	-5696.533250035472	2049.5745435924982	-237.52025021688385
Q96EL2	-5344.640472581135	1820.6067230064882	-197.52520179364842
Q12849	-5433.118308219071	1920.7281553897394	-97.16268910315536
Q15714	-5639.5873439520765	2118.318456484626	24.60049927807574
P07919	-5753.158689211936	2146.2484576371667	-286.3011006440623
P27361	-5630.04193282607	2055.987870055733	585.3288431055009
P30049	-5755.311775959504	1921.1445696763974	-237.98011808589175
Q9Y3D9	-5256.005685878654	1818.4771132079106	-233.84152442400713
Q9UII2	-5766.0310474609	2010.7597089346586	-374.3937984822075
O75489	-5506.812308397833	2113.935794534624	-218.81340538066837
Q15388	-5662.572030960932	2248.880314361342	264.54905554060997
Q86VP1	-5488.674026583817	1957.5130805674507	483.9649135370708
Q13114	-5465.705588616814	2120.412335268169	601.212482092799
O00746	-5734.674435365616	1844.913429106986	-30.553563479946497
Q9UDW1	-5720.812851590696	2114.8571872021685	-418.13391639693435
P82663	-5264.512306407513	1821.5599468263633	-270.74340790129213
Q9Y6M9	-5552.631895269745	2257.02078588169	-253.02458040753544
Q5T653	-5290.288946357133	1753.7520875703542	82.31408083481566
Q9BXM7	-5587.730317623774	2251.7628691550103	321.2026685368267
P06576	-5664.515903548032	2067.4864227348253	-90.31839959296279
P47985	-5637.54841362763	1936.8136653221331	-170.7852151078266
Q7KZN9	-5413.11732780562	2205.3123865438374	-173.17576837086872
Q8N5N7	-5328.659828806014	1743.4340108288125	207.01074856317643
O95299	-5501.332693108045	2040.7634268814325	-401.0159588275659
P10415	-5619.336569459708	2187.741356011619	474.1967740552465
O60260	-5546.595005458723	2039.9818239562387	89.31101891098008
P09669	-5659.617932930346	2211.038072349052	-377.5102544813363
P11021	-5708.993234511231	2058.533757599779	193.2784343877992
Q9BYD3	-5344.346985740007	1797.0441534900538	127.93286347127905
Q9BUB7	-5687.005903196603	1811.2985596983142	-372.59363795647
Q8IXI1	-5323.814797274376	2229.6923377662906	296.26307506908654
P06493	-5687.758272785148	2066.391939091064	438.51681660684136
Q9H7D7	-5271.180737019126	1995.7404706626448	-167.74438616412806
Q07065	-5620.828366585685	2259.716916788506	306.6152574470465
Q16740	-5492.1438623335525	1928.9642059380694	-115.7563319319524
P21912	-5699.477228492562	2014.6790073458217	-206.57200881968282
Q9P0P8	-5430.363028886838	1827.6138423758223	93.82085269876679
P12236	-5592.614163876835	2300.5693503631514	162.65922395931742
Q96EH3	-5451.902870354982	1755.4712912029754	53.52003111166468
O75439	-5615.455962405717	1814.611039497866	-199.04018231765164
P49768	-5487.442410553343	2293.7268981687066	278.2863465646095
P25705	-5785.028707568143	2039.614754078031	-77.33803788572622
Q16795	-5484.314196205009	2152.6536535395044	-232.99099573188016
Q9BQP7	-5369.2967902590935	1796.585586316179	-436.0909823005769
Q7L592	-5566.668396617261	1773.7496798175416	-165.03564602662968
Q9Y3D5	-5298.23795064837	1767.6222937300438	-215.35358884317935
Q96KR6	-5289.625176879006	2142.6509676876085	408.6170660400468
P13196	-5512.320966402185	1750.8921118215396	-414.66133803353625
Q6IN84	-5472.368110329535	1895.6586876295894	-219.56884647270783
P82664	-5212.235526618979	1901.003647706872	-234.77412021513203
P07900	-5691.996254072144	2152.20492714837	382.70024935916905
Q9Y4W6	-5365.566039014199	2124.395119025487	72.89702075047593
O95298	-5445.610001241587	2257.523659688392	-381.53933386421204
Q8TCS8	-5516.396097280932	1739.1692075776127	-98.45513551098324
Q9Y697	-5556.565498784191	1690.3387665518649	-162.60565658608715
Q15119	-5777.28531551841	1831.3894861200972	25.178852743646377
Q9HD33	-5355.902894584168	1720.629918850661	167.32976903377147
O75438	-5466.708640309318	2194.8893084587694	-517.4782728885564
Q9C0C7	-5737.471682029706	1906.3639114091918	402.251195555794
Q07021	-5452.9294651378295	1924.8200248906408	20.93991326061767
Q8N4Q1	-5676.360354741238	2267.252306913858	-111.4197417454924
O43181	-5532.137753199529	2168.8188541533514	-313.7961167592861
Q96T52	-5402.852412150913	1966.7539420945745	-54.97430503745699
Q8TAE8	-5301.685792217612	1758.3799026261008	185.89673265059875
P49411	-5403.132747006759	1917.7248600935543	-27.15432430076028
Q14197	-5395.015869122701	1861.0132188289133	-22.772468945549328
Q9BYD1	-5313.83955827185	1752.2772196558149	201.88356960482324
Q9Y2S7	-5633.347356422141	1916.817255842672	-135.26995025868425
Q13601	906.7854156578893	1145.244289460987	363.0253602465698
Q9Y4B6	693.8928809550376	757.7358607921626	71.15191705800049
P78527	1114.0249982798946	771.6843931901566	-306.95859715095685
Q9BQ75	735.2851108160821	1377.169187976639	216.69920305055234
Q9BUZ4	921.2660535993693	199.3052795964337	142.69261016171095
P22736	658.7233974268192	553.387651250047	-294.27075572917835
Q5T3I0	866.4035011455711	1126.3065569696337	702.6855184865741
P61218	923.8984741512262	208.4658869092625	79.18000816103586
O00712	1202.736259008553	322.0032539204351	-12.118284779560867
Q9H0D6	1475.822078277687	655.3649330286396	104.96990354000206
Q16514	881.5947698744802	238.1282362996808	420.2453855041954
O95251	598.1988266644488	424.24127702244346	-162.4214247313236
Q06609	708.8560669886565	501.48621477607776	-288.19328364655587
Q9BU19	876.406848997113	853.8531674725655	797.6618701983393
P32969	490.4892709847896	911.5546401433775	244.23926370335937
Q6PK04	780.5873614313481	1105.8031050340483	593.1308367898689
Q13895	674.4027856133227	684.8000155670339	341.9409012755466
Q9NQZ2	708.0342147904964	943.0178981246155	750.4544939364633
Q14692	793.6632907582891	1357.7429240792778	372.6509579660902
Q9H190	965.8518192352775	305.3179375671725	537.9645343218481
Q14684	926.9504389812029	1207.5862516291786	108.49943026087428
Q8WV44	543.3762458318939	418.2958776415813	351.62076442014455
Q9UQ80	550.132268498611	827.9512843502999	153.91300631100796
Q9H7B2	1128.9285991098618	1179.3124689161411	578.5882729080304
Q15717	1242.1593098690932	642.727953526075	-270.0212801411442
O14746	720.5919822141341	840.6726194088171	-371.91010815358607
P18124	626.5948870236466	1029.931854350704	183.09851288247356
O95707	1466.7670981178308	620.0850951794482	294.8234114812843
Q13616	1134.9808112065568	424.2804584095573	-210.2889557900196
P19388	746.5953703107641	264.18382802074416	-31.37398842881595
Q9UHK0	365.3234875860396	1024.2244660640392	44.81744399286126
Q8IY81	924.7114924019776	997.8040824021721	458.18600755234297
Q15233	1165.521882292595	530.6681870071401	-270.6063443462222
Q13315	813.0432533661317	573.8607565873173	-350.70818519504894
P09874	995.3022947846529	826.8939746363217	-134.09248354832664
Q06787	510.16379994492576	623.2412968153329	62.61793603217839
P40429	829.2832395949756	975.719133773424	447.10887364723095
Q14191	951.3856634664751	515.0132113928028	-329.95579982484844
O43159	967.2548750357016	1061.1732023737234	532.6897350990544
P61088	606.544181222225	287.88268798666957	76.30356933252465
P52926	882.8235205331729	596.4827194829369	-366.4645065871781
Q92993	824.2716870851691	524.5179186134499	96.52526002153719
Q15434	587.4307603556032	1284.3611434790141	28.470665417125133
P62875	807.6713281919714	230.58266272465391	19.724242101135104
Q9NUQ6	457.83129119935774	784.2416445620994	605.3789334482989
P78316	845.6917222623349	766.7514070293967	797.2195670026125
Q9BRT6	821.905328589841	1265.4985499304344	559.8918493070852
Q96EB6	844.2895991898581	807.533520448065	-171.01686021035857
O95453	888.4667564620789	559.3865467198115	749.6570228095243
Q9H116	577.7892801501332	1034.380790074895	648.8902189466899
Q9H8H0	1389.9299363935188	451.409835492367	246.90170693699795
Q9NX58	907.914544532407	1090.1664498398327	367.21812093580013
Q969H0	729.3644817880265	879.9808483425476	-250.38157612633626
Q96B26	1275.8183582711156	326.9381006510716	210.2697735209222
P62826	685.8232715976493	432.609217316254	-225.22527971156592
Q8IX15	700.6497720155464	234.47514766370375	261.45063484739126
O43829	567.2345667055424	296.9816675624648	201.79444716337576
Q5VTR2	684.6474439511728	358.58941456263	-149.5002655450558
P46781	680.695449229393	1170.781043442117	372.18501513509875
Q9NRC8	1223.420473688441	803.5724824999124	-306.80651400939
P54274	519.6981213635208	833.9281122577295	-58.73546260592951
P48552	785.3239312178563	296.64444485589087	-113.92877218885798
Q5JTH9	637.9558926515799	1223.0094208713438	521.8426196579951
Q9P1U0	1038.8257219886755	276.7386746370295	-69.15784695215478
Q9GZR7	725.6974840025043	1023.3204446543364	486.90425651049117
P62424	726.3485783001898	1107.695601006597	310.9134255590874
P05204	1402.0773253222837	511.9988870149137	364.7559785344654
Q16666	1085.6930296633477	1028.7962586417784	229.46451405130776
Q8N6T7	790.1468167579725	672.2513172024165	-377.501286684884
Q8NHQ9	460.00800604615745	1101.6699138160616	476.6067641750814
Q15050	861.7176214556721	1237.9928427755722	424.125449320591
Q9P275	1299.7622949864694	974.1739683037331	67.68270280818177
Q9UJV8	899.9591567134499	1083.6929749992673	648.2354871953952
O96028	836.5097986634922	967.6660737193084	502.2295508235244
Q7Z2T5	421.1988151256433	891.4657855717479	536.7893980795025
Q15291	1178.4472996166292	360.2834855675195	-106.88202524194418
P62851	459.9361148610601	950.892938651652	361.0603871848739
P26373	782.2491392271452	1091.8309236058346	322.27871762795417
Q13243	816.5435943354778	1241.7412899663134	397.21301757597314
Q13823	854.2497580776187	951.5720531814422	336.07195695525286
P49711	739.2324931865658	1123.7437834246873	65.47882884232027
O15381	969.2365650919626	835.8581302831179	339.5619677515373
P51532	996.7249801003205	819.5641106039404	-389.492343374505
P68104	403.28830876497244	913.6365251155537	153.99178392029015
O00425	891.6076330722758	1269.5247611653017	-124.26015792203572
Q68D10	925.593910358353	957.2963861978611	779.0188302707631
Q9NQT4	1249.5202526476623	336.18784036787645	360.74873943105854
O14980	896.3571431656494	447.2191590925093	-289.19076602031515
Q9BRU9	856.1209057572752	1230.2819609604242	295.869980247406
Q9BQ67	985.8713146804721	1094.4917561932837	-266.40047956146645
Q8TBK6	496.3371848293465	424.91827394025347	438.1083832945674
Q9BQD3	667.0080298310273	256.80455637665943	79.96639608580227
Q03989	1091.6568268685944	230.04887833027078	121.57600612631826
Q9NY61	1050.4761847651039	990.3284123491442	207.27351100164103
Q13490	1143.8384650201394	303.79857807575166	-45.73002215580411
Q15022	978.3143463174295	682.1767069130956	-384.5389653905587
P62917	678.6656477464855	1075.1141308427564	395.59190505013953
Q92522	1044.6301175984233	1263.7907018766405	-152.23210082556693
O15162	1160.9325480291136	261.9185059573774	271.21581958828546
Q02880	1018.8889692043264	498.22267449496553	-307.9393444436051
P46087	969.5973309931389	984.8937770954798	400.05675842773576
Q15572	909.3564063750757	734.5700279778995	624.3426486984064
Q01844	1251.222680841591	773.8704760637503	-171.84808789123048
P36873	604.0622026457781	888.2946457937908	-5.6154644540188485
Q96BK5	724.8849037311388	984.4441065789183	72.92211976370372
O60293	1063.5115938513202	564.1259370863888	530.6395525834221
O95478	963.6732193289162	1314.7801951041229	502.77736171887295
P46937	741.0005804903074	782.3200045422301	-81.09796289111011
Q8IUF8	525.9286888318203	763.6979659436912	668.0341415899968
P55317	1150.7982353375062	283.54617683743584	377.9038461091491
Q8WTT2	967.7206097989149	1309.2246330165283	438.7750303678223
P55769	983.5087394325828	970.5090599452486	-370.5209841306869
Q96JP5	568.1178440408004	506.94337510308713	606.0597019205686
Q8WXF1	1188.039368718227	1025.7479433845679	-217.11637523943745
Q12824	681.9539332252136	484.0949800601341	-42.86791666304657
P78563	829.9995037810805	1094.8817489201633	442.56601283671785
Q96LA8	1268.2579824322545	387.7561181194569	-41.52400430715426
Q9NVU7	695.1645373404086	777.3587186777619	764.0884268355586
Q9NQV6	564.4381255204655	896.5448743869049	688.753292459128
O60264	831.2683663346312	1067.4559299159907	-332.50235334770116
Q12906	889.2912042913292	971.9284298906567	258.2196145965187
Q8TAU3	898.5124167252966	215.6938412506023	353.42631691979733
Q13451	1067.1059256000494	243.10741587576558	37.876970827526094
Q96GN5	659.5367159786388	309.7134181179165	453.62757704107236
P21462	1135.5952359676742	365.5497158867653	-148.67048950640907
P46777	703.2226914114035	1113.346727322042	198.8412912187721
O60884	1350.2716767451616	749.7160585612259	108.21281768124554
Q6ZN17	761.1787316697903	1289.9724785132407	513.6005248095522
P11388	848.6607317096057	843.6588414187734	-396.38003910180896
Q96K58	717.0447936453061	1174.4907746728177	625.9988014044748
Q9H9Z2	1015.7295643588229	1291.2179900116212	524.6153198189998
Q15397	941.1639691671727	1168.5358252176566	456.4675402380704
Q96GQ7	935.4190537374428	1187.4729549977947	558.1525189990805
Q53GS7	530.120146878799	1183.8539881465053	327.7219944781276
Q8NEJ9	505.4326131949555	1233.1187189910765	331.22025426639055
Q9H6R4	1419.9330903892737	1080.9639395876418	305.86548923967376
Q14146	1161.2824412002167	990.7834820100934	705.2338140331663
P78346	1416.2078121514753	531.5972560342359	41.52001436009783
P15880	623.8555147655836	1169.283678477047	279.2386232989996
P47914	515.9308765280414	1197.8806422788941	44.18621089503986
Q6DKI1	901.999259405913	1361.083305871231	377.3530020970643
P29034	595.8723539694922	368.7132206613257	-88.14416734872708
Q9GZR2	853.4745976374932	1188.730641334828	496.6568820335995
Q8N8A6	1168.6211532344914	902.1245544975279	726.8801593742104
Q8N6Y0	794.0921338400593	205.1848106337476	194.8747419006641
Q8TF39	823.8821675351094	649.4114431989481	777.2517687840398
Q9UBB9	809.4103837039838	212.45939183018322	283.82747465385876
P78345	1444.609769988862	563.282660396284	95.56514502470985
O15160	924.1155828306255	235.38515300126608	-10.76363385604185
Q9BXY0	989.300111982921	1259.2433593201233	575.9033322197783
Q14690	1113.3049716341757	1026.7243322376878	513.8197130888088
Q9UKD2	1464.2103582286418	970.2030574711464	84.6768286342635
Q9Y5Q9	554.2003346231413	375.88078797266365	-49.975960470492936
Q5C9Z4	336.84668903528313	693.225041174882	379.0586417485756
P17480	1077.6561441484564	716.7841477650235	61.88740288462077
P29692	444.7097217964242	425.3616413773213	72.78051006757147
Q8IWA0	1369.564209019761	514.7238393065752	445.6418942608665
Q16531	1028.9061752046214	540.3420952001288	-327.14994375254753
Q6NZY4	1228.4886725193319	303.2324139579318	301.0509805163713
P46934	1154.2602410367763	272.40840966855376	56.433222787147656
Q9Y3T9	1038.160051284701	1242.5010485376192	290.8071375208562
P62854	489.2718689043359	1208.1414855157286	223.75583995132223
Q9Y2X3	1059.8634725926345	1141.2551986541062	-24.20705976475088
P20226	811.0758080644143	270.88415119905324	473.8841179225719
Q08211	1045.401611560231	949.2236742409403	-149.42020329065684
P62081	542.7939930749319	965.7921037295864	111.38393727081005
O75386	999.6599288428932	208.05527140620677	253.01251546162086
P33993	837.9717602553703	330.6514935683475	-173.19652806098117
Q9NW13	875.2408619888798	1095.7749502662427	523.2066948798745
Q9Y3B2	1227.239241285101	292.7783323402171	231.87542730374244
Q99543	490.20995016302146	1145.997519496842	-71.23802279355294
P62263	641.9571240326326	1088.874860889306	393.1343138672886
Q8N3Z6	469.715499822304	799.6716676081087	396.2057846220464
Q01780	1389.6932897770102	701.0460533465048	226.36478679785515
Q6NW34	1349.5874230418963	874.4476056331121	466.60553123587204
P29350	767.7733373932685	1256.2872355106363	-167.403152087278
P63165	591.3493025581226	625.6226149198254	-137.24865662063786
Q15796	649.972870879014	986.7432726569303	-181.68175906649543
Q9BSC4	823.9557803883323	1394.2892843445554	162.96266008715
Q8TED0	1431.5661780518285	524.2962381246181	261.691175193893
P27695	1182.206233582367	928.9538038616465	-38.45967742455292
Q9Y5B9	887.0704828309996	749.2598813507193	-398.2093430431322
Q9BWF3	1222.1860324158636	1009.2947547874285	451.10680607491827
O43818	1424.3719904089562	1083.1592975758124	125.17468159404677
P54132	570.1130063893428	884.2287218506876	-226.21847080595097
P62913	735.2753455692853	1033.9576134398171	276.4683574384328
P04637	835.6400766266082	757.0509752205234	20.28831098271513
Q9BVI4	691.5621044601012	884.6319144964069	578.0729773530378
P08651	1276.1756179012216	686.1492977448331	-54.64277839560344
P46783	665.6713987503939	1197.042981874374	269.6971972041305
Q96A61	899.1313690014582	289.2142807278981	-123.08686822859733
Q53T94	1002.3494237593544	708.2056514165585	784.1360727553349
Q9H5J8	774.5974162500008	781.1082513752239	536.629495951257
Q02543	797.1535814053598	970.5410531709624	348.8530730053086
Q9UNX4	1439.8211782091598	967.4568207201701	402.17205754038093
Q9NVP1	938.5946196163837	1303.023573493736	173.600881249512
Q8NDF8	1118.828685945929	1159.6769169727759	627.9132387073062
P11387	1043.5811463401576	954.6264255906719	-258.2527546661783
Q13868	1296.6799988759778	350.78929812015036	261.84636007499074
Q8NI36	1288.8594331582074	1029.8988740264945	354.1989593900911
P12956	920.0555781878645	788.2630541685987	-212.30376389369718
Q06265	1325.3413411812237	398.9058817080429	51.21134768687966
Q8N720	847.4840773320053	198.22610613120457	197.68133817677594
Q86YD7	907.0722598572196	197.31163959945536	232.8564762801078
Q99848	949.3838670703417	1267.4998926398794	336.01544047792595
P63279	798.8435745675904	664.7230209429263	-164.6996064104739
P35226	1052.021606068066	760.9655890982522	-380.38474569659627
P13010	1025.3806152675295	636.7844440149435	-366.10166504110157
Q9Y2L1	1297.652443118509	349.683456238853	142.30429108642207
P00533	1256.0100980874142	630.1868221182438	-223.74008354841345
Q5QJE6	1129.785502830657	863.883357555314	632.3761377655615
P62861	1291.2263403566046	1092.118637972836	550.215353134842
P10276	957.6097791948561	328.328832352889	-172.91901113676153
P42696	921.5495717449883	1098.9956210485036	569.478685587839
Q9H8H2	866.0181963747983	1222.553127621742	575.9225783547382
Q15573	814.0852693983412	816.5095810069765	744.5438095286684
O76021	836.815555820757	1115.6619150751394	497.3077075825972
P61254	719.9194621587645	1259.3401305137058	337.2021870305553
Q13309	1068.7424589090165	350.30600445522475	-166.33077961288808
Q9BXW9	833.517580032064	454.24736111144017	-289.5216474675134
Q99816	1101.637244237007	269.52633854335056	-4.3089032020362765
Q7L590	737.8226562339255	305.03292078730067	-104.86758733845505
Q9NQT5	1353.8070907954157	404.23133427334744	242.81342141417636
Q9NR30	884.2298713362208	1051.2740388813777	376.3388821296735
Q96JM7	983.5097468027034	214.00511430404845	48.30231849061121
P62906	574.8692760476335	1083.8414639141035	227.71238624194314
Q9BQ39	972.6747077543466	1025.1363497675586	751.0179617459653
Q9NZM5	714.6642336180186	982.1119887947825	415.0253080094301
Q76FK4	1077.5999094657313	882.8338424039076	767.5211184043751
O60832	943.856970741643	1322.2982092299744	266.9708176297396
P06748	958.7010085782015	979.5736353774098	179.68598113733933
P11802	828.3986696812284	363.63407180145117	-209.02982931073473
Q9UL40	745.6484029762588	1226.9003611415405	586.716599174038
Q6NYC1	924.747295594952	268.1073526476912	484.0099964497394
O15226	1101.8738500064296	1346.2693393373675	314.18129687144886
Q9Y388	981.6918074024952	791.8488179330749	794.96254686989
Q9H4L4	1299.815996808851	822.7735027118081	-247.82835163764992
Q9H6F5	1077.1083164293955	1336.373464722155	402.90346260506965
O95751	1063.3557350598846	220.5366473355989	218.7308463644321
Q9BZE4	1016.5747450824201	1148.016134006396	250.73860241340924
P21333	823.7781063779094	253.62355138970156	-45.39144055134733
P46013	1253.389684375765	1154.057105219677	-131.9281254682494
Q9BVJ6	1032.0133920012058	677.8793968431693	179.41236050506325
O00566	822.6346974650705	1334.9614084012157	442.5104470304372
Q9GZL7	1377.7156177668094	1054.3899923796532	460.7232345535346
P46778	464.64851310536363	1116.895759857946	187.63669971441132
P67870	658.7941847983154	685.1947388334447	-51.00012797821475
Q13901	1334.6194558769168	384.9372520451267	155.57876245245484
P62277	571.213935221722	1115.9935915163687	377.151414042119
Q8N7W2	571.0548848647265	588.8818804729117	655.5094282742189
P37108	814.7018945250828	1233.859794472909	222.08190516699148
Q08752	448.7022550470792	516.280192673172	-79.09164683735958
Q9H0A0	827.0432998841271	1175.8215683129695	91.54027016354911
P61247	728.0441048583814	1162.9675781415367	308.3740093326906
Q8TDD1	906.617947768195	851.5548855266314	537.3105559094896
P23396	722.1529909128151	1016.015314024239	310.14340534440464
P39019	739.2928286519145	1112.2570593617347	260.2756209195813
Q12905	909.0038512287708	912.2636149503467	0.9685508055995911
Q9NVX2	1272.0992032754432	1252.803082043479	329.7298003831869
P54253	1049.7342932053998	635.3320478023973	-152.85230517148466
P05386	472.5369753390952	1218.673514329709	155.39341317824676
P25205	869.5443288529937	274.14155878838835	-94.83241047664325
Q9Y3U8	799.2919092447846	1041.373403824607	481.8595925493273
O60765	638.2210544827017	936.6962537326312	723.7078480108594
P35240	602.7704707666339	665.6417435663413	-304.358155457166
Q15061	1453.9886124923712	721.2733365719231	417.0371681048608
Q9UGY1	560.6124294897718	906.1237300334418	557.1842938267895
Q8N9T8	666.2778958379122	1293.5190115933815	450.7558976427971
Q96ES7	1058.1989826315667	239.87802462106106	361.72078814731054
P01106	916.2528484145498	845.4372764674115	157.2269700951632
Q00987	800.2806776263319	790.1274255208903	52.23705711737654
P38432	515.725563146666	539.6355596948797	-180.6309401835361
Q12873	672.2731109904961	1050.118515401799	-208.82885148179918
O75683	732.5730736709241	1240.4293273314743	477.83522581658525
Q9H2G4	341.68127224617785	746.6230823182835	215.50318266945857
Q9UHA3	1258.7913605656195	1032.809905155617	622.3543643198195
Q96SQ5	963.5493142159921	210.21975281352195	316.7820516796188
Q9Y4C8	782.7745487839014	1191.9862627716768	488.74791546534107
P36578	839.8353728658042	1017.6545097310131	308.1497928622074
P62280	469.4252846992066	1039.8869307349823	294.86723884901727
Q9BYG3	1019.9021755452661	1164.8421669823845	401.07567944842185
Q9H9Y6	986.0584091112908	254.012349762643	-43.785681500768476
Q9NQZ8	780.3696038356416	738.1634231036057	751.7910006224276
Q9Y221	1067.2303019212902	1115.490059442061	682.7849342626446
P39023	804.921696513909	1104.9257810101276	376.6760050313329
P61353	553.1639280409884	1249.6547699186144	135.37027456396993
P49715	1217.6186670123584	470.4554390859596	-193.09290990163487
P29590	791.7439273835387	557.0852482539485	-208.95116009706322
Q15014	837.8216779836207	212.31488758555872	324.22198564107987
Q7L3S4	487.05922189641507	967.5105064472373	603.2373636855889
P62753	880.0013596040089	1056.8899365326747	336.8838681432179
Q14137	1222.7277264477093	1265.976045849273	397.90988503251845
Q15646	745.8352248963033	1103.133943310912	694.7465423401563
Q12788	1489.0947919913515	908.1720145623738	242.82074551572825
O75607	1071.0869426976824	1070.7212199543574	372.73967438047043
Q969X6	1454.2657781435319	564.7291109124735	183.92311749402708
P22087	977.2742020531128	968.0960206768889	245.82803205214543
P25490	1059.6239011175867	582.5620320732155	-337.08970042659644
P14373	610.7373142023307	383.9424237222647	164.15419730800534
P52434	893.249894100255	217.95504605110773	37.073072623242126
P62750	757.2577191938051	1044.4447719906034	348.5896079960386
P55265	1165.4862446998945	617.0489711766202	-308.04267879986963
Q9Y580	1315.113356331435	384.14556256806236	338.24889293714847
O75367	1319.6280399759364	670.4509326071608	-211.42507352357342
Q9Y4W2	1454.3057713622884	760.5922814006299	-30.011083065848425
P19338	864.6730501944471	957.9605048877294	81.79024542956736
O60934	969.8687853781854	441.1833164321989	-281.0530394686236
Q9BQG0	871.5339263507398	1119.6794947882406	195.31605363978588
P78362	959.7771217312743	910.5953943329428	339.6362039670506
Q9Y3C1	1026.09977367843	1386.9671125077682	197.21044408257782
P09758	667.3580805600361	256.2275924528876	321.6257985375746
Q13206	891.6811578625756	1399.7477031742285	232.34199171031983
Q13503	774.9338903252317	221.24536644302395	78.1652620098765
O00567	994.3565636072448	1050.8701818042448	213.39259162160775
Q9Y3B9	1246.26480441237	1288.799665483775	156.0314516061792
Q9NSI2	631.4944496380016	543.5863393648726	671.5942281081951
O15446	872.1601465707126	465.2365201044742	-178.88240426560515
Q9UNX3	808.7253440985439	1060.9055147606664	449.7219582501846
P16403	941.6291746394064	968.7350923813661	284.84822542073834
O95059	1368.5574723788748	432.12642857212813	97.12293117731414
Q8N5L8	1414.8610284950528	486.2108650874284	173.28238385321623
Q9NY93	671.6643360632258	1313.0555803903544	204.81668796030166
Q9BVP2	811.0902725878799	1295.3727407476667	25.964434663079032
Q1ED39	910.3054872309243	1208.3685116197803	640.2064158535748
Q9H967	1078.0878020232549	420.4458626196317	-232.18533235166427
O43390	938.6300101123603	1231.8941557359462	-214.90279605036073
P63000	1245.9265379139447	313.71682163947156	109.52258998310062
P62979	430.2346681288736	989.1841744507087	452.6699380646877
P54252	990.2383013963681	377.63873552506794	-222.3663426039347
P21675	706.8615312039758	229.12627145567592	194.0961512790042
Q9ULT8	517.6133788538916	779.3042627332203	-263.37055384628843
Q99547	1321.381008174966	596.0261546104699	378.79613127494093
P45973	1210.640016988343	508.83923477068333	-227.67903962910947
O60287	925.1360772971759	902.6623598743396	657.9759828519361
P42677	360.0932075480298	1052.5363166464658	139.234613039949
Q96EZ8	570.9005725113445	332.9212326878752	14.249422463079895
Q9P031	1175.108202597803	612.348246432891	701.0492904372777
O00541	1288.3781866588965	1202.5179262579775	233.88196317228693
Q9NV06	1422.3542296482874	834.502237888526	-96.1026739531365
Q6NSZ9	579.6036200641253	1099.1487952717414	611.2324319349868
O95602	924.6254192109188	389.13657230603235	-240.48059184328986
Q9Y250	1017.6188655291835	211.48184764386156	143.50062271193624
O15213	1090.5017377637632	1149.5049458075043	495.35319100793646
Q14978	702.3454367024952	1050.6011333872816	-308.08636796759384
Q8TDN6	960.2216055081162	1224.8291147105792	497.7813785214058
Q15269	1284.6836281916328	877.4423293385967	598.8888608405184
Q9NQX1	713.7697361571392	654.1400326689046	752.6986166507345
Q71UM5	321.79031370254756	843.1320656052612	43.79967301288298
Q9NWS0	724.9318156159502	250.86921580829573	23.53598389413341
O15169	527.2137544428276	338.8646960528044	100.36487122284713
P17844	1139.2748555860405	1078.5633736006587	-272.145105362556
Q9UBX2	622.3353902189186	1157.1747382282508	-126.53734178558858
P84098	667.2163174771769	1096.510550914185	317.28827313368276
